ISO-10303-21;
HEADER;
FILE_DESCRIPTION(('Open CASCADE Model'),'2;1');
FILE_NAME('Open CASCADE Shape Model','2026-08-27T18:36:28',('Author'),(
    'Open CASCADE'),'Open CASCADE STEP processor 7.9','Open CASCADE 7.9'
  ,'Unknown');
FILE_SCHEMA(('AUTOMOTIVE_DESIGN { 1 0 10303 214 1 1 1 1 }'));
ENDSEC;
DATA;
#1 = APPLICATION_PROTOCOL_DEFINITION('international standard',
  'automotive_design',2000,#2);
#2 = APPLICATION_CONTEXT(
  'core data for automotive mechanical design processes');
#3 = SHAPE_DEFINITION_REPRESENTATION(#4,#10);
#4 = PRODUCT_DEFINITION_SHAPE('','',#5);
#5 = PRODUCT_DEFINITION('design','',#6,#9);
#6 = PRODUCT_DEFINITION_FORMATION('','',#7);
#7 = PRODUCT('Onigiri Phone Stand V2','Onigiri Phone Stand V2','',(#8));
#8 = PRODUCT_CONTEXT('',#2,'mechanical');
#9 = PRODUCT_DEFINITION_CONTEXT('part definition',#2,'design');
#10 = SHAPE_REPRESENTATION('',(#11,#15,#19),#23);
#11 = AXIS2_PLACEMENT_3D('',#12,#13,#14);
#12 = CARTESIAN_POINT('',(0.,0.,0.));
#13 = DIRECTION('',(0.,0.,1.));
#14 = DIRECTION('',(1.,0.,-0.));
#15 = AXIS2_PLACEMENT_3D('',#16,#17,#18);
#16 = CARTESIAN_POINT('',(0.,0.,0.));
#17 = DIRECTION('',(0.,0.,1.));
#18 = DIRECTION('',(1.,0.,-0.));
#19 = AXIS2_PLACEMENT_3D('',#20,#21,#22);
#20 = CARTESIAN_POINT('',(0.,0.,0.));
#21 = DIRECTION('',(0.,0.,1.));
#22 = DIRECTION('',(1.,0.,-0.));
#23 = ( GEOMETRIC_REPRESENTATION_CONTEXT(3) 
GLOBAL_UNCERTAINTY_ASSIGNED_CONTEXT((#27)) GLOBAL_UNIT_ASSIGNED_CONTEXT(
(#24,#25,#26)) REPRESENTATION_CONTEXT('Context #1',
  '3D Context with UNIT and UNCERTAINTY') );
#24 = ( LENGTH_UNIT() NAMED_UNIT(*) SI_UNIT(.MILLI.,.METRE.) );
#25 = ( NAMED_UNIT(*) PLANE_ANGLE_UNIT() SI_UNIT($,.RADIAN.) );
#26 = ( NAMED_UNIT(*) SI_UNIT($,.STERADIAN.) SOLID_ANGLE_UNIT() );
#27 = UNCERTAINTY_MEASURE_WITH_UNIT(LENGTH_MEASURE(2.E-07),#24,
  'distance_accuracy_value','confusion accuracy');
#28 = PRODUCT_RELATED_PRODUCT_CATEGORY('part',$,(#7));
#29 = SHAPE_DEFINITION_REPRESENTATION(#30,#36);
#30 = PRODUCT_DEFINITION_SHAPE('','',#31);
#31 = PRODUCT_DEFINITION('design','',#32,#35);
#32 = PRODUCT_DEFINITION_FORMATION('','',#33);
#33 = PRODUCT('Black structural core','Black structural core','',(#34));
#34 = PRODUCT_CONTEXT('',#2,'mechanical');
#35 = PRODUCT_DEFINITION_CONTEXT('part definition',#2,'design');
#36 = ADVANCED_BREP_SHAPE_REPRESENTATION('',(#11,#37),#5145);
#37 = MANIFOLD_SOLID_BREP('',#38);
#38 = CLOSED_SHELL('',(#39,#159,#359,#430,#480,#534,#583,#632,#664,#692,
    #1203,#1300,#1369,#1396,#1444,#1469,#1517,#2569,#2624,#2628,#2683,
    #2687,#2742,#2746,#2801,#2805,#2876,#2925,#2974,#3023,#3072,#3121,
    #3170,#3219,#3268,#3317,#3366,#3415,#3464,#3513,#3562,#3611,#3660,
    #3709,#3758,#3807,#3856,#3905,#3954,#4003,#4052,#4101,#4150,#4199,
    #4248,#4297,#4323,#4351,#4413,#4421,#4497,#4573,#4647,#4718,#4747,
    #4774,#4783,#4859,#4935,#5009,#5080,#5109,#5136));
#39 = ADVANCED_FACE('',(#40),#54,.F.);
#40 = FACE_BOUND('',#41,.F.);
#41 = EDGE_LOOP('',(#42,#77,#105,#133));
#42 = ORIENTED_EDGE('',*,*,#43,.F.);
#43 = EDGE_CURVE('',#44,#46,#48,.T.);
#44 = VERTEX_POINT('',#45);
#45 = CARTESIAN_POINT('',(-66.,-41.,6.));
#46 = VERTEX_POINT('',#47);
#47 = CARTESIAN_POINT('',(-66.,41.,6.));
#48 = SURFACE_CURVE('',#49,(#53,#65),.PCURVE_S1.);
#49 = LINE('',#50,#51);
#50 = CARTESIAN_POINT('',(-66.,-48.,6.));
#51 = VECTOR('',#52,1.);
#52 = DIRECTION('',(0.,1.,0.));
#53 = PCURVE('',#54,#59);
#54 = PLANE('',#55);
#55 = AXIS2_PLACEMENT_3D('',#56,#57,#58);
#56 = CARTESIAN_POINT('',(-66.,-48.,0.));
#57 = DIRECTION('',(1.,0.,0.));
#58 = DIRECTION('',(0.,0.,1.));
#59 = DEFINITIONAL_REPRESENTATION('',(#60),#64);
#60 = LINE('',#61,#62);
#61 = CARTESIAN_POINT('',(6.,0.));
#62 = VECTOR('',#63,1.);
#63 = DIRECTION('',(0.,-1.));
#64 = ( GEOMETRIC_REPRESENTATION_CONTEXT(2) 
PARAMETRIC_REPRESENTATION_CONTEXT() REPRESENTATION_CONTEXT('2D SPACE',''
  ) );
#65 = PCURVE('',#66,#71);
#66 = PLANE('',#67);
#67 = AXIS2_PLACEMENT_3D('',#68,#69,#70);
#68 = CARTESIAN_POINT('',(-66.,-48.,6.));
#69 = DIRECTION('',(0.,0.,1.));
#70 = DIRECTION('',(1.,0.,0.));
#71 = DEFINITIONAL_REPRESENTATION('',(#72),#76);
#72 = LINE('',#73,#74);
#73 = CARTESIAN_POINT('',(0.,0.));
#74 = VECTOR('',#75,1.);
#75 = DIRECTION('',(0.,1.));
#76 = ( GEOMETRIC_REPRESENTATION_CONTEXT(2) 
PARAMETRIC_REPRESENTATION_CONTEXT() REPRESENTATION_CONTEXT('2D SPACE',''
  ) );
#77 = ORIENTED_EDGE('',*,*,#78,.F.);
#78 = EDGE_CURVE('',#79,#44,#81,.T.);
#79 = VERTEX_POINT('',#80);
#80 = CARTESIAN_POINT('',(-66.,-41.,0.));
#81 = SURFACE_CURVE('',#82,(#86,#93),.PCURVE_S1.);
#82 = LINE('',#83,#84);
#83 = CARTESIAN_POINT('',(-66.,-41.,0.));
#84 = VECTOR('',#85,1.);
#85 = DIRECTION('',(0.,0.,1.));
#86 = PCURVE('',#54,#87);
#87 = DEFINITIONAL_REPRESENTATION('',(#88),#92);
#88 = LINE('',#89,#90);
#89 = CARTESIAN_POINT('',(0.,-7.));
#90 = VECTOR('',#91,1.);
#91 = DIRECTION('',(1.,0.));
#92 = ( GEOMETRIC_REPRESENTATION_CONTEXT(2) 
PARAMETRIC_REPRESENTATION_CONTEXT() REPRESENTATION_CONTEXT('2D SPACE',''
  ) );
#93 = PCURVE('',#94,#99);
#94 = CYLINDRICAL_SURFACE('',#95,7.);
#95 = AXIS2_PLACEMENT_3D('',#96,#97,#98);
#96 = CARTESIAN_POINT('',(-59.,-41.,0.));
#97 = DIRECTION('',(0.,0.,1.));
#98 = DIRECTION('',(-1.,-0.,0.));
#99 = DEFINITIONAL_REPRESENTATION('',(#100),#104);
#100 = LINE('',#101,#102);
#101 = CARTESIAN_POINT('',(0.,0.));
#102 = VECTOR('',#103,1.);
#103 = DIRECTION('',(0.,1.));
#104 = ( GEOMETRIC_REPRESENTATION_CONTEXT(2) 
PARAMETRIC_REPRESENTATION_CONTEXT() REPRESENTATION_CONTEXT('2D SPACE',''
  ) );
#105 = ORIENTED_EDGE('',*,*,#106,.T.);
#106 = EDGE_CURVE('',#79,#107,#109,.T.);
#107 = VERTEX_POINT('',#108);
#108 = CARTESIAN_POINT('',(-66.,41.,0.));
#109 = SURFACE_CURVE('',#110,(#114,#121),.PCURVE_S1.);
#110 = LINE('',#111,#112);
#111 = CARTESIAN_POINT('',(-66.,-48.,0.));
#112 = VECTOR('',#113,1.);
#113 = DIRECTION('',(0.,1.,0.));
#114 = PCURVE('',#54,#115);
#115 = DEFINITIONAL_REPRESENTATION('',(#116),#120);
#116 = LINE('',#117,#118);
#117 = CARTESIAN_POINT('',(0.,0.));
#118 = VECTOR('',#119,1.);
#119 = DIRECTION('',(0.,-1.));
#120 = ( GEOMETRIC_REPRESENTATION_CONTEXT(2) 
PARAMETRIC_REPRESENTATION_CONTEXT() REPRESENTATION_CONTEXT('2D SPACE',''
  ) );
#121 = PCURVE('',#122,#127);
#122 = PLANE('',#123);
#123 = AXIS2_PLACEMENT_3D('',#124,#125,#126);
#124 = CARTESIAN_POINT('',(-66.,-48.,0.));
#125 = DIRECTION('',(0.,0.,1.));
#126 = DIRECTION('',(1.,0.,0.));
#127 = DEFINITIONAL_REPRESENTATION('',(#128),#132);
#128 = LINE('',#129,#130);
#129 = CARTESIAN_POINT('',(0.,0.));
#130 = VECTOR('',#131,1.);
#131 = DIRECTION('',(0.,1.));
#132 = ( GEOMETRIC_REPRESENTATION_CONTEXT(2) 
PARAMETRIC_REPRESENTATION_CONTEXT() REPRESENTATION_CONTEXT('2D SPACE',''
  ) );
#133 = ORIENTED_EDGE('',*,*,#134,.T.);
#134 = EDGE_CURVE('',#107,#46,#135,.T.);
#135 = SURFACE_CURVE('',#136,(#140,#147),.PCURVE_S1.);
#136 = LINE('',#137,#138);
#137 = CARTESIAN_POINT('',(-66.,41.,0.));
#138 = VECTOR('',#139,1.);
#139 = DIRECTION('',(0.,0.,1.));
#140 = PCURVE('',#54,#141);
#141 = DEFINITIONAL_REPRESENTATION('',(#142),#146);
#142 = LINE('',#143,#144);
#143 = CARTESIAN_POINT('',(0.,-89.));
#144 = VECTOR('',#145,1.);
#145 = DIRECTION('',(1.,0.));
#146 = ( GEOMETRIC_REPRESENTATION_CONTEXT(2) 
PARAMETRIC_REPRESENTATION_CONTEXT() REPRESENTATION_CONTEXT('2D SPACE',''
  ) );
#147 = PCURVE('',#148,#153);
#148 = CYLINDRICAL_SURFACE('',#149,7.);
#149 = AXIS2_PLACEMENT_3D('',#150,#151,#152);
#150 = CARTESIAN_POINT('',(-59.,41.,0.));
#151 = DIRECTION('',(0.,0.,1.));
#152 = DIRECTION('',(-1.,-0.,0.));
#153 = DEFINITIONAL_REPRESENTATION('',(#154),#158);
#154 = LINE('',#155,#156);
#155 = CARTESIAN_POINT('',(-0.,0.));
#156 = VECTOR('',#157,1.);
#157 = DIRECTION('',(-0.,1.));
#158 = ( GEOMETRIC_REPRESENTATION_CONTEXT(2) 
PARAMETRIC_REPRESENTATION_CONTEXT() REPRESENTATION_CONTEXT('2D SPACE',''
  ) );
#159 = ADVANCED_FACE('',(#160),#122,.F.);
#160 = FACE_BOUND('',#161,.F.);
#161 = EDGE_LOOP('',(#162,#163,#187,#215,#248,#276,#305,#333));
#162 = ORIENTED_EDGE('',*,*,#106,.F.);
#163 = ORIENTED_EDGE('',*,*,#164,.T.);
#164 = EDGE_CURVE('',#79,#165,#167,.T.);
#165 = VERTEX_POINT('',#166);
#166 = CARTESIAN_POINT('',(-59.,-48.,0.));
#167 = SURFACE_CURVE('',#168,(#173,#180),.PCURVE_S1.);
#168 = CIRCLE('',#169,7.);
#169 = AXIS2_PLACEMENT_3D('',#170,#171,#172);
#170 = CARTESIAN_POINT('',(-59.,-41.,0.));
#171 = DIRECTION('',(0.,0.,1.));
#172 = DIRECTION('',(0.,-1.,0.));
#173 = PCURVE('',#122,#174);
#174 = DEFINITIONAL_REPRESENTATION('',(#175),#179);
#175 = CIRCLE('',#176,7.);
#176 = AXIS2_PLACEMENT_2D('',#177,#178);
#177 = CARTESIAN_POINT('',(7.,7.));
#178 = DIRECTION('',(0.,-1.));
#179 = ( GEOMETRIC_REPRESENTATION_CONTEXT(2) 
PARAMETRIC_REPRESENTATION_CONTEXT() REPRESENTATION_CONTEXT('2D SPACE',''
  ) );
#180 = PCURVE('',#94,#181);
#181 = DEFINITIONAL_REPRESENTATION('',(#182),#186);
#182 = LINE('',#183,#184);
#183 = CARTESIAN_POINT('',(-4.712388980385,0.));
#184 = VECTOR('',#185,1.);
#185 = DIRECTION('',(1.,0.));
#186 = ( GEOMETRIC_REPRESENTATION_CONTEXT(2) 
PARAMETRIC_REPRESENTATION_CONTEXT() REPRESENTATION_CONTEXT('2D SPACE',''
  ) );
#187 = ORIENTED_EDGE('',*,*,#188,.T.);
#188 = EDGE_CURVE('',#165,#189,#191,.T.);
#189 = VERTEX_POINT('',#190);
#190 = CARTESIAN_POINT('',(59.,-48.,0.));
#191 = SURFACE_CURVE('',#192,(#196,#203),.PCURVE_S1.);
#192 = LINE('',#193,#194);
#193 = CARTESIAN_POINT('',(-66.,-48.,0.));
#194 = VECTOR('',#195,1.);
#195 = DIRECTION('',(1.,0.,0.));
#196 = PCURVE('',#122,#197);
#197 = DEFINITIONAL_REPRESENTATION('',(#198),#202);
#198 = LINE('',#199,#200);
#199 = CARTESIAN_POINT('',(0.,0.));
#200 = VECTOR('',#201,1.);
#201 = DIRECTION('',(1.,0.));
#202 = ( GEOMETRIC_REPRESENTATION_CONTEXT(2) 
PARAMETRIC_REPRESENTATION_CONTEXT() REPRESENTATION_CONTEXT('2D SPACE',''
  ) );
#203 = PCURVE('',#204,#209);
#204 = PLANE('',#205);
#205 = AXIS2_PLACEMENT_3D('',#206,#207,#208);
#206 = CARTESIAN_POINT('',(-66.,-48.,0.));
#207 = DIRECTION('',(0.,1.,0.));
#208 = DIRECTION('',(0.,0.,1.));
#209 = DEFINITIONAL_REPRESENTATION('',(#210),#214);
#210 = LINE('',#211,#212);
#211 = CARTESIAN_POINT('',(0.,0.));
#212 = VECTOR('',#213,1.);
#213 = DIRECTION('',(0.,1.));
#214 = ( GEOMETRIC_REPRESENTATION_CONTEXT(2) 
PARAMETRIC_REPRESENTATION_CONTEXT() REPRESENTATION_CONTEXT('2D SPACE',''
  ) );
#215 = ORIENTED_EDGE('',*,*,#216,.F.);
#216 = EDGE_CURVE('',#217,#189,#219,.T.);
#217 = VERTEX_POINT('',#218);
#218 = CARTESIAN_POINT('',(66.,-41.,0.));
#219 = SURFACE_CURVE('',#220,(#225,#236),.PCURVE_S1.);
#220 = CIRCLE('',#221,7.);
#221 = AXIS2_PLACEMENT_3D('',#222,#223,#224);
#222 = CARTESIAN_POINT('',(59.,-41.,0.));
#223 = DIRECTION('',(-0.,-0.,-1.));
#224 = DIRECTION('',(0.,-1.,0.));
#225 = PCURVE('',#122,#226);
#226 = DEFINITIONAL_REPRESENTATION('',(#227),#235);
#227 = ( BOUNDED_CURVE() B_SPLINE_CURVE(2,(#228,#229,#230,#231,#232,#233
,#234),.UNSPECIFIED.,.T.,.F.) B_SPLINE_CURVE_WITH_KNOTS((1,2,2,2,2,1),(
    -2.094395102393,0.,2.094395102393,4.188790204786,6.28318530718,
8.377580409573),.UNSPECIFIED.) CURVE() GEOMETRIC_REPRESENTATION_ITEM() 
RATIONAL_B_SPLINE_CURVE((1.,0.5,1.,0.5,1.,0.5,1.)) REPRESENTATION_ITEM(
  '') );
#228 = CARTESIAN_POINT('',(125.,0.));
#229 = CARTESIAN_POINT('',(112.87564434701,0.));
#230 = CARTESIAN_POINT('',(118.9378221735,10.5));
#231 = CARTESIAN_POINT('',(125.,21.));
#232 = CARTESIAN_POINT('',(131.06217782649,10.5));
#233 = CARTESIAN_POINT('',(137.12435565298,1.06581410364E-14));
#234 = CARTESIAN_POINT('',(125.,0.));
#235 = ( GEOMETRIC_REPRESENTATION_CONTEXT(2) 
PARAMETRIC_REPRESENTATION_CONTEXT() REPRESENTATION_CONTEXT('2D SPACE',''
  ) );
#236 = PCURVE('',#237,#242);
#237 = CYLINDRICAL_SURFACE('',#238,7.);
#238 = AXIS2_PLACEMENT_3D('',#239,#240,#241);
#239 = CARTESIAN_POINT('',(59.,-41.,0.));
#240 = DIRECTION('',(0.,0.,1.));
#241 = DIRECTION('',(1.,0.,-0.));
#242 = DEFINITIONAL_REPRESENTATION('',(#243),#247);
#243 = LINE('',#244,#245);
#244 = CARTESIAN_POINT('',(4.712388980385,-0.));
#245 = VECTOR('',#246,1.);
#246 = DIRECTION('',(-1.,0.));
#247 = ( GEOMETRIC_REPRESENTATION_CONTEXT(2) 
PARAMETRIC_REPRESENTATION_CONTEXT() REPRESENTATION_CONTEXT('2D SPACE',''
  ) );
#248 = ORIENTED_EDGE('',*,*,#249,.T.);
#249 = EDGE_CURVE('',#217,#250,#252,.T.);
#250 = VERTEX_POINT('',#251);
#251 = CARTESIAN_POINT('',(66.,41.,0.));
#252 = SURFACE_CURVE('',#253,(#257,#264),.PCURVE_S1.);
#253 = LINE('',#254,#255);
#254 = CARTESIAN_POINT('',(66.,-48.,0.));
#255 = VECTOR('',#256,1.);
#256 = DIRECTION('',(0.,1.,0.));
#257 = PCURVE('',#122,#258);
#258 = DEFINITIONAL_REPRESENTATION('',(#259),#263);
#259 = LINE('',#260,#261);
#260 = CARTESIAN_POINT('',(132.,0.));
#261 = VECTOR('',#262,1.);
#262 = DIRECTION('',(0.,1.));
#263 = ( GEOMETRIC_REPRESENTATION_CONTEXT(2) 
PARAMETRIC_REPRESENTATION_CONTEXT() REPRESENTATION_CONTEXT('2D SPACE',''
  ) );
#264 = PCURVE('',#265,#270);
#265 = PLANE('',#266);
#266 = AXIS2_PLACEMENT_3D('',#267,#268,#269);
#267 = CARTESIAN_POINT('',(66.,-48.,0.));
#268 = DIRECTION('',(1.,0.,0.));
#269 = DIRECTION('',(0.,0.,1.));
#270 = DEFINITIONAL_REPRESENTATION('',(#271),#275);
#271 = LINE('',#272,#273);
#272 = CARTESIAN_POINT('',(0.,0.));
#273 = VECTOR('',#274,1.);
#274 = DIRECTION('',(0.,-1.));
#275 = ( GEOMETRIC_REPRESENTATION_CONTEXT(2) 
PARAMETRIC_REPRESENTATION_CONTEXT() REPRESENTATION_CONTEXT('2D SPACE',''
  ) );
#276 = ORIENTED_EDGE('',*,*,#277,.T.);
#277 = EDGE_CURVE('',#250,#278,#280,.T.);
#278 = VERTEX_POINT('',#279);
#279 = CARTESIAN_POINT('',(59.,48.,0.));
#280 = SURFACE_CURVE('',#281,(#286,#293),.PCURVE_S1.);
#281 = CIRCLE('',#282,7.);
#282 = AXIS2_PLACEMENT_3D('',#283,#284,#285);
#283 = CARTESIAN_POINT('',(59.,41.,0.));
#284 = DIRECTION('',(0.,0.,1.));
#285 = DIRECTION('',(0.,-1.,0.));
#286 = PCURVE('',#122,#287);
#287 = DEFINITIONAL_REPRESENTATION('',(#288),#292);
#288 = CIRCLE('',#289,7.);
#289 = AXIS2_PLACEMENT_2D('',#290,#291);
#290 = CARTESIAN_POINT('',(125.,89.));
#291 = DIRECTION('',(0.,-1.));
#292 = ( GEOMETRIC_REPRESENTATION_CONTEXT(2) 
PARAMETRIC_REPRESENTATION_CONTEXT() REPRESENTATION_CONTEXT('2D SPACE',''
  ) );
#293 = PCURVE('',#294,#299);
#294 = CYLINDRICAL_SURFACE('',#295,7.);
#295 = AXIS2_PLACEMENT_3D('',#296,#297,#298);
#296 = CARTESIAN_POINT('',(59.,41.,0.));
#297 = DIRECTION('',(0.,0.,1.));
#298 = DIRECTION('',(1.,0.,-0.));
#299 = DEFINITIONAL_REPRESENTATION('',(#300),#304);
#300 = LINE('',#301,#302);
#301 = CARTESIAN_POINT('',(-1.570796326795,0.));
#302 = VECTOR('',#303,1.);
#303 = DIRECTION('',(1.,0.));
#304 = ( GEOMETRIC_REPRESENTATION_CONTEXT(2) 
PARAMETRIC_REPRESENTATION_CONTEXT() REPRESENTATION_CONTEXT('2D SPACE',''
  ) );
#305 = ORIENTED_EDGE('',*,*,#306,.F.);
#306 = EDGE_CURVE('',#307,#278,#309,.T.);
#307 = VERTEX_POINT('',#308);
#308 = CARTESIAN_POINT('',(-59.,48.,0.));
#309 = SURFACE_CURVE('',#310,(#314,#321),.PCURVE_S1.);
#310 = LINE('',#311,#312);
#311 = CARTESIAN_POINT('',(-66.,48.,0.));
#312 = VECTOR('',#313,1.);
#313 = DIRECTION('',(1.,0.,0.));
#314 = PCURVE('',#122,#315);
#315 = DEFINITIONAL_REPRESENTATION('',(#316),#320);
#316 = LINE('',#317,#318);
#317 = CARTESIAN_POINT('',(0.,96.));
#318 = VECTOR('',#319,1.);
#319 = DIRECTION('',(1.,0.));
#320 = ( GEOMETRIC_REPRESENTATION_CONTEXT(2) 
PARAMETRIC_REPRESENTATION_CONTEXT() REPRESENTATION_CONTEXT('2D SPACE',''
  ) );
#321 = PCURVE('',#322,#327);
#322 = PLANE('',#323);
#323 = AXIS2_PLACEMENT_3D('',#324,#325,#326);
#324 = CARTESIAN_POINT('',(-66.,48.,0.));
#325 = DIRECTION('',(0.,1.,0.));
#326 = DIRECTION('',(0.,0.,1.));
#327 = DEFINITIONAL_REPRESENTATION('',(#328),#332);
#328 = LINE('',#329,#330);
#329 = CARTESIAN_POINT('',(0.,0.));
#330 = VECTOR('',#331,1.);
#331 = DIRECTION('',(0.,1.));
#332 = ( GEOMETRIC_REPRESENTATION_CONTEXT(2) 
PARAMETRIC_REPRESENTATION_CONTEXT() REPRESENTATION_CONTEXT('2D SPACE',''
  ) );
#333 = ORIENTED_EDGE('',*,*,#334,.F.);
#334 = EDGE_CURVE('',#107,#307,#335,.T.);
#335 = SURFACE_CURVE('',#336,(#341,#352),.PCURVE_S1.);
#336 = CIRCLE('',#337,7.);
#337 = AXIS2_PLACEMENT_3D('',#338,#339,#340);
#338 = CARTESIAN_POINT('',(-59.,41.,0.));
#339 = DIRECTION('',(-0.,-0.,-1.));
#340 = DIRECTION('',(0.,-1.,0.));
#341 = PCURVE('',#122,#342);
#342 = DEFINITIONAL_REPRESENTATION('',(#343),#351);
#343 = ( BOUNDED_CURVE() B_SPLINE_CURVE(2,(#344,#345,#346,#347,#348,#349
,#350),.UNSPECIFIED.,.T.,.F.) B_SPLINE_CURVE_WITH_KNOTS((1,2,2,2,2,1),(
    -2.094395102393,0.,2.094395102393,4.188790204786,6.28318530718,
8.377580409573),.UNSPECIFIED.) CURVE() GEOMETRIC_REPRESENTATION_ITEM() 
RATIONAL_B_SPLINE_CURVE((1.,0.5,1.,0.5,1.,0.5,1.)) REPRESENTATION_ITEM(
  '') );
#344 = CARTESIAN_POINT('',(7.,82.));
#345 = CARTESIAN_POINT('',(-5.124355652982,82.));
#346 = CARTESIAN_POINT('',(0.937822173509,92.5));
#347 = CARTESIAN_POINT('',(7.,103.));
#348 = CARTESIAN_POINT('',(13.062177826491,92.5));
#349 = CARTESIAN_POINT('',(19.124355652982,82.));
#350 = CARTESIAN_POINT('',(7.,82.));
#351 = ( GEOMETRIC_REPRESENTATION_CONTEXT(2) 
PARAMETRIC_REPRESENTATION_CONTEXT() REPRESENTATION_CONTEXT('2D SPACE',''
  ) );
#352 = PCURVE('',#148,#353);
#353 = DEFINITIONAL_REPRESENTATION('',(#354),#358);
#354 = LINE('',#355,#356);
#355 = CARTESIAN_POINT('',(1.570796326795,-0.));
#356 = VECTOR('',#357,1.);
#357 = DIRECTION('',(-1.,0.));
#358 = ( GEOMETRIC_REPRESENTATION_CONTEXT(2) 
PARAMETRIC_REPRESENTATION_CONTEXT() REPRESENTATION_CONTEXT('2D SPACE',''
  ) );
#359 = ADVANCED_FACE('',(#360),#265,.T.);
#360 = FACE_BOUND('',#361,.T.);
#361 = EDGE_LOOP('',(#362,#387,#408,#409));
#362 = ORIENTED_EDGE('',*,*,#363,.F.);
#363 = EDGE_CURVE('',#364,#366,#368,.T.);
#364 = VERTEX_POINT('',#365);
#365 = CARTESIAN_POINT('',(66.,-41.,6.));
#366 = VERTEX_POINT('',#367);
#367 = CARTESIAN_POINT('',(66.,41.,6.));
#368 = SURFACE_CURVE('',#369,(#373,#380),.PCURVE_S1.);
#369 = LINE('',#370,#371);
#370 = CARTESIAN_POINT('',(66.,-48.,6.));
#371 = VECTOR('',#372,1.);
#372 = DIRECTION('',(0.,1.,0.));
#373 = PCURVE('',#265,#374);
#374 = DEFINITIONAL_REPRESENTATION('',(#375),#379);
#375 = LINE('',#376,#377);
#376 = CARTESIAN_POINT('',(6.,0.));
#377 = VECTOR('',#378,1.);
#378 = DIRECTION('',(0.,-1.));
#379 = ( GEOMETRIC_REPRESENTATION_CONTEXT(2) 
PARAMETRIC_REPRESENTATION_CONTEXT() REPRESENTATION_CONTEXT('2D SPACE',''
  ) );
#380 = PCURVE('',#66,#381);
#381 = DEFINITIONAL_REPRESENTATION('',(#382),#386);
#382 = LINE('',#383,#384);
#383 = CARTESIAN_POINT('',(132.,0.));
#384 = VECTOR('',#385,1.);
#385 = DIRECTION('',(0.,1.));
#386 = ( GEOMETRIC_REPRESENTATION_CONTEXT(2) 
PARAMETRIC_REPRESENTATION_CONTEXT() REPRESENTATION_CONTEXT('2D SPACE',''
  ) );
#387 = ORIENTED_EDGE('',*,*,#388,.F.);
#388 = EDGE_CURVE('',#217,#364,#389,.T.);
#389 = SURFACE_CURVE('',#390,(#394,#401),.PCURVE_S1.);
#390 = LINE('',#391,#392);
#391 = CARTESIAN_POINT('',(66.,-41.,0.));
#392 = VECTOR('',#393,1.);
#393 = DIRECTION('',(0.,0.,1.));
#394 = PCURVE('',#265,#395);
#395 = DEFINITIONAL_REPRESENTATION('',(#396),#400);
#396 = LINE('',#397,#398);
#397 = CARTESIAN_POINT('',(0.,-7.));
#398 = VECTOR('',#399,1.);
#399 = DIRECTION('',(1.,0.));
#400 = ( GEOMETRIC_REPRESENTATION_CONTEXT(2) 
PARAMETRIC_REPRESENTATION_CONTEXT() REPRESENTATION_CONTEXT('2D SPACE',''
  ) );
#401 = PCURVE('',#237,#402);
#402 = DEFINITIONAL_REPRESENTATION('',(#403),#407);
#403 = LINE('',#404,#405);
#404 = CARTESIAN_POINT('',(-0.,0.));
#405 = VECTOR('',#406,1.);
#406 = DIRECTION('',(-0.,1.));
#407 = ( GEOMETRIC_REPRESENTATION_CONTEXT(2) 
PARAMETRIC_REPRESENTATION_CONTEXT() REPRESENTATION_CONTEXT('2D SPACE',''
  ) );
#408 = ORIENTED_EDGE('',*,*,#249,.T.);
#409 = ORIENTED_EDGE('',*,*,#410,.T.);
#410 = EDGE_CURVE('',#250,#366,#411,.T.);
#411 = SURFACE_CURVE('',#412,(#416,#423),.PCURVE_S1.);
#412 = LINE('',#413,#414);
#413 = CARTESIAN_POINT('',(66.,41.,0.));
#414 = VECTOR('',#415,1.);
#415 = DIRECTION('',(0.,0.,1.));
#416 = PCURVE('',#265,#417);
#417 = DEFINITIONAL_REPRESENTATION('',(#418),#422);
#418 = LINE('',#419,#420);
#419 = CARTESIAN_POINT('',(0.,-89.));
#420 = VECTOR('',#421,1.);
#421 = DIRECTION('',(1.,0.));
#422 = ( GEOMETRIC_REPRESENTATION_CONTEXT(2) 
PARAMETRIC_REPRESENTATION_CONTEXT() REPRESENTATION_CONTEXT('2D SPACE',''
  ) );
#423 = PCURVE('',#294,#424);
#424 = DEFINITIONAL_REPRESENTATION('',(#425),#429);
#425 = LINE('',#426,#427);
#426 = CARTESIAN_POINT('',(0.,0.));
#427 = VECTOR('',#428,1.);
#428 = DIRECTION('',(0.,1.));
#429 = ( GEOMETRIC_REPRESENTATION_CONTEXT(2) 
PARAMETRIC_REPRESENTATION_CONTEXT() REPRESENTATION_CONTEXT('2D SPACE',''
  ) );
#430 = ADVANCED_FACE('',(#431),#294,.T.);
#431 = FACE_BOUND('',#432,.T.);
#432 = EDGE_LOOP('',(#433,#434,#457,#479));
#433 = ORIENTED_EDGE('',*,*,#277,.T.);
#434 = ORIENTED_EDGE('',*,*,#435,.T.);
#435 = EDGE_CURVE('',#278,#436,#438,.T.);
#436 = VERTEX_POINT('',#437);
#437 = CARTESIAN_POINT('',(59.,48.,6.));
#438 = SURFACE_CURVE('',#439,(#443,#450),.PCURVE_S1.);
#439 = LINE('',#440,#441);
#440 = CARTESIAN_POINT('',(59.,48.,0.));
#441 = VECTOR('',#442,1.);
#442 = DIRECTION('',(0.,0.,1.));
#443 = PCURVE('',#294,#444);
#444 = DEFINITIONAL_REPRESENTATION('',(#445),#449);
#445 = LINE('',#446,#447);
#446 = CARTESIAN_POINT('',(1.570796326795,0.));
#447 = VECTOR('',#448,1.);
#448 = DIRECTION('',(0.,1.));
#449 = ( GEOMETRIC_REPRESENTATION_CONTEXT(2) 
PARAMETRIC_REPRESENTATION_CONTEXT() REPRESENTATION_CONTEXT('2D SPACE',''
  ) );
#450 = PCURVE('',#322,#451);
#451 = DEFINITIONAL_REPRESENTATION('',(#452),#456);
#452 = LINE('',#453,#454);
#453 = CARTESIAN_POINT('',(0.,125.));
#454 = VECTOR('',#455,1.);
#455 = DIRECTION('',(1.,0.));
#456 = ( GEOMETRIC_REPRESENTATION_CONTEXT(2) 
PARAMETRIC_REPRESENTATION_CONTEXT() REPRESENTATION_CONTEXT('2D SPACE',''
  ) );
#457 = ORIENTED_EDGE('',*,*,#458,.F.);
#458 = EDGE_CURVE('',#366,#436,#459,.T.);
#459 = SURFACE_CURVE('',#460,(#465,#472),.PCURVE_S1.);
#460 = CIRCLE('',#461,7.);
#461 = AXIS2_PLACEMENT_3D('',#462,#463,#464);
#462 = CARTESIAN_POINT('',(59.,41.,6.));
#463 = DIRECTION('',(0.,0.,1.));
#464 = DIRECTION('',(0.,-1.,0.));
#465 = PCURVE('',#294,#466);
#466 = DEFINITIONAL_REPRESENTATION('',(#467),#471);
#467 = LINE('',#468,#469);
#468 = CARTESIAN_POINT('',(-1.570796326795,6.));
#469 = VECTOR('',#470,1.);
#470 = DIRECTION('',(1.,0.));
#471 = ( GEOMETRIC_REPRESENTATION_CONTEXT(2) 
PARAMETRIC_REPRESENTATION_CONTEXT() REPRESENTATION_CONTEXT('2D SPACE',''
  ) );
#472 = PCURVE('',#66,#473);
#473 = DEFINITIONAL_REPRESENTATION('',(#474),#478);
#474 = CIRCLE('',#475,7.);
#475 = AXIS2_PLACEMENT_2D('',#476,#477);
#476 = CARTESIAN_POINT('',(125.,89.));
#477 = DIRECTION('',(0.,-1.));
#478 = ( GEOMETRIC_REPRESENTATION_CONTEXT(2) 
PARAMETRIC_REPRESENTATION_CONTEXT() REPRESENTATION_CONTEXT('2D SPACE',''
  ) );
#479 = ORIENTED_EDGE('',*,*,#410,.F.);
#480 = ADVANCED_FACE('',(#481),#237,.T.);
#481 = FACE_BOUND('',#482,.F.);
#482 = EDGE_LOOP('',(#483,#484,#507,#533));
#483 = ORIENTED_EDGE('',*,*,#216,.T.);
#484 = ORIENTED_EDGE('',*,*,#485,.T.);
#485 = EDGE_CURVE('',#189,#486,#488,.T.);
#486 = VERTEX_POINT('',#487);
#487 = CARTESIAN_POINT('',(59.,-48.,6.));
#488 = SURFACE_CURVE('',#489,(#493,#500),.PCURVE_S1.);
#489 = LINE('',#490,#491);
#490 = CARTESIAN_POINT('',(59.,-48.,0.));
#491 = VECTOR('',#492,1.);
#492 = DIRECTION('',(0.,0.,1.));
#493 = PCURVE('',#237,#494);
#494 = DEFINITIONAL_REPRESENTATION('',(#495),#499);
#495 = LINE('',#496,#497);
#496 = CARTESIAN_POINT('',(-1.570796326795,0.));
#497 = VECTOR('',#498,1.);
#498 = DIRECTION('',(-0.,1.));
#499 = ( GEOMETRIC_REPRESENTATION_CONTEXT(2) 
PARAMETRIC_REPRESENTATION_CONTEXT() REPRESENTATION_CONTEXT('2D SPACE',''
  ) );
#500 = PCURVE('',#204,#501);
#501 = DEFINITIONAL_REPRESENTATION('',(#502),#506);
#502 = LINE('',#503,#504);
#503 = CARTESIAN_POINT('',(0.,125.));
#504 = VECTOR('',#505,1.);
#505 = DIRECTION('',(1.,0.));
#506 = ( GEOMETRIC_REPRESENTATION_CONTEXT(2) 
PARAMETRIC_REPRESENTATION_CONTEXT() REPRESENTATION_CONTEXT('2D SPACE',''
  ) );
#507 = ORIENTED_EDGE('',*,*,#508,.F.);
#508 = EDGE_CURVE('',#364,#486,#509,.T.);
#509 = SURFACE_CURVE('',#510,(#515,#522),.PCURVE_S1.);
#510 = CIRCLE('',#511,7.);
#511 = AXIS2_PLACEMENT_3D('',#512,#513,#514);
#512 = CARTESIAN_POINT('',(59.,-41.,6.));
#513 = DIRECTION('',(-0.,-0.,-1.));
#514 = DIRECTION('',(0.,-1.,0.));
#515 = PCURVE('',#237,#516);
#516 = DEFINITIONAL_REPRESENTATION('',(#517),#521);
#517 = LINE('',#518,#519);
#518 = CARTESIAN_POINT('',(4.712388980385,6.));
#519 = VECTOR('',#520,1.);
#520 = DIRECTION('',(-1.,0.));
#521 = ( GEOMETRIC_REPRESENTATION_CONTEXT(2) 
PARAMETRIC_REPRESENTATION_CONTEXT() REPRESENTATION_CONTEXT('2D SPACE',''
  ) );
#522 = PCURVE('',#66,#523);
#523 = DEFINITIONAL_REPRESENTATION('',(#524),#532);
#524 = ( BOUNDED_CURVE() B_SPLINE_CURVE(2,(#525,#526,#527,#528,#529,#530
,#531),.UNSPECIFIED.,.T.,.F.) B_SPLINE_CURVE_WITH_KNOTS((1,2,2,2,2,1),(
    -2.094395102393,0.,2.094395102393,4.188790204786,6.28318530718,
8.377580409573),.UNSPECIFIED.) CURVE() GEOMETRIC_REPRESENTATION_ITEM() 
RATIONAL_B_SPLINE_CURVE((1.,0.5,1.,0.5,1.,0.5,1.)) REPRESENTATION_ITEM(
  '') );
#525 = CARTESIAN_POINT('',(125.,0.));
#526 = CARTESIAN_POINT('',(112.87564434701,0.));
#527 = CARTESIAN_POINT('',(118.9378221735,10.5));
#528 = CARTESIAN_POINT('',(125.,21.));
#529 = CARTESIAN_POINT('',(131.06217782649,10.5));
#530 = CARTESIAN_POINT('',(137.12435565298,1.06581410364E-14));
#531 = CARTESIAN_POINT('',(125.,0.));
#532 = ( GEOMETRIC_REPRESENTATION_CONTEXT(2) 
PARAMETRIC_REPRESENTATION_CONTEXT() REPRESENTATION_CONTEXT('2D SPACE',''
  ) );
#533 = ORIENTED_EDGE('',*,*,#388,.F.);
#534 = ADVANCED_FACE('',(#535),#322,.T.);
#535 = FACE_BOUND('',#536,.T.);
#536 = EDGE_LOOP('',(#537,#538,#561,#582));
#537 = ORIENTED_EDGE('',*,*,#306,.F.);
#538 = ORIENTED_EDGE('',*,*,#539,.T.);
#539 = EDGE_CURVE('',#307,#540,#542,.T.);
#540 = VERTEX_POINT('',#541);
#541 = CARTESIAN_POINT('',(-59.,48.,6.));
#542 = SURFACE_CURVE('',#543,(#547,#554),.PCURVE_S1.);
#543 = LINE('',#544,#545);
#544 = CARTESIAN_POINT('',(-59.,48.,0.));
#545 = VECTOR('',#546,1.);
#546 = DIRECTION('',(0.,0.,1.));
#547 = PCURVE('',#322,#548);
#548 = DEFINITIONAL_REPRESENTATION('',(#549),#553);
#549 = LINE('',#550,#551);
#550 = CARTESIAN_POINT('',(0.,7.));
#551 = VECTOR('',#552,1.);
#552 = DIRECTION('',(1.,0.));
#553 = ( GEOMETRIC_REPRESENTATION_CONTEXT(2) 
PARAMETRIC_REPRESENTATION_CONTEXT() REPRESENTATION_CONTEXT('2D SPACE',''
  ) );
#554 = PCURVE('',#148,#555);
#555 = DEFINITIONAL_REPRESENTATION('',(#556),#560);
#556 = LINE('',#557,#558);
#557 = CARTESIAN_POINT('',(-1.570796326795,0.));
#558 = VECTOR('',#559,1.);
#559 = DIRECTION('',(-0.,1.));
#560 = ( GEOMETRIC_REPRESENTATION_CONTEXT(2) 
PARAMETRIC_REPRESENTATION_CONTEXT() REPRESENTATION_CONTEXT('2D SPACE',''
  ) );
#561 = ORIENTED_EDGE('',*,*,#562,.T.);
#562 = EDGE_CURVE('',#540,#436,#563,.T.);
#563 = SURFACE_CURVE('',#564,(#568,#575),.PCURVE_S1.);
#564 = LINE('',#565,#566);
#565 = CARTESIAN_POINT('',(-66.,48.,6.));
#566 = VECTOR('',#567,1.);
#567 = DIRECTION('',(1.,0.,0.));
#568 = PCURVE('',#322,#569);
#569 = DEFINITIONAL_REPRESENTATION('',(#570),#574);
#570 = LINE('',#571,#572);
#571 = CARTESIAN_POINT('',(6.,0.));
#572 = VECTOR('',#573,1.);
#573 = DIRECTION('',(0.,1.));
#574 = ( GEOMETRIC_REPRESENTATION_CONTEXT(2) 
PARAMETRIC_REPRESENTATION_CONTEXT() REPRESENTATION_CONTEXT('2D SPACE',''
  ) );
#575 = PCURVE('',#66,#576);
#576 = DEFINITIONAL_REPRESENTATION('',(#577),#581);
#577 = LINE('',#578,#579);
#578 = CARTESIAN_POINT('',(0.,96.));
#579 = VECTOR('',#580,1.);
#580 = DIRECTION('',(1.,0.));
#581 = ( GEOMETRIC_REPRESENTATION_CONTEXT(2) 
PARAMETRIC_REPRESENTATION_CONTEXT() REPRESENTATION_CONTEXT('2D SPACE',''
  ) );
#582 = ORIENTED_EDGE('',*,*,#435,.F.);
#583 = ADVANCED_FACE('',(#584),#204,.F.);
#584 = FACE_BOUND('',#585,.F.);
#585 = EDGE_LOOP('',(#586,#587,#610,#631));
#586 = ORIENTED_EDGE('',*,*,#188,.F.);
#587 = ORIENTED_EDGE('',*,*,#588,.T.);
#588 = EDGE_CURVE('',#165,#589,#591,.T.);
#589 = VERTEX_POINT('',#590);
#590 = CARTESIAN_POINT('',(-59.,-48.,6.));
#591 = SURFACE_CURVE('',#592,(#596,#603),.PCURVE_S1.);
#592 = LINE('',#593,#594);
#593 = CARTESIAN_POINT('',(-59.,-48.,0.));
#594 = VECTOR('',#595,1.);
#595 = DIRECTION('',(0.,0.,1.));
#596 = PCURVE('',#204,#597);
#597 = DEFINITIONAL_REPRESENTATION('',(#598),#602);
#598 = LINE('',#599,#600);
#599 = CARTESIAN_POINT('',(0.,7.));
#600 = VECTOR('',#601,1.);
#601 = DIRECTION('',(1.,0.));
#602 = ( GEOMETRIC_REPRESENTATION_CONTEXT(2) 
PARAMETRIC_REPRESENTATION_CONTEXT() REPRESENTATION_CONTEXT('2D SPACE',''
  ) );
#603 = PCURVE('',#94,#604);
#604 = DEFINITIONAL_REPRESENTATION('',(#605),#609);
#605 = LINE('',#606,#607);
#606 = CARTESIAN_POINT('',(1.570796326795,0.));
#607 = VECTOR('',#608,1.);
#608 = DIRECTION('',(0.,1.));
#609 = ( GEOMETRIC_REPRESENTATION_CONTEXT(2) 
PARAMETRIC_REPRESENTATION_CONTEXT() REPRESENTATION_CONTEXT('2D SPACE',''
  ) );
#610 = ORIENTED_EDGE('',*,*,#611,.T.);
#611 = EDGE_CURVE('',#589,#486,#612,.T.);
#612 = SURFACE_CURVE('',#613,(#617,#624),.PCURVE_S1.);
#613 = LINE('',#614,#615);
#614 = CARTESIAN_POINT('',(-66.,-48.,6.));
#615 = VECTOR('',#616,1.);
#616 = DIRECTION('',(1.,0.,0.));
#617 = PCURVE('',#204,#618);
#618 = DEFINITIONAL_REPRESENTATION('',(#619),#623);
#619 = LINE('',#620,#621);
#620 = CARTESIAN_POINT('',(6.,0.));
#621 = VECTOR('',#622,1.);
#622 = DIRECTION('',(0.,1.));
#623 = ( GEOMETRIC_REPRESENTATION_CONTEXT(2) 
PARAMETRIC_REPRESENTATION_CONTEXT() REPRESENTATION_CONTEXT('2D SPACE',''
  ) );
#624 = PCURVE('',#66,#625);
#625 = DEFINITIONAL_REPRESENTATION('',(#626),#630);
#626 = LINE('',#627,#628);
#627 = CARTESIAN_POINT('',(0.,0.));
#628 = VECTOR('',#629,1.);
#629 = DIRECTION('',(1.,0.));
#630 = ( GEOMETRIC_REPRESENTATION_CONTEXT(2) 
PARAMETRIC_REPRESENTATION_CONTEXT() REPRESENTATION_CONTEXT('2D SPACE',''
  ) );
#631 = ORIENTED_EDGE('',*,*,#485,.F.);
#632 = ADVANCED_FACE('',(#633),#148,.T.);
#633 = FACE_BOUND('',#634,.F.);
#634 = EDGE_LOOP('',(#635,#636,#637,#663));
#635 = ORIENTED_EDGE('',*,*,#334,.T.);
#636 = ORIENTED_EDGE('',*,*,#539,.T.);
#637 = ORIENTED_EDGE('',*,*,#638,.F.);
#638 = EDGE_CURVE('',#46,#540,#639,.T.);
#639 = SURFACE_CURVE('',#640,(#645,#652),.PCURVE_S1.);
#640 = CIRCLE('',#641,7.);
#641 = AXIS2_PLACEMENT_3D('',#642,#643,#644);
#642 = CARTESIAN_POINT('',(-59.,41.,6.));
#643 = DIRECTION('',(-0.,-0.,-1.));
#644 = DIRECTION('',(0.,-1.,0.));
#645 = PCURVE('',#148,#646);
#646 = DEFINITIONAL_REPRESENTATION('',(#647),#651);
#647 = LINE('',#648,#649);
#648 = CARTESIAN_POINT('',(1.570796326795,6.));
#649 = VECTOR('',#650,1.);
#650 = DIRECTION('',(-1.,0.));
#651 = ( GEOMETRIC_REPRESENTATION_CONTEXT(2) 
PARAMETRIC_REPRESENTATION_CONTEXT() REPRESENTATION_CONTEXT('2D SPACE',''
  ) );
#652 = PCURVE('',#66,#653);
#653 = DEFINITIONAL_REPRESENTATION('',(#654),#662);
#654 = ( BOUNDED_CURVE() B_SPLINE_CURVE(2,(#655,#656,#657,#658,#659,#660
,#661),.UNSPECIFIED.,.T.,.F.) B_SPLINE_CURVE_WITH_KNOTS((1,2,2,2,2,1),(
    -2.094395102393,0.,2.094395102393,4.188790204786,6.28318530718,
8.377580409573),.UNSPECIFIED.) CURVE() GEOMETRIC_REPRESENTATION_ITEM() 
RATIONAL_B_SPLINE_CURVE((1.,0.5,1.,0.5,1.,0.5,1.)) REPRESENTATION_ITEM(
  '') );
#655 = CARTESIAN_POINT('',(7.,82.));
#656 = CARTESIAN_POINT('',(-5.124355652982,82.));
#657 = CARTESIAN_POINT('',(0.937822173509,92.5));
#658 = CARTESIAN_POINT('',(7.,103.));
#659 = CARTESIAN_POINT('',(13.062177826491,92.5));
#660 = CARTESIAN_POINT('',(19.124355652982,82.));
#661 = CARTESIAN_POINT('',(7.,82.));
#662 = ( GEOMETRIC_REPRESENTATION_CONTEXT(2) 
PARAMETRIC_REPRESENTATION_CONTEXT() REPRESENTATION_CONTEXT('2D SPACE',''
  ) );
#663 = ORIENTED_EDGE('',*,*,#134,.F.);
#664 = ADVANCED_FACE('',(#665),#94,.T.);
#665 = FACE_BOUND('',#666,.T.);
#666 = EDGE_LOOP('',(#667,#668,#669,#691));
#667 = ORIENTED_EDGE('',*,*,#164,.T.);
#668 = ORIENTED_EDGE('',*,*,#588,.T.);
#669 = ORIENTED_EDGE('',*,*,#670,.F.);
#670 = EDGE_CURVE('',#44,#589,#671,.T.);
#671 = SURFACE_CURVE('',#672,(#677,#684),.PCURVE_S1.);
#672 = CIRCLE('',#673,7.);
#673 = AXIS2_PLACEMENT_3D('',#674,#675,#676);
#674 = CARTESIAN_POINT('',(-59.,-41.,6.));
#675 = DIRECTION('',(0.,0.,1.));
#676 = DIRECTION('',(0.,-1.,0.));
#677 = PCURVE('',#94,#678);
#678 = DEFINITIONAL_REPRESENTATION('',(#679),#683);
#679 = LINE('',#680,#681);
#680 = CARTESIAN_POINT('',(-4.712388980385,6.));
#681 = VECTOR('',#682,1.);
#682 = DIRECTION('',(1.,0.));
#683 = ( GEOMETRIC_REPRESENTATION_CONTEXT(2) 
PARAMETRIC_REPRESENTATION_CONTEXT() REPRESENTATION_CONTEXT('2D SPACE',''
  ) );
#684 = PCURVE('',#66,#685);
#685 = DEFINITIONAL_REPRESENTATION('',(#686),#690);
#686 = CIRCLE('',#687,7.);
#687 = AXIS2_PLACEMENT_2D('',#688,#689);
#688 = CARTESIAN_POINT('',(7.,7.));
#689 = DIRECTION('',(0.,-1.));
#690 = ( GEOMETRIC_REPRESENTATION_CONTEXT(2) 
PARAMETRIC_REPRESENTATION_CONTEXT() REPRESENTATION_CONTEXT('2D SPACE',''
  ) );
#691 = ORIENTED_EDGE('',*,*,#78,.F.);
#692 = ADVANCED_FACE('',(#693,#703,#817,#931,#1089),#66,.T.);
#693 = FACE_BOUND('',#694,.T.);
#694 = EDGE_LOOP('',(#695,#696,#697,#698,#699,#700,#701,#702));
#695 = ORIENTED_EDGE('',*,*,#43,.F.);
#696 = ORIENTED_EDGE('',*,*,#670,.T.);
#697 = ORIENTED_EDGE('',*,*,#611,.T.);
#698 = ORIENTED_EDGE('',*,*,#508,.F.);
#699 = ORIENTED_EDGE('',*,*,#363,.T.);
#700 = ORIENTED_EDGE('',*,*,#458,.T.);
#701 = ORIENTED_EDGE('',*,*,#562,.F.);
#702 = ORIENTED_EDGE('',*,*,#638,.F.);
#703 = FACE_BOUND('',#704,.T.);
#704 = EDGE_LOOP('',(#705,#735,#763,#791));
#705 = ORIENTED_EDGE('',*,*,#706,.T.);
#706 = EDGE_CURVE('',#707,#709,#711,.T.);
#707 = VERTEX_POINT('',#708);
#708 = CARTESIAN_POINT('',(-61.,-37.25,6.));
#709 = VERTEX_POINT('',#710);
#710 = CARTESIAN_POINT('',(-61.,-11.5,6.));
#711 = SURFACE_CURVE('',#712,(#716,#723),.PCURVE_S1.);
#712 = LINE('',#713,#714);
#713 = CARTESIAN_POINT('',(-61.,-37.25,6.));
#714 = VECTOR('',#715,1.);
#715 = DIRECTION('',(0.,1.,0.));
#716 = PCURVE('',#66,#717);
#717 = DEFINITIONAL_REPRESENTATION('',(#718),#722);
#718 = LINE('',#719,#720);
#719 = CARTESIAN_POINT('',(5.,10.75));
#720 = VECTOR('',#721,1.);
#721 = DIRECTION('',(0.,1.));
#722 = ( GEOMETRIC_REPRESENTATION_CONTEXT(2) 
PARAMETRIC_REPRESENTATION_CONTEXT() REPRESENTATION_CONTEXT('2D SPACE',''
  ) );
#723 = PCURVE('',#724,#729);
#724 = PLANE('',#725);
#725 = AXIS2_PLACEMENT_3D('',#726,#727,#728);
#726 = CARTESIAN_POINT('',(-61.,-37.25,6.));
#727 = DIRECTION('',(1.,0.,0.));
#728 = DIRECTION('',(0.,0.,1.));
#729 = DEFINITIONAL_REPRESENTATION('',(#730),#734);
#730 = LINE('',#731,#732);
#731 = CARTESIAN_POINT('',(0.,0.));
#732 = VECTOR('',#733,1.);
#733 = DIRECTION('',(0.,-1.));
#734 = ( GEOMETRIC_REPRESENTATION_CONTEXT(2) 
PARAMETRIC_REPRESENTATION_CONTEXT() REPRESENTATION_CONTEXT('2D SPACE',''
  ) );
#735 = ORIENTED_EDGE('',*,*,#736,.T.);
#736 = EDGE_CURVE('',#709,#737,#739,.T.);
#737 = VERTEX_POINT('',#738);
#738 = CARTESIAN_POINT('',(-9.,-11.5,6.));
#739 = SURFACE_CURVE('',#740,(#744,#751),.PCURVE_S1.);
#740 = LINE('',#741,#742);
#741 = CARTESIAN_POINT('',(-61.,-11.5,6.));
#742 = VECTOR('',#743,1.);
#743 = DIRECTION('',(1.,0.,0.));
#744 = PCURVE('',#66,#745);
#745 = DEFINITIONAL_REPRESENTATION('',(#746),#750);
#746 = LINE('',#747,#748);
#747 = CARTESIAN_POINT('',(5.,36.5));
#748 = VECTOR('',#749,1.);
#749 = DIRECTION('',(1.,0.));
#750 = ( GEOMETRIC_REPRESENTATION_CONTEXT(2) 
PARAMETRIC_REPRESENTATION_CONTEXT() REPRESENTATION_CONTEXT('2D SPACE',''
  ) );
#751 = PCURVE('',#752,#757);
#752 = PLANE('',#753);
#753 = AXIS2_PLACEMENT_3D('',#754,#755,#756);
#754 = CARTESIAN_POINT('',(-61.,-11.5,6.));
#755 = DIRECTION('',(0.,1.,0.));
#756 = DIRECTION('',(0.,0.,1.));
#757 = DEFINITIONAL_REPRESENTATION('',(#758),#762);
#758 = LINE('',#759,#760);
#759 = CARTESIAN_POINT('',(0.,0.));
#760 = VECTOR('',#761,1.);
#761 = DIRECTION('',(0.,1.));
#762 = ( GEOMETRIC_REPRESENTATION_CONTEXT(2) 
PARAMETRIC_REPRESENTATION_CONTEXT() REPRESENTATION_CONTEXT('2D SPACE',''
  ) );
#763 = ORIENTED_EDGE('',*,*,#764,.T.);
#764 = EDGE_CURVE('',#737,#765,#767,.T.);
#765 = VERTEX_POINT('',#766);
#766 = CARTESIAN_POINT('',(-9.,-37.25,6.));
#767 = SURFACE_CURVE('',#768,(#772,#779),.PCURVE_S1.);
#768 = LINE('',#769,#770);
#769 = CARTESIAN_POINT('',(-9.,-11.5,6.));
#770 = VECTOR('',#771,1.);
#771 = DIRECTION('',(0.,-1.,0.));
#772 = PCURVE('',#66,#773);
#773 = DEFINITIONAL_REPRESENTATION('',(#774),#778);
#774 = LINE('',#775,#776);
#775 = CARTESIAN_POINT('',(57.,36.5));
#776 = VECTOR('',#777,1.);
#777 = DIRECTION('',(0.,-1.));
#778 = ( GEOMETRIC_REPRESENTATION_CONTEXT(2) 
PARAMETRIC_REPRESENTATION_CONTEXT() REPRESENTATION_CONTEXT('2D SPACE',''
  ) );
#779 = PCURVE('',#780,#785);
#780 = PLANE('',#781);
#781 = AXIS2_PLACEMENT_3D('',#782,#783,#784);
#782 = CARTESIAN_POINT('',(-9.,-37.25,6.));
#783 = DIRECTION('',(1.,0.,0.));
#784 = DIRECTION('',(0.,0.,1.));
#785 = DEFINITIONAL_REPRESENTATION('',(#786),#790);
#786 = LINE('',#787,#788);
#787 = CARTESIAN_POINT('',(0.,-25.75));
#788 = VECTOR('',#789,1.);
#789 = DIRECTION('',(0.,1.));
#790 = ( GEOMETRIC_REPRESENTATION_CONTEXT(2) 
PARAMETRIC_REPRESENTATION_CONTEXT() REPRESENTATION_CONTEXT('2D SPACE',''
  ) );
#791 = ORIENTED_EDGE('',*,*,#792,.F.);
#792 = EDGE_CURVE('',#707,#765,#793,.T.);
#793 = SURFACE_CURVE('',#794,(#798,#805),.PCURVE_S1.);
#794 = LINE('',#795,#796);
#795 = CARTESIAN_POINT('',(-61.,-37.25,6.));
#796 = VECTOR('',#797,1.);
#797 = DIRECTION('',(1.,0.,0.));
#798 = PCURVE('',#66,#799);
#799 = DEFINITIONAL_REPRESENTATION('',(#800),#804);
#800 = LINE('',#801,#802);
#801 = CARTESIAN_POINT('',(5.,10.75));
#802 = VECTOR('',#803,1.);
#803 = DIRECTION('',(1.,0.));
#804 = ( GEOMETRIC_REPRESENTATION_CONTEXT(2) 
PARAMETRIC_REPRESENTATION_CONTEXT() REPRESENTATION_CONTEXT('2D SPACE',''
  ) );
#805 = PCURVE('',#806,#811);
#806 = PLANE('',#807);
#807 = AXIS2_PLACEMENT_3D('',#808,#809,#810);
#808 = CARTESIAN_POINT('',(-61.,-37.25,6.));
#809 = DIRECTION('',(0.,1.,0.));
#810 = DIRECTION('',(0.,0.,1.));
#811 = DEFINITIONAL_REPRESENTATION('',(#812),#816);
#812 = LINE('',#813,#814);
#813 = CARTESIAN_POINT('',(0.,0.));
#814 = VECTOR('',#815,1.);
#815 = DIRECTION('',(0.,1.));
#816 = ( GEOMETRIC_REPRESENTATION_CONTEXT(2) 
PARAMETRIC_REPRESENTATION_CONTEXT() REPRESENTATION_CONTEXT('2D SPACE',''
  ) );
#817 = FACE_BOUND('',#818,.T.);
#818 = EDGE_LOOP('',(#819,#849,#877,#905));
#819 = ORIENTED_EDGE('',*,*,#820,.T.);
#820 = EDGE_CURVE('',#821,#823,#825,.T.);
#821 = VERTEX_POINT('',#822);
#822 = CARTESIAN_POINT('',(9.,-37.25,6.));
#823 = VERTEX_POINT('',#824);
#824 = CARTESIAN_POINT('',(9.,-11.5,6.));
#825 = SURFACE_CURVE('',#826,(#830,#837),.PCURVE_S1.);
#826 = LINE('',#827,#828);
#827 = CARTESIAN_POINT('',(9.,-37.25,6.));
#828 = VECTOR('',#829,1.);
#829 = DIRECTION('',(0.,1.,0.));
#830 = PCURVE('',#66,#831);
#831 = DEFINITIONAL_REPRESENTATION('',(#832),#836);
#832 = LINE('',#833,#834);
#833 = CARTESIAN_POINT('',(75.,10.75));
#834 = VECTOR('',#835,1.);
#835 = DIRECTION('',(0.,1.));
#836 = ( GEOMETRIC_REPRESENTATION_CONTEXT(2) 
PARAMETRIC_REPRESENTATION_CONTEXT() REPRESENTATION_CONTEXT('2D SPACE',''
  ) );
#837 = PCURVE('',#838,#843);
#838 = PLANE('',#839);
#839 = AXIS2_PLACEMENT_3D('',#840,#841,#842);
#840 = CARTESIAN_POINT('',(9.,-37.25,6.));
#841 = DIRECTION('',(1.,0.,0.));
#842 = DIRECTION('',(0.,0.,1.));
#843 = DEFINITIONAL_REPRESENTATION('',(#844),#848);
#844 = LINE('',#845,#846);
#845 = CARTESIAN_POINT('',(0.,0.));
#846 = VECTOR('',#847,1.);
#847 = DIRECTION('',(0.,-1.));
#848 = ( GEOMETRIC_REPRESENTATION_CONTEXT(2) 
PARAMETRIC_REPRESENTATION_CONTEXT() REPRESENTATION_CONTEXT('2D SPACE',''
  ) );
#849 = ORIENTED_EDGE('',*,*,#850,.T.);
#850 = EDGE_CURVE('',#823,#851,#853,.T.);
#851 = VERTEX_POINT('',#852);
#852 = CARTESIAN_POINT('',(61.,-11.5,6.));
#853 = SURFACE_CURVE('',#854,(#858,#865),.PCURVE_S1.);
#854 = LINE('',#855,#856);
#855 = CARTESIAN_POINT('',(9.,-11.5,6.));
#856 = VECTOR('',#857,1.);
#857 = DIRECTION('',(1.,0.,0.));
#858 = PCURVE('',#66,#859);
#859 = DEFINITIONAL_REPRESENTATION('',(#860),#864);
#860 = LINE('',#861,#862);
#861 = CARTESIAN_POINT('',(75.,36.5));
#862 = VECTOR('',#863,1.);
#863 = DIRECTION('',(1.,0.));
#864 = ( GEOMETRIC_REPRESENTATION_CONTEXT(2) 
PARAMETRIC_REPRESENTATION_CONTEXT() REPRESENTATION_CONTEXT('2D SPACE',''
  ) );
#865 = PCURVE('',#866,#871);
#866 = PLANE('',#867);
#867 = AXIS2_PLACEMENT_3D('',#868,#869,#870);
#868 = CARTESIAN_POINT('',(9.,-11.5,6.));
#869 = DIRECTION('',(0.,1.,0.));
#870 = DIRECTION('',(0.,0.,1.));
#871 = DEFINITIONAL_REPRESENTATION('',(#872),#876);
#872 = LINE('',#873,#874);
#873 = CARTESIAN_POINT('',(0.,0.));
#874 = VECTOR('',#875,1.);
#875 = DIRECTION('',(0.,1.));
#876 = ( GEOMETRIC_REPRESENTATION_CONTEXT(2) 
PARAMETRIC_REPRESENTATION_CONTEXT() REPRESENTATION_CONTEXT('2D SPACE',''
  ) );
#877 = ORIENTED_EDGE('',*,*,#878,.T.);
#878 = EDGE_CURVE('',#851,#879,#881,.T.);
#879 = VERTEX_POINT('',#880);
#880 = CARTESIAN_POINT('',(61.,-37.25,6.));
#881 = SURFACE_CURVE('',#882,(#886,#893),.PCURVE_S1.);
#882 = LINE('',#883,#884);
#883 = CARTESIAN_POINT('',(61.,-11.5,6.));
#884 = VECTOR('',#885,1.);
#885 = DIRECTION('',(0.,-1.,0.));
#886 = PCURVE('',#66,#887);
#887 = DEFINITIONAL_REPRESENTATION('',(#888),#892);
#888 = LINE('',#889,#890);
#889 = CARTESIAN_POINT('',(127.,36.5));
#890 = VECTOR('',#891,1.);
#891 = DIRECTION('',(0.,-1.));
#892 = ( GEOMETRIC_REPRESENTATION_CONTEXT(2) 
PARAMETRIC_REPRESENTATION_CONTEXT() REPRESENTATION_CONTEXT('2D SPACE',''
  ) );
#893 = PCURVE('',#894,#899);
#894 = PLANE('',#895);
#895 = AXIS2_PLACEMENT_3D('',#896,#897,#898);
#896 = CARTESIAN_POINT('',(61.,-37.25,6.));
#897 = DIRECTION('',(1.,0.,0.));
#898 = DIRECTION('',(0.,0.,1.));
#899 = DEFINITIONAL_REPRESENTATION('',(#900),#904);
#900 = LINE('',#901,#902);
#901 = CARTESIAN_POINT('',(0.,-25.75));
#902 = VECTOR('',#903,1.);
#903 = DIRECTION('',(0.,1.));
#904 = ( GEOMETRIC_REPRESENTATION_CONTEXT(2) 
PARAMETRIC_REPRESENTATION_CONTEXT() REPRESENTATION_CONTEXT('2D SPACE',''
  ) );
#905 = ORIENTED_EDGE('',*,*,#906,.F.);
#906 = EDGE_CURVE('',#821,#879,#907,.T.);
#907 = SURFACE_CURVE('',#908,(#912,#919),.PCURVE_S1.);
#908 = LINE('',#909,#910);
#909 = CARTESIAN_POINT('',(9.,-37.25,6.));
#910 = VECTOR('',#911,1.);
#911 = DIRECTION('',(1.,0.,0.));
#912 = PCURVE('',#66,#913);
#913 = DEFINITIONAL_REPRESENTATION('',(#914),#918);
#914 = LINE('',#915,#916);
#915 = CARTESIAN_POINT('',(75.,10.75));
#916 = VECTOR('',#917,1.);
#917 = DIRECTION('',(1.,0.));
#918 = ( GEOMETRIC_REPRESENTATION_CONTEXT(2) 
PARAMETRIC_REPRESENTATION_CONTEXT() REPRESENTATION_CONTEXT('2D SPACE',''
  ) );
#919 = PCURVE('',#920,#925);
#920 = PLANE('',#921);
#921 = AXIS2_PLACEMENT_3D('',#922,#923,#924);
#922 = CARTESIAN_POINT('',(9.,-37.25,6.));
#923 = DIRECTION('',(0.,1.,0.));
#924 = DIRECTION('',(0.,0.,1.));
#925 = DEFINITIONAL_REPRESENTATION('',(#926),#930);
#926 = LINE('',#927,#928);
#927 = CARTESIAN_POINT('',(0.,0.));
#928 = VECTOR('',#929,1.);
#929 = DIRECTION('',(0.,1.));
#930 = ( GEOMETRIC_REPRESENTATION_CONTEXT(2) 
PARAMETRIC_REPRESENTATION_CONTEXT() REPRESENTATION_CONTEXT('2D SPACE',''
  ) );
#931 = FACE_BOUND('',#932,.T.);
#932 = EDGE_LOOP('',(#933,#961,#987,#1013,#1039,#1065));
#933 = ORIENTED_EDGE('',*,*,#934,.F.);
#934 = EDGE_CURVE('',#935,#937,#939,.T.);
#935 = VERTEX_POINT('',#936);
#936 = CARTESIAN_POINT('',(-52.70488723454,2.66044443119,6.));
#937 = VERTEX_POINT('',#938);
#938 = CARTESIAN_POINT('',(-52.46,8.881784197001E-16,6.));
#939 = SURFACE_CURVE('',#940,(#944,#950),.PCURVE_S1.);
#940 = LINE('',#941,#942);
#941 = CARTESIAN_POINT('',(-50.43351102265,-22.01568948499,6.));
#942 = VECTOR('',#943,1.);
#943 = DIRECTION('',(9.166000421026E-02,-0.995790361285,0.));
#944 = PCURVE('',#66,#945);
#945 = DEFINITIONAL_REPRESENTATION('',(#946),#949);
#946 = B_SPLINE_CURVE_WITH_KNOTS('',1,(#947,#948),.UNSPECIFIED.,.F.,.F.,
  (2,2),(-24.78045066066,-22.1087593744),.PIECEWISE_BEZIER_KNOTS.);
#947 = CARTESIAN_POINT('',(13.295112765453,50.66044443119));
#948 = CARTESIAN_POINT('',(13.54,48.));
#949 = ( GEOMETRIC_REPRESENTATION_CONTEXT(2) 
PARAMETRIC_REPRESENTATION_CONTEXT() REPRESENTATION_CONTEXT('2D SPACE',''
  ) );
#950 = PCURVE('',#951,#956);
#951 = PLANE('',#952);
#952 = AXIS2_PLACEMENT_3D('',#953,#954,#955);
#953 = CARTESIAN_POINT('',(-52.46,2.349231551965,5.144949641686));
#954 = DIRECTION('',(-0.96564045815,-8.888478127602E-02,-0.244208929489)
  );
#955 = DIRECTION('',(-0.259881714602,0.330268487897,0.907405212855));
#956 = DEFINITIONAL_REPRESENTATION('',(#957),#960);
#957 = B_SPLINE_CURVE_WITH_KNOTS('',1,(#958,#959),.UNSPECIFIED.,.F.,.F.,
  (2,2),(-24.78045066066,-22.1087593744),.PIECEWISE_BEZIER_KNOTS.);
#958 = CARTESIAN_POINT('',(0.942302673822,0.));
#959 = CARTESIAN_POINT('',(-8.881784197001E-16,-2.5));
#960 = ( GEOMETRIC_REPRESENTATION_CONTEXT(2) 
PARAMETRIC_REPRESENTATION_CONTEXT() REPRESENTATION_CONTEXT('2D SPACE',''
  ) );
#961 = ORIENTED_EDGE('',*,*,#962,.F.);
#962 = EDGE_CURVE('',#963,#935,#965,.T.);
#963 = VERTEX_POINT('',#964);
#964 = CARTESIAN_POINT('',(52.704887234547,2.66044443119,6.));
#965 = SURFACE_CURVE('',#966,(#970,#976),.PCURVE_S1.);
#966 = LINE('',#967,#968);
#967 = CARTESIAN_POINT('',(-33.,2.66044443119,6.));
#968 = VECTOR('',#969,1.);
#969 = DIRECTION('',(-1.,0.,0.));
#970 = PCURVE('',#66,#971);
#971 = DEFINITIONAL_REPRESENTATION('',(#972),#975);
#972 = B_SPLINE_CURVE_WITH_KNOTS('',1,(#973,#974),.UNSPECIFIED.,.F.,.F.,
  (2,2),(-88.52936035156,22.529360351563),.PIECEWISE_BEZIER_KNOTS.);
#973 = CARTESIAN_POINT('',(121.52936035156,50.66044443119));
#974 = CARTESIAN_POINT('',(10.470639648437,50.66044443119));
#975 = ( GEOMETRIC_REPRESENTATION_CONTEXT(2) 
PARAMETRIC_REPRESENTATION_CONTEXT() REPRESENTATION_CONTEXT('2D SPACE',''
  ) );
#976 = PCURVE('',#977,#982);
#977 = PLANE('',#978);
#978 = AXIS2_PLACEMENT_3D('',#979,#980,#981);
#979 = CARTESIAN_POINT('',(-1.155288936034E-15,19.128529565335,
    51.245692047719));
#980 = DIRECTION('',(0.,0.939692620786,-0.342020143326));
#981 = DIRECTION('',(0.,0.342020143326,0.939692620786));
#982 = DEFINITIONAL_REPRESENTATION('',(#983),#986);
#983 = B_SPLINE_CURVE_WITH_KNOTS('',1,(#984,#985),.UNSPECIFIED.,.F.,.F.,
  (2,2),(-88.52936035156,22.529360351563),.PIECEWISE_BEZIER_KNOTS.);
#984 = CARTESIAN_POINT('',(-48.14945977747,55.529360351563));
#985 = CARTESIAN_POINT('',(-48.14945977747,-55.52936035156));
#986 = ( GEOMETRIC_REPRESENTATION_CONTEXT(2) 
PARAMETRIC_REPRESENTATION_CONTEXT() REPRESENTATION_CONTEXT('2D SPACE',''
  ) );
#987 = ORIENTED_EDGE('',*,*,#988,.F.);
#988 = EDGE_CURVE('',#989,#963,#991,.T.);
#989 = VERTEX_POINT('',#990);
#990 = CARTESIAN_POINT('',(52.46,8.881784197001E-16,6.));
#991 = SURFACE_CURVE('',#992,(#996,#1002),.PCURVE_S1.);
#992 = LINE('',#993,#994);
#993 = CARTESIAN_POINT('',(50.003261190254,-26.68990524295,6.));
#994 = VECTOR('',#995,1.);
#995 = DIRECTION('',(9.166000421026E-02,0.995790361285,-0.));
#996 = PCURVE('',#66,#997);
#997 = DEFINITIONAL_REPRESENTATION('',(#998),#1001);
#998 = B_SPLINE_CURVE_WITH_KNOTS('',1,(#999,#1000),.UNSPECIFIED.,.F.,.F.
  ,(2,2),(26.802735074186,29.474426360448),.PIECEWISE_BEZIER_KNOTS.);
#999 = CARTESIAN_POINT('',(118.46,48.));
#1000 = CARTESIAN_POINT('',(118.70488723454,50.66044443119));
#1001 = ( GEOMETRIC_REPRESENTATION_CONTEXT(2) 
PARAMETRIC_REPRESENTATION_CONTEXT() REPRESENTATION_CONTEXT('2D SPACE',''
  ) );
#1002 = PCURVE('',#1003,#1008);
#1003 = PLANE('',#1004);
#1004 = AXIS2_PLACEMENT_3D('',#1005,#1006,#1007);
#1005 = CARTESIAN_POINT('',(54.457690429688,4.887979607054,
    12.120102596727));
#1006 = DIRECTION('',(0.96564045815,-8.888478127602E-02,-0.244208929489)
  );
#1007 = DIRECTION('',(-0.259881714602,-0.330268487897,-0.907405212855));
#1008 = DEFINITIONAL_REPRESENTATION('',(#1009),#1012);
#1009 = B_SPLINE_CURVE_WITH_KNOTS('',1,(#1010,#1011),.UNSPECIFIED.,.F.,
  .F.,(2,2),(26.802735074186,29.474426360448),.PIECEWISE_BEZIER_KNOTS.);
#1010 = CARTESIAN_POINT('',(7.686921847288,-2.5));
#1011 = CARTESIAN_POINT('',(6.744619173465,0.));
#1012 = ( GEOMETRIC_REPRESENTATION_CONTEXT(2) 
PARAMETRIC_REPRESENTATION_CONTEXT() REPRESENTATION_CONTEXT('2D SPACE',''
  ) );
#1013 = ORIENTED_EDGE('',*,*,#1014,.F.);
#1014 = EDGE_CURVE('',#1015,#989,#1017,.T.);
#1015 = VERTEX_POINT('',#1016);
#1016 = CARTESIAN_POINT('',(44.788352392569,-2.66044443119,6.));
#1017 = SURFACE_CURVE('',#1018,(#1022,#1028),.PCURVE_S1.);
#1018 = LINE('',#1019,#1020);
#1019 = CARTESIAN_POINT('',(-7.477364727811,-20.78562994158,6.));
#1020 = VECTOR('',#1021,1.);
#1021 = DIRECTION('',(0.944800369118,0.327646551201,-0.));
#1022 = PCURVE('',#66,#1023);
#1023 = DEFINITIONAL_REPRESENTATION('',(#1024),#1027);
#1024 = B_SPLINE_CURVE_WITH_KNOTS('',1,(#1025,#1026),.UNSPECIFIED.,.F.,
  .F.,(2,2),(55.319323349928,63.439184283715),.PIECEWISE_BEZIER_KNOTS.);
#1025 = CARTESIAN_POINT('',(110.78835239256,45.33955556881));
#1026 = CARTESIAN_POINT('',(118.46,48.));
#1027 = ( GEOMETRIC_REPRESENTATION_CONTEXT(2) 
PARAMETRIC_REPRESENTATION_CONTEXT() REPRESENTATION_CONTEXT('2D SPACE',''
  ) );
#1028 = PCURVE('',#1029,#1034);
#1029 = PLANE('',#1030);
#1030 = AXIS2_PLACEMENT_3D('',#1031,#1032,#1033);
#1031 = CARTESIAN_POINT('',(52.46,2.349231551965,5.144949641686));
#1032 = DIRECTION('',(0.11778328903,-0.339639451546,-0.933151723879));
#1033 = DIRECTION('',(-0.9930393229,-4.028425739524E-02,-0.110680087553)
  );
#1034 = DEFINITIONAL_REPRESENTATION('',(#1035),#1038);
#1035 = B_SPLINE_CURVE_WITH_KNOTS('',1,(#1036,#1037),.UNSPECIFIED.,.F.,
  .F.,(2,2),(55.319323349928,63.439184283715),.PIECEWISE_BEZIER_KNOTS.);
#1036 = CARTESIAN_POINT('',(7.725421773861,-5.));
#1037 = CARTESIAN_POINT('',(0.,-2.5));
#1038 = ( GEOMETRIC_REPRESENTATION_CONTEXT(2) 
PARAMETRIC_REPRESENTATION_CONTEXT() REPRESENTATION_CONTEXT('2D SPACE',''
  ) );
#1039 = ORIENTED_EDGE('',*,*,#1040,.T.);
#1040 = EDGE_CURVE('',#1015,#1041,#1043,.T.);
#1041 = VERTEX_POINT('',#1042);
#1042 = CARTESIAN_POINT('',(-44.78835239256,-2.66044443119,6.));
#1043 = SURFACE_CURVE('',#1044,(#1048,#1054),.PCURVE_S1.);
#1044 = LINE('',#1045,#1046);
#1045 = CARTESIAN_POINT('',(-33.,-2.66044443119,6.));
#1046 = VECTOR('',#1047,1.);
#1047 = DIRECTION('',(-1.,0.,0.));
#1048 = PCURVE('',#66,#1049);
#1049 = DEFINITIONAL_REPRESENTATION('',(#1050),#1053);
#1050 = B_SPLINE_CURVE_WITH_KNOTS('',1,(#1051,#1052),.UNSPECIFIED.,.F.,
  .F.,(2,2),(-88.52936035156,22.529360351563),.PIECEWISE_BEZIER_KNOTS.);
#1051 = CARTESIAN_POINT('',(121.52936035156,45.33955556881));
#1052 = CARTESIAN_POINT('',(10.470639648437,45.33955556881));
#1053 = ( GEOMETRIC_REPRESENTATION_CONTEXT(2) 
PARAMETRIC_REPRESENTATION_CONTEXT() REPRESENTATION_CONTEXT('2D SPACE',''
  ) );
#1054 = PCURVE('',#1055,#1060);
#1055 = PLANE('',#1056);
#1056 = AXIS2_PLACEMENT_3D('',#1057,#1058,#1059);
#1057 = CARTESIAN_POINT('',(-1.155288936034E-15,14.430066461405,
    52.955792764347));
#1058 = DIRECTION('',(0.,0.939692620786,-0.342020143326));
#1059 = DIRECTION('',(0.,0.342020143326,0.939692620786));
#1060 = DEFINITIONAL_REPRESENTATION('',(#1061),#1064);
#1061 = B_SPLINE_CURVE_WITH_KNOTS('',1,(#1062,#1063),.UNSPECIFIED.,.F.,
  .F.,(2,2),(-88.52936035156,22.529360351563),.PIECEWISE_BEZIER_KNOTS.);
#1062 = CARTESIAN_POINT('',(-49.9693109488,55.529360351563));
#1063 = CARTESIAN_POINT('',(-49.9693109488,-55.52936035156));
#1064 = ( GEOMETRIC_REPRESENTATION_CONTEXT(2) 
PARAMETRIC_REPRESENTATION_CONTEXT() REPRESENTATION_CONTEXT('2D SPACE',''
  ) );
#1065 = ORIENTED_EDGE('',*,*,#1066,.F.);
#1066 = EDGE_CURVE('',#937,#1041,#1067,.T.);
#1067 = SURFACE_CURVE('',#1068,(#1072,#1078),.PCURVE_S1.);
#1068 = LINE('',#1069,#1070);
#1069 = CARTESIAN_POINT('',(-46.16104327656,-2.18441007652,6.));
#1070 = VECTOR('',#1071,1.);
#1071 = DIRECTION('',(0.944800369118,-0.327646551201,0.));
#1072 = PCURVE('',#66,#1073);
#1073 = DEFINITIONAL_REPRESENTATION('',(#1074),#1077);
#1074 = B_SPLINE_CURVE_WITH_KNOTS('',1,(#1075,#1076),.UNSPECIFIED.,.F.,
  .F.,(2,2),(-6.666971065346,1.452889868441),.PIECEWISE_BEZIER_KNOTS.);
#1075 = CARTESIAN_POINT('',(13.54,48.));
#1076 = CARTESIAN_POINT('',(21.211647607431,45.33955556881));
#1077 = ( GEOMETRIC_REPRESENTATION_CONTEXT(2) 
PARAMETRIC_REPRESENTATION_CONTEXT() REPRESENTATION_CONTEXT('2D SPACE',''
  ) );
#1078 = PCURVE('',#1079,#1084);
#1079 = PLANE('',#1080);
#1080 = AXIS2_PLACEMENT_3D('',#1081,#1082,#1083);
#1081 = CARTESIAN_POINT('',(-40.80222222222,1.876314810576,
    3.845621573439));
#1082 = DIRECTION('',(-0.11778328903,-0.339639451546,-0.933151723879));
#1083 = DIRECTION('',(-0.9930393229,4.028425739524E-02,0.110680087553));
#1084 = DEFINITIONAL_REPRESENTATION('',(#1085),#1088);
#1085 = B_SPLINE_CURVE_WITH_KNOTS('',1,(#1086,#1087),.UNSPECIFIED.,.F.,
  .F.,(2,2),(-6.666971065346,1.452889868441),.PIECEWISE_BEZIER_KNOTS.);
#1086 = CARTESIAN_POINT('',(11.739492595052,-2.5));
#1087 = CARTESIAN_POINT('',(4.014070821191,-5.));
#1088 = ( GEOMETRIC_REPRESENTATION_CONTEXT(2) 
PARAMETRIC_REPRESENTATION_CONTEXT() REPRESENTATION_CONTEXT('2D SPACE',''
  ) );
#1089 = FACE_BOUND('',#1090,.T.);
#1090 = EDGE_LOOP('',(#1091,#1121,#1149,#1177));
#1091 = ORIENTED_EDGE('',*,*,#1092,.F.);
#1092 = EDGE_CURVE('',#1093,#1095,#1097,.T.);
#1093 = VERTEX_POINT('',#1094);
#1094 = CARTESIAN_POINT('',(-23.,15.,6.));
#1095 = VERTEX_POINT('',#1096);
#1096 = CARTESIAN_POINT('',(23.,15.,6.));
#1097 = SURFACE_CURVE('',#1098,(#1102,#1109),.PCURVE_S1.);
#1098 = LINE('',#1099,#1100);
#1099 = CARTESIAN_POINT('',(-23.,15.,6.));
#1100 = VECTOR('',#1101,1.);
#1101 = DIRECTION('',(1.,0.,0.));
#1102 = PCURVE('',#66,#1103);
#1103 = DEFINITIONAL_REPRESENTATION('',(#1104),#1108);
#1104 = LINE('',#1105,#1106);
#1105 = CARTESIAN_POINT('',(43.,63.));
#1106 = VECTOR('',#1107,1.);
#1107 = DIRECTION('',(1.,0.));
#1108 = ( GEOMETRIC_REPRESENTATION_CONTEXT(2) 
PARAMETRIC_REPRESENTATION_CONTEXT() REPRESENTATION_CONTEXT('2D SPACE',''
  ) );
#1109 = PCURVE('',#1110,#1115);
#1110 = PLANE('',#1111);
#1111 = AXIS2_PLACEMENT_3D('',#1112,#1113,#1114);
#1112 = CARTESIAN_POINT('',(-23.,30.,88.));
#1113 = DIRECTION('',(0.,0.983677406707,-0.179940989032));
#1114 = DIRECTION('',(0.,-0.179940989032,-0.983677406707));
#1115 = DEFINITIONAL_REPRESENTATION('',(#1116),#1120);
#1116 = LINE('',#1117,#1118);
#1117 = CARTESIAN_POINT('',(83.36066218547,0.));
#1118 = VECTOR('',#1119,1.);
#1119 = DIRECTION('',(0.,-1.));
#1120 = ( GEOMETRIC_REPRESENTATION_CONTEXT(2) 
PARAMETRIC_REPRESENTATION_CONTEXT() REPRESENTATION_CONTEXT('2D SPACE',''
  ) );
#1121 = ORIENTED_EDGE('',*,*,#1122,.T.);
#1122 = EDGE_CURVE('',#1093,#1123,#1125,.T.);
#1123 = VERTEX_POINT('',#1124);
#1124 = CARTESIAN_POINT('',(-23.,43.,6.));
#1125 = SURFACE_CURVE('',#1126,(#1130,#1137),.PCURVE_S1.);
#1126 = LINE('',#1127,#1128);
#1127 = CARTESIAN_POINT('',(-23.,15.,6.));
#1128 = VECTOR('',#1129,1.);
#1129 = DIRECTION('',(0.,1.,0.));
#1130 = PCURVE('',#66,#1131);
#1131 = DEFINITIONAL_REPRESENTATION('',(#1132),#1136);
#1132 = LINE('',#1133,#1134);
#1133 = CARTESIAN_POINT('',(43.,63.));
#1134 = VECTOR('',#1135,1.);
#1135 = DIRECTION('',(0.,1.));
#1136 = ( GEOMETRIC_REPRESENTATION_CONTEXT(2) 
PARAMETRIC_REPRESENTATION_CONTEXT() REPRESENTATION_CONTEXT('2D SPACE',''
  ) );
#1137 = PCURVE('',#1138,#1143);
#1138 = PLANE('',#1139);
#1139 = AXIS2_PLACEMENT_3D('',#1140,#1141,#1142);
#1140 = CARTESIAN_POINT('',(-23.,29.585385336115,41.110189335382));
#1141 = DIRECTION('',(1.,0.,0.));
#1142 = DIRECTION('',(-0.,0.,1.));
#1143 = DEFINITIONAL_REPRESENTATION('',(#1144),#1148);
#1144 = LINE('',#1145,#1146);
#1145 = CARTESIAN_POINT('',(-35.11018933538,14.585385336115));
#1146 = VECTOR('',#1147,1.);
#1147 = DIRECTION('',(0.,-1.));
#1148 = ( GEOMETRIC_REPRESENTATION_CONTEXT(2) 
PARAMETRIC_REPRESENTATION_CONTEXT() REPRESENTATION_CONTEXT('2D SPACE',''
  ) );
#1149 = ORIENTED_EDGE('',*,*,#1150,.T.);
#1150 = EDGE_CURVE('',#1123,#1151,#1153,.T.);
#1151 = VERTEX_POINT('',#1152);
#1152 = CARTESIAN_POINT('',(23.,43.,6.));
#1153 = SURFACE_CURVE('',#1154,(#1158,#1165),.PCURVE_S1.);
#1154 = LINE('',#1155,#1156);
#1155 = CARTESIAN_POINT('',(-23.,43.,6.));
#1156 = VECTOR('',#1157,1.);
#1157 = DIRECTION('',(1.,0.,0.));
#1158 = PCURVE('',#66,#1159);
#1159 = DEFINITIONAL_REPRESENTATION('',(#1160),#1164);
#1160 = LINE('',#1161,#1162);
#1161 = CARTESIAN_POINT('',(43.,91.));
#1162 = VECTOR('',#1163,1.);
#1163 = DIRECTION('',(1.,0.));
#1164 = ( GEOMETRIC_REPRESENTATION_CONTEXT(2) 
PARAMETRIC_REPRESENTATION_CONTEXT() REPRESENTATION_CONTEXT('2D SPACE',''
  ) );
#1165 = PCURVE('',#1166,#1171);
#1166 = PLANE('',#1167);
#1167 = AXIS2_PLACEMENT_3D('',#1168,#1169,#1170);
#1168 = CARTESIAN_POINT('',(-23.,43.,6.));
#1169 = DIRECTION('',(0.,-1.,0.));
#1170 = DIRECTION('',(0.,0.,1.));
#1171 = DEFINITIONAL_REPRESENTATION('',(#1172),#1176);
#1172 = LINE('',#1173,#1174);
#1173 = CARTESIAN_POINT('',(0.,0.));
#1174 = VECTOR('',#1175,1.);
#1175 = DIRECTION('',(0.,-1.));
#1176 = ( GEOMETRIC_REPRESENTATION_CONTEXT(2) 
PARAMETRIC_REPRESENTATION_CONTEXT() REPRESENTATION_CONTEXT('2D SPACE',''
  ) );
#1177 = ORIENTED_EDGE('',*,*,#1178,.F.);
#1178 = EDGE_CURVE('',#1095,#1151,#1179,.T.);
#1179 = SURFACE_CURVE('',#1180,(#1184,#1191),.PCURVE_S1.);
#1180 = LINE('',#1181,#1182);
#1181 = CARTESIAN_POINT('',(23.,15.,6.));
#1182 = VECTOR('',#1183,1.);
#1183 = DIRECTION('',(0.,1.,0.));
#1184 = PCURVE('',#66,#1185);
#1185 = DEFINITIONAL_REPRESENTATION('',(#1186),#1190);
#1186 = LINE('',#1187,#1188);
#1187 = CARTESIAN_POINT('',(89.,63.));
#1188 = VECTOR('',#1189,1.);
#1189 = DIRECTION('',(0.,1.));
#1190 = ( GEOMETRIC_REPRESENTATION_CONTEXT(2) 
PARAMETRIC_REPRESENTATION_CONTEXT() REPRESENTATION_CONTEXT('2D SPACE',''
  ) );
#1191 = PCURVE('',#1192,#1197);
#1192 = PLANE('',#1193);
#1193 = AXIS2_PLACEMENT_3D('',#1194,#1195,#1196);
#1194 = CARTESIAN_POINT('',(23.,29.585385336115,41.110189335382));
#1195 = DIRECTION('',(1.,0.,0.));
#1196 = DIRECTION('',(-0.,0.,1.));
#1197 = DEFINITIONAL_REPRESENTATION('',(#1198),#1202);
#1198 = LINE('',#1199,#1200);
#1199 = CARTESIAN_POINT('',(-35.11018933538,14.585385336115));
#1200 = VECTOR('',#1201,1.);
#1201 = DIRECTION('',(0.,-1.));
#1202 = ( GEOMETRIC_REPRESENTATION_CONTEXT(2) 
PARAMETRIC_REPRESENTATION_CONTEXT() REPRESENTATION_CONTEXT('2D SPACE',''
  ) );
#1203 = ADVANCED_FACE('',(#1204),#1192,.T.);
#1204 = FACE_BOUND('',#1205,.T.);
#1205 = EDGE_LOOP('',(#1206,#1229,#1230,#1253,#1281));
#1206 = ORIENTED_EDGE('',*,*,#1207,.T.);
#1207 = EDGE_CURVE('',#1208,#1095,#1210,.T.);
#1208 = VERTEX_POINT('',#1209);
#1209 = CARTESIAN_POINT('',(23.,27.467925991606,74.157995420782));
#1210 = SURFACE_CURVE('',#1211,(#1215,#1222),.PCURVE_S1.);
#1211 = LINE('',#1212,#1213);
#1212 = CARTESIAN_POINT('',(23.,30.,88.));
#1213 = VECTOR('',#1214,1.);
#1214 = DIRECTION('',(0.,-0.179940989032,-0.983677406707));
#1215 = PCURVE('',#1192,#1216);
#1216 = DEFINITIONAL_REPRESENTATION('',(#1217),#1221);
#1217 = LINE('',#1218,#1219);
#1218 = CARTESIAN_POINT('',(46.889810664618,-0.414614663885));
#1219 = VECTOR('',#1220,1.);
#1220 = DIRECTION('',(-0.983677406707,0.179940989032));
#1221 = ( GEOMETRIC_REPRESENTATION_CONTEXT(2) 
PARAMETRIC_REPRESENTATION_CONTEXT() REPRESENTATION_CONTEXT('2D SPACE',''
  ) );
#1222 = PCURVE('',#1110,#1223);
#1223 = DEFINITIONAL_REPRESENTATION('',(#1224),#1228);
#1224 = LINE('',#1225,#1226);
#1225 = CARTESIAN_POINT('',(0.,-46.));
#1226 = VECTOR('',#1227,1.);
#1227 = DIRECTION('',(1.,0.));
#1228 = ( GEOMETRIC_REPRESENTATION_CONTEXT(2) 
PARAMETRIC_REPRESENTATION_CONTEXT() REPRESENTATION_CONTEXT('2D SPACE',''
  ) );
#1229 = ORIENTED_EDGE('',*,*,#1178,.T.);
#1230 = ORIENTED_EDGE('',*,*,#1231,.T.);
#1231 = EDGE_CURVE('',#1151,#1232,#1234,.T.);
#1232 = VERTEX_POINT('',#1233);
#1233 = CARTESIAN_POINT('',(23.,43.,11.));
#1234 = SURFACE_CURVE('',#1235,(#1239,#1246),.PCURVE_S1.);
#1235 = LINE('',#1236,#1237);
#1236 = CARTESIAN_POINT('',(23.,43.,6.));
#1237 = VECTOR('',#1238,1.);
#1238 = DIRECTION('',(0.,0.,1.));
#1239 = PCURVE('',#1192,#1240);
#1240 = DEFINITIONAL_REPRESENTATION('',(#1241),#1245);
#1241 = LINE('',#1242,#1243);
#1242 = CARTESIAN_POINT('',(-35.11018933538,-13.41461466388));
#1243 = VECTOR('',#1244,1.);
#1244 = DIRECTION('',(1.,0.));
#1245 = ( GEOMETRIC_REPRESENTATION_CONTEXT(2) 
PARAMETRIC_REPRESENTATION_CONTEXT() REPRESENTATION_CONTEXT('2D SPACE',''
  ) );
#1246 = PCURVE('',#1166,#1247);
#1247 = DEFINITIONAL_REPRESENTATION('',(#1248),#1252);
#1248 = LINE('',#1249,#1250);
#1249 = CARTESIAN_POINT('',(0.,-46.));
#1250 = VECTOR('',#1251,1.);
#1251 = DIRECTION('',(1.,0.));
#1252 = ( GEOMETRIC_REPRESENTATION_CONTEXT(2) 
PARAMETRIC_REPRESENTATION_CONTEXT() REPRESENTATION_CONTEXT('2D SPACE',''
  ) );
#1253 = ORIENTED_EDGE('',*,*,#1254,.T.);
#1254 = EDGE_CURVE('',#1232,#1255,#1257,.T.);
#1255 = VERTEX_POINT('',#1256);
#1256 = CARTESIAN_POINT('',(23.,30.794088606653,83.296552099056));
#1257 = SURFACE_CURVE('',#1258,(#1262,#1269),.PCURVE_S1.);
#1258 = LINE('',#1259,#1260);
#1259 = CARTESIAN_POINT('',(23.,43.,11.));
#1260 = VECTOR('',#1261,1.);
#1261 = DIRECTION('',(0.,-0.166475237173,0.986045635561));
#1262 = PCURVE('',#1192,#1263);
#1263 = DEFINITIONAL_REPRESENTATION('',(#1264),#1268);
#1264 = LINE('',#1265,#1266);
#1265 = CARTESIAN_POINT('',(-30.11018933538,-13.41461466388));
#1266 = VECTOR('',#1267,1.);
#1267 = DIRECTION('',(0.986045635561,0.166475237173));
#1268 = ( GEOMETRIC_REPRESENTATION_CONTEXT(2) 
PARAMETRIC_REPRESENTATION_CONTEXT() REPRESENTATION_CONTEXT('2D SPACE',''
  ) );
#1269 = PCURVE('',#1270,#1275);
#1270 = PLANE('',#1271);
#1271 = AXIS2_PLACEMENT_3D('',#1272,#1273,#1274);
#1272 = CARTESIAN_POINT('',(-23.,43.,11.));
#1273 = DIRECTION('',(0.,-0.986045635561,-0.166475237173));
#1274 = DIRECTION('',(0.,-0.166475237173,0.986045635561));
#1275 = DEFINITIONAL_REPRESENTATION('',(#1276),#1280);
#1276 = LINE('',#1277,#1278);
#1277 = CARTESIAN_POINT('',(0.,-46.));
#1278 = VECTOR('',#1279,1.);
#1279 = DIRECTION('',(1.,0.));
#1280 = ( GEOMETRIC_REPRESENTATION_CONTEXT(2) 
PARAMETRIC_REPRESENTATION_CONTEXT() REPRESENTATION_CONTEXT('2D SPACE',''
  ) );
#1281 = ORIENTED_EDGE('',*,*,#1282,.T.);
#1282 = EDGE_CURVE('',#1255,#1208,#1283,.T.);
#1283 = SURFACE_CURVE('',#1284,(#1288,#1294),.PCURVE_S1.);
#1284 = LINE('',#1285,#1286);
#1285 = CARTESIAN_POINT('',(23.,18.111395553745,48.451139318318));
#1286 = VECTOR('',#1287,1.);
#1287 = DIRECTION('',(0.,-0.342020143326,-0.939692620786));
#1288 = PCURVE('',#1192,#1289);
#1289 = DEFINITIONAL_REPRESENTATION('',(#1290),#1293);
#1290 = B_SPLINE_CURVE_WITH_KNOTS('',1,(#1291,#1292),.UNSPECIFIED.,.F.,
  .F.,(2,2),(-42.08701846419,9.097112010688),.PIECEWISE_BEZIER_KNOTS.);
#1291 = CARTESIAN_POINT('',(46.889810664618,-2.920618304903));
#1292 = CARTESIAN_POINT('',(-1.207539043971,14.585385336115));
#1293 = ( GEOMETRIC_REPRESENTATION_CONTEXT(2) 
PARAMETRIC_REPRESENTATION_CONTEXT() REPRESENTATION_CONTEXT('2D SPACE',''
  ) );
#1294 = PCURVE('',#977,#1295);
#1295 = DEFINITIONAL_REPRESENTATION('',(#1296),#1299);
#1296 = B_SPLINE_CURVE_WITH_KNOTS('',1,(#1297,#1298),.UNSPECIFIED.,.F.,
  .F.,(2,2),(-42.08701846419,9.097112010688),.PIECEWISE_BEZIER_KNOTS.);
#1297 = CARTESIAN_POINT('',(39.113117565552,23.));
#1298 = CARTESIAN_POINT('',(-12.07101290932,23.));
#1299 = ( GEOMETRIC_REPRESENTATION_CONTEXT(2) 
PARAMETRIC_REPRESENTATION_CONTEXT() REPRESENTATION_CONTEXT('2D SPACE',''
  ) );
#1300 = ADVANCED_FACE('',(#1301),#1270,.F.);
#1301 = FACE_BOUND('',#1302,.F.);
#1302 = EDGE_LOOP('',(#1303,#1328,#1349,#1350));
#1303 = ORIENTED_EDGE('',*,*,#1304,.F.);
#1304 = EDGE_CURVE('',#1305,#1307,#1309,.T.);
#1305 = VERTEX_POINT('',#1306);
#1306 = CARTESIAN_POINT('',(-23.,43.,11.));
#1307 = VERTEX_POINT('',#1308);
#1308 = CARTESIAN_POINT('',(-23.,30.794088606653,83.296552099056));
#1309 = SURFACE_CURVE('',#1310,(#1314,#1321),.PCURVE_S1.);
#1310 = LINE('',#1311,#1312);
#1311 = CARTESIAN_POINT('',(-23.,43.,11.));
#1312 = VECTOR('',#1313,1.);
#1313 = DIRECTION('',(0.,-0.166475237173,0.986045635561));
#1314 = PCURVE('',#1270,#1315);
#1315 = DEFINITIONAL_REPRESENTATION('',(#1316),#1320);
#1316 = LINE('',#1317,#1318);
#1317 = CARTESIAN_POINT('',(0.,0.));
#1318 = VECTOR('',#1319,1.);
#1319 = DIRECTION('',(1.,0.));
#1320 = ( GEOMETRIC_REPRESENTATION_CONTEXT(2) 
PARAMETRIC_REPRESENTATION_CONTEXT() REPRESENTATION_CONTEXT('2D SPACE',''
  ) );
#1321 = PCURVE('',#1138,#1322);
#1322 = DEFINITIONAL_REPRESENTATION('',(#1323),#1327);
#1323 = LINE('',#1324,#1325);
#1324 = CARTESIAN_POINT('',(-30.11018933538,-13.41461466388));
#1325 = VECTOR('',#1326,1.);
#1326 = DIRECTION('',(0.986045635561,0.166475237173));
#1327 = ( GEOMETRIC_REPRESENTATION_CONTEXT(2) 
PARAMETRIC_REPRESENTATION_CONTEXT() REPRESENTATION_CONTEXT('2D SPACE',''
  ) );
#1328 = ORIENTED_EDGE('',*,*,#1329,.T.);
#1329 = EDGE_CURVE('',#1305,#1232,#1330,.T.);
#1330 = SURFACE_CURVE('',#1331,(#1335,#1342),.PCURVE_S1.);
#1331 = LINE('',#1332,#1333);
#1332 = CARTESIAN_POINT('',(-23.,43.,11.));
#1333 = VECTOR('',#1334,1.);
#1334 = DIRECTION('',(1.,0.,0.));
#1335 = PCURVE('',#1270,#1336);
#1336 = DEFINITIONAL_REPRESENTATION('',(#1337),#1341);
#1337 = LINE('',#1338,#1339);
#1338 = CARTESIAN_POINT('',(0.,0.));
#1339 = VECTOR('',#1340,1.);
#1340 = DIRECTION('',(0.,-1.));
#1341 = ( GEOMETRIC_REPRESENTATION_CONTEXT(2) 
PARAMETRIC_REPRESENTATION_CONTEXT() REPRESENTATION_CONTEXT('2D SPACE',''
  ) );
#1342 = PCURVE('',#1166,#1343);
#1343 = DEFINITIONAL_REPRESENTATION('',(#1344),#1348);
#1344 = LINE('',#1345,#1346);
#1345 = CARTESIAN_POINT('',(5.,0.));
#1346 = VECTOR('',#1347,1.);
#1347 = DIRECTION('',(0.,-1.));
#1348 = ( GEOMETRIC_REPRESENTATION_CONTEXT(2) 
PARAMETRIC_REPRESENTATION_CONTEXT() REPRESENTATION_CONTEXT('2D SPACE',''
  ) );
#1349 = ORIENTED_EDGE('',*,*,#1254,.T.);
#1350 = ORIENTED_EDGE('',*,*,#1351,.T.);
#1351 = EDGE_CURVE('',#1255,#1307,#1352,.T.);
#1352 = SURFACE_CURVE('',#1353,(#1357,#1363),.PCURVE_S1.);
#1353 = LINE('',#1354,#1355);
#1354 = CARTESIAN_POINT('',(-11.5,30.794088606653,83.296552099056));
#1355 = VECTOR('',#1356,1.);
#1356 = DIRECTION('',(-1.,0.,-0.));
#1357 = PCURVE('',#1270,#1358);
#1358 = DEFINITIONAL_REPRESENTATION('',(#1359),#1362);
#1359 = B_SPLINE_CURVE_WITH_KNOTS('',1,(#1360,#1361),.UNSPECIFIED.,.F.,
  .F.,(2,2),(-34.5,11.5),.PIECEWISE_BEZIER_KNOTS.);
#1360 = CARTESIAN_POINT('',(73.319681657477,-46.));
#1361 = CARTESIAN_POINT('',(73.319681657477,0.));
#1362 = ( GEOMETRIC_REPRESENTATION_CONTEXT(2) 
PARAMETRIC_REPRESENTATION_CONTEXT() REPRESENTATION_CONTEXT('2D SPACE',''
  ) );
#1363 = PCURVE('',#977,#1364);
#1364 = DEFINITIONAL_REPRESENTATION('',(#1365),#1368);
#1365 = B_SPLINE_CURVE_WITH_KNOTS('',1,(#1366,#1367),.UNSPECIFIED.,.F.,
  .F.,(2,2),(-34.5,11.5),.PIECEWISE_BEZIER_KNOTS.);
#1366 = CARTESIAN_POINT('',(34.107812855369,23.));
#1367 = CARTESIAN_POINT('',(34.107812855369,-23.));
#1368 = ( GEOMETRIC_REPRESENTATION_CONTEXT(2) 
PARAMETRIC_REPRESENTATION_CONTEXT() REPRESENTATION_CONTEXT('2D SPACE',''
  ) );
#1369 = ADVANCED_FACE('',(#1370),#1166,.F.);
#1370 = FACE_BOUND('',#1371,.F.);
#1371 = EDGE_LOOP('',(#1372,#1373,#1374,#1375));
#1372 = ORIENTED_EDGE('',*,*,#1150,.T.);
#1373 = ORIENTED_EDGE('',*,*,#1231,.T.);
#1374 = ORIENTED_EDGE('',*,*,#1329,.F.);
#1375 = ORIENTED_EDGE('',*,*,#1376,.F.);
#1376 = EDGE_CURVE('',#1123,#1305,#1377,.T.);
#1377 = SURFACE_CURVE('',#1378,(#1382,#1389),.PCURVE_S1.);
#1378 = LINE('',#1379,#1380);
#1379 = CARTESIAN_POINT('',(-23.,43.,6.));
#1380 = VECTOR('',#1381,1.);
#1381 = DIRECTION('',(0.,0.,1.));
#1382 = PCURVE('',#1166,#1383);
#1383 = DEFINITIONAL_REPRESENTATION('',(#1384),#1388);
#1384 = LINE('',#1385,#1386);
#1385 = CARTESIAN_POINT('',(0.,0.));
#1386 = VECTOR('',#1387,1.);
#1387 = DIRECTION('',(1.,0.));
#1388 = ( GEOMETRIC_REPRESENTATION_CONTEXT(2) 
PARAMETRIC_REPRESENTATION_CONTEXT() REPRESENTATION_CONTEXT('2D SPACE',''
  ) );
#1389 = PCURVE('',#1138,#1390);
#1390 = DEFINITIONAL_REPRESENTATION('',(#1391),#1395);
#1391 = LINE('',#1392,#1393);
#1392 = CARTESIAN_POINT('',(-35.11018933538,-13.41461466388));
#1393 = VECTOR('',#1394,1.);
#1394 = DIRECTION('',(1.,0.));
#1395 = ( GEOMETRIC_REPRESENTATION_CONTEXT(2) 
PARAMETRIC_REPRESENTATION_CONTEXT() REPRESENTATION_CONTEXT('2D SPACE',''
  ) );
#1396 = ADVANCED_FACE('',(#1397),#1138,.F.);
#1397 = FACE_BOUND('',#1398,.F.);
#1398 = EDGE_LOOP('',(#1399,#1422,#1423,#1424,#1425));
#1399 = ORIENTED_EDGE('',*,*,#1400,.T.);
#1400 = EDGE_CURVE('',#1401,#1093,#1403,.T.);
#1401 = VERTEX_POINT('',#1402);
#1402 = CARTESIAN_POINT('',(-23.,27.467925991606,74.157995420782));
#1403 = SURFACE_CURVE('',#1404,(#1408,#1415),.PCURVE_S1.);
#1404 = LINE('',#1405,#1406);
#1405 = CARTESIAN_POINT('',(-23.,30.,88.));
#1406 = VECTOR('',#1407,1.);
#1407 = DIRECTION('',(0.,-0.179940989032,-0.983677406707));
#1408 = PCURVE('',#1138,#1409);
#1409 = DEFINITIONAL_REPRESENTATION('',(#1410),#1414);
#1410 = LINE('',#1411,#1412);
#1411 = CARTESIAN_POINT('',(46.889810664618,-0.414614663885));
#1412 = VECTOR('',#1413,1.);
#1413 = DIRECTION('',(-0.983677406707,0.179940989032));
#1414 = ( GEOMETRIC_REPRESENTATION_CONTEXT(2) 
PARAMETRIC_REPRESENTATION_CONTEXT() REPRESENTATION_CONTEXT('2D SPACE',''
  ) );
#1415 = PCURVE('',#1110,#1416);
#1416 = DEFINITIONAL_REPRESENTATION('',(#1417),#1421);
#1417 = LINE('',#1418,#1419);
#1418 = CARTESIAN_POINT('',(0.,0.));
#1419 = VECTOR('',#1420,1.);
#1420 = DIRECTION('',(1.,0.));
#1421 = ( GEOMETRIC_REPRESENTATION_CONTEXT(2) 
PARAMETRIC_REPRESENTATION_CONTEXT() REPRESENTATION_CONTEXT('2D SPACE',''
  ) );
#1422 = ORIENTED_EDGE('',*,*,#1122,.T.);
#1423 = ORIENTED_EDGE('',*,*,#1376,.T.);
#1424 = ORIENTED_EDGE('',*,*,#1304,.T.);
#1425 = ORIENTED_EDGE('',*,*,#1426,.T.);
#1426 = EDGE_CURVE('',#1307,#1401,#1427,.T.);
#1427 = SURFACE_CURVE('',#1428,(#1432,#1438),.PCURVE_S1.);
#1428 = LINE('',#1429,#1430);
#1429 = CARTESIAN_POINT('',(-23.,18.111395553745,48.451139318318));
#1430 = VECTOR('',#1431,1.);
#1431 = DIRECTION('',(0.,-0.342020143326,-0.939692620786));
#1432 = PCURVE('',#1138,#1433);
#1433 = DEFINITIONAL_REPRESENTATION('',(#1434),#1437);
#1434 = B_SPLINE_CURVE_WITH_KNOTS('',1,(#1435,#1436),.UNSPECIFIED.,.F.,
  .F.,(2,2),(-42.08701846419,9.097112010688),.PIECEWISE_BEZIER_KNOTS.);
#1435 = CARTESIAN_POINT('',(46.889810664618,-2.920618304903));
#1436 = CARTESIAN_POINT('',(-1.207539043971,14.585385336115));
#1437 = ( GEOMETRIC_REPRESENTATION_CONTEXT(2) 
PARAMETRIC_REPRESENTATION_CONTEXT() REPRESENTATION_CONTEXT('2D SPACE',''
  ) );
#1438 = PCURVE('',#977,#1439);
#1439 = DEFINITIONAL_REPRESENTATION('',(#1440),#1443);
#1440 = B_SPLINE_CURVE_WITH_KNOTS('',1,(#1441,#1442),.UNSPECIFIED.,.F.,
  .F.,(2,2),(-42.08701846419,9.097112010688),.PIECEWISE_BEZIER_KNOTS.);
#1441 = CARTESIAN_POINT('',(39.113117565552,-23.));
#1442 = CARTESIAN_POINT('',(-12.07101290932,-23.));
#1443 = ( GEOMETRIC_REPRESENTATION_CONTEXT(2) 
PARAMETRIC_REPRESENTATION_CONTEXT() REPRESENTATION_CONTEXT('2D SPACE',''
  ) );
#1444 = ADVANCED_FACE('',(#1445),#1110,.F.);
#1445 = FACE_BOUND('',#1446,.F.);
#1446 = EDGE_LOOP('',(#1447,#1448,#1467,#1468));
#1447 = ORIENTED_EDGE('',*,*,#1400,.F.);
#1448 = ORIENTED_EDGE('',*,*,#1449,.T.);
#1449 = EDGE_CURVE('',#1401,#1208,#1450,.T.);
#1450 = SURFACE_CURVE('',#1451,(#1455,#1461),.PCURVE_S1.);
#1451 = LINE('',#1452,#1453);
#1452 = CARTESIAN_POINT('',(-11.5,27.467925991606,74.157995420782));
#1453 = VECTOR('',#1454,1.);
#1454 = DIRECTION('',(1.,0.,0.));
#1455 = PCURVE('',#1110,#1456);
#1456 = DEFINITIONAL_REPRESENTATION('',(#1457),#1460);
#1457 = B_SPLINE_CURVE_WITH_KNOTS('',1,(#1458,#1459),.UNSPECIFIED.,.F.,
  .F.,(2,2),(-11.5,34.5),.PIECEWISE_BEZIER_KNOTS.);
#1458 = CARTESIAN_POINT('',(14.071691069487,0.));
#1459 = CARTESIAN_POINT('',(14.071691069487,-46.));
#1460 = ( GEOMETRIC_REPRESENTATION_CONTEXT(2) 
PARAMETRIC_REPRESENTATION_CONTEXT() REPRESENTATION_CONTEXT('2D SPACE',''
  ) );
#1461 = PCURVE('',#977,#1462);
#1462 = DEFINITIONAL_REPRESENTATION('',(#1463),#1466);
#1463 = B_SPLINE_CURVE_WITH_KNOTS('',1,(#1464,#1465),.UNSPECIFIED.,.F.,
  .F.,(2,2),(-11.5,34.5),.PIECEWISE_BEZIER_KNOTS.);
#1464 = CARTESIAN_POINT('',(24.382763965838,-23.));
#1465 = CARTESIAN_POINT('',(24.382763965838,23.));
#1466 = ( GEOMETRIC_REPRESENTATION_CONTEXT(2) 
PARAMETRIC_REPRESENTATION_CONTEXT() REPRESENTATION_CONTEXT('2D SPACE',''
  ) );
#1467 = ORIENTED_EDGE('',*,*,#1207,.T.);
#1468 = ORIENTED_EDGE('',*,*,#1092,.F.);
#1469 = ADVANCED_FACE('',(#1470),#1079,.T.);
#1470 = FACE_BOUND('',#1471,.T.);
#1471 = EDGE_LOOP('',(#1472,#1473,#1496));
#1472 = ORIENTED_EDGE('',*,*,#1066,.T.);
#1473 = ORIENTED_EDGE('',*,*,#1474,.T.);
#1474 = EDGE_CURVE('',#1041,#1475,#1477,.T.);
#1475 = VERTEX_POINT('',#1476);
#1476 = CARTESIAN_POINT('',(-52.46,-2.349231551965,6.855050358314));
#1477 = SURFACE_CURVE('',#1478,(#1482,#1489),.PCURVE_S1.);
#1478 = LINE('',#1479,#1480);
#1479 = CARTESIAN_POINT('',(-40.80222222222,-2.822148293353,
    5.555722290067));
#1480 = VECTOR('',#1481,1.);
#1481 = DIRECTION('',(-0.9930393229,4.028425739524E-02,0.110680087553));
#1482 = PCURVE('',#1079,#1483);
#1483 = DEFINITIONAL_REPRESENTATION('',(#1484),#1488);
#1484 = LINE('',#1485,#1486);
#1485 = CARTESIAN_POINT('',(2.775557561563E-17,-5.));
#1486 = VECTOR('',#1487,1.);
#1487 = DIRECTION('',(1.,0.));
#1488 = ( GEOMETRIC_REPRESENTATION_CONTEXT(2) 
PARAMETRIC_REPRESENTATION_CONTEXT() REPRESENTATION_CONTEXT('2D SPACE',''
  ) );
#1489 = PCURVE('',#1055,#1490);
#1490 = DEFINITIONAL_REPRESENTATION('',(#1491),#1495);
#1491 = LINE('',#1492,#1493);
#1492 = CARTESIAN_POINT('',(-50.44210141252,-40.80222222222));
#1493 = VECTOR('',#1494,1.);
#1494 = DIRECTION('',(0.11778328903,-0.9930393229));
#1495 = ( GEOMETRIC_REPRESENTATION_CONTEXT(2) 
PARAMETRIC_REPRESENTATION_CONTEXT() REPRESENTATION_CONTEXT('2D SPACE',''
  ) );
#1496 = ORIENTED_EDGE('',*,*,#1497,.F.);
#1497 = EDGE_CURVE('',#937,#1475,#1498,.T.);
#1498 = SURFACE_CURVE('',#1499,(#1503,#1510),.PCURVE_S1.);
#1499 = LINE('',#1500,#1501);
#1500 = CARTESIAN_POINT('',(-52.46,2.349231551965,5.144949641686));
#1501 = VECTOR('',#1502,1.);
#1502 = DIRECTION('',(0.,-0.939692620786,0.342020143326));
#1503 = PCURVE('',#1079,#1504);
#1504 = DEFINITIONAL_REPRESENTATION('',(#1505),#1509);
#1505 = LINE('',#1506,#1507);
#1506 = CARTESIAN_POINT('',(11.739492595052,1.110223024625E-16));
#1507 = VECTOR('',#1508,1.);
#1508 = DIRECTION('',(0.,-1.));
#1509 = ( GEOMETRIC_REPRESENTATION_CONTEXT(2) 
PARAMETRIC_REPRESENTATION_CONTEXT() REPRESENTATION_CONTEXT('2D SPACE',''
  ) );
#1510 = PCURVE('',#951,#1511);
#1511 = DEFINITIONAL_REPRESENTATION('',(#1512),#1516);
#1512 = LINE('',#1513,#1514);
#1513 = CARTESIAN_POINT('',(0.,0.));
#1514 = VECTOR('',#1515,1.);
#1515 = DIRECTION('',(0.,-1.));
#1516 = ( GEOMETRIC_REPRESENTATION_CONTEXT(2) 
PARAMETRIC_REPRESENTATION_CONTEXT() REPRESENTATION_CONTEXT('2D SPACE',''
  ) );
#1517 = ADVANCED_FACE('',(#1518,#2429,#2464,#2499,#2534),#1055,.F.);
#1518 = FACE_BOUND('',#1519,.F.);
#1519 = EDGE_LOOP('',(#1520,#1521,#1544,#1572,#1600,#1628,#1656,#1684,
    #1712,#1740,#1768,#1796,#1824,#1852,#1880,#1908,#1936,#1964,#1992,
    #2020,#2048,#2076,#2104,#2132,#2160,#2188,#2216,#2244,#2272,#2300,
    #2328,#2356,#2384,#2407,#2428));
#1520 = ORIENTED_EDGE('',*,*,#1474,.T.);
#1521 = ORIENTED_EDGE('',*,*,#1522,.T.);
#1522 = EDGE_CURVE('',#1475,#1523,#1525,.T.);
#1523 = VERTEX_POINT('',#1524);
#1524 = CARTESIAN_POINT('',(-54.45769042968,0.189516503124,
    13.830203313356));
#1525 = SURFACE_CURVE('',#1526,(#1530,#1537),.PCURVE_S1.);
#1526 = LINE('',#1527,#1528);
#1527 = CARTESIAN_POINT('',(-52.46,-2.349231551965,6.855050358314));
#1528 = VECTOR('',#1529,1.);
#1529 = DIRECTION('',(-0.259881714602,0.330268487897,0.907405212855));
#1530 = PCURVE('',#1055,#1531);
#1531 = DEFINITIONAL_REPRESENTATION('',(#1532),#1536);
#1532 = LINE('',#1533,#1534);
#1533 = CARTESIAN_POINT('',(-49.05938536313,-52.46));
#1534 = VECTOR('',#1535,1.);
#1535 = DIRECTION('',(0.96564045815,-0.259881714602));
#1536 = ( GEOMETRIC_REPRESENTATION_CONTEXT(2) 
PARAMETRIC_REPRESENTATION_CONTEXT() REPRESENTATION_CONTEXT('2D SPACE',''
  ) );
#1537 = PCURVE('',#951,#1538);
#1538 = DEFINITIONAL_REPRESENTATION('',(#1539),#1543);
#1539 = LINE('',#1540,#1541);
#1540 = CARTESIAN_POINT('',(-6.661338147751E-16,-5.));
#1541 = VECTOR('',#1542,1.);
#1542 = DIRECTION('',(1.,0.));
#1543 = ( GEOMETRIC_REPRESENTATION_CONTEXT(2) 
PARAMETRIC_REPRESENTATION_CONTEXT() REPRESENTATION_CONTEXT('2D SPACE',''
  ) );
#1544 = ORIENTED_EDGE('',*,*,#1545,.T.);
#1545 = EDGE_CURVE('',#1523,#1546,#1548,.T.);
#1546 = VERTEX_POINT('',#1547);
#1547 = CARTESIAN_POINT('',(-55.4599609375,2.93153274066,21.363831009763
    ));
#1548 = SURFACE_CURVE('',#1549,(#1553,#1560),.PCURVE_S1.);
#1549 = LINE('',#1550,#1551);
#1550 = CARTESIAN_POINT('',(-54.45769042968,0.189516503124,
    13.830203313356));
#1551 = VECTOR('',#1552,1.);
#1552 = DIRECTION('',(-0.124050652062,0.339378341056,0.932434328704));
#1553 = PCURVE('',#1055,#1554);
#1554 = DEFINITIONAL_REPRESENTATION('',(#1555),#1559);
#1555 = LINE('',#1556,#1557);
#1556 = CARTESIAN_POINT('',(-41.63658262876,-54.45769042968));
#1557 = VECTOR('',#1558,1.);
#1558 = DIRECTION('',(0.9922758869,-0.124050652062));
#1559 = ( GEOMETRIC_REPRESENTATION_CONTEXT(2) 
PARAMETRIC_REPRESENTATION_CONTEXT() REPRESENTATION_CONTEXT('2D SPACE',''
  ) );
#1560 = PCURVE('',#1561,#1566);
#1561 = PLANE('',#1562);
#1562 = AXIS2_PLACEMENT_3D('',#1563,#1564,#1565);
#1563 = CARTESIAN_POINT('',(-54.45769042968,4.887979607054,
    12.120102596727));
#1564 = DIRECTION('',(-0.9922758869,-4.242782179789E-02,-0.116569482346)
  );
#1565 = DIRECTION('',(-0.124050652062,0.339378341056,0.932434328704));
#1566 = DEFINITIONAL_REPRESENTATION('',(#1567),#1571);
#1567 = LINE('',#1568,#1569);
#1568 = CARTESIAN_POINT('',(-6.661338147751E-16,-5.));
#1569 = VECTOR('',#1570,1.);
#1570 = DIRECTION('',(1.,0.));
#1571 = ( GEOMETRIC_REPRESENTATION_CONTEXT(2) 
PARAMETRIC_REPRESENTATION_CONTEXT() REPRESENTATION_CONTEXT('2D SPACE',''
  ) );
#1572 = ORIENTED_EDGE('',*,*,#1573,.T.);
#1573 = EDGE_CURVE('',#1546,#1574,#1576,.T.);
#1574 = VERTEX_POINT('',#1575);
#1575 = CARTESIAN_POINT('',(-55.52936035156,5.837678566506,
    29.348401043918));
#1576 = SURFACE_CURVE('',#1577,(#1581,#1588),.PCURVE_S1.);
#1577 = LINE('',#1578,#1579);
#1578 = CARTESIAN_POINT('',(-55.4599609375,2.93153274066,21.363831009763
    ));
#1579 = VECTOR('',#1580,1.);
#1580 = DIRECTION('',(-8.167245317947E-03,0.342008736097,0.939661279684)
  );
#1581 = PCURVE('',#1055,#1582);
#1582 = DEFINITIONAL_REPRESENTATION('',(#1583),#1587);
#1583 = LINE('',#1584,#1585);
#1584 = CARTESIAN_POINT('',(-33.61946348813,-55.4599609375));
#1585 = VECTOR('',#1586,1.);
#1586 = DIRECTION('',(0.999966647496,-8.167245317947E-03));
#1587 = ( GEOMETRIC_REPRESENTATION_CONTEXT(2) 
PARAMETRIC_REPRESENTATION_CONTEXT() REPRESENTATION_CONTEXT('2D SPACE',''
  ) );
#1588 = PCURVE('',#1589,#1594);
#1589 = PLANE('',#1590);
#1590 = AXIS2_PLACEMENT_3D('',#1591,#1592,#1593);
#1591 = CARTESIAN_POINT('',(-55.4599609375,7.629995844589,
    19.653730293134));
#1592 = DIRECTION('',(-0.999966647496,-2.79336241422E-03,
    -7.674700157424E-03));
#1593 = DIRECTION('',(-8.167245317947E-03,0.342008736097,0.939661279684)
  );
#1594 = DEFINITIONAL_REPRESENTATION('',(#1595),#1599);
#1595 = LINE('',#1596,#1597);
#1596 = CARTESIAN_POINT('',(2.6645352591E-15,-5.));
#1597 = VECTOR('',#1598,1.);
#1598 = DIRECTION('',(1.,0.));
#1599 = ( GEOMETRIC_REPRESENTATION_CONTEXT(2) 
PARAMETRIC_REPRESENTATION_CONTEXT() REPRESENTATION_CONTEXT('2D SPACE',''
  ) );
#1600 = ORIENTED_EDGE('',*,*,#1601,.T.);
#1601 = EDGE_CURVE('',#1574,#1602,#1604,.T.);
#1602 = VERTEX_POINT('',#1603);
#1603 = CARTESIAN_POINT('',(-54.7284375,8.868815386528,37.676381012204)
  );
#1604 = SURFACE_CURVE('',#1605,(#1609,#1616),.PCURVE_S1.);
#1605 = LINE('',#1606,#1607);
#1606 = CARTESIAN_POINT('',(-55.52936035156,5.837678566506,
    29.348401043918));
#1607 = VECTOR('',#1608,1.);
#1608 = DIRECTION('',(9.000581020976E-02,0.340631965751,0.935878634245)
  );
#1609 = PCURVE('',#1055,#1610);
#1610 = DEFINITIONAL_REPRESENTATION('',(#1611),#1615);
#1611 = LINE('',#1612,#1613);
#1612 = CARTESIAN_POINT('',(-25.12246153501,-55.52936035156));
#1613 = VECTOR('',#1614,1.);
#1614 = DIRECTION('',(0.995941240299,9.000581020976E-02));
#1615 = ( GEOMETRIC_REPRESENTATION_CONTEXT(2) 
PARAMETRIC_REPRESENTATION_CONTEXT() REPRESENTATION_CONTEXT('2D SPACE',''
  ) );
#1616 = PCURVE('',#1617,#1622);
#1617 = PLANE('',#1618);
#1618 = AXIS2_PLACEMENT_3D('',#1619,#1620,#1621);
#1619 = CARTESIAN_POINT('',(-55.52936035156,10.536141670436,
    27.638300327289));
#1620 = DIRECTION('',(-0.995941240299,3.078380010808E-02,
    8.457779568197E-02));
#1621 = DIRECTION('',(9.000581020976E-02,0.340631965751,0.935878634245)
  );
#1622 = DEFINITIONAL_REPRESENTATION('',(#1623),#1627);
#1623 = LINE('',#1624,#1625);
#1624 = CARTESIAN_POINT('',(2.886579864025E-15,-5.));
#1625 = VECTOR('',#1626,1.);
#1626 = DIRECTION('',(1.,0.));
#1627 = ( GEOMETRIC_REPRESENTATION_CONTEXT(2) 
PARAMETRIC_REPRESENTATION_CONTEXT() REPRESENTATION_CONTEXT('2D SPACE',''
  ) );
#1628 = ORIENTED_EDGE('',*,*,#1629,.T.);
#1629 = EDGE_CURVE('',#1602,#1630,#1632,.T.);
#1630 = VERTEX_POINT('',#1631);
#1631 = CARTESIAN_POINT('',(-53.11974121093,11.985804606588,
    46.240238511005));
#1632 = SURFACE_CURVE('',#1633,(#1637,#1644),.PCURVE_S1.);
#1633 = LINE('',#1634,#1635);
#1634 = CARTESIAN_POINT('',(-54.7284375,8.868815386528,37.676381012204)
  );
#1635 = VECTOR('',#1636,1.);
#1636 = DIRECTION('',(0.173831174946,0.336813046751,0.925386240526));
#1637 = PCURVE('',#1055,#1638);
#1638 = DEFINITIONAL_REPRESENTATION('',(#1639),#1643);
#1639 = LINE('',#1640,#1641);
#1640 = CARTESIAN_POINT('',(-16.26001036313,-54.7284375));
#1641 = VECTOR('',#1642,1.);
#1642 = DIRECTION('',(0.984775468123,0.173831174946));
#1643 = ( GEOMETRIC_REPRESENTATION_CONTEXT(2) 
PARAMETRIC_REPRESENTATION_CONTEXT() REPRESENTATION_CONTEXT('2D SPACE',''
  ) );
#1644 = PCURVE('',#1645,#1650);
#1645 = PLANE('',#1646);
#1646 = AXIS2_PLACEMENT_3D('',#1647,#1648,#1649);
#1647 = CARTESIAN_POINT('',(-54.7284375,13.567278490457,35.966280295576)
  );
#1648 = DIRECTION('',(-0.984775468123,5.94537633694E-02,0.163347872359)
  );
#1649 = DIRECTION('',(0.173831174946,0.336813046751,0.925386240526));
#1650 = DEFINITIONAL_REPRESENTATION('',(#1651),#1655);
#1651 = LINE('',#1652,#1653);
#1652 = CARTESIAN_POINT('',(1.998401444325E-15,-5.));
#1653 = VECTOR('',#1654,1.);
#1654 = DIRECTION('',(1.,0.));
#1655 = ( GEOMETRIC_REPRESENTATION_CONTEXT(2) 
PARAMETRIC_REPRESENTATION_CONTEXT() REPRESENTATION_CONTEXT('2D SPACE',''
  ) );
#1656 = ORIENTED_EDGE('',*,*,#1657,.T.);
#1657 = EDGE_CURVE('',#1630,#1658,#1660,.T.);
#1658 = VERTEX_POINT('',#1659);
#1659 = CARTESIAN_POINT('',(-50.7658203125,15.149507632553,
    54.932441136703));
#1660 = SURFACE_CURVE('',#1661,(#1665,#1672),.PCURVE_S1.);
#1661 = LINE('',#1662,#1663);
#1662 = CARTESIAN_POINT('',(-53.11974121093,11.985804606588,
    46.240238511005));
#1663 = VECTOR('',#1664,1.);
#1664 = DIRECTION('',(0.246616605115,0.331456210094,0.910668452771));
#1665 = PCURVE('',#1055,#1666);
#1666 = DEFINITIONAL_REPRESENTATION('',(#1667),#1671);
#1667 = LINE('',#1668,#1669);
#1668 = CARTESIAN_POINT('',(-7.146543566263,-53.11974121093));
#1669 = VECTOR('',#1670,1.);
#1670 = DIRECTION('',(0.969113125534,0.246616605115));
#1671 = ( GEOMETRIC_REPRESENTATION_CONTEXT(2) 
PARAMETRIC_REPRESENTATION_CONTEXT() REPRESENTATION_CONTEXT('2D SPACE',''
  ) );
#1672 = PCURVE('',#1673,#1678);
#1673 = PLANE('',#1674);
#1674 = AXIS2_PLACEMENT_3D('',#1675,#1676,#1677);
#1675 = CARTESIAN_POINT('',(-53.11974121093,16.684267710518,
    44.530137794376));
#1676 = DIRECTION('',(-0.969113125534,8.434784662804E-02,0.23174380399)
  );
#1677 = DIRECTION('',(0.246616605115,0.331456210094,0.910668452771));
#1678 = DEFINITIONAL_REPRESENTATION('',(#1679),#1683);
#1679 = LINE('',#1680,#1681);
#1680 = CARTESIAN_POINT('',(3.10862446895E-15,-5.));
#1681 = VECTOR('',#1682,1.);
#1682 = DIRECTION('',(1.,0.));
#1683 = ( GEOMETRIC_REPRESENTATION_CONTEXT(2) 
PARAMETRIC_REPRESENTATION_CONTEXT() REPRESENTATION_CONTEXT('2D SPACE',''
  ) );
#1684 = ORIENTED_EDGE('',*,*,#1685,.T.);
#1685 = EDGE_CURVE('',#1658,#1686,#1688,.T.);
#1686 = VERTEX_POINT('',#1687);
#1687 = CARTESIAN_POINT('',(-47.72922363281,18.320785870286,
    63.645456485682));
#1688 = SURFACE_CURVE('',#1689,(#1693,#1700),.PCURVE_S1.);
#1689 = LINE('',#1690,#1691);
#1690 = CARTESIAN_POINT('',(-50.7658203125,15.149507632553,
    54.932441136703));
#1691 = VECTOR('',#1692,1.);
#1692 = DIRECTION('',(0.311229707024,0.325033615239,0.893022518434));
#1693 = PCURVE('',#1055,#1694);
#1694 = DEFINITIONAL_REPRESENTATION('',(#1695),#1699);
#1695 = LINE('',#1696,#1697);
#1696 = CARTESIAN_POINT('',(2.103505261862,-50.7658203125));
#1697 = VECTOR('',#1698,1.);
#1698 = DIRECTION('',(0.950334714438,0.311229707024));
#1699 = ( GEOMETRIC_REPRESENTATION_CONTEXT(2) 
PARAMETRIC_REPRESENTATION_CONTEXT() REPRESENTATION_CONTEXT('2D SPACE',''
  ) );
#1700 = PCURVE('',#1701,#1706);
#1701 = PLANE('',#1702);
#1702 = AXIS2_PLACEMENT_3D('',#1703,#1704,#1705);
#1703 = CARTESIAN_POINT('',(-50.7658203125,19.847970736483,
    53.222340420075));
#1704 = DIRECTION('',(-0.950334714438,0.106446829004,0.29246025906));
#1705 = DIRECTION('',(0.311229707024,0.325033615239,0.893022518434));
#1706 = DEFINITIONAL_REPRESENTATION('',(#1707),#1711);
#1707 = LINE('',#1708,#1709);
#1708 = CARTESIAN_POINT('',(2.886579864025E-15,-5.));
#1709 = VECTOR('',#1710,1.);
#1710 = DIRECTION('',(1.,5.551115123126E-17));
#1711 = ( GEOMETRIC_REPRESENTATION_CONTEXT(2) 
PARAMETRIC_REPRESENTATION_CONTEXT() REPRESENTATION_CONTEXT('2D SPACE',''
  ) );
#1712 = ORIENTED_EDGE('',*,*,#1713,.T.);
#1713 = EDGE_CURVE('',#1686,#1714,#1716,.T.);
#1714 = VERTEX_POINT('',#1715);
#1715 = CARTESIAN_POINT('',(-44.0725,21.460500725652,72.271752154325));
#1716 = SURFACE_CURVE('',#1717,(#1721,#1728),.PCURVE_S1.);
#1717 = LINE('',#1718,#1719);
#1718 = CARTESIAN_POINT('',(-47.72922363281,18.320785870286,
    63.645456485682));
#1719 = VECTOR('',#1720,1.);
#1720 = DIRECTION('',(0.370060630534,0.317739314136,0.872981590861));
#1721 = PCURVE('',#1055,#1722);
#1722 = DEFINITIONAL_REPRESENTATION('',(#1723),#1727);
#1723 = LINE('',#1724,#1725);
#1724 = CARTESIAN_POINT('',(11.375702527487,-47.72922363281));
#1725 = VECTOR('',#1726,1.);
#1726 = DIRECTION('',(0.929007604774,0.370060630534));
#1727 = ( GEOMETRIC_REPRESENTATION_CONTEXT(2) 
PARAMETRIC_REPRESENTATION_CONTEXT() REPRESENTATION_CONTEXT('2D SPACE',''
  ) );
#1728 = PCURVE('',#1729,#1734);
#1729 = PLANE('',#1730);
#1730 = AXIS2_PLACEMENT_3D('',#1731,#1732,#1733);
#1731 = CARTESIAN_POINT('',(-47.72922363281,23.019248974216,
    61.935355769054));
#1732 = DIRECTION('',(-0.929007604774,0.126568189894,0.347743243756));
#1733 = DIRECTION('',(0.370060630534,0.317739314136,0.872981590861));
#1734 = DEFINITIONAL_REPRESENTATION('',(#1735),#1739);
#1735 = LINE('',#1736,#1737);
#1736 = CARTESIAN_POINT('',(3.10862446895E-15,-5.));
#1737 = VECTOR('',#1738,1.);
#1738 = DIRECTION('',(1.,0.));
#1739 = ( GEOMETRIC_REPRESENTATION_CONTEXT(2) 
PARAMETRIC_REPRESENTATION_CONTEXT() REPRESENTATION_CONTEXT('2D SPACE',''
  ) );
#1740 = ORIENTED_EDGE('',*,*,#1741,.T.);
#1741 = EDGE_CURVE('',#1714,#1742,#1744,.T.);
#1742 = VERTEX_POINT('',#1743);
#1743 = CARTESIAN_POINT('',(-39.85819824218,24.529513604514,
    80.703795739015));
#1744 = SURFACE_CURVE('',#1745,(#1749,#1756),.PCURVE_S1.);
#1745 = LINE('',#1746,#1747);
#1746 = CARTESIAN_POINT('',(-44.0725,21.460500725652,72.271752154325));
#1747 = VECTOR('',#1748,1.);
#1748 = DIRECTION('',(0.425105070247,0.309577484108,0.850557147159));
#1749 = PCURVE('',#1055,#1750);
#1750 = DEFINITIONAL_REPRESENTATION('',(#1751),#1755);
#1751 = LINE('',#1752,#1753);
#1752 = CARTESIAN_POINT('',(20.555614636862,-44.0725));
#1753 = VECTOR('',#1754,1.);
#1754 = DIRECTION('',(0.905144010227,0.425105070247));
#1755 = ( GEOMETRIC_REPRESENTATION_CONTEXT(2) 
PARAMETRIC_REPRESENTATION_CONTEXT() REPRESENTATION_CONTEXT('2D SPACE',''
  ) );
#1756 = PCURVE('',#1757,#1762);
#1757 = PLANE('',#1758);
#1758 = AXIS2_PLACEMENT_3D('',#1759,#1760,#1761);
#1759 = CARTESIAN_POINT('',(-44.0725,26.158963829581,70.561651437697));
#1760 = DIRECTION('',(-0.905144010227,0.145394497054,0.39946809757));
#1761 = DIRECTION('',(0.425105070247,0.309577484108,0.850557147159));
#1762 = DEFINITIONAL_REPRESENTATION('',(#1763),#1767);
#1763 = LINE('',#1764,#1765);
#1764 = CARTESIAN_POINT('',(3.10862446895E-15,-5.));
#1765 = VECTOR('',#1766,1.);
#1766 = DIRECTION('',(1.,0.));
#1767 = ( GEOMETRIC_REPRESENTATION_CONTEXT(2) 
PARAMETRIC_REPRESENTATION_CONTEXT() REPRESENTATION_CONTEXT('2D SPACE',''
  ) );
#1768 = ORIENTED_EDGE('',*,*,#1769,.T.);
#1769 = EDGE_CURVE('',#1742,#1770,#1772,.T.);
#1770 = VERTEX_POINT('',#1771);
#1771 = CARTESIAN_POINT('',(-35.1488671875,27.488685912738,
    88.834054836135));
#1772 = SURFACE_CURVE('',#1773,(#1777,#1784),.PCURVE_S1.);
#1773 = LINE('',#1774,#1775);
#1774 = CARTESIAN_POINT('',(-39.85819824218,24.529513604514,
    80.703795739015));
#1775 = VECTOR('',#1776,1.);
#1776 = DIRECTION('',(0.478072370639,0.300403285327,0.825351243166));
#1777 = PCURVE('',#1055,#1778);
#1778 = DEFINITIONAL_REPRESENTATION('',(#1779),#1783);
#1779 = LINE('',#1780,#1781);
#1780 = CARTESIAN_POINT('',(29.528807996237,-39.85819824218));
#1781 = VECTOR('',#1782,1.);
#1782 = DIRECTION('',(0.878320447463,0.478072370639));
#1783 = ( GEOMETRIC_REPRESENTATION_CONTEXT(2) 
PARAMETRIC_REPRESENTATION_CONTEXT() REPRESENTATION_CONTEXT('2D SPACE',''
  ) );
#1784 = PCURVE('',#1785,#1790);
#1785 = PLANE('',#1786);
#1786 = AXIS2_PLACEMENT_3D('',#1787,#1788,#1789);
#1787 = CARTESIAN_POINT('',(-39.85819824218,29.227976708444,
    78.993695022387));
#1788 = DIRECTION('',(-0.878320447463,0.163510380726,0.449241078891));
#1789 = DIRECTION('',(0.478072370639,0.300403285327,0.825351243166));
#1790 = DEFINITIONAL_REPRESENTATION('',(#1791),#1795);
#1791 = LINE('',#1792,#1793);
#1792 = CARTESIAN_POINT('',(2.886579864025E-15,-5.));
#1793 = VECTOR('',#1794,1.);
#1794 = DIRECTION('',(1.,0.));
#1795 = ( GEOMETRIC_REPRESENTATION_CONTEXT(2) 
PARAMETRIC_REPRESENTATION_CONTEXT() REPRESENTATION_CONTEXT('2D SPACE',''
  ) );
#1796 = ORIENTED_EDGE('',*,*,#1797,.T.);
#1797 = EDGE_CURVE('',#1770,#1798,#1800,.T.);
#1798 = VERTEX_POINT('',#1799);
#1799 = CARTESIAN_POINT('',(-30.00705566406,30.298879056187,
    96.554997042068));
#1800 = SURFACE_CURVE('',#1801,(#1805,#1812),.PCURVE_S1.);
#1801 = LINE('',#1802,#1803);
#1802 = CARTESIAN_POINT('',(-35.1488671875,27.488685912738,
    88.834054836135));
#1803 = VECTOR('',#1804,1.);
#1804 = DIRECTION('',(0.530483099103,0.289928940612,0.796573217577));
#1805 = PCURVE('',#1055,#1806);
#1806 = DEFINITIONAL_REPRESENTATION('',(#1807),#1811);
#1807 = LINE('',#1808,#1809);
#1808 = CARTESIAN_POINT('',(38.180849011862,-35.1488671875));
#1809 = VECTOR('',#1810,1.);
#1810 = DIRECTION('',(0.847695512295,0.530483099103));
#1811 = ( GEOMETRIC_REPRESENTATION_CONTEXT(2) 
PARAMETRIC_REPRESENTATION_CONTEXT() REPRESENTATION_CONTEXT('2D SPACE',''
  ) );
#1812 = PCURVE('',#1813,#1818);
#1813 = PLANE('',#1814);
#1814 = AXIS2_PLACEMENT_3D('',#1815,#1816,#1817);
#1815 = CARTESIAN_POINT('',(-35.1488671875,32.187149016667,
    87.123954119506));
#1816 = DIRECTION('',(-0.847695512295,0.181435905587,0.498491053679));
#1817 = DIRECTION('',(0.530483099103,0.289928940612,0.796573217577));
#1818 = DEFINITIONAL_REPRESENTATION('',(#1819),#1823);
#1819 = LINE('',#1820,#1821);
#1820 = CARTESIAN_POINT('',(1.7763568394E-15,-5.));
#1821 = VECTOR('',#1822,1.);
#1822 = DIRECTION('',(1.,0.));
#1823 = ( GEOMETRIC_REPRESENTATION_CONTEXT(2) 
PARAMETRIC_REPRESENTATION_CONTEXT() REPRESENTATION_CONTEXT('2D SPACE',''
  ) );
#1824 = ORIENTED_EDGE('',*,*,#1825,.T.);
#1825 = EDGE_CURVE('',#1798,#1826,#1828,.T.);
#1826 = VERTEX_POINT('',#1827);
#1827 = CARTESIAN_POINT('',(-24.4953125,32.920954440726,103.75908995319)
  );
#1828 = SURFACE_CURVE('',#1829,(#1833,#1840),.PCURVE_S1.);
#1829 = LINE('',#1830,#1831);
#1830 = CARTESIAN_POINT('',(-30.00705566406,30.298879056187,
    96.554997042068));
#1831 = VECTOR('',#1832,1.);
#1832 = DIRECTION('',(0.583740276747,0.277699988019,0.762974446464));
#1833 = PCURVE('',#1055,#1834);
#1834 = DEFINITIONAL_REPRESENTATION('',(#1835),#1839);
#1835 = LINE('',#1836,#1837);
#1836 = CARTESIAN_POINT('',(46.397304089987,-30.00705566406));
#1837 = VECTOR('',#1838,1.);
#1838 = DIRECTION('',(0.811940446894,0.583740276747));
#1839 = ( GEOMETRIC_REPRESENTATION_CONTEXT(2) 
PARAMETRIC_REPRESENTATION_CONTEXT() REPRESENTATION_CONTEXT('2D SPACE',''
  ) );
#1840 = PCURVE('',#1841,#1846);
#1841 = PLANE('',#1842);
#1842 = AXIS2_PLACEMENT_3D('',#1843,#1844,#1845);
#1843 = CARTESIAN_POINT('',(-30.00705566406,34.997342160116,
    94.844896325439));
#1844 = DIRECTION('',(-0.811940446894,0.199650933118,0.548536430515));
#1845 = DIRECTION('',(0.583740276747,0.277699988019,0.762974446464));
#1846 = DEFINITIONAL_REPRESENTATION('',(#1847),#1851);
#1847 = LINE('',#1848,#1849);
#1848 = CARTESIAN_POINT('',(1.554312234475E-15,-5.));
#1849 = VECTOR('',#1850,1.);
#1850 = DIRECTION('',(1.,0.));
#1851 = ( GEOMETRIC_REPRESENTATION_CONTEXT(2) 
PARAMETRIC_REPRESENTATION_CONTEXT() REPRESENTATION_CONTEXT('2D SPACE',''
  ) );
#1852 = ORIENTED_EDGE('',*,*,#1853,.T.);
#1853 = EDGE_CURVE('',#1826,#1854,#1856,.T.);
#1854 = VERTEX_POINT('',#1855);
#1855 = CARTESIAN_POINT('',(-18.67618652343,35.31577347222,
    110.3388011659));
#1856 = SURFACE_CURVE('',#1857,(#1861,#1868),.PCURVE_S1.);
#1857 = LINE('',#1858,#1859);
#1858 = CARTESIAN_POINT('',(-24.4953125,32.920954440726,103.75908995319)
  );
#1859 = VECTOR('',#1860,1.);
#1860 = DIRECTION('',(0.639155791915,0.263039923991,0.72269625158));
#1861 = PCURVE('',#1055,#1862);
#1862 = DEFINITIONAL_REPRESENTATION('',(#1863),#1867);
#1863 = LINE('',#1864,#1865);
#1864 = CARTESIAN_POINT('',(54.063739636862,-24.4953125));
#1865 = VECTOR('',#1866,1.);
#1866 = DIRECTION('',(0.769077287183,0.639155791915));
#1867 = ( GEOMETRIC_REPRESENTATION_CONTEXT(2) 
PARAMETRIC_REPRESENTATION_CONTEXT() REPRESENTATION_CONTEXT('2D SPACE',''
  ) );
#1868 = PCURVE('',#1869,#1874);
#1869 = PLANE('',#1870);
#1870 = AXIS2_PLACEMENT_3D('',#1871,#1872,#1873);
#1871 = CARTESIAN_POINT('',(-24.4953125,37.619417544656,102.04898923656)
  );
#1872 = DIRECTION('',(-0.769077287183,0.218604155558,0.600609981196));
#1873 = DIRECTION('',(0.639155791915,0.263039923991,0.72269625158));
#1874 = DEFINITIONAL_REPRESENTATION('',(#1875),#1879);
#1875 = LINE('',#1876,#1877);
#1876 = CARTESIAN_POINT('',(2.6645352591E-15,-5.));
#1877 = VECTOR('',#1878,1.);
#1878 = DIRECTION('',(1.,-2.775557561563E-17));
#1879 = ( GEOMETRIC_REPRESENTATION_CONTEXT(2) 
PARAMETRIC_REPRESENTATION_CONTEXT() REPRESENTATION_CONTEXT('2D SPACE',''
  ) );
#1880 = ORIENTED_EDGE('',*,*,#1881,.T.);
#1881 = EDGE_CURVE('',#1854,#1882,#1884,.T.);
#1882 = VERTEX_POINT('',#1883);
#1883 = CARTESIAN_POINT('',(-12.6122265625,37.444197556532,
    116.18659827657));
#1884 = SURFACE_CURVE('',#1885,(#1889,#1896),.PCURVE_S1.);
#1885 = LINE('',#1886,#1887);
#1886 = CARTESIAN_POINT('',(-18.67618652343,35.31577347222,
    110.3388011659));
#1887 = VECTOR('',#1888,1.);
#1888 = DIRECTION('',(0.697890161098,0.244956470137,0.673012370452));
#1889 = PCURVE('',#1055,#1890);
#1890 = DEFINITIONAL_REPRESENTATION('',(#1891),#1895);
#1891 = LINE('',#1892,#1893);
#1892 = CARTESIAN_POINT('',(61.065722058737,-18.67618652343));
#1893 = VECTOR('',#1894,1.);
#1894 = DIRECTION('',(0.716204805236,0.697890161098));
#1895 = ( GEOMETRIC_REPRESENTATION_CONTEXT(2) 
PARAMETRIC_REPRESENTATION_CONTEXT() REPRESENTATION_CONTEXT('2D SPACE',''
  ) );
#1896 = PCURVE('',#1897,#1902);
#1897 = PLANE('',#1898);
#1898 = AXIS2_PLACEMENT_3D('',#1899,#1900,#1901);
#1899 = CARTESIAN_POINT('',(-18.67618652343,40.014236576149,
    108.62870044927));
#1900 = DIRECTION('',(-0.716204805236,0.238692492924,0.655802234503));
#1901 = DIRECTION('',(0.697890161098,0.244956470137,0.673012370452));
#1902 = DEFINITIONAL_REPRESENTATION('',(#1903),#1907);
#1903 = LINE('',#1904,#1905);
#1904 = CARTESIAN_POINT('',(2.442490654175E-15,-5.));
#1905 = VECTOR('',#1906,1.);
#1906 = DIRECTION('',(1.,-2.775557561563E-17));
#1907 = ( GEOMETRIC_REPRESENTATION_CONTEXT(2) 
PARAMETRIC_REPRESENTATION_CONTEXT() REPRESENTATION_CONTEXT('2D SPACE',''
  ) );
#1908 = ORIENTED_EDGE('',*,*,#1909,.T.);
#1909 = EDGE_CURVE('',#1882,#1910,#1912,.T.);
#1910 = VERTEX_POINT('',#1911);
#1911 = CARTESIAN_POINT('',(-6.365981445313,39.267088099527,
    121.19494888159));
#1912 = SURFACE_CURVE('',#1913,(#1917,#1924),.PCURVE_S1.);
#1913 = LINE('',#1914,#1915);
#1914 = CARTESIAN_POINT('',(-12.6122265625,37.444197556532,
    116.18659827657));
#1915 = VECTOR('',#1916,1.);
#1916 = DIRECTION('',(0.760707919354,0.222003338991,0.609949160921));
#1917 = PCURVE('',#1055,#1918);
#1918 = DEFINITIONAL_REPRESENTATION('',(#1919),#1923);
#1919 = LINE('',#1920,#1921);
#1920 = CARTESIAN_POINT('',(67.288817761862,-12.6122265625));
#1921 = VECTOR('',#1922,1.);
#1922 = DIRECTION('',(0.649094339393,0.760707919354));
#1923 = ( GEOMETRIC_REPRESENTATION_CONTEXT(2) 
PARAMETRIC_REPRESENTATION_CONTEXT() REPRESENTATION_CONTEXT('2D SPACE',''
  ) );
#1924 = PCURVE('',#1925,#1930);
#1925 = PLANE('',#1926);
#1926 = AXIS2_PLACEMENT_3D('',#1927,#1928,#1929);
#1927 = CARTESIAN_POINT('',(-12.6122265625,42.142660660461,
    114.47649755994));
#1928 = DIRECTION('',(-0.649094339393,0.260177431606,0.71483161839));
#1929 = DIRECTION('',(0.760707919354,0.222003338991,0.609949160921));
#1930 = DEFINITIONAL_REPRESENTATION('',(#1931),#1935);
#1931 = LINE('',#1932,#1933);
#1932 = CARTESIAN_POINT('',(3.552713678801E-15,-5.));
#1933 = VECTOR('',#1934,1.);
#1934 = DIRECTION('',(1.,0.));
#1935 = ( GEOMETRIC_REPRESENTATION_CONTEXT(2) 
PARAMETRIC_REPRESENTATION_CONTEXT() REPRESENTATION_CONTEXT('2D SPACE',''
  ) );
#1936 = ORIENTED_EDGE('',*,*,#1937,.T.);
#1937 = EDGE_CURVE('',#1910,#1938,#1940,.T.);
#1938 = VERTEX_POINT('',#1939);
#1939 = CARTESIAN_POINT('',(0.,40.745306507069,125.25632057733));
#1940 = SURFACE_CURVE('',#1941,(#1945,#1952),.PCURVE_S1.);
#1941 = LINE('',#1942,#1943);
#1942 = CARTESIAN_POINT('',(-6.365981445313,39.267088099527,
    121.19494888159));
#1943 = VECTOR('',#1944,1.);
#1944 = DIRECTION('',(0.827339984276,0.192113220021,0.527826733987));
#1945 = PCURVE('',#1055,#1946);
#1946 = DEFINITIONAL_REPRESENTATION('',(#1947),#1951);
#1947 = LINE('',#1948,#1949);
#1948 = CARTESIAN_POINT('',(72.618593152487,-6.365981445313));
#1949 = VECTOR('',#1950,1.);
#1950 = DIRECTION('',(0.561701478027,0.827339984276));
#1951 = ( GEOMETRIC_REPRESENTATION_CONTEXT(2) 
PARAMETRIC_REPRESENTATION_CONTEXT() REPRESENTATION_CONTEXT('2D SPACE',''
  ) );
#1952 = PCURVE('',#1953,#1958);
#1953 = PLANE('',#1954);
#1954 = AXIS2_PLACEMENT_3D('',#1955,#1956,#1957);
#1955 = CARTESIAN_POINT('',(-6.365981445313,43.965551203456,
    119.48484816496));
#1956 = DIRECTION('',(-0.561701478027,0.282966940001,0.777445278106));
#1957 = DIRECTION('',(0.827339984276,0.192113220021,0.527826733987));
#1958 = DEFINITIONAL_REPRESENTATION('',(#1959),#1963);
#1959 = LINE('',#1960,#1961);
#1960 = CARTESIAN_POINT('',(3.330669073875E-15,-5.));
#1961 = VECTOR('',#1962,1.);
#1962 = DIRECTION('',(1.,0.));
#1963 = ( GEOMETRIC_REPRESENTATION_CONTEXT(2) 
PARAMETRIC_REPRESENTATION_CONTEXT() REPRESENTATION_CONTEXT('2D SPACE',''
  ) );
#1964 = ORIENTED_EDGE('',*,*,#1965,.T.);
#1965 = EDGE_CURVE('',#1938,#1966,#1968,.T.);
#1966 = VERTEX_POINT('',#1967);
#1967 = CARTESIAN_POINT('',(6.365981445313,39.267088099527,
    121.19494888159));
#1968 = SURFACE_CURVE('',#1969,(#1973,#1980),.PCURVE_S1.);
#1969 = LINE('',#1970,#1971);
#1970 = CARTESIAN_POINT('',(0.,40.745306507069,125.25632057733));
#1971 = VECTOR('',#1972,1.);
#1972 = DIRECTION('',(0.827339984276,-0.192113220021,-0.527826733987));
#1973 = PCURVE('',#1055,#1974);
#1974 = DEFINITIONAL_REPRESENTATION('',(#1975),#1979);
#1975 = LINE('',#1976,#1977);
#1976 = CARTESIAN_POINT('',(76.940614636862,1.155288936034E-15));
#1977 = VECTOR('',#1978,1.);
#1978 = DIRECTION('',(-0.561701478027,0.827339984276));
#1979 = ( GEOMETRIC_REPRESENTATION_CONTEXT(2) 
PARAMETRIC_REPRESENTATION_CONTEXT() REPRESENTATION_CONTEXT('2D SPACE',''
  ) );
#1980 = PCURVE('',#1981,#1986);
#1981 = PLANE('',#1982);
#1982 = AXIS2_PLACEMENT_3D('',#1983,#1984,#1985);
#1983 = CARTESIAN_POINT('',(0.,45.443769610999,123.54621986071));
#1984 = DIRECTION('',(0.561701478027,0.282966940001,0.777445278106));
#1985 = DIRECTION('',(0.827339984276,-0.192113220021,-0.527826733987));
#1986 = DEFINITIONAL_REPRESENTATION('',(#1987),#1991);
#1987 = LINE('',#1988,#1989);
#1988 = CARTESIAN_POINT('',(-3.219646771413E-15,-5.));
#1989 = VECTOR('',#1990,1.);
#1990 = DIRECTION('',(1.,0.));
#1991 = ( GEOMETRIC_REPRESENTATION_CONTEXT(2) 
PARAMETRIC_REPRESENTATION_CONTEXT() REPRESENTATION_CONTEXT('2D SPACE',''
  ) );
#1992 = ORIENTED_EDGE('',*,*,#1993,.T.);
#1993 = EDGE_CURVE('',#1966,#1994,#1996,.T.);
#1994 = VERTEX_POINT('',#1995);
#1995 = CARTESIAN_POINT('',(12.6122265625,37.444197556532,
    116.18659827657));
#1996 = SURFACE_CURVE('',#1997,(#2001,#2008),.PCURVE_S1.);
#1997 = LINE('',#1998,#1999);
#1998 = CARTESIAN_POINT('',(6.365981445313,39.267088099527,
    121.19494888159));
#1999 = VECTOR('',#2000,1.);
#2000 = DIRECTION('',(0.760707919354,-0.222003338991,-0.609949160921));
#2001 = PCURVE('',#1055,#2002);
#2002 = DEFINITIONAL_REPRESENTATION('',(#2003),#2007);
#2003 = LINE('',#2004,#2005);
#2004 = CARTESIAN_POINT('',(72.618593152487,6.365981445313));
#2005 = VECTOR('',#2006,1.);
#2006 = DIRECTION('',(-0.649094339393,0.760707919354));
#2007 = ( GEOMETRIC_REPRESENTATION_CONTEXT(2) 
PARAMETRIC_REPRESENTATION_CONTEXT() REPRESENTATION_CONTEXT('2D SPACE',''
  ) );
#2008 = PCURVE('',#2009,#2014);
#2009 = PLANE('',#2010);
#2010 = AXIS2_PLACEMENT_3D('',#2011,#2012,#2013);
#2011 = CARTESIAN_POINT('',(6.365981445313,43.965551203456,
    119.48484816496));
#2012 = DIRECTION('',(0.649094339393,0.260177431606,0.71483161839));
#2013 = DIRECTION('',(0.760707919354,-0.222003338991,-0.609949160921));
#2014 = DEFINITIONAL_REPRESENTATION('',(#2015),#2019);
#2015 = LINE('',#2016,#2017);
#2016 = CARTESIAN_POINT('',(-3.552713678801E-15,-5.));
#2017 = VECTOR('',#2018,1.);
#2018 = DIRECTION('',(1.,0.));
#2019 = ( GEOMETRIC_REPRESENTATION_CONTEXT(2) 
PARAMETRIC_REPRESENTATION_CONTEXT() REPRESENTATION_CONTEXT('2D SPACE',''
  ) );
#2020 = ORIENTED_EDGE('',*,*,#2021,.T.);
#2021 = EDGE_CURVE('',#1994,#2022,#2024,.T.);
#2022 = VERTEX_POINT('',#2023);
#2023 = CARTESIAN_POINT('',(18.676186523438,35.31577347222,
    110.3388011659));
#2024 = SURFACE_CURVE('',#2025,(#2029,#2036),.PCURVE_S1.);
#2025 = LINE('',#2026,#2027);
#2026 = CARTESIAN_POINT('',(12.6122265625,37.444197556532,
    116.18659827657));
#2027 = VECTOR('',#2028,1.);
#2028 = DIRECTION('',(0.697890161098,-0.244956470137,-0.673012370452));
#2029 = PCURVE('',#1055,#2030);
#2030 = DEFINITIONAL_REPRESENTATION('',(#2031),#2035);
#2031 = LINE('',#2032,#2033);
#2032 = CARTESIAN_POINT('',(67.288817761862,12.6122265625));
#2033 = VECTOR('',#2034,1.);
#2034 = DIRECTION('',(-0.716204805236,0.697890161098));
#2035 = ( GEOMETRIC_REPRESENTATION_CONTEXT(2) 
PARAMETRIC_REPRESENTATION_CONTEXT() REPRESENTATION_CONTEXT('2D SPACE',''
  ) );
#2036 = PCURVE('',#2037,#2042);
#2037 = PLANE('',#2038);
#2038 = AXIS2_PLACEMENT_3D('',#2039,#2040,#2041);
#2039 = CARTESIAN_POINT('',(12.6122265625,42.142660660461,
    114.47649755994));
#2040 = DIRECTION('',(0.716204805236,0.238692492924,0.655802234503));
#2041 = DIRECTION('',(0.697890161098,-0.244956470137,-0.673012370452));
#2042 = DEFINITIONAL_REPRESENTATION('',(#2043),#2047);
#2043 = LINE('',#2044,#2045);
#2044 = CARTESIAN_POINT('',(-3.774758283726E-15,-5.));
#2045 = VECTOR('',#2046,1.);
#2046 = DIRECTION('',(1.,2.775557561563E-17));
#2047 = ( GEOMETRIC_REPRESENTATION_CONTEXT(2) 
PARAMETRIC_REPRESENTATION_CONTEXT() REPRESENTATION_CONTEXT('2D SPACE',''
  ) );
#2048 = ORIENTED_EDGE('',*,*,#2049,.T.);
#2049 = EDGE_CURVE('',#2022,#2050,#2052,.T.);
#2050 = VERTEX_POINT('',#2051);
#2051 = CARTESIAN_POINT('',(24.4953125,32.920954440726,103.75908995319)
  );
#2052 = SURFACE_CURVE('',#2053,(#2057,#2064),.PCURVE_S1.);
#2053 = LINE('',#2054,#2055);
#2054 = CARTESIAN_POINT('',(18.676186523438,35.31577347222,
    110.3388011659));
#2055 = VECTOR('',#2056,1.);
#2056 = DIRECTION('',(0.639155791915,-0.263039923991,-0.72269625158));
#2057 = PCURVE('',#1055,#2058);
#2058 = DEFINITIONAL_REPRESENTATION('',(#2059),#2063);
#2059 = LINE('',#2060,#2061);
#2060 = CARTESIAN_POINT('',(61.065722058737,18.676186523438));
#2061 = VECTOR('',#2062,1.);
#2062 = DIRECTION('',(-0.769077287183,0.639155791915));
#2063 = ( GEOMETRIC_REPRESENTATION_CONTEXT(2) 
PARAMETRIC_REPRESENTATION_CONTEXT() REPRESENTATION_CONTEXT('2D SPACE',''
  ) );
#2064 = PCURVE('',#2065,#2070);
#2065 = PLANE('',#2066);
#2066 = AXIS2_PLACEMENT_3D('',#2067,#2068,#2069);
#2067 = CARTESIAN_POINT('',(18.676186523438,40.014236576149,
    108.62870044927));
#2068 = DIRECTION('',(0.769077287183,0.218604155558,0.600609981196));
#2069 = DIRECTION('',(0.639155791915,-0.263039923991,-0.72269625158));
#2070 = DEFINITIONAL_REPRESENTATION('',(#2071),#2075);
#2071 = LINE('',#2072,#2073);
#2072 = CARTESIAN_POINT('',(-2.6645352591E-15,-5.));
#2073 = VECTOR('',#2074,1.);
#2074 = DIRECTION('',(1.,2.775557561563E-17));
#2075 = ( GEOMETRIC_REPRESENTATION_CONTEXT(2) 
PARAMETRIC_REPRESENTATION_CONTEXT() REPRESENTATION_CONTEXT('2D SPACE',''
  ) );
#2076 = ORIENTED_EDGE('',*,*,#2077,.T.);
#2077 = EDGE_CURVE('',#2050,#2078,#2080,.T.);
#2078 = VERTEX_POINT('',#2079);
#2079 = CARTESIAN_POINT('',(30.007055664063,30.298879056187,
    96.554997042068));
#2080 = SURFACE_CURVE('',#2081,(#2085,#2092),.PCURVE_S1.);
#2081 = LINE('',#2082,#2083);
#2082 = CARTESIAN_POINT('',(24.4953125,32.920954440726,103.75908995319)
  );
#2083 = VECTOR('',#2084,1.);
#2084 = DIRECTION('',(0.583740276747,-0.277699988019,-0.762974446464));
#2085 = PCURVE('',#1055,#2086);
#2086 = DEFINITIONAL_REPRESENTATION('',(#2087),#2091);
#2087 = LINE('',#2088,#2089);
#2088 = CARTESIAN_POINT('',(54.063739636862,24.4953125));
#2089 = VECTOR('',#2090,1.);
#2090 = DIRECTION('',(-0.811940446894,0.583740276747));
#2091 = ( GEOMETRIC_REPRESENTATION_CONTEXT(2) 
PARAMETRIC_REPRESENTATION_CONTEXT() REPRESENTATION_CONTEXT('2D SPACE',''
  ) );
#2092 = PCURVE('',#2093,#2098);
#2093 = PLANE('',#2094);
#2094 = AXIS2_PLACEMENT_3D('',#2095,#2096,#2097);
#2095 = CARTESIAN_POINT('',(24.4953125,37.619417544656,102.04898923656)
  );
#2096 = DIRECTION('',(0.811940446894,0.199650933118,0.548536430515));
#2097 = DIRECTION('',(0.583740276747,-0.277699988019,-0.762974446464));
#2098 = DEFINITIONAL_REPRESENTATION('',(#2099),#2103);
#2099 = LINE('',#2100,#2101);
#2100 = CARTESIAN_POINT('',(-2.442490654175E-15,-5.));
#2101 = VECTOR('',#2102,1.);
#2102 = DIRECTION('',(1.,0.));
#2103 = ( GEOMETRIC_REPRESENTATION_CONTEXT(2) 
PARAMETRIC_REPRESENTATION_CONTEXT() REPRESENTATION_CONTEXT('2D SPACE',''
  ) );
#2104 = ORIENTED_EDGE('',*,*,#2105,.T.);
#2105 = EDGE_CURVE('',#2078,#2106,#2108,.T.);
#2106 = VERTEX_POINT('',#2107);
#2107 = CARTESIAN_POINT('',(35.1488671875,27.488685912738,
    88.834054836135));
#2108 = SURFACE_CURVE('',#2109,(#2113,#2120),.PCURVE_S1.);
#2109 = LINE('',#2110,#2111);
#2110 = CARTESIAN_POINT('',(30.007055664063,30.298879056187,
    96.554997042068));
#2111 = VECTOR('',#2112,1.);
#2112 = DIRECTION('',(0.530483099103,-0.289928940612,-0.796573217577));
#2113 = PCURVE('',#1055,#2114);
#2114 = DEFINITIONAL_REPRESENTATION('',(#2115),#2119);
#2115 = LINE('',#2116,#2117);
#2116 = CARTESIAN_POINT('',(46.397304089987,30.007055664063));
#2117 = VECTOR('',#2118,1.);
#2118 = DIRECTION('',(-0.847695512295,0.530483099103));
#2119 = ( GEOMETRIC_REPRESENTATION_CONTEXT(2) 
PARAMETRIC_REPRESENTATION_CONTEXT() REPRESENTATION_CONTEXT('2D SPACE',''
  ) );
#2120 = PCURVE('',#2121,#2126);
#2121 = PLANE('',#2122);
#2122 = AXIS2_PLACEMENT_3D('',#2123,#2124,#2125);
#2123 = CARTESIAN_POINT('',(30.007055664063,34.997342160116,
    94.844896325439));
#2124 = DIRECTION('',(0.847695512295,0.181435905587,0.498491053679));
#2125 = DIRECTION('',(0.530483099103,-0.289928940612,-0.796573217577));
#2126 = DEFINITIONAL_REPRESENTATION('',(#2127),#2131);
#2127 = LINE('',#2128,#2129);
#2128 = CARTESIAN_POINT('',(-1.7763568394E-15,-5.));
#2129 = VECTOR('',#2130,1.);
#2130 = DIRECTION('',(1.,0.));
#2131 = ( GEOMETRIC_REPRESENTATION_CONTEXT(2) 
PARAMETRIC_REPRESENTATION_CONTEXT() REPRESENTATION_CONTEXT('2D SPACE',''
  ) );
#2132 = ORIENTED_EDGE('',*,*,#2133,.T.);
#2133 = EDGE_CURVE('',#2106,#2134,#2136,.T.);
#2134 = VERTEX_POINT('',#2135);
#2135 = CARTESIAN_POINT('',(39.858198242188,24.529513604514,
    80.703795739015));
#2136 = SURFACE_CURVE('',#2137,(#2141,#2148),.PCURVE_S1.);
#2137 = LINE('',#2138,#2139);
#2138 = CARTESIAN_POINT('',(35.1488671875,27.488685912738,
    88.834054836135));
#2139 = VECTOR('',#2140,1.);
#2140 = DIRECTION('',(0.478072370639,-0.300403285327,-0.825351243166));
#2141 = PCURVE('',#1055,#2142);
#2142 = DEFINITIONAL_REPRESENTATION('',(#2143),#2147);
#2143 = LINE('',#2144,#2145);
#2144 = CARTESIAN_POINT('',(38.180849011862,35.1488671875));
#2145 = VECTOR('',#2146,1.);
#2146 = DIRECTION('',(-0.878320447463,0.478072370639));
#2147 = ( GEOMETRIC_REPRESENTATION_CONTEXT(2) 
PARAMETRIC_REPRESENTATION_CONTEXT() REPRESENTATION_CONTEXT('2D SPACE',''
  ) );
#2148 = PCURVE('',#2149,#2154);
#2149 = PLANE('',#2150);
#2150 = AXIS2_PLACEMENT_3D('',#2151,#2152,#2153);
#2151 = CARTESIAN_POINT('',(35.1488671875,32.187149016667,
    87.123954119506));
#2152 = DIRECTION('',(0.878320447463,0.163510380726,0.449241078891));
#2153 = DIRECTION('',(0.478072370639,-0.300403285327,-0.825351243166));
#2154 = DEFINITIONAL_REPRESENTATION('',(#2155),#2159);
#2155 = LINE('',#2156,#2157);
#2156 = CARTESIAN_POINT('',(-1.7763568394E-15,-5.));
#2157 = VECTOR('',#2158,1.);
#2158 = DIRECTION('',(1.,0.));
#2159 = ( GEOMETRIC_REPRESENTATION_CONTEXT(2) 
PARAMETRIC_REPRESENTATION_CONTEXT() REPRESENTATION_CONTEXT('2D SPACE',''
  ) );
#2160 = ORIENTED_EDGE('',*,*,#2161,.T.);
#2161 = EDGE_CURVE('',#2134,#2162,#2164,.T.);
#2162 = VERTEX_POINT('',#2163);
#2163 = CARTESIAN_POINT('',(44.0725,21.460500725652,72.271752154325));
#2164 = SURFACE_CURVE('',#2165,(#2169,#2176),.PCURVE_S1.);
#2165 = LINE('',#2166,#2167);
#2166 = CARTESIAN_POINT('',(39.858198242188,24.529513604514,
    80.703795739015));
#2167 = VECTOR('',#2168,1.);
#2168 = DIRECTION('',(0.425105070247,-0.309577484108,-0.850557147159));
#2169 = PCURVE('',#1055,#2170);
#2170 = DEFINITIONAL_REPRESENTATION('',(#2171),#2175);
#2171 = LINE('',#2172,#2173);
#2172 = CARTESIAN_POINT('',(29.528807996237,39.858198242188));
#2173 = VECTOR('',#2174,1.);
#2174 = DIRECTION('',(-0.905144010227,0.425105070247));
#2175 = ( GEOMETRIC_REPRESENTATION_CONTEXT(2) 
PARAMETRIC_REPRESENTATION_CONTEXT() REPRESENTATION_CONTEXT('2D SPACE',''
  ) );
#2176 = PCURVE('',#2177,#2182);
#2177 = PLANE('',#2178);
#2178 = AXIS2_PLACEMENT_3D('',#2179,#2180,#2181);
#2179 = CARTESIAN_POINT('',(39.858198242188,29.227976708444,
    78.993695022387));
#2180 = DIRECTION('',(0.905144010227,0.145394497054,0.39946809757));
#2181 = DIRECTION('',(0.425105070247,-0.309577484108,-0.850557147159));
#2182 = DEFINITIONAL_REPRESENTATION('',(#2183),#2187);
#2183 = LINE('',#2184,#2185);
#2184 = CARTESIAN_POINT('',(-3.10862446895E-15,-5.));
#2185 = VECTOR('',#2186,1.);
#2186 = DIRECTION('',(1.,0.));
#2187 = ( GEOMETRIC_REPRESENTATION_CONTEXT(2) 
PARAMETRIC_REPRESENTATION_CONTEXT() REPRESENTATION_CONTEXT('2D SPACE',''
  ) );
#2188 = ORIENTED_EDGE('',*,*,#2189,.T.);
#2189 = EDGE_CURVE('',#2162,#2190,#2192,.T.);
#2190 = VERTEX_POINT('',#2191);
#2191 = CARTESIAN_POINT('',(47.729223632813,18.320785870286,
    63.645456485682));
#2192 = SURFACE_CURVE('',#2193,(#2197,#2204),.PCURVE_S1.);
#2193 = LINE('',#2194,#2195);
#2194 = CARTESIAN_POINT('',(44.0725,21.460500725652,72.271752154325));
#2195 = VECTOR('',#2196,1.);
#2196 = DIRECTION('',(0.370060630534,-0.317739314136,-0.872981590861));
#2197 = PCURVE('',#1055,#2198);
#2198 = DEFINITIONAL_REPRESENTATION('',(#2199),#2203);
#2199 = LINE('',#2200,#2201);
#2200 = CARTESIAN_POINT('',(20.555614636862,44.0725));
#2201 = VECTOR('',#2202,1.);
#2202 = DIRECTION('',(-0.929007604774,0.370060630534));
#2203 = ( GEOMETRIC_REPRESENTATION_CONTEXT(2) 
PARAMETRIC_REPRESENTATION_CONTEXT() REPRESENTATION_CONTEXT('2D SPACE',''
  ) );
#2204 = PCURVE('',#2205,#2210);
#2205 = PLANE('',#2206);
#2206 = AXIS2_PLACEMENT_3D('',#2207,#2208,#2209);
#2207 = CARTESIAN_POINT('',(44.0725,26.158963829581,70.561651437697));
#2208 = DIRECTION('',(0.929007604774,0.126568189894,0.347743243756));
#2209 = DIRECTION('',(0.370060630534,-0.317739314136,-0.872981590861));
#2210 = DEFINITIONAL_REPRESENTATION('',(#2211),#2215);
#2211 = LINE('',#2212,#2213);
#2212 = CARTESIAN_POINT('',(-3.10862446895E-15,-5.));
#2213 = VECTOR('',#2214,1.);
#2214 = DIRECTION('',(1.,0.));
#2215 = ( GEOMETRIC_REPRESENTATION_CONTEXT(2) 
PARAMETRIC_REPRESENTATION_CONTEXT() REPRESENTATION_CONTEXT('2D SPACE',''
  ) );
#2216 = ORIENTED_EDGE('',*,*,#2217,.T.);
#2217 = EDGE_CURVE('',#2190,#2218,#2220,.T.);
#2218 = VERTEX_POINT('',#2219);
#2219 = CARTESIAN_POINT('',(50.7658203125,15.149507632553,
    54.932441136703));
#2220 = SURFACE_CURVE('',#2221,(#2225,#2232),.PCURVE_S1.);
#2221 = LINE('',#2222,#2223);
#2222 = CARTESIAN_POINT('',(47.729223632813,18.320785870286,
    63.645456485682));
#2223 = VECTOR('',#2224,1.);
#2224 = DIRECTION('',(0.311229707024,-0.325033615239,-0.893022518434));
#2225 = PCURVE('',#1055,#2226);
#2226 = DEFINITIONAL_REPRESENTATION('',(#2227),#2231);
#2227 = LINE('',#2228,#2229);
#2228 = CARTESIAN_POINT('',(11.375702527487,47.729223632813));
#2229 = VECTOR('',#2230,1.);
#2230 = DIRECTION('',(-0.950334714438,0.311229707024));
#2231 = ( GEOMETRIC_REPRESENTATION_CONTEXT(2) 
PARAMETRIC_REPRESENTATION_CONTEXT() REPRESENTATION_CONTEXT('2D SPACE',''
  ) );
#2232 = PCURVE('',#2233,#2238);
#2233 = PLANE('',#2234);
#2234 = AXIS2_PLACEMENT_3D('',#2235,#2236,#2237);
#2235 = CARTESIAN_POINT('',(47.729223632813,23.019248974216,
    61.935355769054));
#2236 = DIRECTION('',(0.950334714438,0.106446829004,0.29246025906));
#2237 = DIRECTION('',(0.311229707024,-0.325033615239,-0.893022518434));
#2238 = DEFINITIONAL_REPRESENTATION('',(#2239),#2243);
#2239 = LINE('',#2240,#2241);
#2240 = CARTESIAN_POINT('',(-2.886579864025E-15,-5.));
#2241 = VECTOR('',#2242,1.);
#2242 = DIRECTION('',(1.,-5.551115123126E-17));
#2243 = ( GEOMETRIC_REPRESENTATION_CONTEXT(2) 
PARAMETRIC_REPRESENTATION_CONTEXT() REPRESENTATION_CONTEXT('2D SPACE',''
  ) );
#2244 = ORIENTED_EDGE('',*,*,#2245,.T.);
#2245 = EDGE_CURVE('',#2218,#2246,#2248,.T.);
#2246 = VERTEX_POINT('',#2247);
#2247 = CARTESIAN_POINT('',(53.119741210938,11.985804606588,
    46.240238511005));
#2248 = SURFACE_CURVE('',#2249,(#2253,#2260),.PCURVE_S1.);
#2249 = LINE('',#2250,#2251);
#2250 = CARTESIAN_POINT('',(50.7658203125,15.149507632553,
    54.932441136703));
#2251 = VECTOR('',#2252,1.);
#2252 = DIRECTION('',(0.246616605115,-0.331456210094,-0.910668452771));
#2253 = PCURVE('',#1055,#2254);
#2254 = DEFINITIONAL_REPRESENTATION('',(#2255),#2259);
#2255 = LINE('',#2256,#2257);
#2256 = CARTESIAN_POINT('',(2.103505261862,50.7658203125));
#2257 = VECTOR('',#2258,1.);
#2258 = DIRECTION('',(-0.969113125534,0.246616605115));
#2259 = ( GEOMETRIC_REPRESENTATION_CONTEXT(2) 
PARAMETRIC_REPRESENTATION_CONTEXT() REPRESENTATION_CONTEXT('2D SPACE',''
  ) );
#2260 = PCURVE('',#2261,#2266);
#2261 = PLANE('',#2262);
#2262 = AXIS2_PLACEMENT_3D('',#2263,#2264,#2265);
#2263 = CARTESIAN_POINT('',(50.7658203125,19.847970736483,
    53.222340420075));
#2264 = DIRECTION('',(0.969113125534,8.434784662804E-02,0.23174380399));
#2265 = DIRECTION('',(0.246616605115,-0.331456210094,-0.910668452771));
#2266 = DEFINITIONAL_REPRESENTATION('',(#2267),#2271);
#2267 = LINE('',#2268,#2269);
#2268 = CARTESIAN_POINT('',(-3.10862446895E-15,-5.));
#2269 = VECTOR('',#2270,1.);
#2270 = DIRECTION('',(1.,0.));
#2271 = ( GEOMETRIC_REPRESENTATION_CONTEXT(2) 
PARAMETRIC_REPRESENTATION_CONTEXT() REPRESENTATION_CONTEXT('2D SPACE',''
  ) );
#2272 = ORIENTED_EDGE('',*,*,#2273,.T.);
#2273 = EDGE_CURVE('',#2246,#2274,#2276,.T.);
#2274 = VERTEX_POINT('',#2275);
#2275 = CARTESIAN_POINT('',(54.7284375,8.868815386528,37.676381012204));
#2276 = SURFACE_CURVE('',#2277,(#2281,#2288),.PCURVE_S1.);
#2277 = LINE('',#2278,#2279);
#2278 = CARTESIAN_POINT('',(53.119741210938,11.985804606588,
    46.240238511005));
#2279 = VECTOR('',#2280,1.);
#2280 = DIRECTION('',(0.173831174946,-0.336813046751,-0.925386240526));
#2281 = PCURVE('',#1055,#2282);
#2282 = DEFINITIONAL_REPRESENTATION('',(#2283),#2287);
#2283 = LINE('',#2284,#2285);
#2284 = CARTESIAN_POINT('',(-7.146543566263,53.119741210938));
#2285 = VECTOR('',#2286,1.);
#2286 = DIRECTION('',(-0.984775468123,0.173831174946));
#2287 = ( GEOMETRIC_REPRESENTATION_CONTEXT(2) 
PARAMETRIC_REPRESENTATION_CONTEXT() REPRESENTATION_CONTEXT('2D SPACE',''
  ) );
#2288 = PCURVE('',#2289,#2294);
#2289 = PLANE('',#2290);
#2290 = AXIS2_PLACEMENT_3D('',#2291,#2292,#2293);
#2291 = CARTESIAN_POINT('',(53.119741210938,16.684267710518,
    44.530137794376));
#2292 = DIRECTION('',(0.984775468123,5.94537633694E-02,0.163347872359));
#2293 = DIRECTION('',(0.173831174946,-0.336813046751,-0.925386240526));
#2294 = DEFINITIONAL_REPRESENTATION('',(#2295),#2299);
#2295 = LINE('',#2296,#2297);
#2296 = CARTESIAN_POINT('',(-3.330669073875E-15,-5.));
#2297 = VECTOR('',#2298,1.);
#2298 = DIRECTION('',(1.,0.));
#2299 = ( GEOMETRIC_REPRESENTATION_CONTEXT(2) 
PARAMETRIC_REPRESENTATION_CONTEXT() REPRESENTATION_CONTEXT('2D SPACE',''
  ) );
#2300 = ORIENTED_EDGE('',*,*,#2301,.T.);
#2301 = EDGE_CURVE('',#2274,#2302,#2304,.T.);
#2302 = VERTEX_POINT('',#2303);
#2303 = CARTESIAN_POINT('',(55.529360351563,5.837678566506,
    29.348401043918));
#2304 = SURFACE_CURVE('',#2305,(#2309,#2316),.PCURVE_S1.);
#2305 = LINE('',#2306,#2307);
#2306 = CARTESIAN_POINT('',(54.7284375,8.868815386528,37.676381012204));
#2307 = VECTOR('',#2308,1.);
#2308 = DIRECTION('',(9.000581020976E-02,-0.340631965751,-0.935878634245
    ));
#2309 = PCURVE('',#1055,#2310);
#2310 = DEFINITIONAL_REPRESENTATION('',(#2311),#2315);
#2311 = LINE('',#2312,#2313);
#2312 = CARTESIAN_POINT('',(-16.26001036313,54.7284375));
#2313 = VECTOR('',#2314,1.);
#2314 = DIRECTION('',(-0.995941240299,9.000581020976E-02));
#2315 = ( GEOMETRIC_REPRESENTATION_CONTEXT(2) 
PARAMETRIC_REPRESENTATION_CONTEXT() REPRESENTATION_CONTEXT('2D SPACE',''
  ) );
#2316 = PCURVE('',#2317,#2322);
#2317 = PLANE('',#2318);
#2318 = AXIS2_PLACEMENT_3D('',#2319,#2320,#2321);
#2319 = CARTESIAN_POINT('',(54.7284375,13.567278490457,35.966280295576)
  );
#2320 = DIRECTION('',(0.995941240299,3.078380010808E-02,
    8.457779568197E-02));
#2321 = DIRECTION('',(9.000581020976E-02,-0.340631965751,-0.935878634245
    ));
#2322 = DEFINITIONAL_REPRESENTATION('',(#2323),#2327);
#2323 = LINE('',#2324,#2325);
#2324 = CARTESIAN_POINT('',(-1.998401444325E-15,-5.));
#2325 = VECTOR('',#2326,1.);
#2326 = DIRECTION('',(1.,0.));
#2327 = ( GEOMETRIC_REPRESENTATION_CONTEXT(2) 
PARAMETRIC_REPRESENTATION_CONTEXT() REPRESENTATION_CONTEXT('2D SPACE',''
  ) );
#2328 = ORIENTED_EDGE('',*,*,#2329,.T.);
#2329 = EDGE_CURVE('',#2302,#2330,#2332,.T.);
#2330 = VERTEX_POINT('',#2331);
#2331 = CARTESIAN_POINT('',(55.4599609375,2.93153274066,21.363831009763)
  );
#2332 = SURFACE_CURVE('',#2333,(#2337,#2344),.PCURVE_S1.);
#2333 = LINE('',#2334,#2335);
#2334 = CARTESIAN_POINT('',(55.529360351563,5.837678566506,
    29.348401043918));
#2335 = VECTOR('',#2336,1.);
#2336 = DIRECTION('',(-8.167245317947E-03,-0.342008736097,
    -0.939661279684));
#2337 = PCURVE('',#1055,#2338);
#2338 = DEFINITIONAL_REPRESENTATION('',(#2339),#2343);
#2339 = LINE('',#2340,#2341);
#2340 = CARTESIAN_POINT('',(-25.12246153501,55.529360351563));
#2341 = VECTOR('',#2342,1.);
#2342 = DIRECTION('',(-0.999966647496,-8.167245317947E-03));
#2343 = ( GEOMETRIC_REPRESENTATION_CONTEXT(2) 
PARAMETRIC_REPRESENTATION_CONTEXT() REPRESENTATION_CONTEXT('2D SPACE',''
  ) );
#2344 = PCURVE('',#2345,#2350);
#2345 = PLANE('',#2346);
#2346 = AXIS2_PLACEMENT_3D('',#2347,#2348,#2349);
#2347 = CARTESIAN_POINT('',(55.529360351563,10.536141670436,
    27.638300327289));
#2348 = DIRECTION('',(0.999966647496,-2.79336241422E-03,
    -7.674700157424E-03));
#2349 = DIRECTION('',(-8.167245317947E-03,-0.342008736097,
    -0.939661279684));
#2350 = DEFINITIONAL_REPRESENTATION('',(#2351),#2355);
#2351 = LINE('',#2352,#2353);
#2352 = CARTESIAN_POINT('',(-2.886579864025E-15,-5.));
#2353 = VECTOR('',#2354,1.);
#2354 = DIRECTION('',(1.,0.));
#2355 = ( GEOMETRIC_REPRESENTATION_CONTEXT(2) 
PARAMETRIC_REPRESENTATION_CONTEXT() REPRESENTATION_CONTEXT('2D SPACE',''
  ) );
#2356 = ORIENTED_EDGE('',*,*,#2357,.T.);
#2357 = EDGE_CURVE('',#2330,#2358,#2360,.T.);
#2358 = VERTEX_POINT('',#2359);
#2359 = CARTESIAN_POINT('',(54.457690429688,0.189516503124,
    13.830203313356));
#2360 = SURFACE_CURVE('',#2361,(#2365,#2372),.PCURVE_S1.);
#2361 = LINE('',#2362,#2363);
#2362 = CARTESIAN_POINT('',(55.4599609375,2.93153274066,21.363831009763)
  );
#2363 = VECTOR('',#2364,1.);
#2364 = DIRECTION('',(-0.124050652062,-0.339378341056,-0.932434328704));
#2365 = PCURVE('',#1055,#2366);
#2366 = DEFINITIONAL_REPRESENTATION('',(#2367),#2371);
#2367 = LINE('',#2368,#2369);
#2368 = CARTESIAN_POINT('',(-33.61946348813,55.4599609375));
#2369 = VECTOR('',#2370,1.);
#2370 = DIRECTION('',(-0.9922758869,-0.124050652062));
#2371 = ( GEOMETRIC_REPRESENTATION_CONTEXT(2) 
PARAMETRIC_REPRESENTATION_CONTEXT() REPRESENTATION_CONTEXT('2D SPACE',''
  ) );
#2372 = PCURVE('',#2373,#2378);
#2373 = PLANE('',#2374);
#2374 = AXIS2_PLACEMENT_3D('',#2375,#2376,#2377);
#2375 = CARTESIAN_POINT('',(55.4599609375,7.629995844589,19.653730293134
    ));
#2376 = DIRECTION('',(0.9922758869,-4.242782179789E-02,-0.116569482346)
  );
#2377 = DIRECTION('',(-0.124050652062,-0.339378341056,-0.932434328704));
#2378 = DEFINITIONAL_REPRESENTATION('',(#2379),#2383);
#2379 = LINE('',#2380,#2381);
#2380 = CARTESIAN_POINT('',(-2.6645352591E-15,-5.));
#2381 = VECTOR('',#2382,1.);
#2382 = DIRECTION('',(1.,0.));
#2383 = ( GEOMETRIC_REPRESENTATION_CONTEXT(2) 
PARAMETRIC_REPRESENTATION_CONTEXT() REPRESENTATION_CONTEXT('2D SPACE',''
  ) );
#2384 = ORIENTED_EDGE('',*,*,#2385,.T.);
#2385 = EDGE_CURVE('',#2358,#2386,#2388,.T.);
#2386 = VERTEX_POINT('',#2387);
#2387 = CARTESIAN_POINT('',(52.46,-2.349231551965,6.855050358314));
#2388 = SURFACE_CURVE('',#2389,(#2393,#2400),.PCURVE_S1.);
#2389 = LINE('',#2390,#2391);
#2390 = CARTESIAN_POINT('',(54.457690429688,0.189516503124,
    13.830203313356));
#2391 = VECTOR('',#2392,1.);
#2392 = DIRECTION('',(-0.259881714602,-0.330268487897,-0.907405212855));
#2393 = PCURVE('',#1055,#2394);
#2394 = DEFINITIONAL_REPRESENTATION('',(#2395),#2399);
#2395 = LINE('',#2396,#2397);
#2396 = CARTESIAN_POINT('',(-41.63658262876,54.457690429688));
#2397 = VECTOR('',#2398,1.);
#2398 = DIRECTION('',(-0.96564045815,-0.259881714602));
#2399 = ( GEOMETRIC_REPRESENTATION_CONTEXT(2) 
PARAMETRIC_REPRESENTATION_CONTEXT() REPRESENTATION_CONTEXT('2D SPACE',''
  ) );
#2400 = PCURVE('',#1003,#2401);
#2401 = DEFINITIONAL_REPRESENTATION('',(#2402),#2406);
#2402 = LINE('',#2403,#2404);
#2403 = CARTESIAN_POINT('',(6.661338147751E-16,-5.));
#2404 = VECTOR('',#2405,1.);
#2405 = DIRECTION('',(1.,0.));
#2406 = ( GEOMETRIC_REPRESENTATION_CONTEXT(2) 
PARAMETRIC_REPRESENTATION_CONTEXT() REPRESENTATION_CONTEXT('2D SPACE',''
  ) );
#2407 = ORIENTED_EDGE('',*,*,#2408,.T.);
#2408 = EDGE_CURVE('',#2386,#1015,#2409,.T.);
#2409 = SURFACE_CURVE('',#2410,(#2414,#2421),.PCURVE_S1.);
#2410 = LINE('',#2411,#2412);
#2411 = CARTESIAN_POINT('',(52.46,-2.349231551965,6.855050358314));
#2412 = VECTOR('',#2413,1.);
#2413 = DIRECTION('',(-0.9930393229,-4.028425739524E-02,-0.110680087553)
  );
#2414 = PCURVE('',#1055,#2415);
#2415 = DEFINITIONAL_REPRESENTATION('',(#2416),#2420);
#2416 = LINE('',#2417,#2418);
#2417 = CARTESIAN_POINT('',(-49.05938536313,52.46));
#2418 = VECTOR('',#2419,1.);
#2419 = DIRECTION('',(-0.11778328903,-0.9930393229));
#2420 = ( GEOMETRIC_REPRESENTATION_CONTEXT(2) 
PARAMETRIC_REPRESENTATION_CONTEXT() REPRESENTATION_CONTEXT('2D SPACE',''
  ) );
#2421 = PCURVE('',#1029,#2422);
#2422 = DEFINITIONAL_REPRESENTATION('',(#2423),#2427);
#2423 = LINE('',#2424,#2425);
#2424 = CARTESIAN_POINT('',(-2.775557561563E-17,-5.));
#2425 = VECTOR('',#2426,1.);
#2426 = DIRECTION('',(1.,6.938893903907E-18));
#2427 = ( GEOMETRIC_REPRESENTATION_CONTEXT(2) 
PARAMETRIC_REPRESENTATION_CONTEXT() REPRESENTATION_CONTEXT('2D SPACE',''
  ) );
#2428 = ORIENTED_EDGE('',*,*,#1040,.T.);
#2429 = FACE_BOUND('',#2430,.F.);
#2430 = EDGE_LOOP('',(#2431));
#2431 = ORIENTED_EDGE('',*,*,#2432,.T.);
#2432 = EDGE_CURVE('',#2433,#2433,#2435,.T.);
#2433 = VERTEX_POINT('',#2434);
#2434 = CARTESIAN_POINT('',(-35.775,10.647533894411,42.563369948179));
#2435 = SURFACE_CURVE('',#2436,(#2441,#2452),.PCURVE_S1.);
#2436 = CIRCLE('',#2437,2.225);
#2437 = AXIS2_PLACEMENT_3D('',#2438,#2439,#2440);
#2438 = CARTESIAN_POINT('',(-38.,10.647533894411,42.563369948179));
#2439 = DIRECTION('',(0.,-0.939692620786,0.342020143326));
#2440 = DIRECTION('',(1.,0.,0.));
#2441 = PCURVE('',#1055,#2442);
#2442 = DEFINITIONAL_REPRESENTATION('',(#2443),#2451);
#2443 = ( BOUNDED_CURVE() B_SPLINE_CURVE(2,(#2444,#2445,#2446,#2447,
#2448,#2449,#2450),.UNSPECIFIED.,.T.,.F.) B_SPLINE_CURVE_WITH_KNOTS((1,2
    ,2,2,2,1),(-2.094395102393,0.,2.094395102393,4.188790204786,
6.28318530718,8.377580409573),.UNSPECIFIED.) CURVE() 
GEOMETRIC_REPRESENTATION_ITEM() RATIONAL_B_SPLINE_CURVE((1.,0.5,1.,0.5,
1.,0.5,1.)) REPRESENTATION_ITEM('') );
#2444 = CARTESIAN_POINT('',(-11.05938536313,-35.775));
#2445 = CARTESIAN_POINT('',(-7.205572316298,-35.775));
#2446 = CARTESIAN_POINT('',(-9.132478839718,-39.1125));
#2447 = CARTESIAN_POINT('',(-11.05938536313,-42.45));
#2448 = CARTESIAN_POINT('',(-12.98629188655,-39.1125));
#2449 = CARTESIAN_POINT('',(-14.91319840997,-35.775));
#2450 = CARTESIAN_POINT('',(-11.05938536313,-35.775));
#2451 = ( GEOMETRIC_REPRESENTATION_CONTEXT(2) 
PARAMETRIC_REPRESENTATION_CONTEXT() REPRESENTATION_CONTEXT('2D SPACE',''
  ) );
#2452 = PCURVE('',#2453,#2458);
#2453 = CYLINDRICAL_SURFACE('',#2454,2.225);
#2454 = AXIS2_PLACEMENT_3D('',#2455,#2456,#2457);
#2455 = CARTESIAN_POINT('',(-38.,10.647533894411,42.563369948179));
#2456 = DIRECTION('',(0.,-0.939692620786,0.342020143326));
#2457 = DIRECTION('',(1.,0.,0.));
#2458 = DEFINITIONAL_REPRESENTATION('',(#2459),#2463);
#2459 = LINE('',#2460,#2461);
#2460 = CARTESIAN_POINT('',(0.,0.));
#2461 = VECTOR('',#2462,1.);
#2462 = DIRECTION('',(1.,0.));
#2463 = ( GEOMETRIC_REPRESENTATION_CONTEXT(2) 
PARAMETRIC_REPRESENTATION_CONTEXT() REPRESENTATION_CONTEXT('2D SPACE',''
  ) );
#2464 = FACE_BOUND('',#2465,.F.);
#2465 = EDGE_LOOP('',(#2466));
#2466 = ORIENTED_EDGE('',*,*,#2467,.T.);
#2467 = EDGE_CURVE('',#2468,#2468,#2470,.T.);
#2468 = VERTEX_POINT('',#2469);
#2469 = CARTESIAN_POINT('',(-27.775,27.748541060694,89.548000987474));
#2470 = SURFACE_CURVE('',#2471,(#2476,#2487),.PCURVE_S1.);
#2471 = CIRCLE('',#2472,2.225);
#2472 = AXIS2_PLACEMENT_3D('',#2473,#2474,#2475);
#2473 = CARTESIAN_POINT('',(-30.,27.748541060694,89.548000987474));
#2474 = DIRECTION('',(0.,-0.939692620786,0.342020143326));
#2475 = DIRECTION('',(1.,0.,0.));
#2476 = PCURVE('',#1055,#2477);
#2477 = DEFINITIONAL_REPRESENTATION('',(#2478),#2486);
#2478 = ( BOUNDED_CURVE() B_SPLINE_CURVE(2,(#2479,#2480,#2481,#2482,
#2483,#2484,#2485),.UNSPECIFIED.,.T.,.F.) B_SPLINE_CURVE_WITH_KNOTS((1,2
    ,2,2,2,1),(-2.094395102393,0.,2.094395102393,4.188790204786,
6.28318530718,8.377580409573),.UNSPECIFIED.) CURVE() 
GEOMETRIC_REPRESENTATION_ITEM() RATIONAL_B_SPLINE_CURVE((1.,0.5,1.,0.5,
1.,0.5,1.)) REPRESENTATION_ITEM('') );
#2479 = CARTESIAN_POINT('',(38.940614636862,-27.775));
#2480 = CARTESIAN_POINT('',(42.794427683702,-27.775));
#2481 = CARTESIAN_POINT('',(40.867521160282,-31.1125));
#2482 = CARTESIAN_POINT('',(38.940614636862,-34.45));
#2483 = CARTESIAN_POINT('',(37.013708113441,-31.1125));
#2484 = CARTESIAN_POINT('',(35.086801590021,-27.775));
#2485 = CARTESIAN_POINT('',(38.940614636862,-27.775));
#2486 = ( GEOMETRIC_REPRESENTATION_CONTEXT(2) 
PARAMETRIC_REPRESENTATION_CONTEXT() REPRESENTATION_CONTEXT('2D SPACE',''
  ) );
#2487 = PCURVE('',#2488,#2493);
#2488 = CYLINDRICAL_SURFACE('',#2489,2.225);
#2489 = AXIS2_PLACEMENT_3D('',#2490,#2491,#2492);
#2490 = CARTESIAN_POINT('',(-30.,27.748541060694,89.548000987474));
#2491 = DIRECTION('',(0.,-0.939692620786,0.342020143326));
#2492 = DIRECTION('',(1.,0.,0.));
#2493 = DEFINITIONAL_REPRESENTATION('',(#2494),#2498);
#2494 = LINE('',#2495,#2496);
#2495 = CARTESIAN_POINT('',(0.,0.));
#2496 = VECTOR('',#2497,1.);
#2497 = DIRECTION('',(1.,0.));
#2498 = ( GEOMETRIC_REPRESENTATION_CONTEXT(2) 
PARAMETRIC_REPRESENTATION_CONTEXT() REPRESENTATION_CONTEXT('2D SPACE',''
  ) );
#2499 = FACE_BOUND('',#2500,.F.);
#2500 = EDGE_LOOP('',(#2501));
#2501 = ORIENTED_EDGE('',*,*,#2502,.T.);
#2502 = EDGE_CURVE('',#2503,#2503,#2505,.T.);
#2503 = VERTEX_POINT('',#2504);
#2504 = CARTESIAN_POINT('',(40.225,10.647533894411,42.563369948179));
#2505 = SURFACE_CURVE('',#2506,(#2511,#2522),.PCURVE_S1.);
#2506 = CIRCLE('',#2507,2.225);
#2507 = AXIS2_PLACEMENT_3D('',#2508,#2509,#2510);
#2508 = CARTESIAN_POINT('',(38.,10.647533894411,42.563369948179));
#2509 = DIRECTION('',(0.,-0.939692620786,0.342020143326));
#2510 = DIRECTION('',(1.,0.,0.));
#2511 = PCURVE('',#1055,#2512);
#2512 = DEFINITIONAL_REPRESENTATION('',(#2513),#2521);
#2513 = ( BOUNDED_CURVE() B_SPLINE_CURVE(2,(#2514,#2515,#2516,#2517,
#2518,#2519,#2520),.UNSPECIFIED.,.T.,.F.) B_SPLINE_CURVE_WITH_KNOTS((1,2
    ,2,2,2,1),(-2.094395102393,0.,2.094395102393,4.188790204786,
6.28318530718,8.377580409573),.UNSPECIFIED.) CURVE() 
GEOMETRIC_REPRESENTATION_ITEM() RATIONAL_B_SPLINE_CURVE((1.,0.5,1.,0.5,
1.,0.5,1.)) REPRESENTATION_ITEM('') );
#2514 = CARTESIAN_POINT('',(-11.05938536313,40.225));
#2515 = CARTESIAN_POINT('',(-7.205572316298,40.225));
#2516 = CARTESIAN_POINT('',(-9.132478839718,36.8875));
#2517 = CARTESIAN_POINT('',(-11.05938536313,33.55));
#2518 = CARTESIAN_POINT('',(-12.98629188655,36.8875));
#2519 = CARTESIAN_POINT('',(-14.91319840997,40.225));
#2520 = CARTESIAN_POINT('',(-11.05938536313,40.225));
#2521 = ( GEOMETRIC_REPRESENTATION_CONTEXT(2) 
PARAMETRIC_REPRESENTATION_CONTEXT() REPRESENTATION_CONTEXT('2D SPACE',''
  ) );
#2522 = PCURVE('',#2523,#2528);
#2523 = CYLINDRICAL_SURFACE('',#2524,2.225);
#2524 = AXIS2_PLACEMENT_3D('',#2525,#2526,#2527);
#2525 = CARTESIAN_POINT('',(38.,10.647533894411,42.563369948179));
#2526 = DIRECTION('',(0.,-0.939692620786,0.342020143326));
#2527 = DIRECTION('',(1.,0.,0.));
#2528 = DEFINITIONAL_REPRESENTATION('',(#2529),#2533);
#2529 = LINE('',#2530,#2531);
#2530 = CARTESIAN_POINT('',(0.,0.));
#2531 = VECTOR('',#2532,1.);
#2532 = DIRECTION('',(1.,0.));
#2533 = ( GEOMETRIC_REPRESENTATION_CONTEXT(2) 
PARAMETRIC_REPRESENTATION_CONTEXT() REPRESENTATION_CONTEXT('2D SPACE',''
  ) );
#2534 = FACE_BOUND('',#2535,.F.);
#2535 = EDGE_LOOP('',(#2536));
#2536 = ORIENTED_EDGE('',*,*,#2537,.T.);
#2537 = EDGE_CURVE('',#2538,#2538,#2540,.T.);
#2538 = VERTEX_POINT('',#2539);
#2539 = CARTESIAN_POINT('',(32.225,27.748541060694,89.548000987474));
#2540 = SURFACE_CURVE('',#2541,(#2546,#2557),.PCURVE_S1.);
#2541 = CIRCLE('',#2542,2.225);
#2542 = AXIS2_PLACEMENT_3D('',#2543,#2544,#2545);
#2543 = CARTESIAN_POINT('',(30.,27.748541060694,89.548000987474));
#2544 = DIRECTION('',(0.,-0.939692620786,0.342020143326));
#2545 = DIRECTION('',(1.,0.,0.));
#2546 = PCURVE('',#1055,#2547);
#2547 = DEFINITIONAL_REPRESENTATION('',(#2548),#2556);
#2548 = ( BOUNDED_CURVE() B_SPLINE_CURVE(2,(#2549,#2550,#2551,#2552,
#2553,#2554,#2555),.UNSPECIFIED.,.T.,.F.) B_SPLINE_CURVE_WITH_KNOTS((1,2
    ,2,2,2,1),(-2.094395102393,0.,2.094395102393,4.188790204786,
6.28318530718,8.377580409573),.UNSPECIFIED.) CURVE() 
GEOMETRIC_REPRESENTATION_ITEM() RATIONAL_B_SPLINE_CURVE((1.,0.5,1.,0.5,
1.,0.5,1.)) REPRESENTATION_ITEM('') );
#2549 = CARTESIAN_POINT('',(38.940614636862,32.225));
#2550 = CARTESIAN_POINT('',(42.794427683702,32.225));
#2551 = CARTESIAN_POINT('',(40.867521160282,28.8875));
#2552 = CARTESIAN_POINT('',(38.940614636862,25.55));
#2553 = CARTESIAN_POINT('',(37.013708113441,28.8875));
#2554 = CARTESIAN_POINT('',(35.086801590021,32.225));
#2555 = CARTESIAN_POINT('',(38.940614636862,32.225));
#2556 = ( GEOMETRIC_REPRESENTATION_CONTEXT(2) 
PARAMETRIC_REPRESENTATION_CONTEXT() REPRESENTATION_CONTEXT('2D SPACE',''
  ) );
#2557 = PCURVE('',#2558,#2563);
#2558 = CYLINDRICAL_SURFACE('',#2559,2.225);
#2559 = AXIS2_PLACEMENT_3D('',#2560,#2561,#2562);
#2560 = CARTESIAN_POINT('',(30.,27.748541060694,89.548000987474));
#2561 = DIRECTION('',(0.,-0.939692620786,0.342020143326));
#2562 = DIRECTION('',(1.,0.,0.));
#2563 = DEFINITIONAL_REPRESENTATION('',(#2564),#2568);
#2564 = LINE('',#2565,#2566);
#2565 = CARTESIAN_POINT('',(0.,0.));
#2566 = VECTOR('',#2567,1.);
#2567 = DIRECTION('',(1.,0.));
#2568 = ( GEOMETRIC_REPRESENTATION_CONTEXT(2) 
PARAMETRIC_REPRESENTATION_CONTEXT() REPRESENTATION_CONTEXT('2D SPACE',''
  ) );
#2569 = ADVANCED_FACE('',(#2570),#2558,.F.);
#2570 = FACE_BOUND('',#2571,.F.);
#2571 = EDGE_LOOP('',(#2572,#2595,#2622,#2623));
#2572 = ORIENTED_EDGE('',*,*,#2573,.T.);
#2573 = EDGE_CURVE('',#2538,#2574,#2576,.T.);
#2574 = VERTEX_POINT('',#2575);
#2575 = CARTESIAN_POINT('',(32.225,32.071127116309,87.974708328176));
#2576 = SEAM_CURVE('',#2577,(#2581,#2588),.PCURVE_S1.);
#2577 = LINE('',#2578,#2579);
#2578 = CARTESIAN_POINT('',(32.225,27.748541060694,89.548000987474));
#2579 = VECTOR('',#2580,1.);
#2580 = DIRECTION('',(0.,0.939692620786,-0.342020143326));
#2581 = PCURVE('',#2558,#2582);
#2582 = DEFINITIONAL_REPRESENTATION('',(#2583),#2587);
#2583 = LINE('',#2584,#2585);
#2584 = CARTESIAN_POINT('',(0.,0.));
#2585 = VECTOR('',#2586,1.);
#2586 = DIRECTION('',(0.,-1.));
#2587 = ( GEOMETRIC_REPRESENTATION_CONTEXT(2) 
PARAMETRIC_REPRESENTATION_CONTEXT() REPRESENTATION_CONTEXT('2D SPACE',''
  ) );
#2588 = PCURVE('',#2558,#2589);
#2589 = DEFINITIONAL_REPRESENTATION('',(#2590),#2594);
#2590 = LINE('',#2591,#2592);
#2591 = CARTESIAN_POINT('',(6.28318530718,0.));
#2592 = VECTOR('',#2593,1.);
#2593 = DIRECTION('',(0.,-1.));
#2594 = ( GEOMETRIC_REPRESENTATION_CONTEXT(2) 
PARAMETRIC_REPRESENTATION_CONTEXT() REPRESENTATION_CONTEXT('2D SPACE',''
  ) );
#2595 = ORIENTED_EDGE('',*,*,#2596,.T.);
#2596 = EDGE_CURVE('',#2574,#2574,#2597,.T.);
#2597 = SURFACE_CURVE('',#2598,(#2603,#2610),.PCURVE_S1.);
#2598 = CIRCLE('',#2599,2.225);
#2599 = AXIS2_PLACEMENT_3D('',#2600,#2601,#2602);
#2600 = CARTESIAN_POINT('',(30.,32.071127116309,87.974708328176));
#2601 = DIRECTION('',(0.,-0.939692620786,0.342020143326));
#2602 = DIRECTION('',(1.,0.,0.));
#2603 = PCURVE('',#2558,#2604);
#2604 = DEFINITIONAL_REPRESENTATION('',(#2605),#2609);
#2605 = LINE('',#2606,#2607);
#2606 = CARTESIAN_POINT('',(0.,-4.6));
#2607 = VECTOR('',#2608,1.);
#2608 = DIRECTION('',(1.,0.));
#2609 = ( GEOMETRIC_REPRESENTATION_CONTEXT(2) 
PARAMETRIC_REPRESENTATION_CONTEXT() REPRESENTATION_CONTEXT('2D SPACE',''
  ) );
#2610 = PCURVE('',#2611,#2616);
#2611 = PLANE('',#2612);
#2612 = AXIS2_PLACEMENT_3D('',#2613,#2614,#2615);
#2613 = CARTESIAN_POINT('',(30.,32.071127116309,87.974708328176));
#2614 = DIRECTION('',(-0.,-0.939692620786,0.342020143326));
#2615 = DIRECTION('',(0.,-0.342020143326,-0.939692620786));
#2616 = DEFINITIONAL_REPRESENTATION('',(#2617),#2621);
#2617 = CIRCLE('',#2618,2.225);
#2618 = AXIS2_PLACEMENT_2D('',#2619,#2620);
#2619 = CARTESIAN_POINT('',(1.578403459417E-14,-3.552713678801E-15));
#2620 = DIRECTION('',(0.,1.));
#2621 = ( GEOMETRIC_REPRESENTATION_CONTEXT(2) 
PARAMETRIC_REPRESENTATION_CONTEXT() REPRESENTATION_CONTEXT('2D SPACE',''
  ) );
#2622 = ORIENTED_EDGE('',*,*,#2573,.F.);
#2623 = ORIENTED_EDGE('',*,*,#2537,.F.);
#2624 = ADVANCED_FACE('',(#2625),#2611,.T.);
#2625 = FACE_BOUND('',#2626,.T.);
#2626 = EDGE_LOOP('',(#2627));
#2627 = ORIENTED_EDGE('',*,*,#2596,.T.);
#2628 = ADVANCED_FACE('',(#2629),#2523,.F.);
#2629 = FACE_BOUND('',#2630,.F.);
#2630 = EDGE_LOOP('',(#2631,#2654,#2681,#2682));
#2631 = ORIENTED_EDGE('',*,*,#2632,.T.);
#2632 = EDGE_CURVE('',#2503,#2633,#2635,.T.);
#2633 = VERTEX_POINT('',#2634);
#2634 = CARTESIAN_POINT('',(40.225,14.970119950026,40.990077288881));
#2635 = SEAM_CURVE('',#2636,(#2640,#2647),.PCURVE_S1.);
#2636 = LINE('',#2637,#2638);
#2637 = CARTESIAN_POINT('',(40.225,10.647533894411,42.563369948179));
#2638 = VECTOR('',#2639,1.);
#2639 = DIRECTION('',(0.,0.939692620786,-0.342020143326));
#2640 = PCURVE('',#2523,#2641);
#2641 = DEFINITIONAL_REPRESENTATION('',(#2642),#2646);
#2642 = LINE('',#2643,#2644);
#2643 = CARTESIAN_POINT('',(0.,0.));
#2644 = VECTOR('',#2645,1.);
#2645 = DIRECTION('',(0.,-1.));
#2646 = ( GEOMETRIC_REPRESENTATION_CONTEXT(2) 
PARAMETRIC_REPRESENTATION_CONTEXT() REPRESENTATION_CONTEXT('2D SPACE',''
  ) );
#2647 = PCURVE('',#2523,#2648);
#2648 = DEFINITIONAL_REPRESENTATION('',(#2649),#2653);
#2649 = LINE('',#2650,#2651);
#2650 = CARTESIAN_POINT('',(6.28318530718,0.));
#2651 = VECTOR('',#2652,1.);
#2652 = DIRECTION('',(0.,-1.));
#2653 = ( GEOMETRIC_REPRESENTATION_CONTEXT(2) 
PARAMETRIC_REPRESENTATION_CONTEXT() REPRESENTATION_CONTEXT('2D SPACE',''
  ) );
#2654 = ORIENTED_EDGE('',*,*,#2655,.T.);
#2655 = EDGE_CURVE('',#2633,#2633,#2656,.T.);
#2656 = SURFACE_CURVE('',#2657,(#2662,#2669),.PCURVE_S1.);
#2657 = CIRCLE('',#2658,2.225);
#2658 = AXIS2_PLACEMENT_3D('',#2659,#2660,#2661);
#2659 = CARTESIAN_POINT('',(38.,14.970119950026,40.990077288881));
#2660 = DIRECTION('',(0.,-0.939692620786,0.342020143326));
#2661 = DIRECTION('',(1.,0.,0.));
#2662 = PCURVE('',#2523,#2663);
#2663 = DEFINITIONAL_REPRESENTATION('',(#2664),#2668);
#2664 = LINE('',#2665,#2666);
#2665 = CARTESIAN_POINT('',(0.,-4.6));
#2666 = VECTOR('',#2667,1.);
#2667 = DIRECTION('',(1.,0.));
#2668 = ( GEOMETRIC_REPRESENTATION_CONTEXT(2) 
PARAMETRIC_REPRESENTATION_CONTEXT() REPRESENTATION_CONTEXT('2D SPACE',''
  ) );
#2669 = PCURVE('',#2670,#2675);
#2670 = PLANE('',#2671);
#2671 = AXIS2_PLACEMENT_3D('',#2672,#2673,#2674);
#2672 = CARTESIAN_POINT('',(38.,14.970119950026,40.990077288881));
#2673 = DIRECTION('',(-0.,-0.939692620786,0.342020143326));
#2674 = DIRECTION('',(0.,-0.342020143326,-0.939692620786));
#2675 = DEFINITIONAL_REPRESENTATION('',(#2676),#2680);
#2676 = CIRCLE('',#2677,2.225);
#2677 = AXIS2_PLACEMENT_2D('',#2678,#2679);
#2678 = CARTESIAN_POINT('',(7.892017297086E-15,-7.105427357601E-15));
#2679 = DIRECTION('',(0.,1.));
#2680 = ( GEOMETRIC_REPRESENTATION_CONTEXT(2) 
PARAMETRIC_REPRESENTATION_CONTEXT() REPRESENTATION_CONTEXT('2D SPACE',''
  ) );
#2681 = ORIENTED_EDGE('',*,*,#2632,.F.);
#2682 = ORIENTED_EDGE('',*,*,#2502,.F.);
#2683 = ADVANCED_FACE('',(#2684),#2670,.T.);
#2684 = FACE_BOUND('',#2685,.T.);
#2685 = EDGE_LOOP('',(#2686));
#2686 = ORIENTED_EDGE('',*,*,#2655,.T.);
#2687 = ADVANCED_FACE('',(#2688),#2488,.F.);
#2688 = FACE_BOUND('',#2689,.F.);
#2689 = EDGE_LOOP('',(#2690,#2713,#2740,#2741));
#2690 = ORIENTED_EDGE('',*,*,#2691,.T.);
#2691 = EDGE_CURVE('',#2468,#2692,#2694,.T.);
#2692 = VERTEX_POINT('',#2693);
#2693 = CARTESIAN_POINT('',(-27.775,32.071127116309,87.974708328176));
#2694 = SEAM_CURVE('',#2695,(#2699,#2706),.PCURVE_S1.);
#2695 = LINE('',#2696,#2697);
#2696 = CARTESIAN_POINT('',(-27.775,27.748541060694,89.548000987474));
#2697 = VECTOR('',#2698,1.);
#2698 = DIRECTION('',(0.,0.939692620786,-0.342020143326));
#2699 = PCURVE('',#2488,#2700);
#2700 = DEFINITIONAL_REPRESENTATION('',(#2701),#2705);
#2701 = LINE('',#2702,#2703);
#2702 = CARTESIAN_POINT('',(0.,0.));
#2703 = VECTOR('',#2704,1.);
#2704 = DIRECTION('',(0.,-1.));
#2705 = ( GEOMETRIC_REPRESENTATION_CONTEXT(2) 
PARAMETRIC_REPRESENTATION_CONTEXT() REPRESENTATION_CONTEXT('2D SPACE',''
  ) );
#2706 = PCURVE('',#2488,#2707);
#2707 = DEFINITIONAL_REPRESENTATION('',(#2708),#2712);
#2708 = LINE('',#2709,#2710);
#2709 = CARTESIAN_POINT('',(6.28318530718,0.));
#2710 = VECTOR('',#2711,1.);
#2711 = DIRECTION('',(0.,-1.));
#2712 = ( GEOMETRIC_REPRESENTATION_CONTEXT(2) 
PARAMETRIC_REPRESENTATION_CONTEXT() REPRESENTATION_CONTEXT('2D SPACE',''
  ) );
#2713 = ORIENTED_EDGE('',*,*,#2714,.T.);
#2714 = EDGE_CURVE('',#2692,#2692,#2715,.T.);
#2715 = SURFACE_CURVE('',#2716,(#2721,#2728),.PCURVE_S1.);
#2716 = CIRCLE('',#2717,2.225);
#2717 = AXIS2_PLACEMENT_3D('',#2718,#2719,#2720);
#2718 = CARTESIAN_POINT('',(-30.,32.071127116309,87.974708328176));
#2719 = DIRECTION('',(0.,-0.939692620786,0.342020143326));
#2720 = DIRECTION('',(1.,0.,0.));
#2721 = PCURVE('',#2488,#2722);
#2722 = DEFINITIONAL_REPRESENTATION('',(#2723),#2727);
#2723 = LINE('',#2724,#2725);
#2724 = CARTESIAN_POINT('',(0.,-4.6));
#2725 = VECTOR('',#2726,1.);
#2726 = DIRECTION('',(1.,0.));
#2727 = ( GEOMETRIC_REPRESENTATION_CONTEXT(2) 
PARAMETRIC_REPRESENTATION_CONTEXT() REPRESENTATION_CONTEXT('2D SPACE',''
  ) );
#2728 = PCURVE('',#2729,#2734);
#2729 = PLANE('',#2730);
#2730 = AXIS2_PLACEMENT_3D('',#2731,#2732,#2733);
#2731 = CARTESIAN_POINT('',(-30.,32.071127116309,87.974708328176));
#2732 = DIRECTION('',(-0.,-0.939692620786,0.342020143326));
#2733 = DIRECTION('',(0.,-0.342020143326,-0.939692620786));
#2734 = DEFINITIONAL_REPRESENTATION('',(#2735),#2739);
#2735 = CIRCLE('',#2736,2.225);
#2736 = AXIS2_PLACEMENT_2D('',#2737,#2738);
#2737 = CARTESIAN_POINT('',(1.578403459417E-14,0.));
#2738 = DIRECTION('',(0.,1.));
#2739 = ( GEOMETRIC_REPRESENTATION_CONTEXT(2) 
PARAMETRIC_REPRESENTATION_CONTEXT() REPRESENTATION_CONTEXT('2D SPACE',''
  ) );
#2740 = ORIENTED_EDGE('',*,*,#2691,.F.);
#2741 = ORIENTED_EDGE('',*,*,#2467,.F.);
#2742 = ADVANCED_FACE('',(#2743),#2729,.T.);
#2743 = FACE_BOUND('',#2744,.T.);
#2744 = EDGE_LOOP('',(#2745));
#2745 = ORIENTED_EDGE('',*,*,#2714,.T.);
#2746 = ADVANCED_FACE('',(#2747),#2453,.F.);
#2747 = FACE_BOUND('',#2748,.F.);
#2748 = EDGE_LOOP('',(#2749,#2772,#2799,#2800));
#2749 = ORIENTED_EDGE('',*,*,#2750,.T.);
#2750 = EDGE_CURVE('',#2433,#2751,#2753,.T.);
#2751 = VERTEX_POINT('',#2752);
#2752 = CARTESIAN_POINT('',(-35.775,14.970119950026,40.990077288881));
#2753 = SEAM_CURVE('',#2754,(#2758,#2765),.PCURVE_S1.);
#2754 = LINE('',#2755,#2756);
#2755 = CARTESIAN_POINT('',(-35.775,10.647533894411,42.563369948179));
#2756 = VECTOR('',#2757,1.);
#2757 = DIRECTION('',(0.,0.939692620786,-0.342020143326));
#2758 = PCURVE('',#2453,#2759);
#2759 = DEFINITIONAL_REPRESENTATION('',(#2760),#2764);
#2760 = LINE('',#2761,#2762);
#2761 = CARTESIAN_POINT('',(0.,0.));
#2762 = VECTOR('',#2763,1.);
#2763 = DIRECTION('',(0.,-1.));
#2764 = ( GEOMETRIC_REPRESENTATION_CONTEXT(2) 
PARAMETRIC_REPRESENTATION_CONTEXT() REPRESENTATION_CONTEXT('2D SPACE',''
  ) );
#2765 = PCURVE('',#2453,#2766);
#2766 = DEFINITIONAL_REPRESENTATION('',(#2767),#2771);
#2767 = LINE('',#2768,#2769);
#2768 = CARTESIAN_POINT('',(6.28318530718,0.));
#2769 = VECTOR('',#2770,1.);
#2770 = DIRECTION('',(0.,-1.));
#2771 = ( GEOMETRIC_REPRESENTATION_CONTEXT(2) 
PARAMETRIC_REPRESENTATION_CONTEXT() REPRESENTATION_CONTEXT('2D SPACE',''
  ) );
#2772 = ORIENTED_EDGE('',*,*,#2773,.T.);
#2773 = EDGE_CURVE('',#2751,#2751,#2774,.T.);
#2774 = SURFACE_CURVE('',#2775,(#2780,#2787),.PCURVE_S1.);
#2775 = CIRCLE('',#2776,2.225);
#2776 = AXIS2_PLACEMENT_3D('',#2777,#2778,#2779);
#2777 = CARTESIAN_POINT('',(-38.,14.970119950026,40.990077288881));
#2778 = DIRECTION('',(0.,-0.939692620786,0.342020143326));
#2779 = DIRECTION('',(1.,0.,0.));
#2780 = PCURVE('',#2453,#2781);
#2781 = DEFINITIONAL_REPRESENTATION('',(#2782),#2786);
#2782 = LINE('',#2783,#2784);
#2783 = CARTESIAN_POINT('',(0.,-4.6));
#2784 = VECTOR('',#2785,1.);
#2785 = DIRECTION('',(1.,0.));
#2786 = ( GEOMETRIC_REPRESENTATION_CONTEXT(2) 
PARAMETRIC_REPRESENTATION_CONTEXT() REPRESENTATION_CONTEXT('2D SPACE',''
  ) );
#2787 = PCURVE('',#2788,#2793);
#2788 = PLANE('',#2789);
#2789 = AXIS2_PLACEMENT_3D('',#2790,#2791,#2792);
#2790 = CARTESIAN_POINT('',(-38.,14.970119950026,40.990077288881));
#2791 = DIRECTION('',(-0.,-0.939692620786,0.342020143326));
#2792 = DIRECTION('',(0.,-0.342020143326,-0.939692620786));
#2793 = DEFINITIONAL_REPRESENTATION('',(#2794),#2798);
#2794 = CIRCLE('',#2795,2.225);
#2795 = AXIS2_PLACEMENT_2D('',#2796,#2797);
#2796 = CARTESIAN_POINT('',(7.892017297086E-15,7.105427357601E-15));
#2797 = DIRECTION('',(0.,1.));
#2798 = ( GEOMETRIC_REPRESENTATION_CONTEXT(2) 
PARAMETRIC_REPRESENTATION_CONTEXT() REPRESENTATION_CONTEXT('2D SPACE',''
  ) );
#2799 = ORIENTED_EDGE('',*,*,#2750,.F.);
#2800 = ORIENTED_EDGE('',*,*,#2432,.F.);
#2801 = ADVANCED_FACE('',(#2802),#2788,.T.);
#2802 = FACE_BOUND('',#2803,.T.);
#2803 = EDGE_LOOP('',(#2804));
#2804 = ORIENTED_EDGE('',*,*,#2773,.T.);
#2805 = ADVANCED_FACE('',(#2806),#1561,.T.);
#2806 = FACE_BOUND('',#2807,.T.);
#2807 = EDGE_LOOP('',(#2808,#2831,#2832,#2855));
#2808 = ORIENTED_EDGE('',*,*,#2809,.T.);
#2809 = EDGE_CURVE('',#2810,#1523,#2812,.T.);
#2810 = VERTEX_POINT('',#2811);
#2811 = CARTESIAN_POINT('',(-54.45769042968,4.887979607054,
    12.120102596727));
#2812 = SURFACE_CURVE('',#2813,(#2817,#2824),.PCURVE_S1.);
#2813 = LINE('',#2814,#2815);
#2814 = CARTESIAN_POINT('',(-54.45769042968,4.887979607054,
    12.120102596727));
#2815 = VECTOR('',#2816,1.);
#2816 = DIRECTION('',(0.,-0.939692620786,0.342020143326));
#2817 = PCURVE('',#1561,#2818);
#2818 = DEFINITIONAL_REPRESENTATION('',(#2819),#2823);
#2819 = LINE('',#2820,#2821);
#2820 = CARTESIAN_POINT('',(0.,0.));
#2821 = VECTOR('',#2822,1.);
#2822 = DIRECTION('',(0.,-1.));
#2823 = ( GEOMETRIC_REPRESENTATION_CONTEXT(2) 
PARAMETRIC_REPRESENTATION_CONTEXT() REPRESENTATION_CONTEXT('2D SPACE',''
  ) );
#2824 = PCURVE('',#951,#2825);
#2825 = DEFINITIONAL_REPRESENTATION('',(#2826),#2830);
#2826 = LINE('',#2827,#2828);
#2827 = CARTESIAN_POINT('',(7.686921847288,4.440892098501E-16));
#2828 = VECTOR('',#2829,1.);
#2829 = DIRECTION('',(0.,-1.));
#2830 = ( GEOMETRIC_REPRESENTATION_CONTEXT(2) 
PARAMETRIC_REPRESENTATION_CONTEXT() REPRESENTATION_CONTEXT('2D SPACE',''
  ) );
#2831 = ORIENTED_EDGE('',*,*,#1545,.T.);
#2832 = ORIENTED_EDGE('',*,*,#2833,.F.);
#2833 = EDGE_CURVE('',#2834,#1546,#2836,.T.);
#2834 = VERTEX_POINT('',#2835);
#2835 = CARTESIAN_POINT('',(-55.4599609375,7.629995844589,
    19.653730293134));
#2836 = SURFACE_CURVE('',#2837,(#2841,#2848),.PCURVE_S1.);
#2837 = LINE('',#2838,#2839);
#2838 = CARTESIAN_POINT('',(-55.4599609375,7.629995844589,
    19.653730293134));
#2839 = VECTOR('',#2840,1.);
#2840 = DIRECTION('',(0.,-0.939692620786,0.342020143326));
#2841 = PCURVE('',#1561,#2842);
#2842 = DEFINITIONAL_REPRESENTATION('',(#2843),#2847);
#2843 = LINE('',#2844,#2845);
#2844 = CARTESIAN_POINT('',(8.079526315683,-1.33226762955E-15));
#2845 = VECTOR('',#2846,1.);
#2846 = DIRECTION('',(0.,-1.));
#2847 = ( GEOMETRIC_REPRESENTATION_CONTEXT(2) 
PARAMETRIC_REPRESENTATION_CONTEXT() REPRESENTATION_CONTEXT('2D SPACE',''
  ) );
#2848 = PCURVE('',#1589,#2849);
#2849 = DEFINITIONAL_REPRESENTATION('',(#2850),#2854);
#2850 = LINE('',#2851,#2852);
#2851 = CARTESIAN_POINT('',(0.,0.));
#2852 = VECTOR('',#2853,1.);
#2853 = DIRECTION('',(0.,-1.));
#2854 = ( GEOMETRIC_REPRESENTATION_CONTEXT(2) 
PARAMETRIC_REPRESENTATION_CONTEXT() REPRESENTATION_CONTEXT('2D SPACE',''
  ) );
#2855 = ORIENTED_EDGE('',*,*,#2856,.F.);
#2856 = EDGE_CURVE('',#2810,#2834,#2857,.T.);
#2857 = SURFACE_CURVE('',#2858,(#2862,#2869),.PCURVE_S1.);
#2858 = LINE('',#2859,#2860);
#2859 = CARTESIAN_POINT('',(-54.45769042968,4.887979607054,
    12.120102596727));
#2860 = VECTOR('',#2861,1.);
#2861 = DIRECTION('',(-0.124050652062,0.339378341056,0.932434328704));
#2862 = PCURVE('',#1561,#2863);
#2863 = DEFINITIONAL_REPRESENTATION('',(#2864),#2868);
#2864 = LINE('',#2865,#2866);
#2865 = CARTESIAN_POINT('',(0.,0.));
#2866 = VECTOR('',#2867,1.);
#2867 = DIRECTION('',(1.,0.));
#2868 = ( GEOMETRIC_REPRESENTATION_CONTEXT(2) 
PARAMETRIC_REPRESENTATION_CONTEXT() REPRESENTATION_CONTEXT('2D SPACE',''
  ) );
#2869 = PCURVE('',#977,#2870);
#2870 = DEFINITIONAL_REPRESENTATION('',(#2871),#2875);
#2871 = LINE('',#2872,#2873);
#2872 = CARTESIAN_POINT('',(-41.63658262876,-54.45769042968));
#2873 = VECTOR('',#2874,1.);
#2874 = DIRECTION('',(0.9922758869,-0.124050652062));
#2875 = ( GEOMETRIC_REPRESENTATION_CONTEXT(2) 
PARAMETRIC_REPRESENTATION_CONTEXT() REPRESENTATION_CONTEXT('2D SPACE',''
  ) );
#2876 = ADVANCED_FACE('',(#2877),#1589,.T.);
#2877 = FACE_BOUND('',#2878,.T.);
#2878 = EDGE_LOOP('',(#2879,#2880,#2881,#2904));
#2879 = ORIENTED_EDGE('',*,*,#2833,.T.);
#2880 = ORIENTED_EDGE('',*,*,#1573,.T.);
#2881 = ORIENTED_EDGE('',*,*,#2882,.F.);
#2882 = EDGE_CURVE('',#2883,#1574,#2885,.T.);
#2883 = VERTEX_POINT('',#2884);
#2884 = CARTESIAN_POINT('',(-55.52936035156,10.536141670436,
    27.638300327289));
#2885 = SURFACE_CURVE('',#2886,(#2890,#2897),.PCURVE_S1.);
#2886 = LINE('',#2887,#2888);
#2887 = CARTESIAN_POINT('',(-55.52936035156,10.536141670436,
    27.638300327289));
#2888 = VECTOR('',#2889,1.);
#2889 = DIRECTION('',(0.,-0.939692620786,0.342020143326));
#2890 = PCURVE('',#1589,#2891);
#2891 = DEFINITIONAL_REPRESENTATION('',(#2892),#2896);
#2892 = LINE('',#2893,#2894);
#2893 = CARTESIAN_POINT('',(8.497285358871,4.440892098501E-16));
#2894 = VECTOR('',#2895,1.);
#2895 = DIRECTION('',(0.,-1.));
#2896 = ( GEOMETRIC_REPRESENTATION_CONTEXT(2) 
PARAMETRIC_REPRESENTATION_CONTEXT() REPRESENTATION_CONTEXT('2D SPACE',''
  ) );
#2897 = PCURVE('',#1617,#2898);
#2898 = DEFINITIONAL_REPRESENTATION('',(#2899),#2903);
#2899 = LINE('',#2900,#2901);
#2900 = CARTESIAN_POINT('',(0.,0.));
#2901 = VECTOR('',#2902,1.);
#2902 = DIRECTION('',(0.,-1.));
#2903 = ( GEOMETRIC_REPRESENTATION_CONTEXT(2) 
PARAMETRIC_REPRESENTATION_CONTEXT() REPRESENTATION_CONTEXT('2D SPACE',''
  ) );
#2904 = ORIENTED_EDGE('',*,*,#2905,.F.);
#2905 = EDGE_CURVE('',#2834,#2883,#2906,.T.);
#2906 = SURFACE_CURVE('',#2907,(#2911,#2918),.PCURVE_S1.);
#2907 = LINE('',#2908,#2909);
#2908 = CARTESIAN_POINT('',(-55.4599609375,7.629995844589,
    19.653730293134));
#2909 = VECTOR('',#2910,1.);
#2910 = DIRECTION('',(-8.167245317947E-03,0.342008736097,0.939661279684)
  );
#2911 = PCURVE('',#1589,#2912);
#2912 = DEFINITIONAL_REPRESENTATION('',(#2913),#2917);
#2913 = LINE('',#2914,#2915);
#2914 = CARTESIAN_POINT('',(0.,0.));
#2915 = VECTOR('',#2916,1.);
#2916 = DIRECTION('',(1.,0.));
#2917 = ( GEOMETRIC_REPRESENTATION_CONTEXT(2) 
PARAMETRIC_REPRESENTATION_CONTEXT() REPRESENTATION_CONTEXT('2D SPACE',''
  ) );
#2918 = PCURVE('',#977,#2919);
#2919 = DEFINITIONAL_REPRESENTATION('',(#2920),#2924);
#2920 = LINE('',#2921,#2922);
#2921 = CARTESIAN_POINT('',(-33.61946348813,-55.4599609375));
#2922 = VECTOR('',#2923,1.);
#2923 = DIRECTION('',(0.999966647496,-8.167245317947E-03));
#2924 = ( GEOMETRIC_REPRESENTATION_CONTEXT(2) 
PARAMETRIC_REPRESENTATION_CONTEXT() REPRESENTATION_CONTEXT('2D SPACE',''
  ) );
#2925 = ADVANCED_FACE('',(#2926),#1617,.T.);
#2926 = FACE_BOUND('',#2927,.T.);
#2927 = EDGE_LOOP('',(#2928,#2929,#2930,#2953));
#2928 = ORIENTED_EDGE('',*,*,#2882,.T.);
#2929 = ORIENTED_EDGE('',*,*,#1601,.T.);
#2930 = ORIENTED_EDGE('',*,*,#2931,.F.);
#2931 = EDGE_CURVE('',#2932,#1602,#2934,.T.);
#2932 = VERTEX_POINT('',#2933);
#2933 = CARTESIAN_POINT('',(-54.7284375,13.567278490457,35.966280295576)
  );
#2934 = SURFACE_CURVE('',#2935,(#2939,#2946),.PCURVE_S1.);
#2935 = LINE('',#2936,#2937);
#2936 = CARTESIAN_POINT('',(-54.7284375,13.567278490457,35.966280295576)
  );
#2937 = VECTOR('',#2938,1.);
#2938 = DIRECTION('',(0.,-0.939692620786,0.342020143326));
#2939 = PCURVE('',#1617,#2940);
#2940 = DEFINITIONAL_REPRESENTATION('',(#2941),#2945);
#2941 = LINE('',#2942,#2943);
#2942 = CARTESIAN_POINT('',(8.898568322378,2.22044604925E-15));
#2943 = VECTOR('',#2944,1.);
#2944 = DIRECTION('',(0.,-1.));
#2945 = ( GEOMETRIC_REPRESENTATION_CONTEXT(2) 
PARAMETRIC_REPRESENTATION_CONTEXT() REPRESENTATION_CONTEXT('2D SPACE',''
  ) );
#2946 = PCURVE('',#1645,#2947);
#2947 = DEFINITIONAL_REPRESENTATION('',(#2948),#2952);
#2948 = LINE('',#2949,#2950);
#2949 = CARTESIAN_POINT('',(0.,0.));
#2950 = VECTOR('',#2951,1.);
#2951 = DIRECTION('',(0.,-1.));
#2952 = ( GEOMETRIC_REPRESENTATION_CONTEXT(2) 
PARAMETRIC_REPRESENTATION_CONTEXT() REPRESENTATION_CONTEXT('2D SPACE',''
  ) );
#2953 = ORIENTED_EDGE('',*,*,#2954,.F.);
#2954 = EDGE_CURVE('',#2883,#2932,#2955,.T.);
#2955 = SURFACE_CURVE('',#2956,(#2960,#2967),.PCURVE_S1.);
#2956 = LINE('',#2957,#2958);
#2957 = CARTESIAN_POINT('',(-55.52936035156,10.536141670436,
    27.638300327289));
#2958 = VECTOR('',#2959,1.);
#2959 = DIRECTION('',(9.000581020976E-02,0.340631965751,0.935878634245)
  );
#2960 = PCURVE('',#1617,#2961);
#2961 = DEFINITIONAL_REPRESENTATION('',(#2962),#2966);
#2962 = LINE('',#2963,#2964);
#2963 = CARTESIAN_POINT('',(0.,0.));
#2964 = VECTOR('',#2965,1.);
#2965 = DIRECTION('',(1.,0.));
#2966 = ( GEOMETRIC_REPRESENTATION_CONTEXT(2) 
PARAMETRIC_REPRESENTATION_CONTEXT() REPRESENTATION_CONTEXT('2D SPACE',''
  ) );
#2967 = PCURVE('',#977,#2968);
#2968 = DEFINITIONAL_REPRESENTATION('',(#2969),#2973);
#2969 = LINE('',#2970,#2971);
#2970 = CARTESIAN_POINT('',(-25.12246153501,-55.52936035156));
#2971 = VECTOR('',#2972,1.);
#2972 = DIRECTION('',(0.995941240299,9.000581020976E-02));
#2973 = ( GEOMETRIC_REPRESENTATION_CONTEXT(2) 
PARAMETRIC_REPRESENTATION_CONTEXT() REPRESENTATION_CONTEXT('2D SPACE',''
  ) );
#2974 = ADVANCED_FACE('',(#2975),#1645,.T.);
#2975 = FACE_BOUND('',#2976,.T.);
#2976 = EDGE_LOOP('',(#2977,#2978,#2979,#3002));
#2977 = ORIENTED_EDGE('',*,*,#2931,.T.);
#2978 = ORIENTED_EDGE('',*,*,#1629,.T.);
#2979 = ORIENTED_EDGE('',*,*,#2980,.F.);
#2980 = EDGE_CURVE('',#2981,#1630,#2983,.T.);
#2981 = VERTEX_POINT('',#2982);
#2982 = CARTESIAN_POINT('',(-53.11974121093,16.684267710518,
    44.530137794376));
#2983 = SURFACE_CURVE('',#2984,(#2988,#2995),.PCURVE_S1.);
#2984 = LINE('',#2985,#2986);
#2985 = CARTESIAN_POINT('',(-53.11974121093,16.684267710518,
    44.530137794376));
#2986 = VECTOR('',#2987,1.);
#2987 = DIRECTION('',(0.,-0.939692620786,0.342020143326));
#2988 = PCURVE('',#1645,#2989);
#2989 = DEFINITIONAL_REPRESENTATION('',(#2990),#2994);
#2990 = LINE('',#2991,#2992);
#2991 = CARTESIAN_POINT('',(9.254360097175,-2.22044604925E-15));
#2992 = VECTOR('',#2993,1.);
#2993 = DIRECTION('',(0.,-1.));
#2994 = ( GEOMETRIC_REPRESENTATION_CONTEXT(2) 
PARAMETRIC_REPRESENTATION_CONTEXT() REPRESENTATION_CONTEXT('2D SPACE',''
  ) );
#2995 = PCURVE('',#1673,#2996);
#2996 = DEFINITIONAL_REPRESENTATION('',(#2997),#3001);
#2997 = LINE('',#2998,#2999);
#2998 = CARTESIAN_POINT('',(0.,0.));
#2999 = VECTOR('',#3000,1.);
#3000 = DIRECTION('',(0.,-1.));
#3001 = ( GEOMETRIC_REPRESENTATION_CONTEXT(2) 
PARAMETRIC_REPRESENTATION_CONTEXT() REPRESENTATION_CONTEXT('2D SPACE',''
  ) );
#3002 = ORIENTED_EDGE('',*,*,#3003,.F.);
#3003 = EDGE_CURVE('',#2932,#2981,#3004,.T.);
#3004 = SURFACE_CURVE('',#3005,(#3009,#3016),.PCURVE_S1.);
#3005 = LINE('',#3006,#3007);
#3006 = CARTESIAN_POINT('',(-54.7284375,13.567278490457,35.966280295576)
  );
#3007 = VECTOR('',#3008,1.);
#3008 = DIRECTION('',(0.173831174946,0.336813046751,0.925386240526));
#3009 = PCURVE('',#1645,#3010);
#3010 = DEFINITIONAL_REPRESENTATION('',(#3011),#3015);
#3011 = LINE('',#3012,#3013);
#3012 = CARTESIAN_POINT('',(0.,0.));
#3013 = VECTOR('',#3014,1.);
#3014 = DIRECTION('',(1.,0.));
#3015 = ( GEOMETRIC_REPRESENTATION_CONTEXT(2) 
PARAMETRIC_REPRESENTATION_CONTEXT() REPRESENTATION_CONTEXT('2D SPACE',''
  ) );
#3016 = PCURVE('',#977,#3017);
#3017 = DEFINITIONAL_REPRESENTATION('',(#3018),#3022);
#3018 = LINE('',#3019,#3020);
#3019 = CARTESIAN_POINT('',(-16.26001036313,-54.7284375));
#3020 = VECTOR('',#3021,1.);
#3021 = DIRECTION('',(0.984775468123,0.173831174946));
#3022 = ( GEOMETRIC_REPRESENTATION_CONTEXT(2) 
PARAMETRIC_REPRESENTATION_CONTEXT() REPRESENTATION_CONTEXT('2D SPACE',''
  ) );
#3023 = ADVANCED_FACE('',(#3024),#1673,.T.);
#3024 = FACE_BOUND('',#3025,.T.);
#3025 = EDGE_LOOP('',(#3026,#3027,#3028,#3051));
#3026 = ORIENTED_EDGE('',*,*,#2980,.T.);
#3027 = ORIENTED_EDGE('',*,*,#1657,.T.);
#3028 = ORIENTED_EDGE('',*,*,#3029,.F.);
#3029 = EDGE_CURVE('',#3030,#1658,#3032,.T.);
#3030 = VERTEX_POINT('',#3031);
#3031 = CARTESIAN_POINT('',(-50.7658203125,19.847970736483,
    53.222340420075));
#3032 = SURFACE_CURVE('',#3033,(#3037,#3044),.PCURVE_S1.);
#3033 = LINE('',#3034,#3035);
#3034 = CARTESIAN_POINT('',(-50.7658203125,19.847970736483,
    53.222340420075));
#3035 = VECTOR('',#3036,1.);
#3036 = DIRECTION('',(0.,-0.939692620786,0.342020143326));
#3037 = PCURVE('',#1673,#3038);
#3038 = DEFINITIONAL_REPRESENTATION('',(#3039),#3043);
#3039 = LINE('',#3040,#3041);
#3040 = CARTESIAN_POINT('',(9.544859711845,1.33226762955E-15));
#3041 = VECTOR('',#3042,1.);
#3042 = DIRECTION('',(0.,-1.));
#3043 = ( GEOMETRIC_REPRESENTATION_CONTEXT(2) 
PARAMETRIC_REPRESENTATION_CONTEXT() REPRESENTATION_CONTEXT('2D SPACE',''
  ) );
#3044 = PCURVE('',#1701,#3045);
#3045 = DEFINITIONAL_REPRESENTATION('',(#3046),#3050);
#3046 = LINE('',#3047,#3048);
#3047 = CARTESIAN_POINT('',(0.,0.));
#3048 = VECTOR('',#3049,1.);
#3049 = DIRECTION('',(-5.551115123126E-17,-1.));
#3050 = ( GEOMETRIC_REPRESENTATION_CONTEXT(2) 
PARAMETRIC_REPRESENTATION_CONTEXT() REPRESENTATION_CONTEXT('2D SPACE',''
  ) );
#3051 = ORIENTED_EDGE('',*,*,#3052,.F.);
#3052 = EDGE_CURVE('',#2981,#3030,#3053,.T.);
#3053 = SURFACE_CURVE('',#3054,(#3058,#3065),.PCURVE_S1.);
#3054 = LINE('',#3055,#3056);
#3055 = CARTESIAN_POINT('',(-53.11974121093,16.684267710518,
    44.530137794376));
#3056 = VECTOR('',#3057,1.);
#3057 = DIRECTION('',(0.246616605115,0.331456210094,0.910668452771));
#3058 = PCURVE('',#1673,#3059);
#3059 = DEFINITIONAL_REPRESENTATION('',(#3060),#3064);
#3060 = LINE('',#3061,#3062);
#3061 = CARTESIAN_POINT('',(0.,0.));
#3062 = VECTOR('',#3063,1.);
#3063 = DIRECTION('',(1.,0.));
#3064 = ( GEOMETRIC_REPRESENTATION_CONTEXT(2) 
PARAMETRIC_REPRESENTATION_CONTEXT() REPRESENTATION_CONTEXT('2D SPACE',''
  ) );
#3065 = PCURVE('',#977,#3066);
#3066 = DEFINITIONAL_REPRESENTATION('',(#3067),#3071);
#3067 = LINE('',#3068,#3069);
#3068 = CARTESIAN_POINT('',(-7.146543566263,-53.11974121093));
#3069 = VECTOR('',#3070,1.);
#3070 = DIRECTION('',(0.969113125534,0.246616605115));
#3071 = ( GEOMETRIC_REPRESENTATION_CONTEXT(2) 
PARAMETRIC_REPRESENTATION_CONTEXT() REPRESENTATION_CONTEXT('2D SPACE',''
  ) );
#3072 = ADVANCED_FACE('',(#3073),#1701,.T.);
#3073 = FACE_BOUND('',#3074,.T.);
#3074 = EDGE_LOOP('',(#3075,#3076,#3077,#3100));
#3075 = ORIENTED_EDGE('',*,*,#3029,.T.);
#3076 = ORIENTED_EDGE('',*,*,#1685,.T.);
#3077 = ORIENTED_EDGE('',*,*,#3078,.F.);
#3078 = EDGE_CURVE('',#3079,#1686,#3081,.T.);
#3079 = VERTEX_POINT('',#3080);
#3080 = CARTESIAN_POINT('',(-47.72922363281,23.019248974216,
    61.935355769054));
#3081 = SURFACE_CURVE('',#3082,(#3086,#3093),.PCURVE_S1.);
#3082 = LINE('',#3083,#3084);
#3083 = CARTESIAN_POINT('',(-47.72922363281,23.019248974216,
    61.935355769054));
#3084 = VECTOR('',#3085,1.);
#3085 = DIRECTION('',(0.,-0.939692620786,0.342020143326));
#3086 = PCURVE('',#1701,#3087);
#3087 = DEFINITIONAL_REPRESENTATION('',(#3088),#3092);
#3088 = LINE('',#3089,#3090);
#3089 = CARTESIAN_POINT('',(9.756770035609,-1.7763568394E-15));
#3090 = VECTOR('',#3091,1.);
#3091 = DIRECTION('',(-5.551115123126E-17,-1.));
#3092 = ( GEOMETRIC_REPRESENTATION_CONTEXT(2) 
PARAMETRIC_REPRESENTATION_CONTEXT() REPRESENTATION_CONTEXT('2D SPACE',''
  ) );
#3093 = PCURVE('',#1729,#3094);
#3094 = DEFINITIONAL_REPRESENTATION('',(#3095),#3099);
#3095 = LINE('',#3096,#3097);
#3096 = CARTESIAN_POINT('',(0.,0.));
#3097 = VECTOR('',#3098,1.);
#3098 = DIRECTION('',(0.,-1.));
#3099 = ( GEOMETRIC_REPRESENTATION_CONTEXT(2) 
PARAMETRIC_REPRESENTATION_CONTEXT() REPRESENTATION_CONTEXT('2D SPACE',''
  ) );
#3100 = ORIENTED_EDGE('',*,*,#3101,.F.);
#3101 = EDGE_CURVE('',#3030,#3079,#3102,.T.);
#3102 = SURFACE_CURVE('',#3103,(#3107,#3114),.PCURVE_S1.);
#3103 = LINE('',#3104,#3105);
#3104 = CARTESIAN_POINT('',(-50.7658203125,19.847970736483,
    53.222340420075));
#3105 = VECTOR('',#3106,1.);
#3106 = DIRECTION('',(0.311229707024,0.325033615239,0.893022518434));
#3107 = PCURVE('',#1701,#3108);
#3108 = DEFINITIONAL_REPRESENTATION('',(#3109),#3113);
#3109 = LINE('',#3110,#3111);
#3110 = CARTESIAN_POINT('',(0.,0.));
#3111 = VECTOR('',#3112,1.);
#3112 = DIRECTION('',(1.,5.551115123126E-17));
#3113 = ( GEOMETRIC_REPRESENTATION_CONTEXT(2) 
PARAMETRIC_REPRESENTATION_CONTEXT() REPRESENTATION_CONTEXT('2D SPACE',''
  ) );
#3114 = PCURVE('',#977,#3115);
#3115 = DEFINITIONAL_REPRESENTATION('',(#3116),#3120);
#3116 = LINE('',#3117,#3118);
#3117 = CARTESIAN_POINT('',(2.103505261862,-50.7658203125));
#3118 = VECTOR('',#3119,1.);
#3119 = DIRECTION('',(0.950334714438,0.311229707024));
#3120 = ( GEOMETRIC_REPRESENTATION_CONTEXT(2) 
PARAMETRIC_REPRESENTATION_CONTEXT() REPRESENTATION_CONTEXT('2D SPACE',''
  ) );
#3121 = ADVANCED_FACE('',(#3122),#1729,.T.);
#3122 = FACE_BOUND('',#3123,.T.);
#3123 = EDGE_LOOP('',(#3124,#3125,#3126,#3149));
#3124 = ORIENTED_EDGE('',*,*,#3078,.T.);
#3125 = ORIENTED_EDGE('',*,*,#1713,.T.);
#3126 = ORIENTED_EDGE('',*,*,#3127,.F.);
#3127 = EDGE_CURVE('',#3128,#1714,#3130,.T.);
#3128 = VERTEX_POINT('',#3129);
#3129 = CARTESIAN_POINT('',(-44.0725,26.158963829581,70.561651437697));
#3130 = SURFACE_CURVE('',#3131,(#3135,#3142),.PCURVE_S1.);
#3131 = LINE('',#3132,#3133);
#3132 = CARTESIAN_POINT('',(-44.0725,26.158963829581,70.561651437697));
#3133 = VECTOR('',#3134,1.);
#3134 = DIRECTION('',(0.,-0.939692620786,0.342020143326));
#3135 = PCURVE('',#1729,#3136);
#3136 = DEFINITIONAL_REPRESENTATION('',(#3137),#3141);
#3137 = LINE('',#3138,#3139);
#3138 = CARTESIAN_POINT('',(9.881417614018,4.440892098501E-16));
#3139 = VECTOR('',#3140,1.);
#3140 = DIRECTION('',(0.,-1.));
#3141 = ( GEOMETRIC_REPRESENTATION_CONTEXT(2) 
PARAMETRIC_REPRESENTATION_CONTEXT() REPRESENTATION_CONTEXT('2D SPACE',''
  ) );
#3142 = PCURVE('',#1757,#3143);
#3143 = DEFINITIONAL_REPRESENTATION('',(#3144),#3148);
#3144 = LINE('',#3145,#3146);
#3145 = CARTESIAN_POINT('',(0.,0.));
#3146 = VECTOR('',#3147,1.);
#3147 = DIRECTION('',(0.,-1.));
#3148 = ( GEOMETRIC_REPRESENTATION_CONTEXT(2) 
PARAMETRIC_REPRESENTATION_CONTEXT() REPRESENTATION_CONTEXT('2D SPACE',''
  ) );
#3149 = ORIENTED_EDGE('',*,*,#3150,.F.);
#3150 = EDGE_CURVE('',#3079,#3128,#3151,.T.);
#3151 = SURFACE_CURVE('',#3152,(#3156,#3163),.PCURVE_S1.);
#3152 = LINE('',#3153,#3154);
#3153 = CARTESIAN_POINT('',(-47.72922363281,23.019248974216,
    61.935355769054));
#3154 = VECTOR('',#3155,1.);
#3155 = DIRECTION('',(0.370060630534,0.317739314136,0.872981590861));
#3156 = PCURVE('',#1729,#3157);
#3157 = DEFINITIONAL_REPRESENTATION('',(#3158),#3162);
#3158 = LINE('',#3159,#3160);
#3159 = CARTESIAN_POINT('',(0.,0.));
#3160 = VECTOR('',#3161,1.);
#3161 = DIRECTION('',(1.,0.));
#3162 = ( GEOMETRIC_REPRESENTATION_CONTEXT(2) 
PARAMETRIC_REPRESENTATION_CONTEXT() REPRESENTATION_CONTEXT('2D SPACE',''
  ) );
#3163 = PCURVE('',#977,#3164);
#3164 = DEFINITIONAL_REPRESENTATION('',(#3165),#3169);
#3165 = LINE('',#3166,#3167);
#3166 = CARTESIAN_POINT('',(11.375702527487,-47.72922363281));
#3167 = VECTOR('',#3168,1.);
#3168 = DIRECTION('',(0.929007604774,0.370060630534));
#3169 = ( GEOMETRIC_REPRESENTATION_CONTEXT(2) 
PARAMETRIC_REPRESENTATION_CONTEXT() REPRESENTATION_CONTEXT('2D SPACE',''
  ) );
#3170 = ADVANCED_FACE('',(#3171),#1757,.T.);
#3171 = FACE_BOUND('',#3172,.T.);
#3172 = EDGE_LOOP('',(#3173,#3174,#3175,#3198));
#3173 = ORIENTED_EDGE('',*,*,#3127,.T.);
#3174 = ORIENTED_EDGE('',*,*,#1741,.T.);
#3175 = ORIENTED_EDGE('',*,*,#3176,.F.);
#3176 = EDGE_CURVE('',#3177,#1742,#3179,.T.);
#3177 = VERTEX_POINT('',#3178);
#3178 = CARTESIAN_POINT('',(-39.85819824218,29.227976708444,
    78.993695022387));
#3179 = SURFACE_CURVE('',#3180,(#3184,#3191),.PCURVE_S1.);
#3180 = LINE('',#3181,#3182);
#3181 = CARTESIAN_POINT('',(-39.85819824218,29.227976708444,
    78.993695022387));
#3182 = VECTOR('',#3183,1.);
#3183 = DIRECTION('',(0.,-0.939692620786,0.342020143326));
#3184 = PCURVE('',#1757,#3185);
#3185 = DEFINITIONAL_REPRESENTATION('',(#3186),#3190);
#3186 = LINE('',#3187,#3188);
#3187 = CARTESIAN_POINT('',(9.913553266646,0.));
#3188 = VECTOR('',#3189,1.);
#3189 = DIRECTION('',(0.,-1.));
#3190 = ( GEOMETRIC_REPRESENTATION_CONTEXT(2) 
PARAMETRIC_REPRESENTATION_CONTEXT() REPRESENTATION_CONTEXT('2D SPACE',''
  ) );
#3191 = PCURVE('',#1785,#3192);
#3192 = DEFINITIONAL_REPRESENTATION('',(#3193),#3197);
#3193 = LINE('',#3194,#3195);
#3194 = CARTESIAN_POINT('',(0.,0.));
#3195 = VECTOR('',#3196,1.);
#3196 = DIRECTION('',(0.,-1.));
#3197 = ( GEOMETRIC_REPRESENTATION_CONTEXT(2) 
PARAMETRIC_REPRESENTATION_CONTEXT() REPRESENTATION_CONTEXT('2D SPACE',''
  ) );
#3198 = ORIENTED_EDGE('',*,*,#3199,.F.);
#3199 = EDGE_CURVE('',#3128,#3177,#3200,.T.);
#3200 = SURFACE_CURVE('',#3201,(#3205,#3212),.PCURVE_S1.);
#3201 = LINE('',#3202,#3203);
#3202 = CARTESIAN_POINT('',(-44.0725,26.158963829581,70.561651437697));
#3203 = VECTOR('',#3204,1.);
#3204 = DIRECTION('',(0.425105070247,0.309577484108,0.850557147159));
#3205 = PCURVE('',#1757,#3206);
#3206 = DEFINITIONAL_REPRESENTATION('',(#3207),#3211);
#3207 = LINE('',#3208,#3209);
#3208 = CARTESIAN_POINT('',(0.,0.));
#3209 = VECTOR('',#3210,1.);
#3210 = DIRECTION('',(1.,0.));
#3211 = ( GEOMETRIC_REPRESENTATION_CONTEXT(2) 
PARAMETRIC_REPRESENTATION_CONTEXT() REPRESENTATION_CONTEXT('2D SPACE',''
  ) );
#3212 = PCURVE('',#977,#3213);
#3213 = DEFINITIONAL_REPRESENTATION('',(#3214),#3218);
#3214 = LINE('',#3215,#3216);
#3215 = CARTESIAN_POINT('',(20.555614636862,-44.0725));
#3216 = VECTOR('',#3217,1.);
#3217 = DIRECTION('',(0.905144010227,0.425105070247));
#3218 = ( GEOMETRIC_REPRESENTATION_CONTEXT(2) 
PARAMETRIC_REPRESENTATION_CONTEXT() REPRESENTATION_CONTEXT('2D SPACE',''
  ) );
#3219 = ADVANCED_FACE('',(#3220),#1785,.T.);
#3220 = FACE_BOUND('',#3221,.T.);
#3221 = EDGE_LOOP('',(#3222,#3223,#3224,#3247));
#3222 = ORIENTED_EDGE('',*,*,#3176,.T.);
#3223 = ORIENTED_EDGE('',*,*,#1769,.T.);
#3224 = ORIENTED_EDGE('',*,*,#3225,.F.);
#3225 = EDGE_CURVE('',#3226,#1770,#3228,.T.);
#3226 = VERTEX_POINT('',#3227);
#3227 = CARTESIAN_POINT('',(-35.1488671875,32.187149016667,
    87.123954119506));
#3228 = SURFACE_CURVE('',#3229,(#3233,#3240),.PCURVE_S1.);
#3229 = LINE('',#3230,#3231);
#3230 = CARTESIAN_POINT('',(-35.1488671875,32.187149016667,
    87.123954119506));
#3231 = VECTOR('',#3232,1.);
#3232 = DIRECTION('',(0.,-0.939692620786,0.342020143326));
#3233 = PCURVE('',#1785,#3234);
#3234 = DEFINITIONAL_REPRESENTATION('',(#3235),#3239);
#3235 = LINE('',#3236,#3237);
#3236 = CARTESIAN_POINT('',(9.85066559775,3.996802888651E-15));
#3237 = VECTOR('',#3238,1.);
#3238 = DIRECTION('',(0.,-1.));
#3239 = ( GEOMETRIC_REPRESENTATION_CONTEXT(2) 
PARAMETRIC_REPRESENTATION_CONTEXT() REPRESENTATION_CONTEXT('2D SPACE',''
  ) );
#3240 = PCURVE('',#1813,#3241);
#3241 = DEFINITIONAL_REPRESENTATION('',(#3242),#3246);
#3242 = LINE('',#3243,#3244);
#3243 = CARTESIAN_POINT('',(0.,0.));
#3244 = VECTOR('',#3245,1.);
#3245 = DIRECTION('',(0.,-1.));
#3246 = ( GEOMETRIC_REPRESENTATION_CONTEXT(2) 
PARAMETRIC_REPRESENTATION_CONTEXT() REPRESENTATION_CONTEXT('2D SPACE',''
  ) );
#3247 = ORIENTED_EDGE('',*,*,#3248,.F.);
#3248 = EDGE_CURVE('',#3177,#3226,#3249,.T.);
#3249 = SURFACE_CURVE('',#3250,(#3254,#3261),.PCURVE_S1.);
#3250 = LINE('',#3251,#3252);
#3251 = CARTESIAN_POINT('',(-39.85819824218,29.227976708444,
    78.993695022387));
#3252 = VECTOR('',#3253,1.);
#3253 = DIRECTION('',(0.478072370639,0.300403285327,0.825351243166));
#3254 = PCURVE('',#1785,#3255);
#3255 = DEFINITIONAL_REPRESENTATION('',(#3256),#3260);
#3256 = LINE('',#3257,#3258);
#3257 = CARTESIAN_POINT('',(0.,0.));
#3258 = VECTOR('',#3259,1.);
#3259 = DIRECTION('',(1.,0.));
#3260 = ( GEOMETRIC_REPRESENTATION_CONTEXT(2) 
PARAMETRIC_REPRESENTATION_CONTEXT() REPRESENTATION_CONTEXT('2D SPACE',''
  ) );
#3261 = PCURVE('',#977,#3262);
#3262 = DEFINITIONAL_REPRESENTATION('',(#3263),#3267);
#3263 = LINE('',#3264,#3265);
#3264 = CARTESIAN_POINT('',(29.528807996237,-39.85819824218));
#3265 = VECTOR('',#3266,1.);
#3266 = DIRECTION('',(0.878320447463,0.478072370639));
#3267 = ( GEOMETRIC_REPRESENTATION_CONTEXT(2) 
PARAMETRIC_REPRESENTATION_CONTEXT() REPRESENTATION_CONTEXT('2D SPACE',''
  ) );
#3268 = ADVANCED_FACE('',(#3269),#1813,.T.);
#3269 = FACE_BOUND('',#3270,.T.);
#3270 = EDGE_LOOP('',(#3271,#3272,#3273,#3296));
#3271 = ORIENTED_EDGE('',*,*,#3225,.T.);
#3272 = ORIENTED_EDGE('',*,*,#1797,.T.);
#3273 = ORIENTED_EDGE('',*,*,#3274,.F.);
#3274 = EDGE_CURVE('',#3275,#1798,#3277,.T.);
#3275 = VERTEX_POINT('',#3276);
#3276 = CARTESIAN_POINT('',(-30.00705566406,34.997342160116,
    94.844896325439));
#3277 = SURFACE_CURVE('',#3278,(#3282,#3289),.PCURVE_S1.);
#3278 = LINE('',#3279,#3280);
#3279 = CARTESIAN_POINT('',(-30.00705566406,34.997342160116,
    94.844896325439));
#3280 = VECTOR('',#3281,1.);
#3281 = DIRECTION('',(0.,-0.939692620786,0.342020143326));
#3282 = PCURVE('',#1813,#3283);
#3283 = DEFINITIONAL_REPRESENTATION('',(#3284),#3288);
#3284 = LINE('',#3285,#3286);
#3285 = CARTESIAN_POINT('',(9.692696208661,-1.33226762955E-15));
#3286 = VECTOR('',#3287,1.);
#3287 = DIRECTION('',(0.,-1.));
#3288 = ( GEOMETRIC_REPRESENTATION_CONTEXT(2) 
PARAMETRIC_REPRESENTATION_CONTEXT() REPRESENTATION_CONTEXT('2D SPACE',''
  ) );
#3289 = PCURVE('',#1841,#3290);
#3290 = DEFINITIONAL_REPRESENTATION('',(#3291),#3295);
#3291 = LINE('',#3292,#3293);
#3292 = CARTESIAN_POINT('',(0.,0.));
#3293 = VECTOR('',#3294,1.);
#3294 = DIRECTION('',(0.,-1.));
#3295 = ( GEOMETRIC_REPRESENTATION_CONTEXT(2) 
PARAMETRIC_REPRESENTATION_CONTEXT() REPRESENTATION_CONTEXT('2D SPACE',''
  ) );
#3296 = ORIENTED_EDGE('',*,*,#3297,.F.);
#3297 = EDGE_CURVE('',#3226,#3275,#3298,.T.);
#3298 = SURFACE_CURVE('',#3299,(#3303,#3310),.PCURVE_S1.);
#3299 = LINE('',#3300,#3301);
#3300 = CARTESIAN_POINT('',(-35.1488671875,32.187149016667,
    87.123954119506));
#3301 = VECTOR('',#3302,1.);
#3302 = DIRECTION('',(0.530483099103,0.289928940612,0.796573217577));
#3303 = PCURVE('',#1813,#3304);
#3304 = DEFINITIONAL_REPRESENTATION('',(#3305),#3309);
#3305 = LINE('',#3306,#3307);
#3306 = CARTESIAN_POINT('',(0.,0.));
#3307 = VECTOR('',#3308,1.);
#3308 = DIRECTION('',(1.,0.));
#3309 = ( GEOMETRIC_REPRESENTATION_CONTEXT(2) 
PARAMETRIC_REPRESENTATION_CONTEXT() REPRESENTATION_CONTEXT('2D SPACE',''
  ) );
#3310 = PCURVE('',#977,#3311);
#3311 = DEFINITIONAL_REPRESENTATION('',(#3312),#3316);
#3312 = LINE('',#3313,#3314);
#3313 = CARTESIAN_POINT('',(38.180849011862,-35.1488671875));
#3314 = VECTOR('',#3315,1.);
#3315 = DIRECTION('',(0.847695512295,0.530483099103));
#3316 = ( GEOMETRIC_REPRESENTATION_CONTEXT(2) 
PARAMETRIC_REPRESENTATION_CONTEXT() REPRESENTATION_CONTEXT('2D SPACE',''
  ) );
#3317 = ADVANCED_FACE('',(#3318),#1841,.T.);
#3318 = FACE_BOUND('',#3319,.T.);
#3319 = EDGE_LOOP('',(#3320,#3321,#3322,#3345));
#3320 = ORIENTED_EDGE('',*,*,#3274,.T.);
#3321 = ORIENTED_EDGE('',*,*,#1825,.T.);
#3322 = ORIENTED_EDGE('',*,*,#3323,.F.);
#3323 = EDGE_CURVE('',#3324,#1826,#3326,.T.);
#3324 = VERTEX_POINT('',#3325);
#3325 = CARTESIAN_POINT('',(-24.4953125,37.619417544656,102.04898923656)
  );
#3326 = SURFACE_CURVE('',#3327,(#3331,#3338),.PCURVE_S1.);
#3327 = LINE('',#3328,#3329);
#3328 = CARTESIAN_POINT('',(-24.4953125,37.619417544656,102.04898923656)
  );
#3329 = VECTOR('',#3330,1.);
#3330 = DIRECTION('',(0.,-0.939692620786,0.342020143326));
#3331 = PCURVE('',#1841,#3332);
#3332 = DEFINITIONAL_REPRESENTATION('',(#3333),#3337);
#3333 = LINE('',#3334,#3335);
#3334 = CARTESIAN_POINT('',(9.442115583966,-3.996802888651E-15));
#3335 = VECTOR('',#3336,1.);
#3336 = DIRECTION('',(0.,-1.));
#3337 = ( GEOMETRIC_REPRESENTATION_CONTEXT(2) 
PARAMETRIC_REPRESENTATION_CONTEXT() REPRESENTATION_CONTEXT('2D SPACE',''
  ) );
#3338 = PCURVE('',#1869,#3339);
#3339 = DEFINITIONAL_REPRESENTATION('',(#3340),#3344);
#3340 = LINE('',#3341,#3342);
#3341 = CARTESIAN_POINT('',(0.,0.));
#3342 = VECTOR('',#3343,1.);
#3343 = DIRECTION('',(2.775557561563E-17,-1.));
#3344 = ( GEOMETRIC_REPRESENTATION_CONTEXT(2) 
PARAMETRIC_REPRESENTATION_CONTEXT() REPRESENTATION_CONTEXT('2D SPACE',''
  ) );
#3345 = ORIENTED_EDGE('',*,*,#3346,.F.);
#3346 = EDGE_CURVE('',#3275,#3324,#3347,.T.);
#3347 = SURFACE_CURVE('',#3348,(#3352,#3359),.PCURVE_S1.);
#3348 = LINE('',#3349,#3350);
#3349 = CARTESIAN_POINT('',(-30.00705566406,34.997342160116,
    94.844896325439));
#3350 = VECTOR('',#3351,1.);
#3351 = DIRECTION('',(0.583740276747,0.277699988019,0.762974446464));
#3352 = PCURVE('',#1841,#3353);
#3353 = DEFINITIONAL_REPRESENTATION('',(#3354),#3358);
#3354 = LINE('',#3355,#3356);
#3355 = CARTESIAN_POINT('',(0.,0.));
#3356 = VECTOR('',#3357,1.);
#3357 = DIRECTION('',(1.,0.));
#3358 = ( GEOMETRIC_REPRESENTATION_CONTEXT(2) 
PARAMETRIC_REPRESENTATION_CONTEXT() REPRESENTATION_CONTEXT('2D SPACE',''
  ) );
#3359 = PCURVE('',#977,#3360);
#3360 = DEFINITIONAL_REPRESENTATION('',(#3361),#3365);
#3361 = LINE('',#3362,#3363);
#3362 = CARTESIAN_POINT('',(46.397304089987,-30.00705566406));
#3363 = VECTOR('',#3364,1.);
#3364 = DIRECTION('',(0.811940446894,0.583740276747));
#3365 = ( GEOMETRIC_REPRESENTATION_CONTEXT(2) 
PARAMETRIC_REPRESENTATION_CONTEXT() REPRESENTATION_CONTEXT('2D SPACE',''
  ) );
#3366 = ADVANCED_FACE('',(#3367),#1869,.T.);
#3367 = FACE_BOUND('',#3368,.T.);
#3368 = EDGE_LOOP('',(#3369,#3370,#3371,#3394));
#3369 = ORIENTED_EDGE('',*,*,#3323,.T.);
#3370 = ORIENTED_EDGE('',*,*,#1853,.T.);
#3371 = ORIENTED_EDGE('',*,*,#3372,.F.);
#3372 = EDGE_CURVE('',#3373,#1854,#3375,.T.);
#3373 = VERTEX_POINT('',#3374);
#3374 = CARTESIAN_POINT('',(-18.67618652343,40.014236576149,
    108.62870044927));
#3375 = SURFACE_CURVE('',#3376,(#3380,#3387),.PCURVE_S1.);
#3376 = LINE('',#3377,#3378);
#3377 = CARTESIAN_POINT('',(-18.67618652343,40.014236576149,
    108.62870044927));
#3378 = VECTOR('',#3379,1.);
#3379 = DIRECTION('',(0.,-0.939692620786,0.342020143326));
#3380 = PCURVE('',#1869,#3381);
#3381 = DEFINITIONAL_REPRESENTATION('',(#3382),#3386);
#3382 = LINE('',#3383,#3384);
#3383 = CARTESIAN_POINT('',(9.104393717725,0.));
#3384 = VECTOR('',#3385,1.);
#3385 = DIRECTION('',(2.775557561563E-17,-1.));
#3386 = ( GEOMETRIC_REPRESENTATION_CONTEXT(2) 
PARAMETRIC_REPRESENTATION_CONTEXT() REPRESENTATION_CONTEXT('2D SPACE',''
  ) );
#3387 = PCURVE('',#1897,#3388);
#3388 = DEFINITIONAL_REPRESENTATION('',(#3389),#3393);
#3389 = LINE('',#3390,#3391);
#3390 = CARTESIAN_POINT('',(0.,0.));
#3391 = VECTOR('',#3392,1.);
#3392 = DIRECTION('',(2.775557561563E-17,-1.));
#3393 = ( GEOMETRIC_REPRESENTATION_CONTEXT(2) 
PARAMETRIC_REPRESENTATION_CONTEXT() REPRESENTATION_CONTEXT('2D SPACE',''
  ) );
#3394 = ORIENTED_EDGE('',*,*,#3395,.F.);
#3395 = EDGE_CURVE('',#3324,#3373,#3396,.T.);
#3396 = SURFACE_CURVE('',#3397,(#3401,#3408),.PCURVE_S1.);
#3397 = LINE('',#3398,#3399);
#3398 = CARTESIAN_POINT('',(-24.4953125,37.619417544656,102.04898923656)
  );
#3399 = VECTOR('',#3400,1.);
#3400 = DIRECTION('',(0.639155791915,0.263039923991,0.72269625158));
#3401 = PCURVE('',#1869,#3402);
#3402 = DEFINITIONAL_REPRESENTATION('',(#3403),#3407);
#3403 = LINE('',#3404,#3405);
#3404 = CARTESIAN_POINT('',(0.,0.));
#3405 = VECTOR('',#3406,1.);
#3406 = DIRECTION('',(1.,-2.775557561563E-17));
#3407 = ( GEOMETRIC_REPRESENTATION_CONTEXT(2) 
PARAMETRIC_REPRESENTATION_CONTEXT() REPRESENTATION_CONTEXT('2D SPACE',''
  ) );
#3408 = PCURVE('',#977,#3409);
#3409 = DEFINITIONAL_REPRESENTATION('',(#3410),#3414);
#3410 = LINE('',#3411,#3412);
#3411 = CARTESIAN_POINT('',(54.063739636862,-24.4953125));
#3412 = VECTOR('',#3413,1.);
#3413 = DIRECTION('',(0.769077287183,0.639155791915));
#3414 = ( GEOMETRIC_REPRESENTATION_CONTEXT(2) 
PARAMETRIC_REPRESENTATION_CONTEXT() REPRESENTATION_CONTEXT('2D SPACE',''
  ) );
#3415 = ADVANCED_FACE('',(#3416),#1897,.T.);
#3416 = FACE_BOUND('',#3417,.T.);
#3417 = EDGE_LOOP('',(#3418,#3419,#3420,#3443));
#3418 = ORIENTED_EDGE('',*,*,#3372,.T.);
#3419 = ORIENTED_EDGE('',*,*,#1881,.T.);
#3420 = ORIENTED_EDGE('',*,*,#3421,.F.);
#3421 = EDGE_CURVE('',#3422,#1882,#3424,.T.);
#3422 = VERTEX_POINT('',#3423);
#3423 = CARTESIAN_POINT('',(-12.6122265625,42.142660660461,
    114.47649755994));
#3424 = SURFACE_CURVE('',#3425,(#3429,#3436),.PCURVE_S1.);
#3425 = LINE('',#3426,#3427);
#3426 = CARTESIAN_POINT('',(-12.6122265625,42.142660660461,
    114.47649755994));
#3427 = VECTOR('',#3428,1.);
#3428 = DIRECTION('',(0.,-0.939692620786,0.342020143326));
#3429 = PCURVE('',#1897,#3430);
#3430 = DEFINITIONAL_REPRESENTATION('',(#3431),#3435);
#3431 = LINE('',#3432,#3433);
#3432 = CARTESIAN_POINT('',(8.68898904005,2.6645352591E-15));
#3433 = VECTOR('',#3434,1.);
#3434 = DIRECTION('',(2.775557561563E-17,-1.));
#3435 = ( GEOMETRIC_REPRESENTATION_CONTEXT(2) 
PARAMETRIC_REPRESENTATION_CONTEXT() REPRESENTATION_CONTEXT('2D SPACE',''
  ) );
#3436 = PCURVE('',#1925,#3437);
#3437 = DEFINITIONAL_REPRESENTATION('',(#3438),#3442);
#3438 = LINE('',#3439,#3440);
#3439 = CARTESIAN_POINT('',(0.,0.));
#3440 = VECTOR('',#3441,1.);
#3441 = DIRECTION('',(-2.775557561563E-17,-1.));
#3442 = ( GEOMETRIC_REPRESENTATION_CONTEXT(2) 
PARAMETRIC_REPRESENTATION_CONTEXT() REPRESENTATION_CONTEXT('2D SPACE',''
  ) );
#3443 = ORIENTED_EDGE('',*,*,#3444,.F.);
#3444 = EDGE_CURVE('',#3373,#3422,#3445,.T.);
#3445 = SURFACE_CURVE('',#3446,(#3450,#3457),.PCURVE_S1.);
#3446 = LINE('',#3447,#3448);
#3447 = CARTESIAN_POINT('',(-18.67618652343,40.014236576149,
    108.62870044927));
#3448 = VECTOR('',#3449,1.);
#3449 = DIRECTION('',(0.697890161098,0.244956470137,0.673012370452));
#3450 = PCURVE('',#1897,#3451);
#3451 = DEFINITIONAL_REPRESENTATION('',(#3452),#3456);
#3452 = LINE('',#3453,#3454);
#3453 = CARTESIAN_POINT('',(0.,0.));
#3454 = VECTOR('',#3455,1.);
#3455 = DIRECTION('',(1.,-2.775557561563E-17));
#3456 = ( GEOMETRIC_REPRESENTATION_CONTEXT(2) 
PARAMETRIC_REPRESENTATION_CONTEXT() REPRESENTATION_CONTEXT('2D SPACE',''
  ) );
#3457 = PCURVE('',#977,#3458);
#3458 = DEFINITIONAL_REPRESENTATION('',(#3459),#3463);
#3459 = LINE('',#3460,#3461);
#3460 = CARTESIAN_POINT('',(61.065722058737,-18.67618652343));
#3461 = VECTOR('',#3462,1.);
#3462 = DIRECTION('',(0.716204805236,0.697890161098));
#3463 = ( GEOMETRIC_REPRESENTATION_CONTEXT(2) 
PARAMETRIC_REPRESENTATION_CONTEXT() REPRESENTATION_CONTEXT('2D SPACE',''
  ) );
#3464 = ADVANCED_FACE('',(#3465),#1925,.T.);
#3465 = FACE_BOUND('',#3466,.T.);
#3466 = EDGE_LOOP('',(#3467,#3468,#3469,#3492));
#3467 = ORIENTED_EDGE('',*,*,#3421,.T.);
#3468 = ORIENTED_EDGE('',*,*,#1909,.T.);
#3469 = ORIENTED_EDGE('',*,*,#3470,.F.);
#3470 = EDGE_CURVE('',#3471,#1910,#3473,.T.);
#3471 = VERTEX_POINT('',#3472);
#3472 = CARTESIAN_POINT('',(-6.365981445313,43.965551203456,
    119.48484816496));
#3473 = SURFACE_CURVE('',#3474,(#3478,#3485),.PCURVE_S1.);
#3474 = LINE('',#3475,#3476);
#3475 = CARTESIAN_POINT('',(-6.365981445313,43.965551203456,
    119.48484816496));
#3476 = VECTOR('',#3477,1.);
#3477 = DIRECTION('',(0.,-0.939692620786,0.342020143326));
#3478 = PCURVE('',#1925,#3479);
#3479 = DEFINITIONAL_REPRESENTATION('',(#3480),#3484);
#3480 = LINE('',#3481,#3482);
#3481 = CARTESIAN_POINT('',(8.211095163162,-1.998401444325E-15));
#3482 = VECTOR('',#3483,1.);
#3483 = DIRECTION('',(-2.775557561563E-17,-1.));
#3484 = ( GEOMETRIC_REPRESENTATION_CONTEXT(2) 
PARAMETRIC_REPRESENTATION_CONTEXT() REPRESENTATION_CONTEXT('2D SPACE',''
  ) );
#3485 = PCURVE('',#1953,#3486);
#3486 = DEFINITIONAL_REPRESENTATION('',(#3487),#3491);
#3487 = LINE('',#3488,#3489);
#3488 = CARTESIAN_POINT('',(0.,0.));
#3489 = VECTOR('',#3490,1.);
#3490 = DIRECTION('',(0.,-1.));
#3491 = ( GEOMETRIC_REPRESENTATION_CONTEXT(2) 
PARAMETRIC_REPRESENTATION_CONTEXT() REPRESENTATION_CONTEXT('2D SPACE',''
  ) );
#3492 = ORIENTED_EDGE('',*,*,#3493,.F.);
#3493 = EDGE_CURVE('',#3422,#3471,#3494,.T.);
#3494 = SURFACE_CURVE('',#3495,(#3499,#3506),.PCURVE_S1.);
#3495 = LINE('',#3496,#3497);
#3496 = CARTESIAN_POINT('',(-12.6122265625,42.142660660461,
    114.47649755994));
#3497 = VECTOR('',#3498,1.);
#3498 = DIRECTION('',(0.760707919354,0.222003338991,0.609949160921));
#3499 = PCURVE('',#1925,#3500);
#3500 = DEFINITIONAL_REPRESENTATION('',(#3501),#3505);
#3501 = LINE('',#3502,#3503);
#3502 = CARTESIAN_POINT('',(0.,0.));
#3503 = VECTOR('',#3504,1.);
#3504 = DIRECTION('',(1.,0.));
#3505 = ( GEOMETRIC_REPRESENTATION_CONTEXT(2) 
PARAMETRIC_REPRESENTATION_CONTEXT() REPRESENTATION_CONTEXT('2D SPACE',''
  ) );
#3506 = PCURVE('',#977,#3507);
#3507 = DEFINITIONAL_REPRESENTATION('',(#3508),#3512);
#3508 = LINE('',#3509,#3510);
#3509 = CARTESIAN_POINT('',(67.288817761862,-12.6122265625));
#3510 = VECTOR('',#3511,1.);
#3511 = DIRECTION('',(0.649094339393,0.760707919354));
#3512 = ( GEOMETRIC_REPRESENTATION_CONTEXT(2) 
PARAMETRIC_REPRESENTATION_CONTEXT() REPRESENTATION_CONTEXT('2D SPACE',''
  ) );
#3513 = ADVANCED_FACE('',(#3514),#1953,.T.);
#3514 = FACE_BOUND('',#3515,.T.);
#3515 = EDGE_LOOP('',(#3516,#3517,#3518,#3541));
#3516 = ORIENTED_EDGE('',*,*,#3470,.T.);
#3517 = ORIENTED_EDGE('',*,*,#1937,.T.);
#3518 = ORIENTED_EDGE('',*,*,#3519,.F.);
#3519 = EDGE_CURVE('',#3520,#1938,#3522,.T.);
#3520 = VERTEX_POINT('',#3521);
#3521 = CARTESIAN_POINT('',(0.,45.443769610999,123.54621986071));
#3522 = SURFACE_CURVE('',#3523,(#3527,#3534),.PCURVE_S1.);
#3523 = LINE('',#3524,#3525);
#3524 = CARTESIAN_POINT('',(0.,45.443769610999,123.54621986071));
#3525 = VECTOR('',#3526,1.);
#3526 = DIRECTION('',(0.,-0.939692620786,0.342020143326));
#3527 = PCURVE('',#1953,#3528);
#3528 = DEFINITIONAL_REPRESENTATION('',(#3529),#3533);
#3529 = LINE('',#3530,#3531);
#3530 = CARTESIAN_POINT('',(7.694516844706,-2.22044604925E-15));
#3531 = VECTOR('',#3532,1.);
#3532 = DIRECTION('',(0.,-1.));
#3533 = ( GEOMETRIC_REPRESENTATION_CONTEXT(2) 
PARAMETRIC_REPRESENTATION_CONTEXT() REPRESENTATION_CONTEXT('2D SPACE',''
  ) );
#3534 = PCURVE('',#1981,#3535);
#3535 = DEFINITIONAL_REPRESENTATION('',(#3536),#3540);
#3536 = LINE('',#3537,#3538);
#3537 = CARTESIAN_POINT('',(0.,0.));
#3538 = VECTOR('',#3539,1.);
#3539 = DIRECTION('',(0.,-1.));
#3540 = ( GEOMETRIC_REPRESENTATION_CONTEXT(2) 
PARAMETRIC_REPRESENTATION_CONTEXT() REPRESENTATION_CONTEXT('2D SPACE',''
  ) );
#3541 = ORIENTED_EDGE('',*,*,#3542,.F.);
#3542 = EDGE_CURVE('',#3471,#3520,#3543,.T.);
#3543 = SURFACE_CURVE('',#3544,(#3548,#3555),.PCURVE_S1.);
#3544 = LINE('',#3545,#3546);
#3545 = CARTESIAN_POINT('',(-6.365981445313,43.965551203456,
    119.48484816496));
#3546 = VECTOR('',#3547,1.);
#3547 = DIRECTION('',(0.827339984276,0.192113220021,0.527826733987));
#3548 = PCURVE('',#1953,#3549);
#3549 = DEFINITIONAL_REPRESENTATION('',(#3550),#3554);
#3550 = LINE('',#3551,#3552);
#3551 = CARTESIAN_POINT('',(0.,0.));
#3552 = VECTOR('',#3553,1.);
#3553 = DIRECTION('',(1.,0.));
#3554 = ( GEOMETRIC_REPRESENTATION_CONTEXT(2) 
PARAMETRIC_REPRESENTATION_CONTEXT() REPRESENTATION_CONTEXT('2D SPACE',''
  ) );
#3555 = PCURVE('',#977,#3556);
#3556 = DEFINITIONAL_REPRESENTATION('',(#3557),#3561);
#3557 = LINE('',#3558,#3559);
#3558 = CARTESIAN_POINT('',(72.618593152487,-6.365981445313));
#3559 = VECTOR('',#3560,1.);
#3560 = DIRECTION('',(0.561701478027,0.827339984276));
#3561 = ( GEOMETRIC_REPRESENTATION_CONTEXT(2) 
PARAMETRIC_REPRESENTATION_CONTEXT() REPRESENTATION_CONTEXT('2D SPACE',''
  ) );
#3562 = ADVANCED_FACE('',(#3563),#1981,.T.);
#3563 = FACE_BOUND('',#3564,.T.);
#3564 = EDGE_LOOP('',(#3565,#3566,#3567,#3590));
#3565 = ORIENTED_EDGE('',*,*,#3519,.T.);
#3566 = ORIENTED_EDGE('',*,*,#1965,.T.);
#3567 = ORIENTED_EDGE('',*,*,#3568,.F.);
#3568 = EDGE_CURVE('',#3569,#1966,#3571,.T.);
#3569 = VERTEX_POINT('',#3570);
#3570 = CARTESIAN_POINT('',(6.365981445313,43.965551203456,
    119.48484816496));
#3571 = SURFACE_CURVE('',#3572,(#3576,#3583),.PCURVE_S1.);
#3572 = LINE('',#3573,#3574);
#3573 = CARTESIAN_POINT('',(6.365981445313,43.965551203456,
    119.48484816496));
#3574 = VECTOR('',#3575,1.);
#3575 = DIRECTION('',(0.,-0.939692620786,0.342020143326));
#3576 = PCURVE('',#1981,#3577);
#3577 = DEFINITIONAL_REPRESENTATION('',(#3578),#3582);
#3578 = LINE('',#3579,#3580);
#3579 = CARTESIAN_POINT('',(7.694516844706,2.22044604925E-15));
#3580 = VECTOR('',#3581,1.);
#3581 = DIRECTION('',(0.,-1.));
#3582 = ( GEOMETRIC_REPRESENTATION_CONTEXT(2) 
PARAMETRIC_REPRESENTATION_CONTEXT() REPRESENTATION_CONTEXT('2D SPACE',''
  ) );
#3583 = PCURVE('',#2009,#3584);
#3584 = DEFINITIONAL_REPRESENTATION('',(#3585),#3589);
#3585 = LINE('',#3586,#3587);
#3586 = CARTESIAN_POINT('',(0.,0.));
#3587 = VECTOR('',#3588,1.);
#3588 = DIRECTION('',(2.775557561563E-17,-1.));
#3589 = ( GEOMETRIC_REPRESENTATION_CONTEXT(2) 
PARAMETRIC_REPRESENTATION_CONTEXT() REPRESENTATION_CONTEXT('2D SPACE',''
  ) );
#3590 = ORIENTED_EDGE('',*,*,#3591,.F.);
#3591 = EDGE_CURVE('',#3520,#3569,#3592,.T.);
#3592 = SURFACE_CURVE('',#3593,(#3597,#3604),.PCURVE_S1.);
#3593 = LINE('',#3594,#3595);
#3594 = CARTESIAN_POINT('',(0.,45.443769610999,123.54621986071));
#3595 = VECTOR('',#3596,1.);
#3596 = DIRECTION('',(0.827339984276,-0.192113220021,-0.527826733987));
#3597 = PCURVE('',#1981,#3598);
#3598 = DEFINITIONAL_REPRESENTATION('',(#3599),#3603);
#3599 = LINE('',#3600,#3601);
#3600 = CARTESIAN_POINT('',(0.,0.));
#3601 = VECTOR('',#3602,1.);
#3602 = DIRECTION('',(1.,0.));
#3603 = ( GEOMETRIC_REPRESENTATION_CONTEXT(2) 
PARAMETRIC_REPRESENTATION_CONTEXT() REPRESENTATION_CONTEXT('2D SPACE',''
  ) );
#3604 = PCURVE('',#977,#3605);
#3605 = DEFINITIONAL_REPRESENTATION('',(#3606),#3610);
#3606 = LINE('',#3607,#3608);
#3607 = CARTESIAN_POINT('',(76.940614636862,1.155288936034E-15));
#3608 = VECTOR('',#3609,1.);
#3609 = DIRECTION('',(-0.561701478027,0.827339984276));
#3610 = ( GEOMETRIC_REPRESENTATION_CONTEXT(2) 
PARAMETRIC_REPRESENTATION_CONTEXT() REPRESENTATION_CONTEXT('2D SPACE',''
  ) );
#3611 = ADVANCED_FACE('',(#3612),#2009,.T.);
#3612 = FACE_BOUND('',#3613,.T.);
#3613 = EDGE_LOOP('',(#3614,#3615,#3616,#3639));
#3614 = ORIENTED_EDGE('',*,*,#3568,.T.);
#3615 = ORIENTED_EDGE('',*,*,#1993,.T.);
#3616 = ORIENTED_EDGE('',*,*,#3617,.F.);
#3617 = EDGE_CURVE('',#3618,#1994,#3620,.T.);
#3618 = VERTEX_POINT('',#3619);
#3619 = CARTESIAN_POINT('',(12.6122265625,42.142660660461,
    114.47649755994));
#3620 = SURFACE_CURVE('',#3621,(#3625,#3632),.PCURVE_S1.);
#3621 = LINE('',#3622,#3623);
#3622 = CARTESIAN_POINT('',(12.6122265625,42.142660660461,
    114.47649755994));
#3623 = VECTOR('',#3624,1.);
#3624 = DIRECTION('',(0.,-0.939692620786,0.342020143326));
#3625 = PCURVE('',#2009,#3626);
#3626 = DEFINITIONAL_REPRESENTATION('',(#3627),#3631);
#3627 = LINE('',#3628,#3629);
#3628 = CARTESIAN_POINT('',(8.211095163162,1.998401444325E-15));
#3629 = VECTOR('',#3630,1.);
#3630 = DIRECTION('',(2.775557561563E-17,-1.));
#3631 = ( GEOMETRIC_REPRESENTATION_CONTEXT(2) 
PARAMETRIC_REPRESENTATION_CONTEXT() REPRESENTATION_CONTEXT('2D SPACE',''
  ) );
#3632 = PCURVE('',#2037,#3633);
#3633 = DEFINITIONAL_REPRESENTATION('',(#3634),#3638);
#3634 = LINE('',#3635,#3636);
#3635 = CARTESIAN_POINT('',(0.,0.));
#3636 = VECTOR('',#3637,1.);
#3637 = DIRECTION('',(-2.775557561563E-17,-1.));
#3638 = ( GEOMETRIC_REPRESENTATION_CONTEXT(2) 
PARAMETRIC_REPRESENTATION_CONTEXT() REPRESENTATION_CONTEXT('2D SPACE',''
  ) );
#3639 = ORIENTED_EDGE('',*,*,#3640,.F.);
#3640 = EDGE_CURVE('',#3569,#3618,#3641,.T.);
#3641 = SURFACE_CURVE('',#3642,(#3646,#3653),.PCURVE_S1.);
#3642 = LINE('',#3643,#3644);
#3643 = CARTESIAN_POINT('',(6.365981445313,43.965551203456,
    119.48484816496));
#3644 = VECTOR('',#3645,1.);
#3645 = DIRECTION('',(0.760707919354,-0.222003338991,-0.609949160921));
#3646 = PCURVE('',#2009,#3647);
#3647 = DEFINITIONAL_REPRESENTATION('',(#3648),#3652);
#3648 = LINE('',#3649,#3650);
#3649 = CARTESIAN_POINT('',(0.,0.));
#3650 = VECTOR('',#3651,1.);
#3651 = DIRECTION('',(1.,0.));
#3652 = ( GEOMETRIC_REPRESENTATION_CONTEXT(2) 
PARAMETRIC_REPRESENTATION_CONTEXT() REPRESENTATION_CONTEXT('2D SPACE',''
  ) );
#3653 = PCURVE('',#977,#3654);
#3654 = DEFINITIONAL_REPRESENTATION('',(#3655),#3659);
#3655 = LINE('',#3656,#3657);
#3656 = CARTESIAN_POINT('',(72.618593152487,6.365981445313));
#3657 = VECTOR('',#3658,1.);
#3658 = DIRECTION('',(-0.649094339393,0.760707919354));
#3659 = ( GEOMETRIC_REPRESENTATION_CONTEXT(2) 
PARAMETRIC_REPRESENTATION_CONTEXT() REPRESENTATION_CONTEXT('2D SPACE',''
  ) );
#3660 = ADVANCED_FACE('',(#3661),#2037,.T.);
#3661 = FACE_BOUND('',#3662,.T.);
#3662 = EDGE_LOOP('',(#3663,#3664,#3665,#3688));
#3663 = ORIENTED_EDGE('',*,*,#3617,.T.);
#3664 = ORIENTED_EDGE('',*,*,#2021,.T.);
#3665 = ORIENTED_EDGE('',*,*,#3666,.F.);
#3666 = EDGE_CURVE('',#3667,#2022,#3669,.T.);
#3667 = VERTEX_POINT('',#3668);
#3668 = CARTESIAN_POINT('',(18.676186523438,40.014236576149,
    108.62870044927));
#3669 = SURFACE_CURVE('',#3670,(#3674,#3681),.PCURVE_S1.);
#3670 = LINE('',#3671,#3672);
#3671 = CARTESIAN_POINT('',(18.676186523438,40.014236576149,
    108.62870044927));
#3672 = VECTOR('',#3673,1.);
#3673 = DIRECTION('',(0.,-0.939692620786,0.342020143326));
#3674 = PCURVE('',#2037,#3675);
#3675 = DEFINITIONAL_REPRESENTATION('',(#3676),#3680);
#3676 = LINE('',#3677,#3678);
#3677 = CARTESIAN_POINT('',(8.68898904005,-2.6645352591E-15));
#3678 = VECTOR('',#3679,1.);
#3679 = DIRECTION('',(-2.775557561563E-17,-1.));
#3680 = ( GEOMETRIC_REPRESENTATION_CONTEXT(2) 
PARAMETRIC_REPRESENTATION_CONTEXT() REPRESENTATION_CONTEXT('2D SPACE',''
  ) );
#3681 = PCURVE('',#2065,#3682);
#3682 = DEFINITIONAL_REPRESENTATION('',(#3683),#3687);
#3683 = LINE('',#3684,#3685);
#3684 = CARTESIAN_POINT('',(0.,0.));
#3685 = VECTOR('',#3686,1.);
#3686 = DIRECTION('',(-2.775557561563E-17,-1.));
#3687 = ( GEOMETRIC_REPRESENTATION_CONTEXT(2) 
PARAMETRIC_REPRESENTATION_CONTEXT() REPRESENTATION_CONTEXT('2D SPACE',''
  ) );
#3688 = ORIENTED_EDGE('',*,*,#3689,.F.);
#3689 = EDGE_CURVE('',#3618,#3667,#3690,.T.);
#3690 = SURFACE_CURVE('',#3691,(#3695,#3702),.PCURVE_S1.);
#3691 = LINE('',#3692,#3693);
#3692 = CARTESIAN_POINT('',(12.6122265625,42.142660660461,
    114.47649755994));
#3693 = VECTOR('',#3694,1.);
#3694 = DIRECTION('',(0.697890161098,-0.244956470137,-0.673012370452));
#3695 = PCURVE('',#2037,#3696);
#3696 = DEFINITIONAL_REPRESENTATION('',(#3697),#3701);
#3697 = LINE('',#3698,#3699);
#3698 = CARTESIAN_POINT('',(0.,0.));
#3699 = VECTOR('',#3700,1.);
#3700 = DIRECTION('',(1.,2.775557561563E-17));
#3701 = ( GEOMETRIC_REPRESENTATION_CONTEXT(2) 
PARAMETRIC_REPRESENTATION_CONTEXT() REPRESENTATION_CONTEXT('2D SPACE',''
  ) );
#3702 = PCURVE('',#977,#3703);
#3703 = DEFINITIONAL_REPRESENTATION('',(#3704),#3708);
#3704 = LINE('',#3705,#3706);
#3705 = CARTESIAN_POINT('',(67.288817761862,12.6122265625));
#3706 = VECTOR('',#3707,1.);
#3707 = DIRECTION('',(-0.716204805236,0.697890161098));
#3708 = ( GEOMETRIC_REPRESENTATION_CONTEXT(2) 
PARAMETRIC_REPRESENTATION_CONTEXT() REPRESENTATION_CONTEXT('2D SPACE',''
  ) );
#3709 = ADVANCED_FACE('',(#3710),#2065,.T.);
#3710 = FACE_BOUND('',#3711,.T.);
#3711 = EDGE_LOOP('',(#3712,#3713,#3714,#3737));
#3712 = ORIENTED_EDGE('',*,*,#3666,.T.);
#3713 = ORIENTED_EDGE('',*,*,#2049,.T.);
#3714 = ORIENTED_EDGE('',*,*,#3715,.F.);
#3715 = EDGE_CURVE('',#3716,#2050,#3718,.T.);
#3716 = VERTEX_POINT('',#3717);
#3717 = CARTESIAN_POINT('',(24.4953125,37.619417544656,102.04898923656)
  );
#3718 = SURFACE_CURVE('',#3719,(#3723,#3730),.PCURVE_S1.);
#3719 = LINE('',#3720,#3721);
#3720 = CARTESIAN_POINT('',(24.4953125,37.619417544656,102.04898923656)
  );
#3721 = VECTOR('',#3722,1.);
#3722 = DIRECTION('',(0.,-0.939692620786,0.342020143326));
#3723 = PCURVE('',#2065,#3724);
#3724 = DEFINITIONAL_REPRESENTATION('',(#3725),#3729);
#3725 = LINE('',#3726,#3727);
#3726 = CARTESIAN_POINT('',(9.104393717725,0.));
#3727 = VECTOR('',#3728,1.);
#3728 = DIRECTION('',(-2.775557561563E-17,-1.));
#3729 = ( GEOMETRIC_REPRESENTATION_CONTEXT(2) 
PARAMETRIC_REPRESENTATION_CONTEXT() REPRESENTATION_CONTEXT('2D SPACE',''
  ) );
#3730 = PCURVE('',#2093,#3731);
#3731 = DEFINITIONAL_REPRESENTATION('',(#3732),#3736);
#3732 = LINE('',#3733,#3734);
#3733 = CARTESIAN_POINT('',(0.,0.));
#3734 = VECTOR('',#3735,1.);
#3735 = DIRECTION('',(0.,-1.));
#3736 = ( GEOMETRIC_REPRESENTATION_CONTEXT(2) 
PARAMETRIC_REPRESENTATION_CONTEXT() REPRESENTATION_CONTEXT('2D SPACE',''
  ) );
#3737 = ORIENTED_EDGE('',*,*,#3738,.F.);
#3738 = EDGE_CURVE('',#3667,#3716,#3739,.T.);
#3739 = SURFACE_CURVE('',#3740,(#3744,#3751),.PCURVE_S1.);
#3740 = LINE('',#3741,#3742);
#3741 = CARTESIAN_POINT('',(18.676186523438,40.014236576149,
    108.62870044927));
#3742 = VECTOR('',#3743,1.);
#3743 = DIRECTION('',(0.639155791915,-0.263039923991,-0.72269625158));
#3744 = PCURVE('',#2065,#3745);
#3745 = DEFINITIONAL_REPRESENTATION('',(#3746),#3750);
#3746 = LINE('',#3747,#3748);
#3747 = CARTESIAN_POINT('',(0.,0.));
#3748 = VECTOR('',#3749,1.);
#3749 = DIRECTION('',(1.,2.775557561563E-17));
#3750 = ( GEOMETRIC_REPRESENTATION_CONTEXT(2) 
PARAMETRIC_REPRESENTATION_CONTEXT() REPRESENTATION_CONTEXT('2D SPACE',''
  ) );
#3751 = PCURVE('',#977,#3752);
#3752 = DEFINITIONAL_REPRESENTATION('',(#3753),#3757);
#3753 = LINE('',#3754,#3755);
#3754 = CARTESIAN_POINT('',(61.065722058737,18.676186523438));
#3755 = VECTOR('',#3756,1.);
#3756 = DIRECTION('',(-0.769077287183,0.639155791915));
#3757 = ( GEOMETRIC_REPRESENTATION_CONTEXT(2) 
PARAMETRIC_REPRESENTATION_CONTEXT() REPRESENTATION_CONTEXT('2D SPACE',''
  ) );
#3758 = ADVANCED_FACE('',(#3759),#2093,.T.);
#3759 = FACE_BOUND('',#3760,.T.);
#3760 = EDGE_LOOP('',(#3761,#3762,#3763,#3786));
#3761 = ORIENTED_EDGE('',*,*,#3715,.T.);
#3762 = ORIENTED_EDGE('',*,*,#2077,.T.);
#3763 = ORIENTED_EDGE('',*,*,#3764,.F.);
#3764 = EDGE_CURVE('',#3765,#2078,#3767,.T.);
#3765 = VERTEX_POINT('',#3766);
#3766 = CARTESIAN_POINT('',(30.007055664063,34.997342160116,
    94.844896325439));
#3767 = SURFACE_CURVE('',#3768,(#3772,#3779),.PCURVE_S1.);
#3768 = LINE('',#3769,#3770);
#3769 = CARTESIAN_POINT('',(30.007055664063,34.997342160116,
    94.844896325439));
#3770 = VECTOR('',#3771,1.);
#3771 = DIRECTION('',(0.,-0.939692620786,0.342020143326));
#3772 = PCURVE('',#2093,#3773);
#3773 = DEFINITIONAL_REPRESENTATION('',(#3774),#3778);
#3774 = LINE('',#3775,#3776);
#3775 = CARTESIAN_POINT('',(9.442115583966,3.996802888651E-15));
#3776 = VECTOR('',#3777,1.);
#3777 = DIRECTION('',(0.,-1.));
#3778 = ( GEOMETRIC_REPRESENTATION_CONTEXT(2) 
PARAMETRIC_REPRESENTATION_CONTEXT() REPRESENTATION_CONTEXT('2D SPACE',''
  ) );
#3779 = PCURVE('',#2121,#3780);
#3780 = DEFINITIONAL_REPRESENTATION('',(#3781),#3785);
#3781 = LINE('',#3782,#3783);
#3782 = CARTESIAN_POINT('',(0.,0.));
#3783 = VECTOR('',#3784,1.);
#3784 = DIRECTION('',(0.,-1.));
#3785 = ( GEOMETRIC_REPRESENTATION_CONTEXT(2) 
PARAMETRIC_REPRESENTATION_CONTEXT() REPRESENTATION_CONTEXT('2D SPACE',''
  ) );
#3786 = ORIENTED_EDGE('',*,*,#3787,.F.);
#3787 = EDGE_CURVE('',#3716,#3765,#3788,.T.);
#3788 = SURFACE_CURVE('',#3789,(#3793,#3800),.PCURVE_S1.);
#3789 = LINE('',#3790,#3791);
#3790 = CARTESIAN_POINT('',(24.4953125,37.619417544656,102.04898923656)
  );
#3791 = VECTOR('',#3792,1.);
#3792 = DIRECTION('',(0.583740276747,-0.277699988019,-0.762974446464));
#3793 = PCURVE('',#2093,#3794);
#3794 = DEFINITIONAL_REPRESENTATION('',(#3795),#3799);
#3795 = LINE('',#3796,#3797);
#3796 = CARTESIAN_POINT('',(0.,0.));
#3797 = VECTOR('',#3798,1.);
#3798 = DIRECTION('',(1.,0.));
#3799 = ( GEOMETRIC_REPRESENTATION_CONTEXT(2) 
PARAMETRIC_REPRESENTATION_CONTEXT() REPRESENTATION_CONTEXT('2D SPACE',''
  ) );
#3800 = PCURVE('',#977,#3801);
#3801 = DEFINITIONAL_REPRESENTATION('',(#3802),#3806);
#3802 = LINE('',#3803,#3804);
#3803 = CARTESIAN_POINT('',(54.063739636862,24.4953125));
#3804 = VECTOR('',#3805,1.);
#3805 = DIRECTION('',(-0.811940446894,0.583740276747));
#3806 = ( GEOMETRIC_REPRESENTATION_CONTEXT(2) 
PARAMETRIC_REPRESENTATION_CONTEXT() REPRESENTATION_CONTEXT('2D SPACE',''
  ) );
#3807 = ADVANCED_FACE('',(#3808),#2121,.T.);
#3808 = FACE_BOUND('',#3809,.T.);
#3809 = EDGE_LOOP('',(#3810,#3811,#3812,#3835));
#3810 = ORIENTED_EDGE('',*,*,#3764,.T.);
#3811 = ORIENTED_EDGE('',*,*,#2105,.T.);
#3812 = ORIENTED_EDGE('',*,*,#3813,.F.);
#3813 = EDGE_CURVE('',#3814,#2106,#3816,.T.);
#3814 = VERTEX_POINT('',#3815);
#3815 = CARTESIAN_POINT('',(35.1488671875,32.187149016667,
    87.123954119506));
#3816 = SURFACE_CURVE('',#3817,(#3821,#3828),.PCURVE_S1.);
#3817 = LINE('',#3818,#3819);
#3818 = CARTESIAN_POINT('',(35.1488671875,32.187149016667,
    87.123954119506));
#3819 = VECTOR('',#3820,1.);
#3820 = DIRECTION('',(0.,-0.939692620786,0.342020143326));
#3821 = PCURVE('',#2121,#3822);
#3822 = DEFINITIONAL_REPRESENTATION('',(#3823),#3827);
#3823 = LINE('',#3824,#3825);
#3824 = CARTESIAN_POINT('',(9.692696208661,1.33226762955E-15));
#3825 = VECTOR('',#3826,1.);
#3826 = DIRECTION('',(0.,-1.));
#3827 = ( GEOMETRIC_REPRESENTATION_CONTEXT(2) 
PARAMETRIC_REPRESENTATION_CONTEXT() REPRESENTATION_CONTEXT('2D SPACE',''
  ) );
#3828 = PCURVE('',#2149,#3829);
#3829 = DEFINITIONAL_REPRESENTATION('',(#3830),#3834);
#3830 = LINE('',#3831,#3832);
#3831 = CARTESIAN_POINT('',(0.,0.));
#3832 = VECTOR('',#3833,1.);
#3833 = DIRECTION('',(0.,-1.));
#3834 = ( GEOMETRIC_REPRESENTATION_CONTEXT(2) 
PARAMETRIC_REPRESENTATION_CONTEXT() REPRESENTATION_CONTEXT('2D SPACE',''
  ) );
#3835 = ORIENTED_EDGE('',*,*,#3836,.F.);
#3836 = EDGE_CURVE('',#3765,#3814,#3837,.T.);
#3837 = SURFACE_CURVE('',#3838,(#3842,#3849),.PCURVE_S1.);
#3838 = LINE('',#3839,#3840);
#3839 = CARTESIAN_POINT('',(30.007055664063,34.997342160116,
    94.844896325439));
#3840 = VECTOR('',#3841,1.);
#3841 = DIRECTION('',(0.530483099103,-0.289928940612,-0.796573217577));
#3842 = PCURVE('',#2121,#3843);
#3843 = DEFINITIONAL_REPRESENTATION('',(#3844),#3848);
#3844 = LINE('',#3845,#3846);
#3845 = CARTESIAN_POINT('',(0.,0.));
#3846 = VECTOR('',#3847,1.);
#3847 = DIRECTION('',(1.,0.));
#3848 = ( GEOMETRIC_REPRESENTATION_CONTEXT(2) 
PARAMETRIC_REPRESENTATION_CONTEXT() REPRESENTATION_CONTEXT('2D SPACE',''
  ) );
#3849 = PCURVE('',#977,#3850);
#3850 = DEFINITIONAL_REPRESENTATION('',(#3851),#3855);
#3851 = LINE('',#3852,#3853);
#3852 = CARTESIAN_POINT('',(46.397304089987,30.007055664063));
#3853 = VECTOR('',#3854,1.);
#3854 = DIRECTION('',(-0.847695512295,0.530483099103));
#3855 = ( GEOMETRIC_REPRESENTATION_CONTEXT(2) 
PARAMETRIC_REPRESENTATION_CONTEXT() REPRESENTATION_CONTEXT('2D SPACE',''
  ) );
#3856 = ADVANCED_FACE('',(#3857),#2149,.T.);
#3857 = FACE_BOUND('',#3858,.T.);
#3858 = EDGE_LOOP('',(#3859,#3860,#3861,#3884));
#3859 = ORIENTED_EDGE('',*,*,#3813,.T.);
#3860 = ORIENTED_EDGE('',*,*,#2133,.T.);
#3861 = ORIENTED_EDGE('',*,*,#3862,.F.);
#3862 = EDGE_CURVE('',#3863,#2134,#3865,.T.);
#3863 = VERTEX_POINT('',#3864);
#3864 = CARTESIAN_POINT('',(39.858198242188,29.227976708444,
    78.993695022387));
#3865 = SURFACE_CURVE('',#3866,(#3870,#3877),.PCURVE_S1.);
#3866 = LINE('',#3867,#3868);
#3867 = CARTESIAN_POINT('',(39.858198242188,29.227976708444,
    78.993695022387));
#3868 = VECTOR('',#3869,1.);
#3869 = DIRECTION('',(0.,-0.939692620786,0.342020143326));
#3870 = PCURVE('',#2149,#3871);
#3871 = DEFINITIONAL_REPRESENTATION('',(#3872),#3876);
#3872 = LINE('',#3873,#3874);
#3873 = CARTESIAN_POINT('',(9.85066559775,-3.996802888651E-15));
#3874 = VECTOR('',#3875,1.);
#3875 = DIRECTION('',(0.,-1.));
#3876 = ( GEOMETRIC_REPRESENTATION_CONTEXT(2) 
PARAMETRIC_REPRESENTATION_CONTEXT() REPRESENTATION_CONTEXT('2D SPACE',''
  ) );
#3877 = PCURVE('',#2177,#3878);
#3878 = DEFINITIONAL_REPRESENTATION('',(#3879),#3883);
#3879 = LINE('',#3880,#3881);
#3880 = CARTESIAN_POINT('',(0.,0.));
#3881 = VECTOR('',#3882,1.);
#3882 = DIRECTION('',(0.,-1.));
#3883 = ( GEOMETRIC_REPRESENTATION_CONTEXT(2) 
PARAMETRIC_REPRESENTATION_CONTEXT() REPRESENTATION_CONTEXT('2D SPACE',''
  ) );
#3884 = ORIENTED_EDGE('',*,*,#3885,.F.);
#3885 = EDGE_CURVE('',#3814,#3863,#3886,.T.);
#3886 = SURFACE_CURVE('',#3887,(#3891,#3898),.PCURVE_S1.);
#3887 = LINE('',#3888,#3889);
#3888 = CARTESIAN_POINT('',(35.1488671875,32.187149016667,
    87.123954119506));
#3889 = VECTOR('',#3890,1.);
#3890 = DIRECTION('',(0.478072370639,-0.300403285327,-0.825351243166));
#3891 = PCURVE('',#2149,#3892);
#3892 = DEFINITIONAL_REPRESENTATION('',(#3893),#3897);
#3893 = LINE('',#3894,#3895);
#3894 = CARTESIAN_POINT('',(0.,0.));
#3895 = VECTOR('',#3896,1.);
#3896 = DIRECTION('',(1.,0.));
#3897 = ( GEOMETRIC_REPRESENTATION_CONTEXT(2) 
PARAMETRIC_REPRESENTATION_CONTEXT() REPRESENTATION_CONTEXT('2D SPACE',''
  ) );
#3898 = PCURVE('',#977,#3899);
#3899 = DEFINITIONAL_REPRESENTATION('',(#3900),#3904);
#3900 = LINE('',#3901,#3902);
#3901 = CARTESIAN_POINT('',(38.180849011862,35.1488671875));
#3902 = VECTOR('',#3903,1.);
#3903 = DIRECTION('',(-0.878320447463,0.478072370639));
#3904 = ( GEOMETRIC_REPRESENTATION_CONTEXT(2) 
PARAMETRIC_REPRESENTATION_CONTEXT() REPRESENTATION_CONTEXT('2D SPACE',''
  ) );
#3905 = ADVANCED_FACE('',(#3906),#2177,.T.);
#3906 = FACE_BOUND('',#3907,.T.);
#3907 = EDGE_LOOP('',(#3908,#3909,#3910,#3933));
#3908 = ORIENTED_EDGE('',*,*,#3862,.T.);
#3909 = ORIENTED_EDGE('',*,*,#2161,.T.);
#3910 = ORIENTED_EDGE('',*,*,#3911,.F.);
#3911 = EDGE_CURVE('',#3912,#2162,#3914,.T.);
#3912 = VERTEX_POINT('',#3913);
#3913 = CARTESIAN_POINT('',(44.0725,26.158963829581,70.561651437697));
#3914 = SURFACE_CURVE('',#3915,(#3919,#3926),.PCURVE_S1.);
#3915 = LINE('',#3916,#3917);
#3916 = CARTESIAN_POINT('',(44.0725,26.158963829581,70.561651437697));
#3917 = VECTOR('',#3918,1.);
#3918 = DIRECTION('',(0.,-0.939692620786,0.342020143326));
#3919 = PCURVE('',#2177,#3920);
#3920 = DEFINITIONAL_REPRESENTATION('',(#3921),#3925);
#3921 = LINE('',#3922,#3923);
#3922 = CARTESIAN_POINT('',(9.913553266646,0.));
#3923 = VECTOR('',#3924,1.);
#3924 = DIRECTION('',(0.,-1.));
#3925 = ( GEOMETRIC_REPRESENTATION_CONTEXT(2) 
PARAMETRIC_REPRESENTATION_CONTEXT() REPRESENTATION_CONTEXT('2D SPACE',''
  ) );
#3926 = PCURVE('',#2205,#3927);
#3927 = DEFINITIONAL_REPRESENTATION('',(#3928),#3932);
#3928 = LINE('',#3929,#3930);
#3929 = CARTESIAN_POINT('',(0.,0.));
#3930 = VECTOR('',#3931,1.);
#3931 = DIRECTION('',(0.,-1.));
#3932 = ( GEOMETRIC_REPRESENTATION_CONTEXT(2) 
PARAMETRIC_REPRESENTATION_CONTEXT() REPRESENTATION_CONTEXT('2D SPACE',''
  ) );
#3933 = ORIENTED_EDGE('',*,*,#3934,.F.);
#3934 = EDGE_CURVE('',#3863,#3912,#3935,.T.);
#3935 = SURFACE_CURVE('',#3936,(#3940,#3947),.PCURVE_S1.);
#3936 = LINE('',#3937,#3938);
#3937 = CARTESIAN_POINT('',(39.858198242188,29.227976708444,
    78.993695022387));
#3938 = VECTOR('',#3939,1.);
#3939 = DIRECTION('',(0.425105070247,-0.309577484108,-0.850557147159));
#3940 = PCURVE('',#2177,#3941);
#3941 = DEFINITIONAL_REPRESENTATION('',(#3942),#3946);
#3942 = LINE('',#3943,#3944);
#3943 = CARTESIAN_POINT('',(0.,0.));
#3944 = VECTOR('',#3945,1.);
#3945 = DIRECTION('',(1.,0.));
#3946 = ( GEOMETRIC_REPRESENTATION_CONTEXT(2) 
PARAMETRIC_REPRESENTATION_CONTEXT() REPRESENTATION_CONTEXT('2D SPACE',''
  ) );
#3947 = PCURVE('',#977,#3948);
#3948 = DEFINITIONAL_REPRESENTATION('',(#3949),#3953);
#3949 = LINE('',#3950,#3951);
#3950 = CARTESIAN_POINT('',(29.528807996237,39.858198242188));
#3951 = VECTOR('',#3952,1.);
#3952 = DIRECTION('',(-0.905144010227,0.425105070247));
#3953 = ( GEOMETRIC_REPRESENTATION_CONTEXT(2) 
PARAMETRIC_REPRESENTATION_CONTEXT() REPRESENTATION_CONTEXT('2D SPACE',''
  ) );
#3954 = ADVANCED_FACE('',(#3955),#2205,.T.);
#3955 = FACE_BOUND('',#3956,.T.);
#3956 = EDGE_LOOP('',(#3957,#3958,#3959,#3982));
#3957 = ORIENTED_EDGE('',*,*,#3911,.T.);
#3958 = ORIENTED_EDGE('',*,*,#2189,.T.);
#3959 = ORIENTED_EDGE('',*,*,#3960,.F.);
#3960 = EDGE_CURVE('',#3961,#2190,#3963,.T.);
#3961 = VERTEX_POINT('',#3962);
#3962 = CARTESIAN_POINT('',(47.729223632813,23.019248974216,
    61.935355769054));
#3963 = SURFACE_CURVE('',#3964,(#3968,#3975),.PCURVE_S1.);
#3964 = LINE('',#3965,#3966);
#3965 = CARTESIAN_POINT('',(47.729223632813,23.019248974216,
    61.935355769054));
#3966 = VECTOR('',#3967,1.);
#3967 = DIRECTION('',(0.,-0.939692620786,0.342020143326));
#3968 = PCURVE('',#2205,#3969);
#3969 = DEFINITIONAL_REPRESENTATION('',(#3970),#3974);
#3970 = LINE('',#3971,#3972);
#3971 = CARTESIAN_POINT('',(9.881417614018,-4.440892098501E-16));
#3972 = VECTOR('',#3973,1.);
#3973 = DIRECTION('',(0.,-1.));
#3974 = ( GEOMETRIC_REPRESENTATION_CONTEXT(2) 
PARAMETRIC_REPRESENTATION_CONTEXT() REPRESENTATION_CONTEXT('2D SPACE',''
  ) );
#3975 = PCURVE('',#2233,#3976);
#3976 = DEFINITIONAL_REPRESENTATION('',(#3977),#3981);
#3977 = LINE('',#3978,#3979);
#3978 = CARTESIAN_POINT('',(0.,0.));
#3979 = VECTOR('',#3980,1.);
#3980 = DIRECTION('',(5.551115123126E-17,-1.));
#3981 = ( GEOMETRIC_REPRESENTATION_CONTEXT(2) 
PARAMETRIC_REPRESENTATION_CONTEXT() REPRESENTATION_CONTEXT('2D SPACE',''
  ) );
#3982 = ORIENTED_EDGE('',*,*,#3983,.F.);
#3983 = EDGE_CURVE('',#3912,#3961,#3984,.T.);
#3984 = SURFACE_CURVE('',#3985,(#3989,#3996),.PCURVE_S1.);
#3985 = LINE('',#3986,#3987);
#3986 = CARTESIAN_POINT('',(44.0725,26.158963829581,70.561651437697));
#3987 = VECTOR('',#3988,1.);
#3988 = DIRECTION('',(0.370060630534,-0.317739314136,-0.872981590861));
#3989 = PCURVE('',#2205,#3990);
#3990 = DEFINITIONAL_REPRESENTATION('',(#3991),#3995);
#3991 = LINE('',#3992,#3993);
#3992 = CARTESIAN_POINT('',(0.,0.));
#3993 = VECTOR('',#3994,1.);
#3994 = DIRECTION('',(1.,0.));
#3995 = ( GEOMETRIC_REPRESENTATION_CONTEXT(2) 
PARAMETRIC_REPRESENTATION_CONTEXT() REPRESENTATION_CONTEXT('2D SPACE',''
  ) );
#3996 = PCURVE('',#977,#3997);
#3997 = DEFINITIONAL_REPRESENTATION('',(#3998),#4002);
#3998 = LINE('',#3999,#4000);
#3999 = CARTESIAN_POINT('',(20.555614636862,44.0725));
#4000 = VECTOR('',#4001,1.);
#4001 = DIRECTION('',(-0.929007604774,0.370060630534));
#4002 = ( GEOMETRIC_REPRESENTATION_CONTEXT(2) 
PARAMETRIC_REPRESENTATION_CONTEXT() REPRESENTATION_CONTEXT('2D SPACE',''
  ) );
#4003 = ADVANCED_FACE('',(#4004),#2233,.T.);
#4004 = FACE_BOUND('',#4005,.T.);
#4005 = EDGE_LOOP('',(#4006,#4007,#4008,#4031));
#4006 = ORIENTED_EDGE('',*,*,#3960,.T.);
#4007 = ORIENTED_EDGE('',*,*,#2217,.T.);
#4008 = ORIENTED_EDGE('',*,*,#4009,.F.);
#4009 = EDGE_CURVE('',#4010,#2218,#4012,.T.);
#4010 = VERTEX_POINT('',#4011);
#4011 = CARTESIAN_POINT('',(50.7658203125,19.847970736483,
    53.222340420075));
#4012 = SURFACE_CURVE('',#4013,(#4017,#4024),.PCURVE_S1.);
#4013 = LINE('',#4014,#4015);
#4014 = CARTESIAN_POINT('',(50.7658203125,19.847970736483,
    53.222340420075));
#4015 = VECTOR('',#4016,1.);
#4016 = DIRECTION('',(0.,-0.939692620786,0.342020143326));
#4017 = PCURVE('',#2233,#4018);
#4018 = DEFINITIONAL_REPRESENTATION('',(#4019),#4023);
#4019 = LINE('',#4020,#4021);
#4020 = CARTESIAN_POINT('',(9.756770035609,1.7763568394E-15));
#4021 = VECTOR('',#4022,1.);
#4022 = DIRECTION('',(5.551115123126E-17,-1.));
#4023 = ( GEOMETRIC_REPRESENTATION_CONTEXT(2) 
PARAMETRIC_REPRESENTATION_CONTEXT() REPRESENTATION_CONTEXT('2D SPACE',''
  ) );
#4024 = PCURVE('',#2261,#4025);
#4025 = DEFINITIONAL_REPRESENTATION('',(#4026),#4030);
#4026 = LINE('',#4027,#4028);
#4027 = CARTESIAN_POINT('',(0.,0.));
#4028 = VECTOR('',#4029,1.);
#4029 = DIRECTION('',(0.,-1.));
#4030 = ( GEOMETRIC_REPRESENTATION_CONTEXT(2) 
PARAMETRIC_REPRESENTATION_CONTEXT() REPRESENTATION_CONTEXT('2D SPACE',''
  ) );
#4031 = ORIENTED_EDGE('',*,*,#4032,.F.);
#4032 = EDGE_CURVE('',#3961,#4010,#4033,.T.);
#4033 = SURFACE_CURVE('',#4034,(#4038,#4045),.PCURVE_S1.);
#4034 = LINE('',#4035,#4036);
#4035 = CARTESIAN_POINT('',(47.729223632813,23.019248974216,
    61.935355769054));
#4036 = VECTOR('',#4037,1.);
#4037 = DIRECTION('',(0.311229707024,-0.325033615239,-0.893022518434));
#4038 = PCURVE('',#2233,#4039);
#4039 = DEFINITIONAL_REPRESENTATION('',(#4040),#4044);
#4040 = LINE('',#4041,#4042);
#4041 = CARTESIAN_POINT('',(0.,0.));
#4042 = VECTOR('',#4043,1.);
#4043 = DIRECTION('',(1.,-5.551115123126E-17));
#4044 = ( GEOMETRIC_REPRESENTATION_CONTEXT(2) 
PARAMETRIC_REPRESENTATION_CONTEXT() REPRESENTATION_CONTEXT('2D SPACE',''
  ) );
#4045 = PCURVE('',#977,#4046);
#4046 = DEFINITIONAL_REPRESENTATION('',(#4047),#4051);
#4047 = LINE('',#4048,#4049);
#4048 = CARTESIAN_POINT('',(11.375702527487,47.729223632813));
#4049 = VECTOR('',#4050,1.);
#4050 = DIRECTION('',(-0.950334714438,0.311229707024));
#4051 = ( GEOMETRIC_REPRESENTATION_CONTEXT(2) 
PARAMETRIC_REPRESENTATION_CONTEXT() REPRESENTATION_CONTEXT('2D SPACE',''
  ) );
#4052 = ADVANCED_FACE('',(#4053),#2261,.T.);
#4053 = FACE_BOUND('',#4054,.T.);
#4054 = EDGE_LOOP('',(#4055,#4056,#4057,#4080));
#4055 = ORIENTED_EDGE('',*,*,#4009,.T.);
#4056 = ORIENTED_EDGE('',*,*,#2245,.T.);
#4057 = ORIENTED_EDGE('',*,*,#4058,.F.);
#4058 = EDGE_CURVE('',#4059,#2246,#4061,.T.);
#4059 = VERTEX_POINT('',#4060);
#4060 = CARTESIAN_POINT('',(53.119741210938,16.684267710518,
    44.530137794376));
#4061 = SURFACE_CURVE('',#4062,(#4066,#4073),.PCURVE_S1.);
#4062 = LINE('',#4063,#4064);
#4063 = CARTESIAN_POINT('',(53.119741210938,16.684267710518,
    44.530137794376));
#4064 = VECTOR('',#4065,1.);
#4065 = DIRECTION('',(0.,-0.939692620786,0.342020143326));
#4066 = PCURVE('',#2261,#4067);
#4067 = DEFINITIONAL_REPRESENTATION('',(#4068),#4072);
#4068 = LINE('',#4069,#4070);
#4069 = CARTESIAN_POINT('',(9.544859711845,-1.33226762955E-15));
#4070 = VECTOR('',#4071,1.);
#4071 = DIRECTION('',(0.,-1.));
#4072 = ( GEOMETRIC_REPRESENTATION_CONTEXT(2) 
PARAMETRIC_REPRESENTATION_CONTEXT() REPRESENTATION_CONTEXT('2D SPACE',''
  ) );
#4073 = PCURVE('',#2289,#4074);
#4074 = DEFINITIONAL_REPRESENTATION('',(#4075),#4079);
#4075 = LINE('',#4076,#4077);
#4076 = CARTESIAN_POINT('',(0.,0.));
#4077 = VECTOR('',#4078,1.);
#4078 = DIRECTION('',(0.,-1.));
#4079 = ( GEOMETRIC_REPRESENTATION_CONTEXT(2) 
PARAMETRIC_REPRESENTATION_CONTEXT() REPRESENTATION_CONTEXT('2D SPACE',''
  ) );
#4080 = ORIENTED_EDGE('',*,*,#4081,.F.);
#4081 = EDGE_CURVE('',#4010,#4059,#4082,.T.);
#4082 = SURFACE_CURVE('',#4083,(#4087,#4094),.PCURVE_S1.);
#4083 = LINE('',#4084,#4085);
#4084 = CARTESIAN_POINT('',(50.7658203125,19.847970736483,
    53.222340420075));
#4085 = VECTOR('',#4086,1.);
#4086 = DIRECTION('',(0.246616605115,-0.331456210094,-0.910668452771));
#4087 = PCURVE('',#2261,#4088);
#4088 = DEFINITIONAL_REPRESENTATION('',(#4089),#4093);
#4089 = LINE('',#4090,#4091);
#4090 = CARTESIAN_POINT('',(0.,0.));
#4091 = VECTOR('',#4092,1.);
#4092 = DIRECTION('',(1.,0.));
#4093 = ( GEOMETRIC_REPRESENTATION_CONTEXT(2) 
PARAMETRIC_REPRESENTATION_CONTEXT() REPRESENTATION_CONTEXT('2D SPACE',''
  ) );
#4094 = PCURVE('',#977,#4095);
#4095 = DEFINITIONAL_REPRESENTATION('',(#4096),#4100);
#4096 = LINE('',#4097,#4098);
#4097 = CARTESIAN_POINT('',(2.103505261862,50.7658203125));
#4098 = VECTOR('',#4099,1.);
#4099 = DIRECTION('',(-0.969113125534,0.246616605115));
#4100 = ( GEOMETRIC_REPRESENTATION_CONTEXT(2) 
PARAMETRIC_REPRESENTATION_CONTEXT() REPRESENTATION_CONTEXT('2D SPACE',''
  ) );
#4101 = ADVANCED_FACE('',(#4102),#2289,.T.);
#4102 = FACE_BOUND('',#4103,.T.);
#4103 = EDGE_LOOP('',(#4104,#4105,#4106,#4129));
#4104 = ORIENTED_EDGE('',*,*,#4058,.T.);
#4105 = ORIENTED_EDGE('',*,*,#2273,.T.);
#4106 = ORIENTED_EDGE('',*,*,#4107,.F.);
#4107 = EDGE_CURVE('',#4108,#2274,#4110,.T.);
#4108 = VERTEX_POINT('',#4109);
#4109 = CARTESIAN_POINT('',(54.7284375,13.567278490457,35.966280295576)
  );
#4110 = SURFACE_CURVE('',#4111,(#4115,#4122),.PCURVE_S1.);
#4111 = LINE('',#4112,#4113);
#4112 = CARTESIAN_POINT('',(54.7284375,13.567278490457,35.966280295576)
  );
#4113 = VECTOR('',#4114,1.);
#4114 = DIRECTION('',(0.,-0.939692620786,0.342020143326));
#4115 = PCURVE('',#2289,#4116);
#4116 = DEFINITIONAL_REPRESENTATION('',(#4117),#4121);
#4117 = LINE('',#4118,#4119);
#4118 = CARTESIAN_POINT('',(9.254360097175,2.22044604925E-15));
#4119 = VECTOR('',#4120,1.);
#4120 = DIRECTION('',(0.,-1.));
#4121 = ( GEOMETRIC_REPRESENTATION_CONTEXT(2) 
PARAMETRIC_REPRESENTATION_CONTEXT() REPRESENTATION_CONTEXT('2D SPACE',''
  ) );
#4122 = PCURVE('',#2317,#4123);
#4123 = DEFINITIONAL_REPRESENTATION('',(#4124),#4128);
#4124 = LINE('',#4125,#4126);
#4125 = CARTESIAN_POINT('',(0.,0.));
#4126 = VECTOR('',#4127,1.);
#4127 = DIRECTION('',(0.,-1.));
#4128 = ( GEOMETRIC_REPRESENTATION_CONTEXT(2) 
PARAMETRIC_REPRESENTATION_CONTEXT() REPRESENTATION_CONTEXT('2D SPACE',''
  ) );
#4129 = ORIENTED_EDGE('',*,*,#4130,.F.);
#4130 = EDGE_CURVE('',#4059,#4108,#4131,.T.);
#4131 = SURFACE_CURVE('',#4132,(#4136,#4143),.PCURVE_S1.);
#4132 = LINE('',#4133,#4134);
#4133 = CARTESIAN_POINT('',(53.119741210938,16.684267710518,
    44.530137794376));
#4134 = VECTOR('',#4135,1.);
#4135 = DIRECTION('',(0.173831174946,-0.336813046751,-0.925386240526));
#4136 = PCURVE('',#2289,#4137);
#4137 = DEFINITIONAL_REPRESENTATION('',(#4138),#4142);
#4138 = LINE('',#4139,#4140);
#4139 = CARTESIAN_POINT('',(0.,0.));
#4140 = VECTOR('',#4141,1.);
#4141 = DIRECTION('',(1.,0.));
#4142 = ( GEOMETRIC_REPRESENTATION_CONTEXT(2) 
PARAMETRIC_REPRESENTATION_CONTEXT() REPRESENTATION_CONTEXT('2D SPACE',''
  ) );
#4143 = PCURVE('',#977,#4144);
#4144 = DEFINITIONAL_REPRESENTATION('',(#4145),#4149);
#4145 = LINE('',#4146,#4147);
#4146 = CARTESIAN_POINT('',(-7.146543566263,53.119741210938));
#4147 = VECTOR('',#4148,1.);
#4148 = DIRECTION('',(-0.984775468123,0.173831174946));
#4149 = ( GEOMETRIC_REPRESENTATION_CONTEXT(2) 
PARAMETRIC_REPRESENTATION_CONTEXT() REPRESENTATION_CONTEXT('2D SPACE',''
  ) );
#4150 = ADVANCED_FACE('',(#4151),#2317,.T.);
#4151 = FACE_BOUND('',#4152,.T.);
#4152 = EDGE_LOOP('',(#4153,#4154,#4155,#4178));
#4153 = ORIENTED_EDGE('',*,*,#4107,.T.);
#4154 = ORIENTED_EDGE('',*,*,#2301,.T.);
#4155 = ORIENTED_EDGE('',*,*,#4156,.F.);
#4156 = EDGE_CURVE('',#4157,#2302,#4159,.T.);
#4157 = VERTEX_POINT('',#4158);
#4158 = CARTESIAN_POINT('',(55.529360351563,10.536141670436,
    27.638300327289));
#4159 = SURFACE_CURVE('',#4160,(#4164,#4171),.PCURVE_S1.);
#4160 = LINE('',#4161,#4162);
#4161 = CARTESIAN_POINT('',(55.529360351563,10.536141670436,
    27.638300327289));
#4162 = VECTOR('',#4163,1.);
#4163 = DIRECTION('',(0.,-0.939692620786,0.342020143326));
#4164 = PCURVE('',#2317,#4165);
#4165 = DEFINITIONAL_REPRESENTATION('',(#4166),#4170);
#4166 = LINE('',#4167,#4168);
#4167 = CARTESIAN_POINT('',(8.898568322378,-2.22044604925E-15));
#4168 = VECTOR('',#4169,1.);
#4169 = DIRECTION('',(0.,-1.));
#4170 = ( GEOMETRIC_REPRESENTATION_CONTEXT(2) 
PARAMETRIC_REPRESENTATION_CONTEXT() REPRESENTATION_CONTEXT('2D SPACE',''
  ) );
#4171 = PCURVE('',#2345,#4172);
#4172 = DEFINITIONAL_REPRESENTATION('',(#4173),#4177);
#4173 = LINE('',#4174,#4175);
#4174 = CARTESIAN_POINT('',(-0.,0.));
#4175 = VECTOR('',#4176,1.);
#4176 = DIRECTION('',(0.,-1.));
#4177 = ( GEOMETRIC_REPRESENTATION_CONTEXT(2) 
PARAMETRIC_REPRESENTATION_CONTEXT() REPRESENTATION_CONTEXT('2D SPACE',''
  ) );
#4178 = ORIENTED_EDGE('',*,*,#4179,.F.);
#4179 = EDGE_CURVE('',#4108,#4157,#4180,.T.);
#4180 = SURFACE_CURVE('',#4181,(#4185,#4192),.PCURVE_S1.);
#4181 = LINE('',#4182,#4183);
#4182 = CARTESIAN_POINT('',(54.7284375,13.567278490457,35.966280295576)
  );
#4183 = VECTOR('',#4184,1.);
#4184 = DIRECTION('',(9.000581020976E-02,-0.340631965751,-0.935878634245
    ));
#4185 = PCURVE('',#2317,#4186);
#4186 = DEFINITIONAL_REPRESENTATION('',(#4187),#4191);
#4187 = LINE('',#4188,#4189);
#4188 = CARTESIAN_POINT('',(0.,0.));
#4189 = VECTOR('',#4190,1.);
#4190 = DIRECTION('',(1.,0.));
#4191 = ( GEOMETRIC_REPRESENTATION_CONTEXT(2) 
PARAMETRIC_REPRESENTATION_CONTEXT() REPRESENTATION_CONTEXT('2D SPACE',''
  ) );
#4192 = PCURVE('',#977,#4193);
#4193 = DEFINITIONAL_REPRESENTATION('',(#4194),#4198);
#4194 = LINE('',#4195,#4196);
#4195 = CARTESIAN_POINT('',(-16.26001036313,54.7284375));
#4196 = VECTOR('',#4197,1.);
#4197 = DIRECTION('',(-0.995941240299,9.000581020976E-02));
#4198 = ( GEOMETRIC_REPRESENTATION_CONTEXT(2) 
PARAMETRIC_REPRESENTATION_CONTEXT() REPRESENTATION_CONTEXT('2D SPACE',''
  ) );
#4199 = ADVANCED_FACE('',(#4200),#2345,.T.);
#4200 = FACE_BOUND('',#4201,.T.);
#4201 = EDGE_LOOP('',(#4202,#4203,#4204,#4227));
#4202 = ORIENTED_EDGE('',*,*,#4156,.T.);
#4203 = ORIENTED_EDGE('',*,*,#2329,.T.);
#4204 = ORIENTED_EDGE('',*,*,#4205,.F.);
#4205 = EDGE_CURVE('',#4206,#2330,#4208,.T.);
#4206 = VERTEX_POINT('',#4207);
#4207 = CARTESIAN_POINT('',(55.4599609375,7.629995844589,19.653730293134
    ));
#4208 = SURFACE_CURVE('',#4209,(#4213,#4220),.PCURVE_S1.);
#4209 = LINE('',#4210,#4211);
#4210 = CARTESIAN_POINT('',(55.4599609375,7.629995844589,19.653730293134
    ));
#4211 = VECTOR('',#4212,1.);
#4212 = DIRECTION('',(0.,-0.939692620786,0.342020143326));
#4213 = PCURVE('',#2345,#4214);
#4214 = DEFINITIONAL_REPRESENTATION('',(#4215),#4219);
#4215 = LINE('',#4216,#4217);
#4216 = CARTESIAN_POINT('',(8.497285358871,-4.440892098501E-16));
#4217 = VECTOR('',#4218,1.);
#4218 = DIRECTION('',(0.,-1.));
#4219 = ( GEOMETRIC_REPRESENTATION_CONTEXT(2) 
PARAMETRIC_REPRESENTATION_CONTEXT() REPRESENTATION_CONTEXT('2D SPACE',''
  ) );
#4220 = PCURVE('',#2373,#4221);
#4221 = DEFINITIONAL_REPRESENTATION('',(#4222),#4226);
#4222 = LINE('',#4223,#4224);
#4223 = CARTESIAN_POINT('',(-0.,0.));
#4224 = VECTOR('',#4225,1.);
#4225 = DIRECTION('',(0.,-1.));
#4226 = ( GEOMETRIC_REPRESENTATION_CONTEXT(2) 
PARAMETRIC_REPRESENTATION_CONTEXT() REPRESENTATION_CONTEXT('2D SPACE',''
  ) );
#4227 = ORIENTED_EDGE('',*,*,#4228,.F.);
#4228 = EDGE_CURVE('',#4157,#4206,#4229,.T.);
#4229 = SURFACE_CURVE('',#4230,(#4234,#4241),.PCURVE_S1.);
#4230 = LINE('',#4231,#4232);
#4231 = CARTESIAN_POINT('',(55.529360351563,10.536141670436,
    27.638300327289));
#4232 = VECTOR('',#4233,1.);
#4233 = DIRECTION('',(-8.167245317947E-03,-0.342008736097,
    -0.939661279684));
#4234 = PCURVE('',#2345,#4235);
#4235 = DEFINITIONAL_REPRESENTATION('',(#4236),#4240);
#4236 = LINE('',#4237,#4238);
#4237 = CARTESIAN_POINT('',(-0.,0.));
#4238 = VECTOR('',#4239,1.);
#4239 = DIRECTION('',(1.,0.));
#4240 = ( GEOMETRIC_REPRESENTATION_CONTEXT(2) 
PARAMETRIC_REPRESENTATION_CONTEXT() REPRESENTATION_CONTEXT('2D SPACE',''
  ) );
#4241 = PCURVE('',#977,#4242);
#4242 = DEFINITIONAL_REPRESENTATION('',(#4243),#4247);
#4243 = LINE('',#4244,#4245);
#4244 = CARTESIAN_POINT('',(-25.12246153501,55.529360351563));
#4245 = VECTOR('',#4246,1.);
#4246 = DIRECTION('',(-0.999966647496,-8.167245317947E-03));
#4247 = ( GEOMETRIC_REPRESENTATION_CONTEXT(2) 
PARAMETRIC_REPRESENTATION_CONTEXT() REPRESENTATION_CONTEXT('2D SPACE',''
  ) );
#4248 = ADVANCED_FACE('',(#4249),#2373,.T.);
#4249 = FACE_BOUND('',#4250,.T.);
#4250 = EDGE_LOOP('',(#4251,#4252,#4253,#4276));
#4251 = ORIENTED_EDGE('',*,*,#4205,.T.);
#4252 = ORIENTED_EDGE('',*,*,#2357,.T.);
#4253 = ORIENTED_EDGE('',*,*,#4254,.F.);
#4254 = EDGE_CURVE('',#4255,#2358,#4257,.T.);
#4255 = VERTEX_POINT('',#4256);
#4256 = CARTESIAN_POINT('',(54.457690429688,4.887979607054,
    12.120102596727));
#4257 = SURFACE_CURVE('',#4258,(#4262,#4269),.PCURVE_S1.);
#4258 = LINE('',#4259,#4260);
#4259 = CARTESIAN_POINT('',(54.457690429688,4.887979607054,
    12.120102596727));
#4260 = VECTOR('',#4261,1.);
#4261 = DIRECTION('',(0.,-0.939692620786,0.342020143326));
#4262 = PCURVE('',#2373,#4263);
#4263 = DEFINITIONAL_REPRESENTATION('',(#4264),#4268);
#4264 = LINE('',#4265,#4266);
#4265 = CARTESIAN_POINT('',(8.079526315683,1.33226762955E-15));
#4266 = VECTOR('',#4267,1.);
#4267 = DIRECTION('',(0.,-1.));
#4268 = ( GEOMETRIC_REPRESENTATION_CONTEXT(2) 
PARAMETRIC_REPRESENTATION_CONTEXT() REPRESENTATION_CONTEXT('2D SPACE',''
  ) );
#4269 = PCURVE('',#1003,#4270);
#4270 = DEFINITIONAL_REPRESENTATION('',(#4271),#4275);
#4271 = LINE('',#4272,#4273);
#4272 = CARTESIAN_POINT('',(-0.,0.));
#4273 = VECTOR('',#4274,1.);
#4274 = DIRECTION('',(0.,-1.));
#4275 = ( GEOMETRIC_REPRESENTATION_CONTEXT(2) 
PARAMETRIC_REPRESENTATION_CONTEXT() REPRESENTATION_CONTEXT('2D SPACE',''
  ) );
#4276 = ORIENTED_EDGE('',*,*,#4277,.F.);
#4277 = EDGE_CURVE('',#4206,#4255,#4278,.T.);
#4278 = SURFACE_CURVE('',#4279,(#4283,#4290),.PCURVE_S1.);
#4279 = LINE('',#4280,#4281);
#4280 = CARTESIAN_POINT('',(55.4599609375,7.629995844589,19.653730293134
    ));
#4281 = VECTOR('',#4282,1.);
#4282 = DIRECTION('',(-0.124050652062,-0.339378341056,-0.932434328704));
#4283 = PCURVE('',#2373,#4284);
#4284 = DEFINITIONAL_REPRESENTATION('',(#4285),#4289);
#4285 = LINE('',#4286,#4287);
#4286 = CARTESIAN_POINT('',(-0.,0.));
#4287 = VECTOR('',#4288,1.);
#4288 = DIRECTION('',(1.,0.));
#4289 = ( GEOMETRIC_REPRESENTATION_CONTEXT(2) 
PARAMETRIC_REPRESENTATION_CONTEXT() REPRESENTATION_CONTEXT('2D SPACE',''
  ) );
#4290 = PCURVE('',#977,#4291);
#4291 = DEFINITIONAL_REPRESENTATION('',(#4292),#4296);
#4292 = LINE('',#4293,#4294);
#4293 = CARTESIAN_POINT('',(-33.61946348813,55.4599609375));
#4294 = VECTOR('',#4295,1.);
#4295 = DIRECTION('',(-0.9922758869,-0.124050652062));
#4296 = ( GEOMETRIC_REPRESENTATION_CONTEXT(2) 
PARAMETRIC_REPRESENTATION_CONTEXT() REPRESENTATION_CONTEXT('2D SPACE',''
  ) );
#4297 = ADVANCED_FACE('',(#4298),#1029,.T.);
#4298 = FACE_BOUND('',#4299,.T.);
#4299 = EDGE_LOOP('',(#4300,#4301,#4322));
#4300 = ORIENTED_EDGE('',*,*,#1014,.T.);
#4301 = ORIENTED_EDGE('',*,*,#4302,.T.);
#4302 = EDGE_CURVE('',#989,#2386,#4303,.T.);
#4303 = SURFACE_CURVE('',#4304,(#4308,#4315),.PCURVE_S1.);
#4304 = LINE('',#4305,#4306);
#4305 = CARTESIAN_POINT('',(52.46,2.349231551965,5.144949641686));
#4306 = VECTOR('',#4307,1.);
#4307 = DIRECTION('',(0.,-0.939692620786,0.342020143326));
#4308 = PCURVE('',#1029,#4309);
#4309 = DEFINITIONAL_REPRESENTATION('',(#4310),#4314);
#4310 = LINE('',#4311,#4312);
#4311 = CARTESIAN_POINT('',(-0.,0.));
#4312 = VECTOR('',#4313,1.);
#4313 = DIRECTION('',(0.,-1.));
#4314 = ( GEOMETRIC_REPRESENTATION_CONTEXT(2) 
PARAMETRIC_REPRESENTATION_CONTEXT() REPRESENTATION_CONTEXT('2D SPACE',''
  ) );
#4315 = PCURVE('',#1003,#4316);
#4316 = DEFINITIONAL_REPRESENTATION('',(#4317),#4321);
#4317 = LINE('',#4318,#4319);
#4318 = CARTESIAN_POINT('',(7.686921847288,-4.440892098501E-16));
#4319 = VECTOR('',#4320,1.);
#4320 = DIRECTION('',(0.,-1.));
#4321 = ( GEOMETRIC_REPRESENTATION_CONTEXT(2) 
PARAMETRIC_REPRESENTATION_CONTEXT() REPRESENTATION_CONTEXT('2D SPACE',''
  ) );
#4322 = ORIENTED_EDGE('',*,*,#2408,.T.);
#4323 = ADVANCED_FACE('',(#4324),#1003,.T.);
#4324 = FACE_BOUND('',#4325,.T.);
#4325 = EDGE_LOOP('',(#4326,#4347,#4348,#4349,#4350));
#4326 = ORIENTED_EDGE('',*,*,#4327,.F.);
#4327 = EDGE_CURVE('',#4255,#963,#4328,.T.);
#4328 = SURFACE_CURVE('',#4329,(#4333,#4340),.PCURVE_S1.);
#4329 = LINE('',#4330,#4331);
#4330 = CARTESIAN_POINT('',(54.457690429688,4.887979607054,
    12.120102596727));
#4331 = VECTOR('',#4332,1.);
#4332 = DIRECTION('',(-0.259881714602,-0.330268487897,-0.907405212855));
#4333 = PCURVE('',#1003,#4334);
#4334 = DEFINITIONAL_REPRESENTATION('',(#4335),#4339);
#4335 = LINE('',#4336,#4337);
#4336 = CARTESIAN_POINT('',(-0.,0.));
#4337 = VECTOR('',#4338,1.);
#4338 = DIRECTION('',(1.,0.));
#4339 = ( GEOMETRIC_REPRESENTATION_CONTEXT(2) 
PARAMETRIC_REPRESENTATION_CONTEXT() REPRESENTATION_CONTEXT('2D SPACE',''
  ) );
#4340 = PCURVE('',#977,#4341);
#4341 = DEFINITIONAL_REPRESENTATION('',(#4342),#4346);
#4342 = LINE('',#4343,#4344);
#4343 = CARTESIAN_POINT('',(-41.63658262876,54.457690429688));
#4344 = VECTOR('',#4345,1.);
#4345 = DIRECTION('',(-0.96564045815,-0.259881714602));
#4346 = ( GEOMETRIC_REPRESENTATION_CONTEXT(2) 
PARAMETRIC_REPRESENTATION_CONTEXT() REPRESENTATION_CONTEXT('2D SPACE',''
  ) );
#4347 = ORIENTED_EDGE('',*,*,#4254,.T.);
#4348 = ORIENTED_EDGE('',*,*,#2385,.T.);
#4349 = ORIENTED_EDGE('',*,*,#4302,.F.);
#4350 = ORIENTED_EDGE('',*,*,#988,.T.);
#4351 = ADVANCED_FACE('',(#4352,#4407),#977,.T.);
#4352 = FACE_BOUND('',#4353,.T.);
#4353 = EDGE_LOOP('',(#4354,#4355,#4376,#4377,#4378,#4379,#4380,#4381,
    #4382,#4383,#4384,#4385,#4386,#4387,#4388,#4389,#4390,#4391,#4392,
    #4393,#4394,#4395,#4396,#4397,#4398,#4399,#4400,#4401,#4402,#4403,
    #4404,#4405,#4406));
#4354 = ORIENTED_EDGE('',*,*,#962,.T.);
#4355 = ORIENTED_EDGE('',*,*,#4356,.T.);
#4356 = EDGE_CURVE('',#935,#2810,#4357,.T.);
#4357 = SURFACE_CURVE('',#4358,(#4362,#4369),.PCURVE_S1.);
#4358 = LINE('',#4359,#4360);
#4359 = CARTESIAN_POINT('',(-52.46,2.349231551965,5.144949641686));
#4360 = VECTOR('',#4361,1.);
#4361 = DIRECTION('',(-0.259881714602,0.330268487897,0.907405212855));
#4362 = PCURVE('',#977,#4363);
#4363 = DEFINITIONAL_REPRESENTATION('',(#4364),#4368);
#4364 = LINE('',#4365,#4366);
#4365 = CARTESIAN_POINT('',(-49.05938536313,-52.46));
#4366 = VECTOR('',#4367,1.);
#4367 = DIRECTION('',(0.96564045815,-0.259881714602));
#4368 = ( GEOMETRIC_REPRESENTATION_CONTEXT(2) 
PARAMETRIC_REPRESENTATION_CONTEXT() REPRESENTATION_CONTEXT('2D SPACE',''
  ) );
#4369 = PCURVE('',#951,#4370);
#4370 = DEFINITIONAL_REPRESENTATION('',(#4371),#4375);
#4371 = LINE('',#4372,#4373);
#4372 = CARTESIAN_POINT('',(0.,0.));
#4373 = VECTOR('',#4374,1.);
#4374 = DIRECTION('',(1.,0.));
#4375 = ( GEOMETRIC_REPRESENTATION_CONTEXT(2) 
PARAMETRIC_REPRESENTATION_CONTEXT() REPRESENTATION_CONTEXT('2D SPACE',''
  ) );
#4376 = ORIENTED_EDGE('',*,*,#2856,.T.);
#4377 = ORIENTED_EDGE('',*,*,#2905,.T.);
#4378 = ORIENTED_EDGE('',*,*,#2954,.T.);
#4379 = ORIENTED_EDGE('',*,*,#3003,.T.);
#4380 = ORIENTED_EDGE('',*,*,#3052,.T.);
#4381 = ORIENTED_EDGE('',*,*,#3101,.T.);
#4382 = ORIENTED_EDGE('',*,*,#3150,.T.);
#4383 = ORIENTED_EDGE('',*,*,#3199,.T.);
#4384 = ORIENTED_EDGE('',*,*,#3248,.T.);
#4385 = ORIENTED_EDGE('',*,*,#3297,.T.);
#4386 = ORIENTED_EDGE('',*,*,#3346,.T.);
#4387 = ORIENTED_EDGE('',*,*,#3395,.T.);
#4388 = ORIENTED_EDGE('',*,*,#3444,.T.);
#4389 = ORIENTED_EDGE('',*,*,#3493,.T.);
#4390 = ORIENTED_EDGE('',*,*,#3542,.T.);
#4391 = ORIENTED_EDGE('',*,*,#3591,.T.);
#4392 = ORIENTED_EDGE('',*,*,#3640,.T.);
#4393 = ORIENTED_EDGE('',*,*,#3689,.T.);
#4394 = ORIENTED_EDGE('',*,*,#3738,.T.);
#4395 = ORIENTED_EDGE('',*,*,#3787,.T.);
#4396 = ORIENTED_EDGE('',*,*,#3836,.T.);
#4397 = ORIENTED_EDGE('',*,*,#3885,.T.);
#4398 = ORIENTED_EDGE('',*,*,#3934,.T.);
#4399 = ORIENTED_EDGE('',*,*,#3983,.T.);
#4400 = ORIENTED_EDGE('',*,*,#4032,.T.);
#4401 = ORIENTED_EDGE('',*,*,#4081,.T.);
#4402 = ORIENTED_EDGE('',*,*,#4130,.T.);
#4403 = ORIENTED_EDGE('',*,*,#4179,.T.);
#4404 = ORIENTED_EDGE('',*,*,#4228,.T.);
#4405 = ORIENTED_EDGE('',*,*,#4277,.T.);
#4406 = ORIENTED_EDGE('',*,*,#4327,.T.);
#4407 = FACE_BOUND('',#4408,.T.);
#4408 = EDGE_LOOP('',(#4409,#4410,#4411,#4412));
#4409 = ORIENTED_EDGE('',*,*,#1282,.F.);
#4410 = ORIENTED_EDGE('',*,*,#1351,.T.);
#4411 = ORIENTED_EDGE('',*,*,#1426,.T.);
#4412 = ORIENTED_EDGE('',*,*,#1449,.T.);
#4413 = ADVANCED_FACE('',(#4414),#951,.T.);
#4414 = FACE_BOUND('',#4415,.T.);
#4415 = EDGE_LOOP('',(#4416,#4417,#4418,#4419,#4420));
#4416 = ORIENTED_EDGE('',*,*,#934,.T.);
#4417 = ORIENTED_EDGE('',*,*,#1497,.T.);
#4418 = ORIENTED_EDGE('',*,*,#1522,.T.);
#4419 = ORIENTED_EDGE('',*,*,#2809,.F.);
#4420 = ORIENTED_EDGE('',*,*,#4356,.F.);
#4421 = ADVANCED_FACE('',(#4422),#920,.F.);
#4422 = FACE_BOUND('',#4423,.F.);
#4423 = EDGE_LOOP('',(#4424,#4425,#4448,#4476));
#4424 = ORIENTED_EDGE('',*,*,#906,.F.);
#4425 = ORIENTED_EDGE('',*,*,#4426,.T.);
#4426 = EDGE_CURVE('',#821,#4427,#4429,.T.);
#4427 = VERTEX_POINT('',#4428);
#4428 = CARTESIAN_POINT('',(9.,-37.25,14.5));
#4429 = SURFACE_CURVE('',#4430,(#4434,#4441),.PCURVE_S1.);
#4430 = LINE('',#4431,#4432);
#4431 = CARTESIAN_POINT('',(9.,-37.25,6.));
#4432 = VECTOR('',#4433,1.);
#4433 = DIRECTION('',(0.,0.,1.));
#4434 = PCURVE('',#920,#4435);
#4435 = DEFINITIONAL_REPRESENTATION('',(#4436),#4440);
#4436 = LINE('',#4437,#4438);
#4437 = CARTESIAN_POINT('',(0.,0.));
#4438 = VECTOR('',#4439,1.);
#4439 = DIRECTION('',(1.,0.));
#4440 = ( GEOMETRIC_REPRESENTATION_CONTEXT(2) 
PARAMETRIC_REPRESENTATION_CONTEXT() REPRESENTATION_CONTEXT('2D SPACE',''
  ) );
#4441 = PCURVE('',#838,#4442);
#4442 = DEFINITIONAL_REPRESENTATION('',(#4443),#4447);
#4443 = LINE('',#4444,#4445);
#4444 = CARTESIAN_POINT('',(0.,0.));
#4445 = VECTOR('',#4446,1.);
#4446 = DIRECTION('',(1.,0.));
#4447 = ( GEOMETRIC_REPRESENTATION_CONTEXT(2) 
PARAMETRIC_REPRESENTATION_CONTEXT() REPRESENTATION_CONTEXT('2D SPACE',''
  ) );
#4448 = ORIENTED_EDGE('',*,*,#4449,.T.);
#4449 = EDGE_CURVE('',#4427,#4450,#4452,.T.);
#4450 = VERTEX_POINT('',#4451);
#4451 = CARTESIAN_POINT('',(61.,-37.25,14.5));
#4452 = SURFACE_CURVE('',#4453,(#4457,#4464),.PCURVE_S1.);
#4453 = LINE('',#4454,#4455);
#4454 = CARTESIAN_POINT('',(9.,-37.25,14.5));
#4455 = VECTOR('',#4456,1.);
#4456 = DIRECTION('',(1.,0.,0.));
#4457 = PCURVE('',#920,#4458);
#4458 = DEFINITIONAL_REPRESENTATION('',(#4459),#4463);
#4459 = LINE('',#4460,#4461);
#4460 = CARTESIAN_POINT('',(8.5,0.));
#4461 = VECTOR('',#4462,1.);
#4462 = DIRECTION('',(0.,1.));
#4463 = ( GEOMETRIC_REPRESENTATION_CONTEXT(2) 
PARAMETRIC_REPRESENTATION_CONTEXT() REPRESENTATION_CONTEXT('2D SPACE',''
  ) );
#4464 = PCURVE('',#4465,#4470);
#4465 = PLANE('',#4466);
#4466 = AXIS2_PLACEMENT_3D('',#4467,#4468,#4469);
#4467 = CARTESIAN_POINT('',(9.,-37.25,14.5));
#4468 = DIRECTION('',(0.,0.,1.));
#4469 = DIRECTION('',(1.,0.,0.));
#4470 = DEFINITIONAL_REPRESENTATION('',(#4471),#4475);
#4471 = LINE('',#4472,#4473);
#4472 = CARTESIAN_POINT('',(0.,0.));
#4473 = VECTOR('',#4474,1.);
#4474 = DIRECTION('',(1.,0.));
#4475 = ( GEOMETRIC_REPRESENTATION_CONTEXT(2) 
PARAMETRIC_REPRESENTATION_CONTEXT() REPRESENTATION_CONTEXT('2D SPACE',''
  ) );
#4476 = ORIENTED_EDGE('',*,*,#4477,.F.);
#4477 = EDGE_CURVE('',#879,#4450,#4478,.T.);
#4478 = SURFACE_CURVE('',#4479,(#4483,#4490),.PCURVE_S1.);
#4479 = LINE('',#4480,#4481);
#4480 = CARTESIAN_POINT('',(61.,-37.25,6.));
#4481 = VECTOR('',#4482,1.);
#4482 = DIRECTION('',(0.,0.,1.));
#4483 = PCURVE('',#920,#4484);
#4484 = DEFINITIONAL_REPRESENTATION('',(#4485),#4489);
#4485 = LINE('',#4486,#4487);
#4486 = CARTESIAN_POINT('',(0.,52.));
#4487 = VECTOR('',#4488,1.);
#4488 = DIRECTION('',(1.,0.));
#4489 = ( GEOMETRIC_REPRESENTATION_CONTEXT(2) 
PARAMETRIC_REPRESENTATION_CONTEXT() REPRESENTATION_CONTEXT('2D SPACE',''
  ) );
#4490 = PCURVE('',#894,#4491);
#4491 = DEFINITIONAL_REPRESENTATION('',(#4492),#4496);
#4492 = LINE('',#4493,#4494);
#4493 = CARTESIAN_POINT('',(0.,0.));
#4494 = VECTOR('',#4495,1.);
#4495 = DIRECTION('',(1.,0.));
#4496 = ( GEOMETRIC_REPRESENTATION_CONTEXT(2) 
PARAMETRIC_REPRESENTATION_CONTEXT() REPRESENTATION_CONTEXT('2D SPACE',''
  ) );
#4497 = ADVANCED_FACE('',(#4498),#4465,.T.);
#4498 = FACE_BOUND('',#4499,.T.);
#4499 = EDGE_LOOP('',(#4500,#4523,#4524,#4547));
#4500 = ORIENTED_EDGE('',*,*,#4501,.F.);
#4501 = EDGE_CURVE('',#4427,#4502,#4504,.T.);
#4502 = VERTEX_POINT('',#4503);
#4503 = CARTESIAN_POINT('',(9.,-31.75,14.5));
#4504 = SURFACE_CURVE('',#4505,(#4509,#4516),.PCURVE_S1.);
#4505 = LINE('',#4506,#4507);
#4506 = CARTESIAN_POINT('',(9.,-37.25,14.5));
#4507 = VECTOR('',#4508,1.);
#4508 = DIRECTION('',(0.,1.,0.));
#4509 = PCURVE('',#4465,#4510);
#4510 = DEFINITIONAL_REPRESENTATION('',(#4511),#4515);
#4511 = LINE('',#4512,#4513);
#4512 = CARTESIAN_POINT('',(0.,0.));
#4513 = VECTOR('',#4514,1.);
#4514 = DIRECTION('',(0.,1.));
#4515 = ( GEOMETRIC_REPRESENTATION_CONTEXT(2) 
PARAMETRIC_REPRESENTATION_CONTEXT() REPRESENTATION_CONTEXT('2D SPACE',''
  ) );
#4516 = PCURVE('',#838,#4517);
#4517 = DEFINITIONAL_REPRESENTATION('',(#4518),#4522);
#4518 = LINE('',#4519,#4520);
#4519 = CARTESIAN_POINT('',(8.5,0.));
#4520 = VECTOR('',#4521,1.);
#4521 = DIRECTION('',(0.,-1.));
#4522 = ( GEOMETRIC_REPRESENTATION_CONTEXT(2) 
PARAMETRIC_REPRESENTATION_CONTEXT() REPRESENTATION_CONTEXT('2D SPACE',''
  ) );
#4523 = ORIENTED_EDGE('',*,*,#4449,.T.);
#4524 = ORIENTED_EDGE('',*,*,#4525,.T.);
#4525 = EDGE_CURVE('',#4450,#4526,#4528,.T.);
#4526 = VERTEX_POINT('',#4527);
#4527 = CARTESIAN_POINT('',(61.,-31.75,14.5));
#4528 = SURFACE_CURVE('',#4529,(#4533,#4540),.PCURVE_S1.);
#4529 = LINE('',#4530,#4531);
#4530 = CARTESIAN_POINT('',(61.,-37.25,14.5));
#4531 = VECTOR('',#4532,1.);
#4532 = DIRECTION('',(0.,1.,0.));
#4533 = PCURVE('',#4465,#4534);
#4534 = DEFINITIONAL_REPRESENTATION('',(#4535),#4539);
#4535 = LINE('',#4536,#4537);
#4536 = CARTESIAN_POINT('',(52.,0.));
#4537 = VECTOR('',#4538,1.);
#4538 = DIRECTION('',(0.,1.));
#4539 = ( GEOMETRIC_REPRESENTATION_CONTEXT(2) 
PARAMETRIC_REPRESENTATION_CONTEXT() REPRESENTATION_CONTEXT('2D SPACE',''
  ) );
#4540 = PCURVE('',#894,#4541);
#4541 = DEFINITIONAL_REPRESENTATION('',(#4542),#4546);
#4542 = LINE('',#4543,#4544);
#4543 = CARTESIAN_POINT('',(8.5,0.));
#4544 = VECTOR('',#4545,1.);
#4545 = DIRECTION('',(0.,-1.));
#4546 = ( GEOMETRIC_REPRESENTATION_CONTEXT(2) 
PARAMETRIC_REPRESENTATION_CONTEXT() REPRESENTATION_CONTEXT('2D SPACE',''
  ) );
#4547 = ORIENTED_EDGE('',*,*,#4548,.F.);
#4548 = EDGE_CURVE('',#4502,#4526,#4549,.T.);
#4549 = SURFACE_CURVE('',#4550,(#4554,#4561),.PCURVE_S1.);
#4550 = LINE('',#4551,#4552);
#4551 = CARTESIAN_POINT('',(9.,-31.75,14.5));
#4552 = VECTOR('',#4553,1.);
#4553 = DIRECTION('',(1.,0.,0.));
#4554 = PCURVE('',#4465,#4555);
#4555 = DEFINITIONAL_REPRESENTATION('',(#4556),#4560);
#4556 = LINE('',#4557,#4558);
#4557 = CARTESIAN_POINT('',(0.,5.5));
#4558 = VECTOR('',#4559,1.);
#4559 = DIRECTION('',(1.,0.));
#4560 = ( GEOMETRIC_REPRESENTATION_CONTEXT(2) 
PARAMETRIC_REPRESENTATION_CONTEXT() REPRESENTATION_CONTEXT('2D SPACE',''
  ) );
#4561 = PCURVE('',#4562,#4567);
#4562 = PLANE('',#4563);
#4563 = AXIS2_PLACEMENT_3D('',#4564,#4565,#4566);
#4564 = CARTESIAN_POINT('',(9.,-31.75,6.));
#4565 = DIRECTION('',(0.,1.,0.));
#4566 = DIRECTION('',(0.,0.,1.));
#4567 = DEFINITIONAL_REPRESENTATION('',(#4568),#4572);
#4568 = LINE('',#4569,#4570);
#4569 = CARTESIAN_POINT('',(8.5,0.));
#4570 = VECTOR('',#4571,1.);
#4571 = DIRECTION('',(0.,1.));
#4572 = ( GEOMETRIC_REPRESENTATION_CONTEXT(2) 
PARAMETRIC_REPRESENTATION_CONTEXT() REPRESENTATION_CONTEXT('2D SPACE',''
  ) );
#4573 = ADVANCED_FACE('',(#4574),#4562,.T.);
#4574 = FACE_BOUND('',#4575,.T.);
#4575 = EDGE_LOOP('',(#4576,#4599,#4625,#4646));
#4576 = ORIENTED_EDGE('',*,*,#4577,.F.);
#4577 = EDGE_CURVE('',#4578,#4526,#4580,.T.);
#4578 = VERTEX_POINT('',#4579);
#4579 = CARTESIAN_POINT('',(61.,-31.75,11.5));
#4580 = SURFACE_CURVE('',#4581,(#4585,#4592),.PCURVE_S1.);
#4581 = LINE('',#4582,#4583);
#4582 = CARTESIAN_POINT('',(61.,-31.75,6.));
#4583 = VECTOR('',#4584,1.);
#4584 = DIRECTION('',(0.,0.,1.));
#4585 = PCURVE('',#4562,#4586);
#4586 = DEFINITIONAL_REPRESENTATION('',(#4587),#4591);
#4587 = LINE('',#4588,#4589);
#4588 = CARTESIAN_POINT('',(0.,52.));
#4589 = VECTOR('',#4590,1.);
#4590 = DIRECTION('',(1.,0.));
#4591 = ( GEOMETRIC_REPRESENTATION_CONTEXT(2) 
PARAMETRIC_REPRESENTATION_CONTEXT() REPRESENTATION_CONTEXT('2D SPACE',''
  ) );
#4592 = PCURVE('',#894,#4593);
#4593 = DEFINITIONAL_REPRESENTATION('',(#4594),#4598);
#4594 = LINE('',#4595,#4596);
#4595 = CARTESIAN_POINT('',(0.,-5.5));
#4596 = VECTOR('',#4597,1.);
#4597 = DIRECTION('',(1.,0.));
#4598 = ( GEOMETRIC_REPRESENTATION_CONTEXT(2) 
PARAMETRIC_REPRESENTATION_CONTEXT() REPRESENTATION_CONTEXT('2D SPACE',''
  ) );
#4599 = ORIENTED_EDGE('',*,*,#4600,.T.);
#4600 = EDGE_CURVE('',#4578,#4601,#4603,.T.);
#4601 = VERTEX_POINT('',#4602);
#4602 = CARTESIAN_POINT('',(9.,-31.75,11.5));
#4603 = SURFACE_CURVE('',#4604,(#4608,#4614),.PCURVE_S1.);
#4604 = LINE('',#4605,#4606);
#4605 = CARTESIAN_POINT('',(9.,-31.75,11.5));
#4606 = VECTOR('',#4607,1.);
#4607 = DIRECTION('',(-1.,0.,0.));
#4608 = PCURVE('',#4562,#4609);
#4609 = DEFINITIONAL_REPRESENTATION('',(#4610),#4613);
#4610 = B_SPLINE_CURVE_WITH_KNOTS('',1,(#4611,#4612),.UNSPECIFIED.,.F.,
  .F.,(2,2),(-52.,0.),.PIECEWISE_BEZIER_KNOTS.);
#4611 = CARTESIAN_POINT('',(5.5,52.));
#4612 = CARTESIAN_POINT('',(5.5,0.));
#4613 = ( GEOMETRIC_REPRESENTATION_CONTEXT(2) 
PARAMETRIC_REPRESENTATION_CONTEXT() REPRESENTATION_CONTEXT('2D SPACE',''
  ) );
#4614 = PCURVE('',#4615,#4620);
#4615 = PLANE('',#4616);
#4616 = AXIS2_PLACEMENT_3D('',#4617,#4618,#4619);
#4617 = CARTESIAN_POINT('',(9.,-34.5,11.5));
#4618 = DIRECTION('',(0.,0.,1.));
#4619 = DIRECTION('',(1.,0.,0.));
#4620 = DEFINITIONAL_REPRESENTATION('',(#4621),#4624);
#4621 = B_SPLINE_CURVE_WITH_KNOTS('',1,(#4622,#4623),.UNSPECIFIED.,.F.,
  .F.,(2,2),(-52.,0.),.PIECEWISE_BEZIER_KNOTS.);
#4622 = CARTESIAN_POINT('',(52.,2.75));
#4623 = CARTESIAN_POINT('',(0.,2.75));
#4624 = ( GEOMETRIC_REPRESENTATION_CONTEXT(2) 
PARAMETRIC_REPRESENTATION_CONTEXT() REPRESENTATION_CONTEXT('2D SPACE',''
  ) );
#4625 = ORIENTED_EDGE('',*,*,#4626,.T.);
#4626 = EDGE_CURVE('',#4601,#4502,#4627,.T.);
#4627 = SURFACE_CURVE('',#4628,(#4632,#4639),.PCURVE_S1.);
#4628 = LINE('',#4629,#4630);
#4629 = CARTESIAN_POINT('',(9.,-31.75,6.));
#4630 = VECTOR('',#4631,1.);
#4631 = DIRECTION('',(0.,0.,1.));
#4632 = PCURVE('',#4562,#4633);
#4633 = DEFINITIONAL_REPRESENTATION('',(#4634),#4638);
#4634 = LINE('',#4635,#4636);
#4635 = CARTESIAN_POINT('',(0.,0.));
#4636 = VECTOR('',#4637,1.);
#4637 = DIRECTION('',(1.,0.));
#4638 = ( GEOMETRIC_REPRESENTATION_CONTEXT(2) 
PARAMETRIC_REPRESENTATION_CONTEXT() REPRESENTATION_CONTEXT('2D SPACE',''
  ) );
#4639 = PCURVE('',#838,#4640);
#4640 = DEFINITIONAL_REPRESENTATION('',(#4641),#4645);
#4641 = LINE('',#4642,#4643);
#4642 = CARTESIAN_POINT('',(0.,-5.5));
#4643 = VECTOR('',#4644,1.);
#4644 = DIRECTION('',(1.,0.));
#4645 = ( GEOMETRIC_REPRESENTATION_CONTEXT(2) 
PARAMETRIC_REPRESENTATION_CONTEXT() REPRESENTATION_CONTEXT('2D SPACE',''
  ) );
#4646 = ORIENTED_EDGE('',*,*,#4548,.T.);
#4647 = ADVANCED_FACE('',(#4648),#4615,.T.);
#4648 = FACE_BOUND('',#4649,.T.);
#4649 = EDGE_LOOP('',(#4650,#4673,#4674,#4697));
#4650 = ORIENTED_EDGE('',*,*,#4651,.F.);
#4651 = EDGE_CURVE('',#4601,#4652,#4654,.T.);
#4652 = VERTEX_POINT('',#4653);
#4653 = CARTESIAN_POINT('',(9.,-11.5,11.5));
#4654 = SURFACE_CURVE('',#4655,(#4659,#4666),.PCURVE_S1.);
#4655 = LINE('',#4656,#4657);
#4656 = CARTESIAN_POINT('',(9.,-34.5,11.5));
#4657 = VECTOR('',#4658,1.);
#4658 = DIRECTION('',(0.,1.,0.));
#4659 = PCURVE('',#4615,#4660);
#4660 = DEFINITIONAL_REPRESENTATION('',(#4661),#4665);
#4661 = LINE('',#4662,#4663);
#4662 = CARTESIAN_POINT('',(0.,0.));
#4663 = VECTOR('',#4664,1.);
#4664 = DIRECTION('',(0.,1.));
#4665 = ( GEOMETRIC_REPRESENTATION_CONTEXT(2) 
PARAMETRIC_REPRESENTATION_CONTEXT() REPRESENTATION_CONTEXT('2D SPACE',''
  ) );
#4666 = PCURVE('',#838,#4667);
#4667 = DEFINITIONAL_REPRESENTATION('',(#4668),#4672);
#4668 = LINE('',#4669,#4670);
#4669 = CARTESIAN_POINT('',(5.5,-2.75));
#4670 = VECTOR('',#4671,1.);
#4671 = DIRECTION('',(0.,-1.));
#4672 = ( GEOMETRIC_REPRESENTATION_CONTEXT(2) 
PARAMETRIC_REPRESENTATION_CONTEXT() REPRESENTATION_CONTEXT('2D SPACE',''
  ) );
#4673 = ORIENTED_EDGE('',*,*,#4600,.F.);
#4674 = ORIENTED_EDGE('',*,*,#4675,.T.);
#4675 = EDGE_CURVE('',#4578,#4676,#4678,.T.);
#4676 = VERTEX_POINT('',#4677);
#4677 = CARTESIAN_POINT('',(61.,-11.5,11.5));
#4678 = SURFACE_CURVE('',#4679,(#4683,#4690),.PCURVE_S1.);
#4679 = LINE('',#4680,#4681);
#4680 = CARTESIAN_POINT('',(61.,-34.5,11.5));
#4681 = VECTOR('',#4682,1.);
#4682 = DIRECTION('',(0.,1.,0.));
#4683 = PCURVE('',#4615,#4684);
#4684 = DEFINITIONAL_REPRESENTATION('',(#4685),#4689);
#4685 = LINE('',#4686,#4687);
#4686 = CARTESIAN_POINT('',(52.,0.));
#4687 = VECTOR('',#4688,1.);
#4688 = DIRECTION('',(0.,1.));
#4689 = ( GEOMETRIC_REPRESENTATION_CONTEXT(2) 
PARAMETRIC_REPRESENTATION_CONTEXT() REPRESENTATION_CONTEXT('2D SPACE',''
  ) );
#4690 = PCURVE('',#894,#4691);
#4691 = DEFINITIONAL_REPRESENTATION('',(#4692),#4696);
#4692 = LINE('',#4693,#4694);
#4693 = CARTESIAN_POINT('',(5.5,-2.75));
#4694 = VECTOR('',#4695,1.);
#4695 = DIRECTION('',(0.,-1.));
#4696 = ( GEOMETRIC_REPRESENTATION_CONTEXT(2) 
PARAMETRIC_REPRESENTATION_CONTEXT() REPRESENTATION_CONTEXT('2D SPACE',''
  ) );
#4697 = ORIENTED_EDGE('',*,*,#4698,.F.);
#4698 = EDGE_CURVE('',#4652,#4676,#4699,.T.);
#4699 = SURFACE_CURVE('',#4700,(#4704,#4711),.PCURVE_S1.);
#4700 = LINE('',#4701,#4702);
#4701 = CARTESIAN_POINT('',(9.,-11.5,11.5));
#4702 = VECTOR('',#4703,1.);
#4703 = DIRECTION('',(1.,0.,0.));
#4704 = PCURVE('',#4615,#4705);
#4705 = DEFINITIONAL_REPRESENTATION('',(#4706),#4710);
#4706 = LINE('',#4707,#4708);
#4707 = CARTESIAN_POINT('',(0.,23.));
#4708 = VECTOR('',#4709,1.);
#4709 = DIRECTION('',(1.,0.));
#4710 = ( GEOMETRIC_REPRESENTATION_CONTEXT(2) 
PARAMETRIC_REPRESENTATION_CONTEXT() REPRESENTATION_CONTEXT('2D SPACE',''
  ) );
#4711 = PCURVE('',#866,#4712);
#4712 = DEFINITIONAL_REPRESENTATION('',(#4713),#4717);
#4713 = LINE('',#4714,#4715);
#4714 = CARTESIAN_POINT('',(5.5,0.));
#4715 = VECTOR('',#4716,1.);
#4716 = DIRECTION('',(0.,1.));
#4717 = ( GEOMETRIC_REPRESENTATION_CONTEXT(2) 
PARAMETRIC_REPRESENTATION_CONTEXT() REPRESENTATION_CONTEXT('2D SPACE',''
  ) );
#4718 = ADVANCED_FACE('',(#4719),#894,.T.);
#4719 = FACE_BOUND('',#4720,.T.);
#4720 = EDGE_LOOP('',(#4721,#4722,#4723,#4724,#4745,#4746));
#4721 = ORIENTED_EDGE('',*,*,#4525,.F.);
#4722 = ORIENTED_EDGE('',*,*,#4477,.F.);
#4723 = ORIENTED_EDGE('',*,*,#878,.F.);
#4724 = ORIENTED_EDGE('',*,*,#4725,.T.);
#4725 = EDGE_CURVE('',#851,#4676,#4726,.T.);
#4726 = SURFACE_CURVE('',#4727,(#4731,#4738),.PCURVE_S1.);
#4727 = LINE('',#4728,#4729);
#4728 = CARTESIAN_POINT('',(61.,-11.5,6.));
#4729 = VECTOR('',#4730,1.);
#4730 = DIRECTION('',(0.,0.,1.));
#4731 = PCURVE('',#894,#4732);
#4732 = DEFINITIONAL_REPRESENTATION('',(#4733),#4737);
#4733 = LINE('',#4734,#4735);
#4734 = CARTESIAN_POINT('',(0.,-25.75));
#4735 = VECTOR('',#4736,1.);
#4736 = DIRECTION('',(1.,0.));
#4737 = ( GEOMETRIC_REPRESENTATION_CONTEXT(2) 
PARAMETRIC_REPRESENTATION_CONTEXT() REPRESENTATION_CONTEXT('2D SPACE',''
  ) );
#4738 = PCURVE('',#866,#4739);
#4739 = DEFINITIONAL_REPRESENTATION('',(#4740),#4744);
#4740 = LINE('',#4741,#4742);
#4741 = CARTESIAN_POINT('',(0.,52.));
#4742 = VECTOR('',#4743,1.);
#4743 = DIRECTION('',(1.,0.));
#4744 = ( GEOMETRIC_REPRESENTATION_CONTEXT(2) 
PARAMETRIC_REPRESENTATION_CONTEXT() REPRESENTATION_CONTEXT('2D SPACE',''
  ) );
#4745 = ORIENTED_EDGE('',*,*,#4675,.F.);
#4746 = ORIENTED_EDGE('',*,*,#4577,.T.);
#4747 = ADVANCED_FACE('',(#4748),#866,.T.);
#4748 = FACE_BOUND('',#4749,.T.);
#4749 = EDGE_LOOP('',(#4750,#4751,#4772,#4773));
#4750 = ORIENTED_EDGE('',*,*,#850,.F.);
#4751 = ORIENTED_EDGE('',*,*,#4752,.T.);
#4752 = EDGE_CURVE('',#823,#4652,#4753,.T.);
#4753 = SURFACE_CURVE('',#4754,(#4758,#4765),.PCURVE_S1.);
#4754 = LINE('',#4755,#4756);
#4755 = CARTESIAN_POINT('',(9.,-11.5,6.));
#4756 = VECTOR('',#4757,1.);
#4757 = DIRECTION('',(0.,0.,1.));
#4758 = PCURVE('',#866,#4759);
#4759 = DEFINITIONAL_REPRESENTATION('',(#4760),#4764);
#4760 = LINE('',#4761,#4762);
#4761 = CARTESIAN_POINT('',(0.,0.));
#4762 = VECTOR('',#4763,1.);
#4763 = DIRECTION('',(1.,0.));
#4764 = ( GEOMETRIC_REPRESENTATION_CONTEXT(2) 
PARAMETRIC_REPRESENTATION_CONTEXT() REPRESENTATION_CONTEXT('2D SPACE',''
  ) );
#4765 = PCURVE('',#838,#4766);
#4766 = DEFINITIONAL_REPRESENTATION('',(#4767),#4771);
#4767 = LINE('',#4768,#4769);
#4768 = CARTESIAN_POINT('',(0.,-25.75));
#4769 = VECTOR('',#4770,1.);
#4770 = DIRECTION('',(1.,0.));
#4771 = ( GEOMETRIC_REPRESENTATION_CONTEXT(2) 
PARAMETRIC_REPRESENTATION_CONTEXT() REPRESENTATION_CONTEXT('2D SPACE',''
  ) );
#4772 = ORIENTED_EDGE('',*,*,#4698,.T.);
#4773 = ORIENTED_EDGE('',*,*,#4725,.F.);
#4774 = ADVANCED_FACE('',(#4775),#838,.F.);
#4775 = FACE_BOUND('',#4776,.F.);
#4776 = EDGE_LOOP('',(#4777,#4778,#4779,#4780,#4781,#4782));
#4777 = ORIENTED_EDGE('',*,*,#4501,.F.);
#4778 = ORIENTED_EDGE('',*,*,#4426,.F.);
#4779 = ORIENTED_EDGE('',*,*,#820,.T.);
#4780 = ORIENTED_EDGE('',*,*,#4752,.T.);
#4781 = ORIENTED_EDGE('',*,*,#4651,.F.);
#4782 = ORIENTED_EDGE('',*,*,#4626,.T.);
#4783 = ADVANCED_FACE('',(#4784),#806,.F.);
#4784 = FACE_BOUND('',#4785,.F.);
#4785 = EDGE_LOOP('',(#4786,#4787,#4810,#4838));
#4786 = ORIENTED_EDGE('',*,*,#792,.F.);
#4787 = ORIENTED_EDGE('',*,*,#4788,.T.);
#4788 = EDGE_CURVE('',#707,#4789,#4791,.T.);
#4789 = VERTEX_POINT('',#4790);
#4790 = CARTESIAN_POINT('',(-61.,-37.25,14.5));
#4791 = SURFACE_CURVE('',#4792,(#4796,#4803),.PCURVE_S1.);
#4792 = LINE('',#4793,#4794);
#4793 = CARTESIAN_POINT('',(-61.,-37.25,6.));
#4794 = VECTOR('',#4795,1.);
#4795 = DIRECTION('',(0.,0.,1.));
#4796 = PCURVE('',#806,#4797);
#4797 = DEFINITIONAL_REPRESENTATION('',(#4798),#4802);
#4798 = LINE('',#4799,#4800);
#4799 = CARTESIAN_POINT('',(0.,0.));
#4800 = VECTOR('',#4801,1.);
#4801 = DIRECTION('',(1.,0.));
#4802 = ( GEOMETRIC_REPRESENTATION_CONTEXT(2) 
PARAMETRIC_REPRESENTATION_CONTEXT() REPRESENTATION_CONTEXT('2D SPACE',''
  ) );
#4803 = PCURVE('',#724,#4804);
#4804 = DEFINITIONAL_REPRESENTATION('',(#4805),#4809);
#4805 = LINE('',#4806,#4807);
#4806 = CARTESIAN_POINT('',(0.,0.));
#4807 = VECTOR('',#4808,1.);
#4808 = DIRECTION('',(1.,0.));
#4809 = ( GEOMETRIC_REPRESENTATION_CONTEXT(2) 
PARAMETRIC_REPRESENTATION_CONTEXT() REPRESENTATION_CONTEXT('2D SPACE',''
  ) );
#4810 = ORIENTED_EDGE('',*,*,#4811,.T.);
#4811 = EDGE_CURVE('',#4789,#4812,#4814,.T.);
#4812 = VERTEX_POINT('',#4813);
#4813 = CARTESIAN_POINT('',(-9.,-37.25,14.5));
#4814 = SURFACE_CURVE('',#4815,(#4819,#4826),.PCURVE_S1.);
#4815 = LINE('',#4816,#4817);
#4816 = CARTESIAN_POINT('',(-61.,-37.25,14.5));
#4817 = VECTOR('',#4818,1.);
#4818 = DIRECTION('',(1.,0.,0.));
#4819 = PCURVE('',#806,#4820);
#4820 = DEFINITIONAL_REPRESENTATION('',(#4821),#4825);
#4821 = LINE('',#4822,#4823);
#4822 = CARTESIAN_POINT('',(8.5,0.));
#4823 = VECTOR('',#4824,1.);
#4824 = DIRECTION('',(0.,1.));
#4825 = ( GEOMETRIC_REPRESENTATION_CONTEXT(2) 
PARAMETRIC_REPRESENTATION_CONTEXT() REPRESENTATION_CONTEXT('2D SPACE',''
  ) );
#4826 = PCURVE('',#4827,#4832);
#4827 = PLANE('',#4828);
#4828 = AXIS2_PLACEMENT_3D('',#4829,#4830,#4831);
#4829 = CARTESIAN_POINT('',(-61.,-37.25,14.5));
#4830 = DIRECTION('',(0.,0.,1.));
#4831 = DIRECTION('',(1.,0.,0.));
#4832 = DEFINITIONAL_REPRESENTATION('',(#4833),#4837);
#4833 = LINE('',#4834,#4835);
#4834 = CARTESIAN_POINT('',(0.,0.));
#4835 = VECTOR('',#4836,1.);
#4836 = DIRECTION('',(1.,0.));
#4837 = ( GEOMETRIC_REPRESENTATION_CONTEXT(2) 
PARAMETRIC_REPRESENTATION_CONTEXT() REPRESENTATION_CONTEXT('2D SPACE',''
  ) );
#4838 = ORIENTED_EDGE('',*,*,#4839,.F.);
#4839 = EDGE_CURVE('',#765,#4812,#4840,.T.);
#4840 = SURFACE_CURVE('',#4841,(#4845,#4852),.PCURVE_S1.);
#4841 = LINE('',#4842,#4843);
#4842 = CARTESIAN_POINT('',(-9.,-37.25,6.));
#4843 = VECTOR('',#4844,1.);
#4844 = DIRECTION('',(0.,0.,1.));
#4845 = PCURVE('',#806,#4846);
#4846 = DEFINITIONAL_REPRESENTATION('',(#4847),#4851);
#4847 = LINE('',#4848,#4849);
#4848 = CARTESIAN_POINT('',(0.,52.));
#4849 = VECTOR('',#4850,1.);
#4850 = DIRECTION('',(1.,0.));
#4851 = ( GEOMETRIC_REPRESENTATION_CONTEXT(2) 
PARAMETRIC_REPRESENTATION_CONTEXT() REPRESENTATION_CONTEXT('2D SPACE',''
  ) );
#4852 = PCURVE('',#780,#4853);
#4853 = DEFINITIONAL_REPRESENTATION('',(#4854),#4858);
#4854 = LINE('',#4855,#4856);
#4855 = CARTESIAN_POINT('',(0.,0.));
#4856 = VECTOR('',#4857,1.);
#4857 = DIRECTION('',(1.,0.));
#4858 = ( GEOMETRIC_REPRESENTATION_CONTEXT(2) 
PARAMETRIC_REPRESENTATION_CONTEXT() REPRESENTATION_CONTEXT('2D SPACE',''
  ) );
#4859 = ADVANCED_FACE('',(#4860),#4827,.T.);
#4860 = FACE_BOUND('',#4861,.T.);
#4861 = EDGE_LOOP('',(#4862,#4885,#4886,#4909));
#4862 = ORIENTED_EDGE('',*,*,#4863,.F.);
#4863 = EDGE_CURVE('',#4789,#4864,#4866,.T.);
#4864 = VERTEX_POINT('',#4865);
#4865 = CARTESIAN_POINT('',(-61.,-31.75,14.5));
#4866 = SURFACE_CURVE('',#4867,(#4871,#4878),.PCURVE_S1.);
#4867 = LINE('',#4868,#4869);
#4868 = CARTESIAN_POINT('',(-61.,-37.25,14.5));
#4869 = VECTOR('',#4870,1.);
#4870 = DIRECTION('',(0.,1.,0.));
#4871 = PCURVE('',#4827,#4872);
#4872 = DEFINITIONAL_REPRESENTATION('',(#4873),#4877);
#4873 = LINE('',#4874,#4875);
#4874 = CARTESIAN_POINT('',(0.,0.));
#4875 = VECTOR('',#4876,1.);
#4876 = DIRECTION('',(0.,1.));
#4877 = ( GEOMETRIC_REPRESENTATION_CONTEXT(2) 
PARAMETRIC_REPRESENTATION_CONTEXT() REPRESENTATION_CONTEXT('2D SPACE',''
  ) );
#4878 = PCURVE('',#724,#4879);
#4879 = DEFINITIONAL_REPRESENTATION('',(#4880),#4884);
#4880 = LINE('',#4881,#4882);
#4881 = CARTESIAN_POINT('',(8.5,0.));
#4882 = VECTOR('',#4883,1.);
#4883 = DIRECTION('',(0.,-1.));
#4884 = ( GEOMETRIC_REPRESENTATION_CONTEXT(2) 
PARAMETRIC_REPRESENTATION_CONTEXT() REPRESENTATION_CONTEXT('2D SPACE',''
  ) );
#4885 = ORIENTED_EDGE('',*,*,#4811,.T.);
#4886 = ORIENTED_EDGE('',*,*,#4887,.T.);
#4887 = EDGE_CURVE('',#4812,#4888,#4890,.T.);
#4888 = VERTEX_POINT('',#4889);
#4889 = CARTESIAN_POINT('',(-9.,-31.75,14.5));
#4890 = SURFACE_CURVE('',#4891,(#4895,#4902),.PCURVE_S1.);
#4891 = LINE('',#4892,#4893);
#4892 = CARTESIAN_POINT('',(-9.,-37.25,14.5));
#4893 = VECTOR('',#4894,1.);
#4894 = DIRECTION('',(0.,1.,0.));
#4895 = PCURVE('',#4827,#4896);
#4896 = DEFINITIONAL_REPRESENTATION('',(#4897),#4901);
#4897 = LINE('',#4898,#4899);
#4898 = CARTESIAN_POINT('',(52.,0.));
#4899 = VECTOR('',#4900,1.);
#4900 = DIRECTION('',(0.,1.));
#4901 = ( GEOMETRIC_REPRESENTATION_CONTEXT(2) 
PARAMETRIC_REPRESENTATION_CONTEXT() REPRESENTATION_CONTEXT('2D SPACE',''
  ) );
#4902 = PCURVE('',#780,#4903);
#4903 = DEFINITIONAL_REPRESENTATION('',(#4904),#4908);
#4904 = LINE('',#4905,#4906);
#4905 = CARTESIAN_POINT('',(8.5,0.));
#4906 = VECTOR('',#4907,1.);
#4907 = DIRECTION('',(0.,-1.));
#4908 = ( GEOMETRIC_REPRESENTATION_CONTEXT(2) 
PARAMETRIC_REPRESENTATION_CONTEXT() REPRESENTATION_CONTEXT('2D SPACE',''
  ) );
#4909 = ORIENTED_EDGE('',*,*,#4910,.F.);
#4910 = EDGE_CURVE('',#4864,#4888,#4911,.T.);
#4911 = SURFACE_CURVE('',#4912,(#4916,#4923),.PCURVE_S1.);
#4912 = LINE('',#4913,#4914);
#4913 = CARTESIAN_POINT('',(-61.,-31.75,14.5));
#4914 = VECTOR('',#4915,1.);
#4915 = DIRECTION('',(1.,0.,0.));
#4916 = PCURVE('',#4827,#4917);
#4917 = DEFINITIONAL_REPRESENTATION('',(#4918),#4922);
#4918 = LINE('',#4919,#4920);
#4919 = CARTESIAN_POINT('',(0.,5.5));
#4920 = VECTOR('',#4921,1.);
#4921 = DIRECTION('',(1.,0.));
#4922 = ( GEOMETRIC_REPRESENTATION_CONTEXT(2) 
PARAMETRIC_REPRESENTATION_CONTEXT() REPRESENTATION_CONTEXT('2D SPACE',''
  ) );
#4923 = PCURVE('',#4924,#4929);
#4924 = PLANE('',#4925);
#4925 = AXIS2_PLACEMENT_3D('',#4926,#4927,#4928);
#4926 = CARTESIAN_POINT('',(-61.,-31.75,6.));
#4927 = DIRECTION('',(0.,1.,0.));
#4928 = DIRECTION('',(0.,0.,1.));
#4929 = DEFINITIONAL_REPRESENTATION('',(#4930),#4934);
#4930 = LINE('',#4931,#4932);
#4931 = CARTESIAN_POINT('',(8.5,0.));
#4932 = VECTOR('',#4933,1.);
#4933 = DIRECTION('',(0.,1.));
#4934 = ( GEOMETRIC_REPRESENTATION_CONTEXT(2) 
PARAMETRIC_REPRESENTATION_CONTEXT() REPRESENTATION_CONTEXT('2D SPACE',''
  ) );
#4935 = ADVANCED_FACE('',(#4936),#4924,.T.);
#4936 = FACE_BOUND('',#4937,.T.);
#4937 = EDGE_LOOP('',(#4938,#4961,#4987,#5008));
#4938 = ORIENTED_EDGE('',*,*,#4939,.F.);
#4939 = EDGE_CURVE('',#4940,#4888,#4942,.T.);
#4940 = VERTEX_POINT('',#4941);
#4941 = CARTESIAN_POINT('',(-9.,-31.75,11.5));
#4942 = SURFACE_CURVE('',#4943,(#4947,#4954),.PCURVE_S1.);
#4943 = LINE('',#4944,#4945);
#4944 = CARTESIAN_POINT('',(-9.,-31.75,6.));
#4945 = VECTOR('',#4946,1.);
#4946 = DIRECTION('',(0.,0.,1.));
#4947 = PCURVE('',#4924,#4948);
#4948 = DEFINITIONAL_REPRESENTATION('',(#4949),#4953);
#4949 = LINE('',#4950,#4951);
#4950 = CARTESIAN_POINT('',(0.,52.));
#4951 = VECTOR('',#4952,1.);
#4952 = DIRECTION('',(1.,0.));
#4953 = ( GEOMETRIC_REPRESENTATION_CONTEXT(2) 
PARAMETRIC_REPRESENTATION_CONTEXT() REPRESENTATION_CONTEXT('2D SPACE',''
  ) );
#4954 = PCURVE('',#780,#4955);
#4955 = DEFINITIONAL_REPRESENTATION('',(#4956),#4960);
#4956 = LINE('',#4957,#4958);
#4957 = CARTESIAN_POINT('',(0.,-5.5));
#4958 = VECTOR('',#4959,1.);
#4959 = DIRECTION('',(1.,0.));
#4960 = ( GEOMETRIC_REPRESENTATION_CONTEXT(2) 
PARAMETRIC_REPRESENTATION_CONTEXT() REPRESENTATION_CONTEXT('2D SPACE',''
  ) );
#4961 = ORIENTED_EDGE('',*,*,#4962,.T.);
#4962 = EDGE_CURVE('',#4940,#4963,#4965,.T.);
#4963 = VERTEX_POINT('',#4964);
#4964 = CARTESIAN_POINT('',(-61.,-31.75,11.5));
#4965 = SURFACE_CURVE('',#4966,(#4970,#4976),.PCURVE_S1.);
#4966 = LINE('',#4967,#4968);
#4967 = CARTESIAN_POINT('',(-61.,-31.75,11.5));
#4968 = VECTOR('',#4969,1.);
#4969 = DIRECTION('',(-1.,0.,0.));
#4970 = PCURVE('',#4924,#4971);
#4971 = DEFINITIONAL_REPRESENTATION('',(#4972),#4975);
#4972 = B_SPLINE_CURVE_WITH_KNOTS('',1,(#4973,#4974),.UNSPECIFIED.,.F.,
  .F.,(2,2),(-52.,0.),.PIECEWISE_BEZIER_KNOTS.);
#4973 = CARTESIAN_POINT('',(5.5,52.));
#4974 = CARTESIAN_POINT('',(5.5,0.));
#4975 = ( GEOMETRIC_REPRESENTATION_CONTEXT(2) 
PARAMETRIC_REPRESENTATION_CONTEXT() REPRESENTATION_CONTEXT('2D SPACE',''
  ) );
#4976 = PCURVE('',#4977,#4982);
#4977 = PLANE('',#4978);
#4978 = AXIS2_PLACEMENT_3D('',#4979,#4980,#4981);
#4979 = CARTESIAN_POINT('',(-61.,-34.5,11.5));
#4980 = DIRECTION('',(0.,0.,1.));
#4981 = DIRECTION('',(1.,0.,0.));
#4982 = DEFINITIONAL_REPRESENTATION('',(#4983),#4986);
#4983 = B_SPLINE_CURVE_WITH_KNOTS('',1,(#4984,#4985),.UNSPECIFIED.,.F.,
  .F.,(2,2),(-52.,0.),.PIECEWISE_BEZIER_KNOTS.);
#4984 = CARTESIAN_POINT('',(52.,2.75));
#4985 = CARTESIAN_POINT('',(0.,2.75));
#4986 = ( GEOMETRIC_REPRESENTATION_CONTEXT(2) 
PARAMETRIC_REPRESENTATION_CONTEXT() REPRESENTATION_CONTEXT('2D SPACE',''
  ) );
#4987 = ORIENTED_EDGE('',*,*,#4988,.T.);
#4988 = EDGE_CURVE('',#4963,#4864,#4989,.T.);
#4989 = SURFACE_CURVE('',#4990,(#4994,#5001),.PCURVE_S1.);
#4990 = LINE('',#4991,#4992);
#4991 = CARTESIAN_POINT('',(-61.,-31.75,6.));
#4992 = VECTOR('',#4993,1.);
#4993 = DIRECTION('',(0.,0.,1.));
#4994 = PCURVE('',#4924,#4995);
#4995 = DEFINITIONAL_REPRESENTATION('',(#4996),#5000);
#4996 = LINE('',#4997,#4998);
#4997 = CARTESIAN_POINT('',(0.,0.));
#4998 = VECTOR('',#4999,1.);
#4999 = DIRECTION('',(1.,0.));
#5000 = ( GEOMETRIC_REPRESENTATION_CONTEXT(2) 
PARAMETRIC_REPRESENTATION_CONTEXT() REPRESENTATION_CONTEXT('2D SPACE',''
  ) );
#5001 = PCURVE('',#724,#5002);
#5002 = DEFINITIONAL_REPRESENTATION('',(#5003),#5007);
#5003 = LINE('',#5004,#5005);
#5004 = CARTESIAN_POINT('',(0.,-5.5));
#5005 = VECTOR('',#5006,1.);
#5006 = DIRECTION('',(1.,0.));
#5007 = ( GEOMETRIC_REPRESENTATION_CONTEXT(2) 
PARAMETRIC_REPRESENTATION_CONTEXT() REPRESENTATION_CONTEXT('2D SPACE',''
  ) );
#5008 = ORIENTED_EDGE('',*,*,#4910,.T.);
#5009 = ADVANCED_FACE('',(#5010),#4977,.T.);
#5010 = FACE_BOUND('',#5011,.T.);
#5011 = EDGE_LOOP('',(#5012,#5035,#5036,#5059));
#5012 = ORIENTED_EDGE('',*,*,#5013,.F.);
#5013 = EDGE_CURVE('',#4963,#5014,#5016,.T.);
#5014 = VERTEX_POINT('',#5015);
#5015 = CARTESIAN_POINT('',(-61.,-11.5,11.5));
#5016 = SURFACE_CURVE('',#5017,(#5021,#5028),.PCURVE_S1.);
#5017 = LINE('',#5018,#5019);
#5018 = CARTESIAN_POINT('',(-61.,-34.5,11.5));
#5019 = VECTOR('',#5020,1.);
#5020 = DIRECTION('',(0.,1.,0.));
#5021 = PCURVE('',#4977,#5022);
#5022 = DEFINITIONAL_REPRESENTATION('',(#5023),#5027);
#5023 = LINE('',#5024,#5025);
#5024 = CARTESIAN_POINT('',(0.,0.));
#5025 = VECTOR('',#5026,1.);
#5026 = DIRECTION('',(0.,1.));
#5027 = ( GEOMETRIC_REPRESENTATION_CONTEXT(2) 
PARAMETRIC_REPRESENTATION_CONTEXT() REPRESENTATION_CONTEXT('2D SPACE',''
  ) );
#5028 = PCURVE('',#724,#5029);
#5029 = DEFINITIONAL_REPRESENTATION('',(#5030),#5034);
#5030 = LINE('',#5031,#5032);
#5031 = CARTESIAN_POINT('',(5.5,-2.75));
#5032 = VECTOR('',#5033,1.);
#5033 = DIRECTION('',(0.,-1.));
#5034 = ( GEOMETRIC_REPRESENTATION_CONTEXT(2) 
PARAMETRIC_REPRESENTATION_CONTEXT() REPRESENTATION_CONTEXT('2D SPACE',''
  ) );
#5035 = ORIENTED_EDGE('',*,*,#4962,.F.);
#5036 = ORIENTED_EDGE('',*,*,#5037,.T.);
#5037 = EDGE_CURVE('',#4940,#5038,#5040,.T.);
#5038 = VERTEX_POINT('',#5039);
#5039 = CARTESIAN_POINT('',(-9.,-11.5,11.5));
#5040 = SURFACE_CURVE('',#5041,(#5045,#5052),.PCURVE_S1.);
#5041 = LINE('',#5042,#5043);
#5042 = CARTESIAN_POINT('',(-9.,-34.5,11.5));
#5043 = VECTOR('',#5044,1.);
#5044 = DIRECTION('',(0.,1.,0.));
#5045 = PCURVE('',#4977,#5046);
#5046 = DEFINITIONAL_REPRESENTATION('',(#5047),#5051);
#5047 = LINE('',#5048,#5049);
#5048 = CARTESIAN_POINT('',(52.,0.));
#5049 = VECTOR('',#5050,1.);
#5050 = DIRECTION('',(0.,1.));
#5051 = ( GEOMETRIC_REPRESENTATION_CONTEXT(2) 
PARAMETRIC_REPRESENTATION_CONTEXT() REPRESENTATION_CONTEXT('2D SPACE',''
  ) );
#5052 = PCURVE('',#780,#5053);
#5053 = DEFINITIONAL_REPRESENTATION('',(#5054),#5058);
#5054 = LINE('',#5055,#5056);
#5055 = CARTESIAN_POINT('',(5.5,-2.75));
#5056 = VECTOR('',#5057,1.);
#5057 = DIRECTION('',(0.,-1.));
#5058 = ( GEOMETRIC_REPRESENTATION_CONTEXT(2) 
PARAMETRIC_REPRESENTATION_CONTEXT() REPRESENTATION_CONTEXT('2D SPACE',''
  ) );
#5059 = ORIENTED_EDGE('',*,*,#5060,.F.);
#5060 = EDGE_CURVE('',#5014,#5038,#5061,.T.);
#5061 = SURFACE_CURVE('',#5062,(#5066,#5073),.PCURVE_S1.);
#5062 = LINE('',#5063,#5064);
#5063 = CARTESIAN_POINT('',(-61.,-11.5,11.5));
#5064 = VECTOR('',#5065,1.);
#5065 = DIRECTION('',(1.,0.,0.));
#5066 = PCURVE('',#4977,#5067);
#5067 = DEFINITIONAL_REPRESENTATION('',(#5068),#5072);
#5068 = LINE('',#5069,#5070);
#5069 = CARTESIAN_POINT('',(0.,23.));
#5070 = VECTOR('',#5071,1.);
#5071 = DIRECTION('',(1.,0.));
#5072 = ( GEOMETRIC_REPRESENTATION_CONTEXT(2) 
PARAMETRIC_REPRESENTATION_CONTEXT() REPRESENTATION_CONTEXT('2D SPACE',''
  ) );
#5073 = PCURVE('',#752,#5074);
#5074 = DEFINITIONAL_REPRESENTATION('',(#5075),#5079);
#5075 = LINE('',#5076,#5077);
#5076 = CARTESIAN_POINT('',(5.5,0.));
#5077 = VECTOR('',#5078,1.);
#5078 = DIRECTION('',(0.,1.));
#5079 = ( GEOMETRIC_REPRESENTATION_CONTEXT(2) 
PARAMETRIC_REPRESENTATION_CONTEXT() REPRESENTATION_CONTEXT('2D SPACE',''
  ) );
#5080 = ADVANCED_FACE('',(#5081),#780,.T.);
#5081 = FACE_BOUND('',#5082,.T.);
#5082 = EDGE_LOOP('',(#5083,#5084,#5085,#5086,#5107,#5108));
#5083 = ORIENTED_EDGE('',*,*,#4887,.F.);
#5084 = ORIENTED_EDGE('',*,*,#4839,.F.);
#5085 = ORIENTED_EDGE('',*,*,#764,.F.);
#5086 = ORIENTED_EDGE('',*,*,#5087,.T.);
#5087 = EDGE_CURVE('',#737,#5038,#5088,.T.);
#5088 = SURFACE_CURVE('',#5089,(#5093,#5100),.PCURVE_S1.);
#5089 = LINE('',#5090,#5091);
#5090 = CARTESIAN_POINT('',(-9.,-11.5,6.));
#5091 = VECTOR('',#5092,1.);
#5092 = DIRECTION('',(0.,0.,1.));
#5093 = PCURVE('',#780,#5094);
#5094 = DEFINITIONAL_REPRESENTATION('',(#5095),#5099);
#5095 = LINE('',#5096,#5097);
#5096 = CARTESIAN_POINT('',(0.,-25.75));
#5097 = VECTOR('',#5098,1.);
#5098 = DIRECTION('',(1.,0.));
#5099 = ( GEOMETRIC_REPRESENTATION_CONTEXT(2) 
PARAMETRIC_REPRESENTATION_CONTEXT() REPRESENTATION_CONTEXT('2D SPACE',''
  ) );
#5100 = PCURVE('',#752,#5101);
#5101 = DEFINITIONAL_REPRESENTATION('',(#5102),#5106);
#5102 = LINE('',#5103,#5104);
#5103 = CARTESIAN_POINT('',(0.,52.));
#5104 = VECTOR('',#5105,1.);
#5105 = DIRECTION('',(1.,0.));
#5106 = ( GEOMETRIC_REPRESENTATION_CONTEXT(2) 
PARAMETRIC_REPRESENTATION_CONTEXT() REPRESENTATION_CONTEXT('2D SPACE',''
  ) );
#5107 = ORIENTED_EDGE('',*,*,#5037,.F.);
#5108 = ORIENTED_EDGE('',*,*,#4939,.T.);
#5109 = ADVANCED_FACE('',(#5110),#752,.T.);
#5110 = FACE_BOUND('',#5111,.T.);
#5111 = EDGE_LOOP('',(#5112,#5113,#5134,#5135));
#5112 = ORIENTED_EDGE('',*,*,#736,.F.);
#5113 = ORIENTED_EDGE('',*,*,#5114,.T.);
#5114 = EDGE_CURVE('',#709,#5014,#5115,.T.);
#5115 = SURFACE_CURVE('',#5116,(#5120,#5127),.PCURVE_S1.);
#5116 = LINE('',#5117,#5118);
#5117 = CARTESIAN_POINT('',(-61.,-11.5,6.));
#5118 = VECTOR('',#5119,1.);
#5119 = DIRECTION('',(0.,0.,1.));
#5120 = PCURVE('',#752,#5121);
#5121 = DEFINITIONAL_REPRESENTATION('',(#5122),#5126);
#5122 = LINE('',#5123,#5124);
#5123 = CARTESIAN_POINT('',(0.,0.));
#5124 = VECTOR('',#5125,1.);
#5125 = DIRECTION('',(1.,0.));
#5126 = ( GEOMETRIC_REPRESENTATION_CONTEXT(2) 
PARAMETRIC_REPRESENTATION_CONTEXT() REPRESENTATION_CONTEXT('2D SPACE',''
  ) );
#5127 = PCURVE('',#724,#5128);
#5128 = DEFINITIONAL_REPRESENTATION('',(#5129),#5133);
#5129 = LINE('',#5130,#5131);
#5130 = CARTESIAN_POINT('',(0.,-25.75));
#5131 = VECTOR('',#5132,1.);
#5132 = DIRECTION('',(1.,0.));
#5133 = ( GEOMETRIC_REPRESENTATION_CONTEXT(2) 
PARAMETRIC_REPRESENTATION_CONTEXT() REPRESENTATION_CONTEXT('2D SPACE',''
  ) );
#5134 = ORIENTED_EDGE('',*,*,#5060,.T.);
#5135 = ORIENTED_EDGE('',*,*,#5087,.F.);
#5136 = ADVANCED_FACE('',(#5137),#724,.F.);
#5137 = FACE_BOUND('',#5138,.F.);
#5138 = EDGE_LOOP('',(#5139,#5140,#5141,#5142,#5143,#5144));
#5139 = ORIENTED_EDGE('',*,*,#4863,.F.);
#5140 = ORIENTED_EDGE('',*,*,#4788,.F.);
#5141 = ORIENTED_EDGE('',*,*,#706,.T.);
#5142 = ORIENTED_EDGE('',*,*,#5114,.T.);
#5143 = ORIENTED_EDGE('',*,*,#5013,.F.);
#5144 = ORIENTED_EDGE('',*,*,#4988,.T.);
#5145 = ( GEOMETRIC_REPRESENTATION_CONTEXT(3) 
GLOBAL_UNCERTAINTY_ASSIGNED_CONTEXT((#5149)) 
GLOBAL_UNIT_ASSIGNED_CONTEXT((#5146,#5147,#5148)) REPRESENTATION_CONTEXT
('Context #1','3D Context with UNIT and UNCERTAINTY') );
#5146 = ( LENGTH_UNIT() NAMED_UNIT(*) SI_UNIT(.MILLI.,.METRE.) );
#5147 = ( NAMED_UNIT(*) PLANE_ANGLE_UNIT() SI_UNIT($,.RADIAN.) );
#5148 = ( NAMED_UNIT(*) SI_UNIT($,.STERADIAN.) SOLID_ANGLE_UNIT() );
#5149 = UNCERTAINTY_MEASURE_WITH_UNIT(LENGTH_MEASURE(1.E-07),#5146,
  'distance_accuracy_value','confusion accuracy');
#5150 = CONTEXT_DEPENDENT_SHAPE_REPRESENTATION(#5151,#5153);
#5151 = ( REPRESENTATION_RELATIONSHIP('','',#36,#10) 
REPRESENTATION_RELATIONSHIP_WITH_TRANSFORMATION(#5152) 
SHAPE_REPRESENTATION_RELATIONSHIP() );
#5152 = ITEM_DEFINED_TRANSFORMATION('','',#11,#15);
#5153 = PRODUCT_DEFINITION_SHAPE('Placement','Placement of an item',
  #5154);
#5154 = NEXT_ASSEMBLY_USAGE_OCCURRENCE('4','Black structural core','',#5
  ,#31,$);
#5155 = PRODUCT_RELATED_PRODUCT_CATEGORY('part',$,(#33));
#5156 = SHAPE_DEFINITION_REPRESENTATION(#5157,#5163);
#5157 = PRODUCT_DEFINITION_SHAPE('','',#5158);
#5158 = PRODUCT_DEFINITION('design','',#5159,#5162);
#5159 = PRODUCT_DEFINITION_FORMATION('','',#5160);
#5160 = PRODUCT('White snap-on rice shell','White snap-on rice shell',''
  ,(#5161));
#5161 = PRODUCT_CONTEXT('',#2,'mechanical');
#5162 = PRODUCT_DEFINITION_CONTEXT('part definition',#2,'design');
#5163 = SHAPE_REPRESENTATION('',(#11,#5164,#13172,#13360),#13573);
#5164 = MANIFOLD_SOLID_BREP('',#5165);
#5165 = CLOSED_SHELL('',(#5166,#5286,#5362,#5438,#8665,#11524,#11551,
    #11578,#11605,#11632,#11659,#11686,#11713,#11740,#11767,#11794,
    #11821,#11848,#11875,#11902,#11929,#11956,#11983,#12010,#12037,
    #12064,#12091,#12118,#12145,#12172,#12199,#12226,#12253,#12280,
    #12307,#12334,#12361,#12388,#12415,#12442,#12469,#12496,#12523,
    #12530,#12557,#12612,#12659,#12687,#12714,#12741,#12768,#12796,
    #12823,#12830,#12895,#12902,#12929,#12984,#13019,#13054,#13109,
    #13164,#13168));
#5166 = ADVANCED_FACE('',(#5167),#5181,.T.);
#5167 = FACE_BOUND('',#5168,.T.);
#5168 = EDGE_LOOP('',(#5169,#5204,#5232,#5260));
#5169 = ORIENTED_EDGE('',*,*,#5170,.T.);
#5170 = EDGE_CURVE('',#5171,#5173,#5175,.T.);
#5171 = VERTEX_POINT('',#5172);
#5172 = CARTESIAN_POINT('',(-52.46,-2.349231551965,6.855050358314));
#5173 = VERTEX_POINT('',#5174);
#5174 = CARTESIAN_POINT('',(-52.46,-4.604493841851,7.675898702296));
#5175 = SURFACE_CURVE('',#5176,(#5180,#5192),.PCURVE_S1.);
#5176 = LINE('',#5177,#5178);
#5177 = CARTESIAN_POINT('',(-52.46,-2.349231551965,6.855050358314));
#5178 = VECTOR('',#5179,1.);
#5179 = DIRECTION('',(0.,-0.939692620786,0.342020143326));
#5180 = PCURVE('',#5181,#5186);
#5181 = PLANE('',#5182);
#5182 = AXIS2_PLACEMENT_3D('',#5183,#5184,#5185);
#5183 = CARTESIAN_POINT('',(-52.46,-2.349231551965,6.855050358314));
#5184 = DIRECTION('',(-0.96564045815,-8.888478127602E-02,-0.244208929489
    ));
#5185 = DIRECTION('',(-0.259881714602,0.330268487897,0.907405212855));
#5186 = DEFINITIONAL_REPRESENTATION('',(#5187),#5191);
#5187 = LINE('',#5188,#5189);
#5188 = CARTESIAN_POINT('',(0.,0.));
#5189 = VECTOR('',#5190,1.);
#5190 = DIRECTION('',(0.,-1.));
#5191 = ( GEOMETRIC_REPRESENTATION_CONTEXT(2) 
PARAMETRIC_REPRESENTATION_CONTEXT() REPRESENTATION_CONTEXT('2D SPACE',''
  ) );
#5192 = PCURVE('',#5193,#5198);
#5193 = PLANE('',#5194);
#5194 = AXIS2_PLACEMENT_3D('',#5195,#5196,#5197);
#5195 = CARTESIAN_POINT('',(-40.80222222222,-2.822148293353,
    5.555722290067));
#5196 = DIRECTION('',(-0.11778328903,-0.339639451546,-0.933151723879));
#5197 = DIRECTION('',(-0.9930393229,4.028425739524E-02,0.110680087553));
#5198 = DEFINITIONAL_REPRESENTATION('',(#5199),#5203);
#5199 = LINE('',#5200,#5201);
#5200 = CARTESIAN_POINT('',(11.739492595052,1.110223024625E-16));
#5201 = VECTOR('',#5202,1.);
#5202 = DIRECTION('',(0.,-1.));
#5203 = ( GEOMETRIC_REPRESENTATION_CONTEXT(2) 
PARAMETRIC_REPRESENTATION_CONTEXT() REPRESENTATION_CONTEXT('2D SPACE',''
  ) );
#5204 = ORIENTED_EDGE('',*,*,#5205,.T.);
#5205 = EDGE_CURVE('',#5173,#5206,#5208,.T.);
#5206 = VERTEX_POINT('',#5207);
#5207 = CARTESIAN_POINT('',(-54.45769042968,-2.065745786762,
    14.651051657337));
#5208 = SURFACE_CURVE('',#5209,(#5213,#5220),.PCURVE_S1.);
#5209 = LINE('',#5210,#5211);
#5210 = CARTESIAN_POINT('',(-52.46,-4.604493841851,7.675898702296));
#5211 = VECTOR('',#5212,1.);
#5212 = DIRECTION('',(-0.259881714602,0.330268487897,0.907405212855));
#5213 = PCURVE('',#5181,#5214);
#5214 = DEFINITIONAL_REPRESENTATION('',(#5215),#5219);
#5215 = LINE('',#5216,#5217);
#5216 = CARTESIAN_POINT('',(-1.110223024625E-16,-2.4));
#5217 = VECTOR('',#5218,1.);
#5218 = DIRECTION('',(1.,0.));
#5219 = ( GEOMETRIC_REPRESENTATION_CONTEXT(2) 
PARAMETRIC_REPRESENTATION_CONTEXT() REPRESENTATION_CONTEXT('2D SPACE',''
  ) );
#5220 = PCURVE('',#5221,#5226);
#5221 = PLANE('',#5222);
#5222 = AXIS2_PLACEMENT_3D('',#5223,#5224,#5225);
#5223 = CARTESIAN_POINT('',(-1.155288936034E-15,12.174804171519,
    53.776641108329));
#5224 = DIRECTION('',(0.,0.939692620786,-0.342020143326));
#5225 = DIRECTION('',(0.,0.342020143326,0.939692620786));
#5226 = DEFINITIONAL_REPRESENTATION('',(#5227),#5231);
#5227 = LINE('',#5228,#5229);
#5228 = CARTESIAN_POINT('',(-49.05938536313,-52.46));
#5229 = VECTOR('',#5230,1.);
#5230 = DIRECTION('',(0.96564045815,-0.259881714602));
#5231 = ( GEOMETRIC_REPRESENTATION_CONTEXT(2) 
PARAMETRIC_REPRESENTATION_CONTEXT() REPRESENTATION_CONTEXT('2D SPACE',''
  ) );
#5232 = ORIENTED_EDGE('',*,*,#5233,.F.);
#5233 = EDGE_CURVE('',#5234,#5206,#5236,.T.);
#5234 = VERTEX_POINT('',#5235);
#5235 = CARTESIAN_POINT('',(-54.45769042968,0.189516503124,
    13.830203313356));
#5236 = SURFACE_CURVE('',#5237,(#5241,#5248),.PCURVE_S1.);
#5237 = LINE('',#5238,#5239);
#5238 = CARTESIAN_POINT('',(-54.45769042968,0.189516503124,
    13.830203313356));
#5239 = VECTOR('',#5240,1.);
#5240 = DIRECTION('',(0.,-0.939692620786,0.342020143326));
#5241 = PCURVE('',#5181,#5242);
#5242 = DEFINITIONAL_REPRESENTATION('',(#5243),#5247);
#5243 = LINE('',#5244,#5245);
#5244 = CARTESIAN_POINT('',(7.686921847288,4.440892098501E-16));
#5245 = VECTOR('',#5246,1.);
#5246 = DIRECTION('',(0.,-1.));
#5247 = ( GEOMETRIC_REPRESENTATION_CONTEXT(2) 
PARAMETRIC_REPRESENTATION_CONTEXT() REPRESENTATION_CONTEXT('2D SPACE',''
  ) );
#5248 = PCURVE('',#5249,#5254);
#5249 = PLANE('',#5250);
#5250 = AXIS2_PLACEMENT_3D('',#5251,#5252,#5253);
#5251 = CARTESIAN_POINT('',(-54.45769042968,0.189516503124,
    13.830203313356));
#5252 = DIRECTION('',(-0.9922758869,-4.242782179789E-02,-0.116569482346)
  );
#5253 = DIRECTION('',(-0.124050652062,0.339378341056,0.932434328704));
#5254 = DEFINITIONAL_REPRESENTATION('',(#5255),#5259);
#5255 = LINE('',#5256,#5257);
#5256 = CARTESIAN_POINT('',(0.,0.));
#5257 = VECTOR('',#5258,1.);
#5258 = DIRECTION('',(0.,-1.));
#5259 = ( GEOMETRIC_REPRESENTATION_CONTEXT(2) 
PARAMETRIC_REPRESENTATION_CONTEXT() REPRESENTATION_CONTEXT('2D SPACE',''
  ) );
#5260 = ORIENTED_EDGE('',*,*,#5261,.F.);
#5261 = EDGE_CURVE('',#5171,#5234,#5262,.T.);
#5262 = SURFACE_CURVE('',#5263,(#5267,#5274),.PCURVE_S1.);
#5263 = LINE('',#5264,#5265);
#5264 = CARTESIAN_POINT('',(-52.46,-2.349231551965,6.855050358314));
#5265 = VECTOR('',#5266,1.);
#5266 = DIRECTION('',(-0.259881714602,0.330268487897,0.907405212855));
#5267 = PCURVE('',#5181,#5268);
#5268 = DEFINITIONAL_REPRESENTATION('',(#5269),#5273);
#5269 = LINE('',#5270,#5271);
#5270 = CARTESIAN_POINT('',(0.,0.));
#5271 = VECTOR('',#5272,1.);
#5272 = DIRECTION('',(1.,0.));
#5273 = ( GEOMETRIC_REPRESENTATION_CONTEXT(2) 
PARAMETRIC_REPRESENTATION_CONTEXT() REPRESENTATION_CONTEXT('2D SPACE',''
  ) );
#5274 = PCURVE('',#5275,#5280);
#5275 = PLANE('',#5276);
#5276 = AXIS2_PLACEMENT_3D('',#5277,#5278,#5279);
#5277 = CARTESIAN_POINT('',(-1.155288936034E-15,14.430066461405,
    52.955792764347));
#5278 = DIRECTION('',(0.,0.939692620786,-0.342020143326));
#5279 = DIRECTION('',(0.,0.342020143326,0.939692620786));
#5280 = DEFINITIONAL_REPRESENTATION('',(#5281),#5285);
#5281 = LINE('',#5282,#5283);
#5282 = CARTESIAN_POINT('',(-49.05938536313,-52.46));
#5283 = VECTOR('',#5284,1.);
#5284 = DIRECTION('',(0.96564045815,-0.259881714602));
#5285 = ( GEOMETRIC_REPRESENTATION_CONTEXT(2) 
PARAMETRIC_REPRESENTATION_CONTEXT() REPRESENTATION_CONTEXT('2D SPACE',''
  ) );
#5286 = ADVANCED_FACE('',(#5287),#5193,.T.);
#5287 = FACE_BOUND('',#5288,.T.);
#5288 = EDGE_LOOP('',(#5289,#5319,#5340,#5341));
#5289 = ORIENTED_EDGE('',*,*,#5290,.T.);
#5290 = EDGE_CURVE('',#5291,#5293,#5295,.T.);
#5291 = VERTEX_POINT('',#5292);
#5292 = CARTESIAN_POINT('',(-40.80222222222,-2.822148293353,
    5.555722290067));
#5293 = VERTEX_POINT('',#5294);
#5294 = CARTESIAN_POINT('',(-40.80222222222,-5.07741058324,
    6.376570634049));
#5295 = SURFACE_CURVE('',#5296,(#5300,#5307),.PCURVE_S1.);
#5296 = LINE('',#5297,#5298);
#5297 = CARTESIAN_POINT('',(-40.80222222222,-2.822148293353,
    5.555722290067));
#5298 = VECTOR('',#5299,1.);
#5299 = DIRECTION('',(0.,-0.939692620786,0.342020143326));
#5300 = PCURVE('',#5193,#5301);
#5301 = DEFINITIONAL_REPRESENTATION('',(#5302),#5306);
#5302 = LINE('',#5303,#5304);
#5303 = CARTESIAN_POINT('',(0.,0.));
#5304 = VECTOR('',#5305,1.);
#5305 = DIRECTION('',(0.,-1.));
#5306 = ( GEOMETRIC_REPRESENTATION_CONTEXT(2) 
PARAMETRIC_REPRESENTATION_CONTEXT() REPRESENTATION_CONTEXT('2D SPACE',''
  ) );
#5307 = PCURVE('',#5308,#5313);
#5308 = PLANE('',#5309);
#5309 = AXIS2_PLACEMENT_3D('',#5310,#5311,#5312);
#5310 = CARTESIAN_POINT('',(-29.14444444444,-3.176835849395,
    4.581226238882));
#5311 = DIRECTION('',(-8.860677077406E-02,-0.340674870229,
    -0.935996513331));
#5312 = DIRECTION('',(-0.996066684601,3.030530043977E-02,
    8.326312864805E-02));
#5313 = DEFINITIONAL_REPRESENTATION('',(#5314),#5318);
#5314 = LINE('',#5315,#5316);
#5315 = CARTESIAN_POINT('',(11.703812563957,-5.551115123126E-17));
#5316 = VECTOR('',#5317,1.);
#5317 = DIRECTION('',(0.,-1.));
#5318 = ( GEOMETRIC_REPRESENTATION_CONTEXT(2) 
PARAMETRIC_REPRESENTATION_CONTEXT() REPRESENTATION_CONTEXT('2D SPACE',''
  ) );
#5319 = ORIENTED_EDGE('',*,*,#5320,.T.);
#5320 = EDGE_CURVE('',#5293,#5173,#5321,.T.);
#5321 = SURFACE_CURVE('',#5322,(#5326,#5333),.PCURVE_S1.);
#5322 = LINE('',#5323,#5324);
#5323 = CARTESIAN_POINT('',(-40.80222222222,-5.07741058324,
    6.376570634049));
#5324 = VECTOR('',#5325,1.);
#5325 = DIRECTION('',(-0.9930393229,4.028425739524E-02,0.110680087553));
#5326 = PCURVE('',#5193,#5327);
#5327 = DEFINITIONAL_REPRESENTATION('',(#5328),#5332);
#5328 = LINE('',#5329,#5330);
#5329 = CARTESIAN_POINT('',(0.,-2.4));
#5330 = VECTOR('',#5331,1.);
#5331 = DIRECTION('',(1.,0.));
#5332 = ( GEOMETRIC_REPRESENTATION_CONTEXT(2) 
PARAMETRIC_REPRESENTATION_CONTEXT() REPRESENTATION_CONTEXT('2D SPACE',''
  ) );
#5333 = PCURVE('',#5221,#5334);
#5334 = DEFINITIONAL_REPRESENTATION('',(#5335),#5339);
#5335 = LINE('',#5336,#5337);
#5336 = CARTESIAN_POINT('',(-50.44210141252,-40.80222222222));
#5337 = VECTOR('',#5338,1.);
#5338 = DIRECTION('',(0.11778328903,-0.9930393229));
#5339 = ( GEOMETRIC_REPRESENTATION_CONTEXT(2) 
PARAMETRIC_REPRESENTATION_CONTEXT() REPRESENTATION_CONTEXT('2D SPACE',''
  ) );
#5340 = ORIENTED_EDGE('',*,*,#5170,.F.);
#5341 = ORIENTED_EDGE('',*,*,#5342,.F.);
#5342 = EDGE_CURVE('',#5291,#5171,#5343,.T.);
#5343 = SURFACE_CURVE('',#5344,(#5348,#5355),.PCURVE_S1.);
#5344 = LINE('',#5345,#5346);
#5345 = CARTESIAN_POINT('',(-40.80222222222,-2.822148293353,
    5.555722290067));
#5346 = VECTOR('',#5347,1.);
#5347 = DIRECTION('',(-0.9930393229,4.028425739524E-02,0.110680087553));
#5348 = PCURVE('',#5193,#5349);
#5349 = DEFINITIONAL_REPRESENTATION('',(#5350),#5354);
#5350 = LINE('',#5351,#5352);
#5351 = CARTESIAN_POINT('',(0.,0.));
#5352 = VECTOR('',#5353,1.);
#5353 = DIRECTION('',(1.,0.));
#5354 = ( GEOMETRIC_REPRESENTATION_CONTEXT(2) 
PARAMETRIC_REPRESENTATION_CONTEXT() REPRESENTATION_CONTEXT('2D SPACE',''
  ) );
#5355 = PCURVE('',#5275,#5356);
#5356 = DEFINITIONAL_REPRESENTATION('',(#5357),#5361);
#5357 = LINE('',#5358,#5359);
#5358 = CARTESIAN_POINT('',(-50.44210141252,-40.80222222222));
#5359 = VECTOR('',#5360,1.);
#5360 = DIRECTION('',(0.11778328903,-0.9930393229));
#5361 = ( GEOMETRIC_REPRESENTATION_CONTEXT(2) 
PARAMETRIC_REPRESENTATION_CONTEXT() REPRESENTATION_CONTEXT('2D SPACE',''
  ) );
#5362 = ADVANCED_FACE('',(#5363),#5249,.T.);
#5363 = FACE_BOUND('',#5364,.T.);
#5364 = EDGE_LOOP('',(#5365,#5366,#5389,#5417));
#5365 = ORIENTED_EDGE('',*,*,#5233,.T.);
#5366 = ORIENTED_EDGE('',*,*,#5367,.T.);
#5367 = EDGE_CURVE('',#5206,#5368,#5370,.T.);
#5368 = VERTEX_POINT('',#5369);
#5369 = CARTESIAN_POINT('',(-55.4599609375,0.676270450774,
    22.184679353744));
#5370 = SURFACE_CURVE('',#5371,(#5375,#5382),.PCURVE_S1.);
#5371 = LINE('',#5372,#5373);
#5372 = CARTESIAN_POINT('',(-54.45769042968,-2.065745786762,
    14.651051657337));
#5373 = VECTOR('',#5374,1.);
#5374 = DIRECTION('',(-0.124050652062,0.339378341056,0.932434328704));
#5375 = PCURVE('',#5249,#5376);
#5376 = DEFINITIONAL_REPRESENTATION('',(#5377),#5381);
#5377 = LINE('',#5378,#5379);
#5378 = CARTESIAN_POINT('',(8.881784197001E-16,-2.4));
#5379 = VECTOR('',#5380,1.);
#5380 = DIRECTION('',(1.,0.));
#5381 = ( GEOMETRIC_REPRESENTATION_CONTEXT(2) 
PARAMETRIC_REPRESENTATION_CONTEXT() REPRESENTATION_CONTEXT('2D SPACE',''
  ) );
#5382 = PCURVE('',#5221,#5383);
#5383 = DEFINITIONAL_REPRESENTATION('',(#5384),#5388);
#5384 = LINE('',#5385,#5386);
#5385 = CARTESIAN_POINT('',(-41.63658262876,-54.45769042968));
#5386 = VECTOR('',#5387,1.);
#5387 = DIRECTION('',(0.9922758869,-0.124050652062));
#5388 = ( GEOMETRIC_REPRESENTATION_CONTEXT(2) 
PARAMETRIC_REPRESENTATION_CONTEXT() REPRESENTATION_CONTEXT('2D SPACE',''
  ) );
#5389 = ORIENTED_EDGE('',*,*,#5390,.F.);
#5390 = EDGE_CURVE('',#5391,#5368,#5393,.T.);
#5391 = VERTEX_POINT('',#5392);
#5392 = CARTESIAN_POINT('',(-55.4599609375,2.93153274066,21.363831009763
    ));
#5393 = SURFACE_CURVE('',#5394,(#5398,#5405),.PCURVE_S1.);
#5394 = LINE('',#5395,#5396);
#5395 = CARTESIAN_POINT('',(-55.4599609375,2.93153274066,21.363831009763
    ));
#5396 = VECTOR('',#5397,1.);
#5397 = DIRECTION('',(0.,-0.939692620786,0.342020143326));
#5398 = PCURVE('',#5249,#5399);
#5399 = DEFINITIONAL_REPRESENTATION('',(#5400),#5404);
#5400 = LINE('',#5401,#5402);
#5401 = CARTESIAN_POINT('',(8.079526315683,-2.22044604925E-15));
#5402 = VECTOR('',#5403,1.);
#5403 = DIRECTION('',(0.,-1.));
#5404 = ( GEOMETRIC_REPRESENTATION_CONTEXT(2) 
PARAMETRIC_REPRESENTATION_CONTEXT() REPRESENTATION_CONTEXT('2D SPACE',''
  ) );
#5405 = PCURVE('',#5406,#5411);
#5406 = PLANE('',#5407);
#5407 = AXIS2_PLACEMENT_3D('',#5408,#5409,#5410);
#5408 = CARTESIAN_POINT('',(-55.4599609375,2.93153274066,21.363831009763
    ));
#5409 = DIRECTION('',(-0.999966647496,-2.79336241422E-03,
    -7.674700157424E-03));
#5410 = DIRECTION('',(-8.167245317947E-03,0.342008736097,0.939661279684)
  );
#5411 = DEFINITIONAL_REPRESENTATION('',(#5412),#5416);
#5412 = LINE('',#5413,#5414);
#5413 = CARTESIAN_POINT('',(0.,0.));
#5414 = VECTOR('',#5415,1.);
#5415 = DIRECTION('',(0.,-1.));
#5416 = ( GEOMETRIC_REPRESENTATION_CONTEXT(2) 
PARAMETRIC_REPRESENTATION_CONTEXT() REPRESENTATION_CONTEXT('2D SPACE',''
  ) );
#5417 = ORIENTED_EDGE('',*,*,#5418,.F.);
#5418 = EDGE_CURVE('',#5234,#5391,#5419,.T.);
#5419 = SURFACE_CURVE('',#5420,(#5424,#5431),.PCURVE_S1.);
#5420 = LINE('',#5421,#5422);
#5421 = CARTESIAN_POINT('',(-54.45769042968,0.189516503124,
    13.830203313356));
#5422 = VECTOR('',#5423,1.);
#5423 = DIRECTION('',(-0.124050652062,0.339378341056,0.932434328704));
#5424 = PCURVE('',#5249,#5425);
#5425 = DEFINITIONAL_REPRESENTATION('',(#5426),#5430);
#5426 = LINE('',#5427,#5428);
#5427 = CARTESIAN_POINT('',(0.,0.));
#5428 = VECTOR('',#5429,1.);
#5429 = DIRECTION('',(1.,0.));
#5430 = ( GEOMETRIC_REPRESENTATION_CONTEXT(2) 
PARAMETRIC_REPRESENTATION_CONTEXT() REPRESENTATION_CONTEXT('2D SPACE',''
  ) );
#5431 = PCURVE('',#5275,#5432);
#5432 = DEFINITIONAL_REPRESENTATION('',(#5433),#5437);
#5433 = LINE('',#5434,#5435);
#5434 = CARTESIAN_POINT('',(-41.63658262876,-54.45769042968));
#5435 = VECTOR('',#5436,1.);
#5436 = DIRECTION('',(0.9922758869,-0.124050652062));
#5437 = ( GEOMETRIC_REPRESENTATION_CONTEXT(2) 
PARAMETRIC_REPRESENTATION_CONTEXT() REPRESENTATION_CONTEXT('2D SPACE',''
  ) );
#5438 = ADVANCED_FACE('',(#5439,#6496,#6994,#7029,#7321,#8132,#8630),
  #5275,.T.);
#5439 = FACE_BOUND('',#5440,.T.);
#5440 = EDGE_LOOP('',(#5441,#5442,#5443,#5466,#5494,#5522,#5550,#5578,
    #5606,#5634,#5662,#5690,#5718,#5746,#5774,#5802,#5830,#5858,#5886,
    #5914,#5942,#5970,#5998,#6026,#6054,#6082,#6110,#6138,#6166,#6194,
    #6222,#6250,#6278,#6306,#6334,#6362,#6390,#6418,#6446,#6474,#6495));
#5441 = ORIENTED_EDGE('',*,*,#5261,.T.);
#5442 = ORIENTED_EDGE('',*,*,#5418,.T.);
#5443 = ORIENTED_EDGE('',*,*,#5444,.T.);
#5444 = EDGE_CURVE('',#5391,#5445,#5447,.T.);
#5445 = VERTEX_POINT('',#5446);
#5446 = CARTESIAN_POINT('',(-55.52936035156,5.837678566506,
    29.348401043918));
#5447 = SURFACE_CURVE('',#5448,(#5452,#5459),.PCURVE_S1.);
#5448 = LINE('',#5449,#5450);
#5449 = CARTESIAN_POINT('',(-55.4599609375,2.93153274066,21.363831009763
    ));
#5450 = VECTOR('',#5451,1.);
#5451 = DIRECTION('',(-8.167245317947E-03,0.342008736097,0.939661279684)
  );
#5452 = PCURVE('',#5275,#5453);
#5453 = DEFINITIONAL_REPRESENTATION('',(#5454),#5458);
#5454 = LINE('',#5455,#5456);
#5455 = CARTESIAN_POINT('',(-33.61946348813,-55.4599609375));
#5456 = VECTOR('',#5457,1.);
#5457 = DIRECTION('',(0.999966647496,-8.167245317947E-03));
#5458 = ( GEOMETRIC_REPRESENTATION_CONTEXT(2) 
PARAMETRIC_REPRESENTATION_CONTEXT() REPRESENTATION_CONTEXT('2D SPACE',''
  ) );
#5459 = PCURVE('',#5406,#5460);
#5460 = DEFINITIONAL_REPRESENTATION('',(#5461),#5465);
#5461 = LINE('',#5462,#5463);
#5462 = CARTESIAN_POINT('',(0.,0.));
#5463 = VECTOR('',#5464,1.);
#5464 = DIRECTION('',(1.,0.));
#5465 = ( GEOMETRIC_REPRESENTATION_CONTEXT(2) 
PARAMETRIC_REPRESENTATION_CONTEXT() REPRESENTATION_CONTEXT('2D SPACE',''
  ) );
#5466 = ORIENTED_EDGE('',*,*,#5467,.T.);
#5467 = EDGE_CURVE('',#5445,#5468,#5470,.T.);
#5468 = VERTEX_POINT('',#5469);
#5469 = CARTESIAN_POINT('',(-54.7284375,8.868815386528,37.676381012204)
  );
#5470 = SURFACE_CURVE('',#5471,(#5475,#5482),.PCURVE_S1.);
#5471 = LINE('',#5472,#5473);
#5472 = CARTESIAN_POINT('',(-55.52936035156,5.837678566506,
    29.348401043918));
#5473 = VECTOR('',#5474,1.);
#5474 = DIRECTION('',(9.000581020976E-02,0.340631965751,0.935878634245)
  );
#5475 = PCURVE('',#5275,#5476);
#5476 = DEFINITIONAL_REPRESENTATION('',(#5477),#5481);
#5477 = LINE('',#5478,#5479);
#5478 = CARTESIAN_POINT('',(-25.12246153501,-55.52936035156));
#5479 = VECTOR('',#5480,1.);
#5480 = DIRECTION('',(0.995941240299,9.000581020976E-02));
#5481 = ( GEOMETRIC_REPRESENTATION_CONTEXT(2) 
PARAMETRIC_REPRESENTATION_CONTEXT() REPRESENTATION_CONTEXT('2D SPACE',''
  ) );
#5482 = PCURVE('',#5483,#5488);
#5483 = PLANE('',#5484);
#5484 = AXIS2_PLACEMENT_3D('',#5485,#5486,#5487);
#5485 = CARTESIAN_POINT('',(-55.52936035156,5.837678566506,
    29.348401043918));
#5486 = DIRECTION('',(-0.995941240299,3.078380010808E-02,
    8.457779568197E-02));
#5487 = DIRECTION('',(9.000581020976E-02,0.340631965751,0.935878634245)
  );
#5488 = DEFINITIONAL_REPRESENTATION('',(#5489),#5493);
#5489 = LINE('',#5490,#5491);
#5490 = CARTESIAN_POINT('',(0.,0.));
#5491 = VECTOR('',#5492,1.);
#5492 = DIRECTION('',(1.,0.));
#5493 = ( GEOMETRIC_REPRESENTATION_CONTEXT(2) 
PARAMETRIC_REPRESENTATION_CONTEXT() REPRESENTATION_CONTEXT('2D SPACE',''
  ) );
#5494 = ORIENTED_EDGE('',*,*,#5495,.T.);
#5495 = EDGE_CURVE('',#5468,#5496,#5498,.T.);
#5496 = VERTEX_POINT('',#5497);
#5497 = CARTESIAN_POINT('',(-53.11974121093,11.985804606588,
    46.240238511005));
#5498 = SURFACE_CURVE('',#5499,(#5503,#5510),.PCURVE_S1.);
#5499 = LINE('',#5500,#5501);
#5500 = CARTESIAN_POINT('',(-54.7284375,8.868815386528,37.676381012204)
  );
#5501 = VECTOR('',#5502,1.);
#5502 = DIRECTION('',(0.173831174946,0.336813046751,0.925386240526));
#5503 = PCURVE('',#5275,#5504);
#5504 = DEFINITIONAL_REPRESENTATION('',(#5505),#5509);
#5505 = LINE('',#5506,#5507);
#5506 = CARTESIAN_POINT('',(-16.26001036313,-54.7284375));
#5507 = VECTOR('',#5508,1.);
#5508 = DIRECTION('',(0.984775468123,0.173831174946));
#5509 = ( GEOMETRIC_REPRESENTATION_CONTEXT(2) 
PARAMETRIC_REPRESENTATION_CONTEXT() REPRESENTATION_CONTEXT('2D SPACE',''
  ) );
#5510 = PCURVE('',#5511,#5516);
#5511 = PLANE('',#5512);
#5512 = AXIS2_PLACEMENT_3D('',#5513,#5514,#5515);
#5513 = CARTESIAN_POINT('',(-54.7284375,8.868815386528,37.676381012204)
  );
#5514 = DIRECTION('',(-0.984775468123,5.94537633694E-02,0.163347872359)
  );
#5515 = DIRECTION('',(0.173831174946,0.336813046751,0.925386240526));
#5516 = DEFINITIONAL_REPRESENTATION('',(#5517),#5521);
#5517 = LINE('',#5518,#5519);
#5518 = CARTESIAN_POINT('',(0.,0.));
#5519 = VECTOR('',#5520,1.);
#5520 = DIRECTION('',(1.,0.));
#5521 = ( GEOMETRIC_REPRESENTATION_CONTEXT(2) 
PARAMETRIC_REPRESENTATION_CONTEXT() REPRESENTATION_CONTEXT('2D SPACE',''
  ) );
#5522 = ORIENTED_EDGE('',*,*,#5523,.T.);
#5523 = EDGE_CURVE('',#5496,#5524,#5526,.T.);
#5524 = VERTEX_POINT('',#5525);
#5525 = CARTESIAN_POINT('',(-50.7658203125,15.149507632553,
    54.932441136703));
#5526 = SURFACE_CURVE('',#5527,(#5531,#5538),.PCURVE_S1.);
#5527 = LINE('',#5528,#5529);
#5528 = CARTESIAN_POINT('',(-53.11974121093,11.985804606588,
    46.240238511005));
#5529 = VECTOR('',#5530,1.);
#5530 = DIRECTION('',(0.246616605115,0.331456210094,0.910668452771));
#5531 = PCURVE('',#5275,#5532);
#5532 = DEFINITIONAL_REPRESENTATION('',(#5533),#5537);
#5533 = LINE('',#5534,#5535);
#5534 = CARTESIAN_POINT('',(-7.146543566263,-53.11974121093));
#5535 = VECTOR('',#5536,1.);
#5536 = DIRECTION('',(0.969113125534,0.246616605115));
#5537 = ( GEOMETRIC_REPRESENTATION_CONTEXT(2) 
PARAMETRIC_REPRESENTATION_CONTEXT() REPRESENTATION_CONTEXT('2D SPACE',''
  ) );
#5538 = PCURVE('',#5539,#5544);
#5539 = PLANE('',#5540);
#5540 = AXIS2_PLACEMENT_3D('',#5541,#5542,#5543);
#5541 = CARTESIAN_POINT('',(-53.11974121093,11.985804606588,
    46.240238511005));
#5542 = DIRECTION('',(-0.969113125534,8.434784662804E-02,0.23174380399)
  );
#5543 = DIRECTION('',(0.246616605115,0.331456210094,0.910668452771));
#5544 = DEFINITIONAL_REPRESENTATION('',(#5545),#5549);
#5545 = LINE('',#5546,#5547);
#5546 = CARTESIAN_POINT('',(0.,0.));
#5547 = VECTOR('',#5548,1.);
#5548 = DIRECTION('',(1.,0.));
#5549 = ( GEOMETRIC_REPRESENTATION_CONTEXT(2) 
PARAMETRIC_REPRESENTATION_CONTEXT() REPRESENTATION_CONTEXT('2D SPACE',''
  ) );
#5550 = ORIENTED_EDGE('',*,*,#5551,.T.);
#5551 = EDGE_CURVE('',#5524,#5552,#5554,.T.);
#5552 = VERTEX_POINT('',#5553);
#5553 = CARTESIAN_POINT('',(-47.72922363281,18.320785870286,
    63.645456485682));
#5554 = SURFACE_CURVE('',#5555,(#5559,#5566),.PCURVE_S1.);
#5555 = LINE('',#5556,#5557);
#5556 = CARTESIAN_POINT('',(-50.7658203125,15.149507632553,
    54.932441136703));
#5557 = VECTOR('',#5558,1.);
#5558 = DIRECTION('',(0.311229707024,0.325033615239,0.893022518434));
#5559 = PCURVE('',#5275,#5560);
#5560 = DEFINITIONAL_REPRESENTATION('',(#5561),#5565);
#5561 = LINE('',#5562,#5563);
#5562 = CARTESIAN_POINT('',(2.103505261862,-50.7658203125));
#5563 = VECTOR('',#5564,1.);
#5564 = DIRECTION('',(0.950334714438,0.311229707024));
#5565 = ( GEOMETRIC_REPRESENTATION_CONTEXT(2) 
PARAMETRIC_REPRESENTATION_CONTEXT() REPRESENTATION_CONTEXT('2D SPACE',''
  ) );
#5566 = PCURVE('',#5567,#5572);
#5567 = PLANE('',#5568);
#5568 = AXIS2_PLACEMENT_3D('',#5569,#5570,#5571);
#5569 = CARTESIAN_POINT('',(-50.7658203125,15.149507632553,
    54.932441136703));
#5570 = DIRECTION('',(-0.950334714438,0.106446829004,0.29246025906));
#5571 = DIRECTION('',(0.311229707024,0.325033615239,0.893022518434));
#5572 = DEFINITIONAL_REPRESENTATION('',(#5573),#5577);
#5573 = LINE('',#5574,#5575);
#5574 = CARTESIAN_POINT('',(0.,0.));
#5575 = VECTOR('',#5576,1.);
#5576 = DIRECTION('',(1.,5.551115123126E-17));
#5577 = ( GEOMETRIC_REPRESENTATION_CONTEXT(2) 
PARAMETRIC_REPRESENTATION_CONTEXT() REPRESENTATION_CONTEXT('2D SPACE',''
  ) );
#5578 = ORIENTED_EDGE('',*,*,#5579,.T.);
#5579 = EDGE_CURVE('',#5552,#5580,#5582,.T.);
#5580 = VERTEX_POINT('',#5581);
#5581 = CARTESIAN_POINT('',(-44.0725,21.460500725652,72.271752154325));
#5582 = SURFACE_CURVE('',#5583,(#5587,#5594),.PCURVE_S1.);
#5583 = LINE('',#5584,#5585);
#5584 = CARTESIAN_POINT('',(-47.72922363281,18.320785870286,
    63.645456485682));
#5585 = VECTOR('',#5586,1.);
#5586 = DIRECTION('',(0.370060630534,0.317739314136,0.872981590861));
#5587 = PCURVE('',#5275,#5588);
#5588 = DEFINITIONAL_REPRESENTATION('',(#5589),#5593);
#5589 = LINE('',#5590,#5591);
#5590 = CARTESIAN_POINT('',(11.375702527487,-47.72922363281));
#5591 = VECTOR('',#5592,1.);
#5592 = DIRECTION('',(0.929007604774,0.370060630534));
#5593 = ( GEOMETRIC_REPRESENTATION_CONTEXT(2) 
PARAMETRIC_REPRESENTATION_CONTEXT() REPRESENTATION_CONTEXT('2D SPACE',''
  ) );
#5594 = PCURVE('',#5595,#5600);
#5595 = PLANE('',#5596);
#5596 = AXIS2_PLACEMENT_3D('',#5597,#5598,#5599);
#5597 = CARTESIAN_POINT('',(-47.72922363281,18.320785870286,
    63.645456485682));
#5598 = DIRECTION('',(-0.929007604774,0.126568189894,0.347743243756));
#5599 = DIRECTION('',(0.370060630534,0.317739314136,0.872981590861));
#5600 = DEFINITIONAL_REPRESENTATION('',(#5601),#5605);
#5601 = LINE('',#5602,#5603);
#5602 = CARTESIAN_POINT('',(0.,0.));
#5603 = VECTOR('',#5604,1.);
#5604 = DIRECTION('',(1.,0.));
#5605 = ( GEOMETRIC_REPRESENTATION_CONTEXT(2) 
PARAMETRIC_REPRESENTATION_CONTEXT() REPRESENTATION_CONTEXT('2D SPACE',''
  ) );
#5606 = ORIENTED_EDGE('',*,*,#5607,.T.);
#5607 = EDGE_CURVE('',#5580,#5608,#5610,.T.);
#5608 = VERTEX_POINT('',#5609);
#5609 = CARTESIAN_POINT('',(-39.85819824218,24.529513604514,
    80.703795739015));
#5610 = SURFACE_CURVE('',#5611,(#5615,#5622),.PCURVE_S1.);
#5611 = LINE('',#5612,#5613);
#5612 = CARTESIAN_POINT('',(-44.0725,21.460500725652,72.271752154325));
#5613 = VECTOR('',#5614,1.);
#5614 = DIRECTION('',(0.425105070247,0.309577484108,0.850557147159));
#5615 = PCURVE('',#5275,#5616);
#5616 = DEFINITIONAL_REPRESENTATION('',(#5617),#5621);
#5617 = LINE('',#5618,#5619);
#5618 = CARTESIAN_POINT('',(20.555614636862,-44.0725));
#5619 = VECTOR('',#5620,1.);
#5620 = DIRECTION('',(0.905144010227,0.425105070247));
#5621 = ( GEOMETRIC_REPRESENTATION_CONTEXT(2) 
PARAMETRIC_REPRESENTATION_CONTEXT() REPRESENTATION_CONTEXT('2D SPACE',''
  ) );
#5622 = PCURVE('',#5623,#5628);
#5623 = PLANE('',#5624);
#5624 = AXIS2_PLACEMENT_3D('',#5625,#5626,#5627);
#5625 = CARTESIAN_POINT('',(-44.0725,21.460500725652,72.271752154325));
#5626 = DIRECTION('',(-0.905144010227,0.145394497054,0.39946809757));
#5627 = DIRECTION('',(0.425105070247,0.309577484108,0.850557147159));
#5628 = DEFINITIONAL_REPRESENTATION('',(#5629),#5633);
#5629 = LINE('',#5630,#5631);
#5630 = CARTESIAN_POINT('',(0.,0.));
#5631 = VECTOR('',#5632,1.);
#5632 = DIRECTION('',(1.,0.));
#5633 = ( GEOMETRIC_REPRESENTATION_CONTEXT(2) 
PARAMETRIC_REPRESENTATION_CONTEXT() REPRESENTATION_CONTEXT('2D SPACE',''
  ) );
#5634 = ORIENTED_EDGE('',*,*,#5635,.T.);
#5635 = EDGE_CURVE('',#5608,#5636,#5638,.T.);
#5636 = VERTEX_POINT('',#5637);
#5637 = CARTESIAN_POINT('',(-35.1488671875,27.488685912738,
    88.834054836135));
#5638 = SURFACE_CURVE('',#5639,(#5643,#5650),.PCURVE_S1.);
#5639 = LINE('',#5640,#5641);
#5640 = CARTESIAN_POINT('',(-39.85819824218,24.529513604514,
    80.703795739015));
#5641 = VECTOR('',#5642,1.);
#5642 = DIRECTION('',(0.478072370639,0.300403285327,0.825351243166));
#5643 = PCURVE('',#5275,#5644);
#5644 = DEFINITIONAL_REPRESENTATION('',(#5645),#5649);
#5645 = LINE('',#5646,#5647);
#5646 = CARTESIAN_POINT('',(29.528807996237,-39.85819824218));
#5647 = VECTOR('',#5648,1.);
#5648 = DIRECTION('',(0.878320447463,0.478072370639));
#5649 = ( GEOMETRIC_REPRESENTATION_CONTEXT(2) 
PARAMETRIC_REPRESENTATION_CONTEXT() REPRESENTATION_CONTEXT('2D SPACE',''
  ) );
#5650 = PCURVE('',#5651,#5656);
#5651 = PLANE('',#5652);
#5652 = AXIS2_PLACEMENT_3D('',#5653,#5654,#5655);
#5653 = CARTESIAN_POINT('',(-39.85819824218,24.529513604514,
    80.703795739015));
#5654 = DIRECTION('',(-0.878320447463,0.163510380726,0.449241078891));
#5655 = DIRECTION('',(0.478072370639,0.300403285327,0.825351243166));
#5656 = DEFINITIONAL_REPRESENTATION('',(#5657),#5661);
#5657 = LINE('',#5658,#5659);
#5658 = CARTESIAN_POINT('',(0.,0.));
#5659 = VECTOR('',#5660,1.);
#5660 = DIRECTION('',(1.,0.));
#5661 = ( GEOMETRIC_REPRESENTATION_CONTEXT(2) 
PARAMETRIC_REPRESENTATION_CONTEXT() REPRESENTATION_CONTEXT('2D SPACE',''
  ) );
#5662 = ORIENTED_EDGE('',*,*,#5663,.T.);
#5663 = EDGE_CURVE('',#5636,#5664,#5666,.T.);
#5664 = VERTEX_POINT('',#5665);
#5665 = CARTESIAN_POINT('',(-30.00705566406,30.298879056187,
    96.554997042068));
#5666 = SURFACE_CURVE('',#5667,(#5671,#5678),.PCURVE_S1.);
#5667 = LINE('',#5668,#5669);
#5668 = CARTESIAN_POINT('',(-35.1488671875,27.488685912738,
    88.834054836135));
#5669 = VECTOR('',#5670,1.);
#5670 = DIRECTION('',(0.530483099103,0.289928940612,0.796573217577));
#5671 = PCURVE('',#5275,#5672);
#5672 = DEFINITIONAL_REPRESENTATION('',(#5673),#5677);
#5673 = LINE('',#5674,#5675);
#5674 = CARTESIAN_POINT('',(38.180849011862,-35.1488671875));
#5675 = VECTOR('',#5676,1.);
#5676 = DIRECTION('',(0.847695512295,0.530483099103));
#5677 = ( GEOMETRIC_REPRESENTATION_CONTEXT(2) 
PARAMETRIC_REPRESENTATION_CONTEXT() REPRESENTATION_CONTEXT('2D SPACE',''
  ) );
#5678 = PCURVE('',#5679,#5684);
#5679 = PLANE('',#5680);
#5680 = AXIS2_PLACEMENT_3D('',#5681,#5682,#5683);
#5681 = CARTESIAN_POINT('',(-35.1488671875,27.488685912738,
    88.834054836135));
#5682 = DIRECTION('',(-0.847695512295,0.181435905587,0.498491053679));
#5683 = DIRECTION('',(0.530483099103,0.289928940612,0.796573217577));
#5684 = DEFINITIONAL_REPRESENTATION('',(#5685),#5689);
#5685 = LINE('',#5686,#5687);
#5686 = CARTESIAN_POINT('',(0.,0.));
#5687 = VECTOR('',#5688,1.);
#5688 = DIRECTION('',(1.,0.));
#5689 = ( GEOMETRIC_REPRESENTATION_CONTEXT(2) 
PARAMETRIC_REPRESENTATION_CONTEXT() REPRESENTATION_CONTEXT('2D SPACE',''
  ) );
#5690 = ORIENTED_EDGE('',*,*,#5691,.T.);
#5691 = EDGE_CURVE('',#5664,#5692,#5694,.T.);
#5692 = VERTEX_POINT('',#5693);
#5693 = CARTESIAN_POINT('',(-24.4953125,32.920954440726,103.75908995319)
  );
#5694 = SURFACE_CURVE('',#5695,(#5699,#5706),.PCURVE_S1.);
#5695 = LINE('',#5696,#5697);
#5696 = CARTESIAN_POINT('',(-30.00705566406,30.298879056187,
    96.554997042068));
#5697 = VECTOR('',#5698,1.);
#5698 = DIRECTION('',(0.583740276747,0.277699988019,0.762974446464));
#5699 = PCURVE('',#5275,#5700);
#5700 = DEFINITIONAL_REPRESENTATION('',(#5701),#5705);
#5701 = LINE('',#5702,#5703);
#5702 = CARTESIAN_POINT('',(46.397304089987,-30.00705566406));
#5703 = VECTOR('',#5704,1.);
#5704 = DIRECTION('',(0.811940446894,0.583740276747));
#5705 = ( GEOMETRIC_REPRESENTATION_CONTEXT(2) 
PARAMETRIC_REPRESENTATION_CONTEXT() REPRESENTATION_CONTEXT('2D SPACE',''
  ) );
#5706 = PCURVE('',#5707,#5712);
#5707 = PLANE('',#5708);
#5708 = AXIS2_PLACEMENT_3D('',#5709,#5710,#5711);
#5709 = CARTESIAN_POINT('',(-30.00705566406,30.298879056187,
    96.554997042068));
#5710 = DIRECTION('',(-0.811940446894,0.199650933118,0.548536430515));
#5711 = DIRECTION('',(0.583740276747,0.277699988019,0.762974446464));
#5712 = DEFINITIONAL_REPRESENTATION('',(#5713),#5717);
#5713 = LINE('',#5714,#5715);
#5714 = CARTESIAN_POINT('',(0.,0.));
#5715 = VECTOR('',#5716,1.);
#5716 = DIRECTION('',(1.,0.));
#5717 = ( GEOMETRIC_REPRESENTATION_CONTEXT(2) 
PARAMETRIC_REPRESENTATION_CONTEXT() REPRESENTATION_CONTEXT('2D SPACE',''
  ) );
#5718 = ORIENTED_EDGE('',*,*,#5719,.T.);
#5719 = EDGE_CURVE('',#5692,#5720,#5722,.T.);
#5720 = VERTEX_POINT('',#5721);
#5721 = CARTESIAN_POINT('',(-18.67618652343,35.31577347222,
    110.3388011659));
#5722 = SURFACE_CURVE('',#5723,(#5727,#5734),.PCURVE_S1.);
#5723 = LINE('',#5724,#5725);
#5724 = CARTESIAN_POINT('',(-24.4953125,32.920954440726,103.75908995319)
  );
#5725 = VECTOR('',#5726,1.);
#5726 = DIRECTION('',(0.639155791915,0.263039923991,0.72269625158));
#5727 = PCURVE('',#5275,#5728);
#5728 = DEFINITIONAL_REPRESENTATION('',(#5729),#5733);
#5729 = LINE('',#5730,#5731);
#5730 = CARTESIAN_POINT('',(54.063739636862,-24.4953125));
#5731 = VECTOR('',#5732,1.);
#5732 = DIRECTION('',(0.769077287183,0.639155791915));
#5733 = ( GEOMETRIC_REPRESENTATION_CONTEXT(2) 
PARAMETRIC_REPRESENTATION_CONTEXT() REPRESENTATION_CONTEXT('2D SPACE',''
  ) );
#5734 = PCURVE('',#5735,#5740);
#5735 = PLANE('',#5736);
#5736 = AXIS2_PLACEMENT_3D('',#5737,#5738,#5739);
#5737 = CARTESIAN_POINT('',(-24.4953125,32.920954440726,103.75908995319)
  );
#5738 = DIRECTION('',(-0.769077287183,0.218604155558,0.600609981196));
#5739 = DIRECTION('',(0.639155791915,0.263039923991,0.72269625158));
#5740 = DEFINITIONAL_REPRESENTATION('',(#5741),#5745);
#5741 = LINE('',#5742,#5743);
#5742 = CARTESIAN_POINT('',(0.,0.));
#5743 = VECTOR('',#5744,1.);
#5744 = DIRECTION('',(1.,-2.775557561563E-17));
#5745 = ( GEOMETRIC_REPRESENTATION_CONTEXT(2) 
PARAMETRIC_REPRESENTATION_CONTEXT() REPRESENTATION_CONTEXT('2D SPACE',''
  ) );
#5746 = ORIENTED_EDGE('',*,*,#5747,.T.);
#5747 = EDGE_CURVE('',#5720,#5748,#5750,.T.);
#5748 = VERTEX_POINT('',#5749);
#5749 = CARTESIAN_POINT('',(-12.6122265625,37.444197556532,
    116.18659827657));
#5750 = SURFACE_CURVE('',#5751,(#5755,#5762),.PCURVE_S1.);
#5751 = LINE('',#5752,#5753);
#5752 = CARTESIAN_POINT('',(-18.67618652343,35.31577347222,
    110.3388011659));
#5753 = VECTOR('',#5754,1.);
#5754 = DIRECTION('',(0.697890161098,0.244956470137,0.673012370452));
#5755 = PCURVE('',#5275,#5756);
#5756 = DEFINITIONAL_REPRESENTATION('',(#5757),#5761);
#5757 = LINE('',#5758,#5759);
#5758 = CARTESIAN_POINT('',(61.065722058737,-18.67618652343));
#5759 = VECTOR('',#5760,1.);
#5760 = DIRECTION('',(0.716204805236,0.697890161098));
#5761 = ( GEOMETRIC_REPRESENTATION_CONTEXT(2) 
PARAMETRIC_REPRESENTATION_CONTEXT() REPRESENTATION_CONTEXT('2D SPACE',''
  ) );
#5762 = PCURVE('',#5763,#5768);
#5763 = PLANE('',#5764);
#5764 = AXIS2_PLACEMENT_3D('',#5765,#5766,#5767);
#5765 = CARTESIAN_POINT('',(-18.67618652343,35.31577347222,
    110.3388011659));
#5766 = DIRECTION('',(-0.716204805236,0.238692492924,0.655802234503));
#5767 = DIRECTION('',(0.697890161098,0.244956470137,0.673012370452));
#5768 = DEFINITIONAL_REPRESENTATION('',(#5769),#5773);
#5769 = LINE('',#5770,#5771);
#5770 = CARTESIAN_POINT('',(0.,0.));
#5771 = VECTOR('',#5772,1.);
#5772 = DIRECTION('',(1.,-2.775557561563E-17));
#5773 = ( GEOMETRIC_REPRESENTATION_CONTEXT(2) 
PARAMETRIC_REPRESENTATION_CONTEXT() REPRESENTATION_CONTEXT('2D SPACE',''
  ) );
#5774 = ORIENTED_EDGE('',*,*,#5775,.T.);
#5775 = EDGE_CURVE('',#5748,#5776,#5778,.T.);
#5776 = VERTEX_POINT('',#5777);
#5777 = CARTESIAN_POINT('',(-6.365981445313,39.267088099527,
    121.19494888159));
#5778 = SURFACE_CURVE('',#5779,(#5783,#5790),.PCURVE_S1.);
#5779 = LINE('',#5780,#5781);
#5780 = CARTESIAN_POINT('',(-12.6122265625,37.444197556532,
    116.18659827657));
#5781 = VECTOR('',#5782,1.);
#5782 = DIRECTION('',(0.760707919354,0.222003338991,0.609949160921));
#5783 = PCURVE('',#5275,#5784);
#5784 = DEFINITIONAL_REPRESENTATION('',(#5785),#5789);
#5785 = LINE('',#5786,#5787);
#5786 = CARTESIAN_POINT('',(67.288817761862,-12.6122265625));
#5787 = VECTOR('',#5788,1.);
#5788 = DIRECTION('',(0.649094339393,0.760707919354));
#5789 = ( GEOMETRIC_REPRESENTATION_CONTEXT(2) 
PARAMETRIC_REPRESENTATION_CONTEXT() REPRESENTATION_CONTEXT('2D SPACE',''
  ) );
#5790 = PCURVE('',#5791,#5796);
#5791 = PLANE('',#5792);
#5792 = AXIS2_PLACEMENT_3D('',#5793,#5794,#5795);
#5793 = CARTESIAN_POINT('',(-12.6122265625,37.444197556532,
    116.18659827657));
#5794 = DIRECTION('',(-0.649094339393,0.260177431606,0.71483161839));
#5795 = DIRECTION('',(0.760707919354,0.222003338991,0.609949160921));
#5796 = DEFINITIONAL_REPRESENTATION('',(#5797),#5801);
#5797 = LINE('',#5798,#5799);
#5798 = CARTESIAN_POINT('',(0.,0.));
#5799 = VECTOR('',#5800,1.);
#5800 = DIRECTION('',(1.,0.));
#5801 = ( GEOMETRIC_REPRESENTATION_CONTEXT(2) 
PARAMETRIC_REPRESENTATION_CONTEXT() REPRESENTATION_CONTEXT('2D SPACE',''
  ) );
#5802 = ORIENTED_EDGE('',*,*,#5803,.T.);
#5803 = EDGE_CURVE('',#5776,#5804,#5806,.T.);
#5804 = VERTEX_POINT('',#5805);
#5805 = CARTESIAN_POINT('',(0.,40.745306507069,125.25632057733));
#5806 = SURFACE_CURVE('',#5807,(#5811,#5818),.PCURVE_S1.);
#5807 = LINE('',#5808,#5809);
#5808 = CARTESIAN_POINT('',(-6.365981445313,39.267088099527,
    121.19494888159));
#5809 = VECTOR('',#5810,1.);
#5810 = DIRECTION('',(0.827339984276,0.192113220021,0.527826733987));
#5811 = PCURVE('',#5275,#5812);
#5812 = DEFINITIONAL_REPRESENTATION('',(#5813),#5817);
#5813 = LINE('',#5814,#5815);
#5814 = CARTESIAN_POINT('',(72.618593152487,-6.365981445313));
#5815 = VECTOR('',#5816,1.);
#5816 = DIRECTION('',(0.561701478027,0.827339984276));
#5817 = ( GEOMETRIC_REPRESENTATION_CONTEXT(2) 
PARAMETRIC_REPRESENTATION_CONTEXT() REPRESENTATION_CONTEXT('2D SPACE',''
  ) );
#5818 = PCURVE('',#5819,#5824);
#5819 = PLANE('',#5820);
#5820 = AXIS2_PLACEMENT_3D('',#5821,#5822,#5823);
#5821 = CARTESIAN_POINT('',(-6.365981445313,39.267088099527,
    121.19494888159));
#5822 = DIRECTION('',(-0.561701478027,0.282966940001,0.777445278106));
#5823 = DIRECTION('',(0.827339984276,0.192113220021,0.527826733987));
#5824 = DEFINITIONAL_REPRESENTATION('',(#5825),#5829);
#5825 = LINE('',#5826,#5827);
#5826 = CARTESIAN_POINT('',(0.,0.));
#5827 = VECTOR('',#5828,1.);
#5828 = DIRECTION('',(1.,0.));
#5829 = ( GEOMETRIC_REPRESENTATION_CONTEXT(2) 
PARAMETRIC_REPRESENTATION_CONTEXT() REPRESENTATION_CONTEXT('2D SPACE',''
  ) );
#5830 = ORIENTED_EDGE('',*,*,#5831,.T.);
#5831 = EDGE_CURVE('',#5804,#5832,#5834,.T.);
#5832 = VERTEX_POINT('',#5833);
#5833 = CARTESIAN_POINT('',(6.365981445313,39.267088099527,
    121.19494888159));
#5834 = SURFACE_CURVE('',#5835,(#5839,#5846),.PCURVE_S1.);
#5835 = LINE('',#5836,#5837);
#5836 = CARTESIAN_POINT('',(0.,40.745306507069,125.25632057733));
#5837 = VECTOR('',#5838,1.);
#5838 = DIRECTION('',(0.827339984276,-0.192113220021,-0.527826733987));
#5839 = PCURVE('',#5275,#5840);
#5840 = DEFINITIONAL_REPRESENTATION('',(#5841),#5845);
#5841 = LINE('',#5842,#5843);
#5842 = CARTESIAN_POINT('',(76.940614636862,1.155288936034E-15));
#5843 = VECTOR('',#5844,1.);
#5844 = DIRECTION('',(-0.561701478027,0.827339984276));
#5845 = ( GEOMETRIC_REPRESENTATION_CONTEXT(2) 
PARAMETRIC_REPRESENTATION_CONTEXT() REPRESENTATION_CONTEXT('2D SPACE',''
  ) );
#5846 = PCURVE('',#5847,#5852);
#5847 = PLANE('',#5848);
#5848 = AXIS2_PLACEMENT_3D('',#5849,#5850,#5851);
#5849 = CARTESIAN_POINT('',(0.,40.745306507069,125.25632057733));
#5850 = DIRECTION('',(0.561701478027,0.282966940001,0.777445278106));
#5851 = DIRECTION('',(0.827339984276,-0.192113220021,-0.527826733987));
#5852 = DEFINITIONAL_REPRESENTATION('',(#5853),#5857);
#5853 = LINE('',#5854,#5855);
#5854 = CARTESIAN_POINT('',(0.,0.));
#5855 = VECTOR('',#5856,1.);
#5856 = DIRECTION('',(1.,0.));
#5857 = ( GEOMETRIC_REPRESENTATION_CONTEXT(2) 
PARAMETRIC_REPRESENTATION_CONTEXT() REPRESENTATION_CONTEXT('2D SPACE',''
  ) );
#5858 = ORIENTED_EDGE('',*,*,#5859,.T.);
#5859 = EDGE_CURVE('',#5832,#5860,#5862,.T.);
#5860 = VERTEX_POINT('',#5861);
#5861 = CARTESIAN_POINT('',(12.6122265625,37.444197556532,
    116.18659827657));
#5862 = SURFACE_CURVE('',#5863,(#5867,#5874),.PCURVE_S1.);
#5863 = LINE('',#5864,#5865);
#5864 = CARTESIAN_POINT('',(6.365981445313,39.267088099527,
    121.19494888159));
#5865 = VECTOR('',#5866,1.);
#5866 = DIRECTION('',(0.760707919354,-0.222003338991,-0.609949160921));
#5867 = PCURVE('',#5275,#5868);
#5868 = DEFINITIONAL_REPRESENTATION('',(#5869),#5873);
#5869 = LINE('',#5870,#5871);
#5870 = CARTESIAN_POINT('',(72.618593152487,6.365981445313));
#5871 = VECTOR('',#5872,1.);
#5872 = DIRECTION('',(-0.649094339393,0.760707919354));
#5873 = ( GEOMETRIC_REPRESENTATION_CONTEXT(2) 
PARAMETRIC_REPRESENTATION_CONTEXT() REPRESENTATION_CONTEXT('2D SPACE',''
  ) );
#5874 = PCURVE('',#5875,#5880);
#5875 = PLANE('',#5876);
#5876 = AXIS2_PLACEMENT_3D('',#5877,#5878,#5879);
#5877 = CARTESIAN_POINT('',(6.365981445313,39.267088099527,
    121.19494888159));
#5878 = DIRECTION('',(0.649094339393,0.260177431606,0.71483161839));
#5879 = DIRECTION('',(0.760707919354,-0.222003338991,-0.609949160921));
#5880 = DEFINITIONAL_REPRESENTATION('',(#5881),#5885);
#5881 = LINE('',#5882,#5883);
#5882 = CARTESIAN_POINT('',(0.,0.));
#5883 = VECTOR('',#5884,1.);
#5884 = DIRECTION('',(1.,0.));
#5885 = ( GEOMETRIC_REPRESENTATION_CONTEXT(2) 
PARAMETRIC_REPRESENTATION_CONTEXT() REPRESENTATION_CONTEXT('2D SPACE',''
  ) );
#5886 = ORIENTED_EDGE('',*,*,#5887,.T.);
#5887 = EDGE_CURVE('',#5860,#5888,#5890,.T.);
#5888 = VERTEX_POINT('',#5889);
#5889 = CARTESIAN_POINT('',(18.676186523438,35.31577347222,
    110.3388011659));
#5890 = SURFACE_CURVE('',#5891,(#5895,#5902),.PCURVE_S1.);
#5891 = LINE('',#5892,#5893);
#5892 = CARTESIAN_POINT('',(12.6122265625,37.444197556532,
    116.18659827657));
#5893 = VECTOR('',#5894,1.);
#5894 = DIRECTION('',(0.697890161098,-0.244956470137,-0.673012370452));
#5895 = PCURVE('',#5275,#5896);
#5896 = DEFINITIONAL_REPRESENTATION('',(#5897),#5901);
#5897 = LINE('',#5898,#5899);
#5898 = CARTESIAN_POINT('',(67.288817761862,12.6122265625));
#5899 = VECTOR('',#5900,1.);
#5900 = DIRECTION('',(-0.716204805236,0.697890161098));
#5901 = ( GEOMETRIC_REPRESENTATION_CONTEXT(2) 
PARAMETRIC_REPRESENTATION_CONTEXT() REPRESENTATION_CONTEXT('2D SPACE',''
  ) );
#5902 = PCURVE('',#5903,#5908);
#5903 = PLANE('',#5904);
#5904 = AXIS2_PLACEMENT_3D('',#5905,#5906,#5907);
#5905 = CARTESIAN_POINT('',(12.6122265625,37.444197556532,
    116.18659827657));
#5906 = DIRECTION('',(0.716204805236,0.238692492924,0.655802234503));
#5907 = DIRECTION('',(0.697890161098,-0.244956470137,-0.673012370452));
#5908 = DEFINITIONAL_REPRESENTATION('',(#5909),#5913);
#5909 = LINE('',#5910,#5911);
#5910 = CARTESIAN_POINT('',(0.,0.));
#5911 = VECTOR('',#5912,1.);
#5912 = DIRECTION('',(1.,2.775557561563E-17));
#5913 = ( GEOMETRIC_REPRESENTATION_CONTEXT(2) 
PARAMETRIC_REPRESENTATION_CONTEXT() REPRESENTATION_CONTEXT('2D SPACE',''
  ) );
#5914 = ORIENTED_EDGE('',*,*,#5915,.T.);
#5915 = EDGE_CURVE('',#5888,#5916,#5918,.T.);
#5916 = VERTEX_POINT('',#5917);
#5917 = CARTESIAN_POINT('',(24.4953125,32.920954440726,103.75908995319)
  );
#5918 = SURFACE_CURVE('',#5919,(#5923,#5930),.PCURVE_S1.);
#5919 = LINE('',#5920,#5921);
#5920 = CARTESIAN_POINT('',(18.676186523438,35.31577347222,
    110.3388011659));
#5921 = VECTOR('',#5922,1.);
#5922 = DIRECTION('',(0.639155791915,-0.263039923991,-0.72269625158));
#5923 = PCURVE('',#5275,#5924);
#5924 = DEFINITIONAL_REPRESENTATION('',(#5925),#5929);
#5925 = LINE('',#5926,#5927);
#5926 = CARTESIAN_POINT('',(61.065722058737,18.676186523438));
#5927 = VECTOR('',#5928,1.);
#5928 = DIRECTION('',(-0.769077287183,0.639155791915));
#5929 = ( GEOMETRIC_REPRESENTATION_CONTEXT(2) 
PARAMETRIC_REPRESENTATION_CONTEXT() REPRESENTATION_CONTEXT('2D SPACE',''
  ) );
#5930 = PCURVE('',#5931,#5936);
#5931 = PLANE('',#5932);
#5932 = AXIS2_PLACEMENT_3D('',#5933,#5934,#5935);
#5933 = CARTESIAN_POINT('',(18.676186523438,35.31577347222,
    110.3388011659));
#5934 = DIRECTION('',(0.769077287183,0.218604155558,0.600609981196));
#5935 = DIRECTION('',(0.639155791915,-0.263039923991,-0.72269625158));
#5936 = DEFINITIONAL_REPRESENTATION('',(#5937),#5941);
#5937 = LINE('',#5938,#5939);
#5938 = CARTESIAN_POINT('',(0.,0.));
#5939 = VECTOR('',#5940,1.);
#5940 = DIRECTION('',(1.,2.775557561563E-17));
#5941 = ( GEOMETRIC_REPRESENTATION_CONTEXT(2) 
PARAMETRIC_REPRESENTATION_CONTEXT() REPRESENTATION_CONTEXT('2D SPACE',''
  ) );
#5942 = ORIENTED_EDGE('',*,*,#5943,.T.);
#5943 = EDGE_CURVE('',#5916,#5944,#5946,.T.);
#5944 = VERTEX_POINT('',#5945);
#5945 = CARTESIAN_POINT('',(30.007055664063,30.298879056187,
    96.554997042068));
#5946 = SURFACE_CURVE('',#5947,(#5951,#5958),.PCURVE_S1.);
#5947 = LINE('',#5948,#5949);
#5948 = CARTESIAN_POINT('',(24.4953125,32.920954440726,103.75908995319)
  );
#5949 = VECTOR('',#5950,1.);
#5950 = DIRECTION('',(0.583740276747,-0.277699988019,-0.762974446464));
#5951 = PCURVE('',#5275,#5952);
#5952 = DEFINITIONAL_REPRESENTATION('',(#5953),#5957);
#5953 = LINE('',#5954,#5955);
#5954 = CARTESIAN_POINT('',(54.063739636862,24.4953125));
#5955 = VECTOR('',#5956,1.);
#5956 = DIRECTION('',(-0.811940446894,0.583740276747));
#5957 = ( GEOMETRIC_REPRESENTATION_CONTEXT(2) 
PARAMETRIC_REPRESENTATION_CONTEXT() REPRESENTATION_CONTEXT('2D SPACE',''
  ) );
#5958 = PCURVE('',#5959,#5964);
#5959 = PLANE('',#5960);
#5960 = AXIS2_PLACEMENT_3D('',#5961,#5962,#5963);
#5961 = CARTESIAN_POINT('',(24.4953125,32.920954440726,103.75908995319)
  );
#5962 = DIRECTION('',(0.811940446894,0.199650933118,0.548536430515));
#5963 = DIRECTION('',(0.583740276747,-0.277699988019,-0.762974446464));
#5964 = DEFINITIONAL_REPRESENTATION('',(#5965),#5969);
#5965 = LINE('',#5966,#5967);
#5966 = CARTESIAN_POINT('',(0.,0.));
#5967 = VECTOR('',#5968,1.);
#5968 = DIRECTION('',(1.,0.));
#5969 = ( GEOMETRIC_REPRESENTATION_CONTEXT(2) 
PARAMETRIC_REPRESENTATION_CONTEXT() REPRESENTATION_CONTEXT('2D SPACE',''
  ) );
#5970 = ORIENTED_EDGE('',*,*,#5971,.T.);
#5971 = EDGE_CURVE('',#5944,#5972,#5974,.T.);
#5972 = VERTEX_POINT('',#5973);
#5973 = CARTESIAN_POINT('',(35.1488671875,27.488685912738,
    88.834054836135));
#5974 = SURFACE_CURVE('',#5975,(#5979,#5986),.PCURVE_S1.);
#5975 = LINE('',#5976,#5977);
#5976 = CARTESIAN_POINT('',(30.007055664063,30.298879056187,
    96.554997042068));
#5977 = VECTOR('',#5978,1.);
#5978 = DIRECTION('',(0.530483099103,-0.289928940612,-0.796573217577));
#5979 = PCURVE('',#5275,#5980);
#5980 = DEFINITIONAL_REPRESENTATION('',(#5981),#5985);
#5981 = LINE('',#5982,#5983);
#5982 = CARTESIAN_POINT('',(46.397304089987,30.007055664063));
#5983 = VECTOR('',#5984,1.);
#5984 = DIRECTION('',(-0.847695512295,0.530483099103));
#5985 = ( GEOMETRIC_REPRESENTATION_CONTEXT(2) 
PARAMETRIC_REPRESENTATION_CONTEXT() REPRESENTATION_CONTEXT('2D SPACE',''
  ) );
#5986 = PCURVE('',#5987,#5992);
#5987 = PLANE('',#5988);
#5988 = AXIS2_PLACEMENT_3D('',#5989,#5990,#5991);
#5989 = CARTESIAN_POINT('',(30.007055664063,30.298879056187,
    96.554997042068));
#5990 = DIRECTION('',(0.847695512295,0.181435905587,0.498491053679));
#5991 = DIRECTION('',(0.530483099103,-0.289928940612,-0.796573217577));
#5992 = DEFINITIONAL_REPRESENTATION('',(#5993),#5997);
#5993 = LINE('',#5994,#5995);
#5994 = CARTESIAN_POINT('',(0.,0.));
#5995 = VECTOR('',#5996,1.);
#5996 = DIRECTION('',(1.,0.));
#5997 = ( GEOMETRIC_REPRESENTATION_CONTEXT(2) 
PARAMETRIC_REPRESENTATION_CONTEXT() REPRESENTATION_CONTEXT('2D SPACE',''
  ) );
#5998 = ORIENTED_EDGE('',*,*,#5999,.T.);
#5999 = EDGE_CURVE('',#5972,#6000,#6002,.T.);
#6000 = VERTEX_POINT('',#6001);
#6001 = CARTESIAN_POINT('',(39.858198242188,24.529513604514,
    80.703795739015));
#6002 = SURFACE_CURVE('',#6003,(#6007,#6014),.PCURVE_S1.);
#6003 = LINE('',#6004,#6005);
#6004 = CARTESIAN_POINT('',(35.1488671875,27.488685912738,
    88.834054836135));
#6005 = VECTOR('',#6006,1.);
#6006 = DIRECTION('',(0.478072370639,-0.300403285327,-0.825351243166));
#6007 = PCURVE('',#5275,#6008);
#6008 = DEFINITIONAL_REPRESENTATION('',(#6009),#6013);
#6009 = LINE('',#6010,#6011);
#6010 = CARTESIAN_POINT('',(38.180849011862,35.1488671875));
#6011 = VECTOR('',#6012,1.);
#6012 = DIRECTION('',(-0.878320447463,0.478072370639));
#6013 = ( GEOMETRIC_REPRESENTATION_CONTEXT(2) 
PARAMETRIC_REPRESENTATION_CONTEXT() REPRESENTATION_CONTEXT('2D SPACE',''
  ) );
#6014 = PCURVE('',#6015,#6020);
#6015 = PLANE('',#6016);
#6016 = AXIS2_PLACEMENT_3D('',#6017,#6018,#6019);
#6017 = CARTESIAN_POINT('',(35.1488671875,27.488685912738,
    88.834054836135));
#6018 = DIRECTION('',(0.878320447463,0.163510380726,0.449241078891));
#6019 = DIRECTION('',(0.478072370639,-0.300403285327,-0.825351243166));
#6020 = DEFINITIONAL_REPRESENTATION('',(#6021),#6025);
#6021 = LINE('',#6022,#6023);
#6022 = CARTESIAN_POINT('',(0.,0.));
#6023 = VECTOR('',#6024,1.);
#6024 = DIRECTION('',(1.,0.));
#6025 = ( GEOMETRIC_REPRESENTATION_CONTEXT(2) 
PARAMETRIC_REPRESENTATION_CONTEXT() REPRESENTATION_CONTEXT('2D SPACE',''
  ) );
#6026 = ORIENTED_EDGE('',*,*,#6027,.T.);
#6027 = EDGE_CURVE('',#6000,#6028,#6030,.T.);
#6028 = VERTEX_POINT('',#6029);
#6029 = CARTESIAN_POINT('',(44.0725,21.460500725652,72.271752154325));
#6030 = SURFACE_CURVE('',#6031,(#6035,#6042),.PCURVE_S1.);
#6031 = LINE('',#6032,#6033);
#6032 = CARTESIAN_POINT('',(39.858198242188,24.529513604514,
    80.703795739015));
#6033 = VECTOR('',#6034,1.);
#6034 = DIRECTION('',(0.425105070247,-0.309577484108,-0.850557147159));
#6035 = PCURVE('',#5275,#6036);
#6036 = DEFINITIONAL_REPRESENTATION('',(#6037),#6041);
#6037 = LINE('',#6038,#6039);
#6038 = CARTESIAN_POINT('',(29.528807996237,39.858198242188));
#6039 = VECTOR('',#6040,1.);
#6040 = DIRECTION('',(-0.905144010227,0.425105070247));
#6041 = ( GEOMETRIC_REPRESENTATION_CONTEXT(2) 
PARAMETRIC_REPRESENTATION_CONTEXT() REPRESENTATION_CONTEXT('2D SPACE',''
  ) );
#6042 = PCURVE('',#6043,#6048);
#6043 = PLANE('',#6044);
#6044 = AXIS2_PLACEMENT_3D('',#6045,#6046,#6047);
#6045 = CARTESIAN_POINT('',(39.858198242188,24.529513604514,
    80.703795739015));
#6046 = DIRECTION('',(0.905144010227,0.145394497054,0.39946809757));
#6047 = DIRECTION('',(0.425105070247,-0.309577484108,-0.850557147159));
#6048 = DEFINITIONAL_REPRESENTATION('',(#6049),#6053);
#6049 = LINE('',#6050,#6051);
#6050 = CARTESIAN_POINT('',(0.,0.));
#6051 = VECTOR('',#6052,1.);
#6052 = DIRECTION('',(1.,0.));
#6053 = ( GEOMETRIC_REPRESENTATION_CONTEXT(2) 
PARAMETRIC_REPRESENTATION_CONTEXT() REPRESENTATION_CONTEXT('2D SPACE',''
  ) );
#6054 = ORIENTED_EDGE('',*,*,#6055,.T.);
#6055 = EDGE_CURVE('',#6028,#6056,#6058,.T.);
#6056 = VERTEX_POINT('',#6057);
#6057 = CARTESIAN_POINT('',(47.729223632813,18.320785870286,
    63.645456485682));
#6058 = SURFACE_CURVE('',#6059,(#6063,#6070),.PCURVE_S1.);
#6059 = LINE('',#6060,#6061);
#6060 = CARTESIAN_POINT('',(44.0725,21.460500725652,72.271752154325));
#6061 = VECTOR('',#6062,1.);
#6062 = DIRECTION('',(0.370060630534,-0.317739314136,-0.872981590861));
#6063 = PCURVE('',#5275,#6064);
#6064 = DEFINITIONAL_REPRESENTATION('',(#6065),#6069);
#6065 = LINE('',#6066,#6067);
#6066 = CARTESIAN_POINT('',(20.555614636862,44.0725));
#6067 = VECTOR('',#6068,1.);
#6068 = DIRECTION('',(-0.929007604774,0.370060630534));
#6069 = ( GEOMETRIC_REPRESENTATION_CONTEXT(2) 
PARAMETRIC_REPRESENTATION_CONTEXT() REPRESENTATION_CONTEXT('2D SPACE',''
  ) );
#6070 = PCURVE('',#6071,#6076);
#6071 = PLANE('',#6072);
#6072 = AXIS2_PLACEMENT_3D('',#6073,#6074,#6075);
#6073 = CARTESIAN_POINT('',(44.0725,21.460500725652,72.271752154325));
#6074 = DIRECTION('',(0.929007604774,0.126568189894,0.347743243756));
#6075 = DIRECTION('',(0.370060630534,-0.317739314136,-0.872981590861));
#6076 = DEFINITIONAL_REPRESENTATION('',(#6077),#6081);
#6077 = LINE('',#6078,#6079);
#6078 = CARTESIAN_POINT('',(0.,0.));
#6079 = VECTOR('',#6080,1.);
#6080 = DIRECTION('',(1.,0.));
#6081 = ( GEOMETRIC_REPRESENTATION_CONTEXT(2) 
PARAMETRIC_REPRESENTATION_CONTEXT() REPRESENTATION_CONTEXT('2D SPACE',''
  ) );
#6082 = ORIENTED_EDGE('',*,*,#6083,.T.);
#6083 = EDGE_CURVE('',#6056,#6084,#6086,.T.);
#6084 = VERTEX_POINT('',#6085);
#6085 = CARTESIAN_POINT('',(50.7658203125,15.149507632553,
    54.932441136703));
#6086 = SURFACE_CURVE('',#6087,(#6091,#6098),.PCURVE_S1.);
#6087 = LINE('',#6088,#6089);
#6088 = CARTESIAN_POINT('',(47.729223632813,18.320785870286,
    63.645456485682));
#6089 = VECTOR('',#6090,1.);
#6090 = DIRECTION('',(0.311229707024,-0.325033615239,-0.893022518434));
#6091 = PCURVE('',#5275,#6092);
#6092 = DEFINITIONAL_REPRESENTATION('',(#6093),#6097);
#6093 = LINE('',#6094,#6095);
#6094 = CARTESIAN_POINT('',(11.375702527487,47.729223632813));
#6095 = VECTOR('',#6096,1.);
#6096 = DIRECTION('',(-0.950334714438,0.311229707024));
#6097 = ( GEOMETRIC_REPRESENTATION_CONTEXT(2) 
PARAMETRIC_REPRESENTATION_CONTEXT() REPRESENTATION_CONTEXT('2D SPACE',''
  ) );
#6098 = PCURVE('',#6099,#6104);
#6099 = PLANE('',#6100);
#6100 = AXIS2_PLACEMENT_3D('',#6101,#6102,#6103);
#6101 = CARTESIAN_POINT('',(47.729223632813,18.320785870286,
    63.645456485682));
#6102 = DIRECTION('',(0.950334714438,0.106446829004,0.29246025906));
#6103 = DIRECTION('',(0.311229707024,-0.325033615239,-0.893022518434));
#6104 = DEFINITIONAL_REPRESENTATION('',(#6105),#6109);
#6105 = LINE('',#6106,#6107);
#6106 = CARTESIAN_POINT('',(0.,0.));
#6107 = VECTOR('',#6108,1.);
#6108 = DIRECTION('',(1.,-5.551115123126E-17));
#6109 = ( GEOMETRIC_REPRESENTATION_CONTEXT(2) 
PARAMETRIC_REPRESENTATION_CONTEXT() REPRESENTATION_CONTEXT('2D SPACE',''
  ) );
#6110 = ORIENTED_EDGE('',*,*,#6111,.T.);
#6111 = EDGE_CURVE('',#6084,#6112,#6114,.T.);
#6112 = VERTEX_POINT('',#6113);
#6113 = CARTESIAN_POINT('',(53.119741210938,11.985804606588,
    46.240238511005));
#6114 = SURFACE_CURVE('',#6115,(#6119,#6126),.PCURVE_S1.);
#6115 = LINE('',#6116,#6117);
#6116 = CARTESIAN_POINT('',(50.7658203125,15.149507632553,
    54.932441136703));
#6117 = VECTOR('',#6118,1.);
#6118 = DIRECTION('',(0.246616605115,-0.331456210094,-0.910668452771));
#6119 = PCURVE('',#5275,#6120);
#6120 = DEFINITIONAL_REPRESENTATION('',(#6121),#6125);
#6121 = LINE('',#6122,#6123);
#6122 = CARTESIAN_POINT('',(2.103505261862,50.7658203125));
#6123 = VECTOR('',#6124,1.);
#6124 = DIRECTION('',(-0.969113125534,0.246616605115));
#6125 = ( GEOMETRIC_REPRESENTATION_CONTEXT(2) 
PARAMETRIC_REPRESENTATION_CONTEXT() REPRESENTATION_CONTEXT('2D SPACE',''
  ) );
#6126 = PCURVE('',#6127,#6132);
#6127 = PLANE('',#6128);
#6128 = AXIS2_PLACEMENT_3D('',#6129,#6130,#6131);
#6129 = CARTESIAN_POINT('',(50.7658203125,15.149507632553,
    54.932441136703));
#6130 = DIRECTION('',(0.969113125534,8.434784662804E-02,0.23174380399));
#6131 = DIRECTION('',(0.246616605115,-0.331456210094,-0.910668452771));
#6132 = DEFINITIONAL_REPRESENTATION('',(#6133),#6137);
#6133 = LINE('',#6134,#6135);
#6134 = CARTESIAN_POINT('',(0.,0.));
#6135 = VECTOR('',#6136,1.);
#6136 = DIRECTION('',(1.,0.));
#6137 = ( GEOMETRIC_REPRESENTATION_CONTEXT(2) 
PARAMETRIC_REPRESENTATION_CONTEXT() REPRESENTATION_CONTEXT('2D SPACE',''
  ) );
#6138 = ORIENTED_EDGE('',*,*,#6139,.T.);
#6139 = EDGE_CURVE('',#6112,#6140,#6142,.T.);
#6140 = VERTEX_POINT('',#6141);
#6141 = CARTESIAN_POINT('',(54.7284375,8.868815386528,37.676381012204));
#6142 = SURFACE_CURVE('',#6143,(#6147,#6154),.PCURVE_S1.);
#6143 = LINE('',#6144,#6145);
#6144 = CARTESIAN_POINT('',(53.119741210938,11.985804606588,
    46.240238511005));
#6145 = VECTOR('',#6146,1.);
#6146 = DIRECTION('',(0.173831174946,-0.336813046751,-0.925386240526));
#6147 = PCURVE('',#5275,#6148);
#6148 = DEFINITIONAL_REPRESENTATION('',(#6149),#6153);
#6149 = LINE('',#6150,#6151);
#6150 = CARTESIAN_POINT('',(-7.146543566263,53.119741210938));
#6151 = VECTOR('',#6152,1.);
#6152 = DIRECTION('',(-0.984775468123,0.173831174946));
#6153 = ( GEOMETRIC_REPRESENTATION_CONTEXT(2) 
PARAMETRIC_REPRESENTATION_CONTEXT() REPRESENTATION_CONTEXT('2D SPACE',''
  ) );
#6154 = PCURVE('',#6155,#6160);
#6155 = PLANE('',#6156);
#6156 = AXIS2_PLACEMENT_3D('',#6157,#6158,#6159);
#6157 = CARTESIAN_POINT('',(53.119741210938,11.985804606588,
    46.240238511005));
#6158 = DIRECTION('',(0.984775468123,5.94537633694E-02,0.163347872359));
#6159 = DIRECTION('',(0.173831174946,-0.336813046751,-0.925386240526));
#6160 = DEFINITIONAL_REPRESENTATION('',(#6161),#6165);
#6161 = LINE('',#6162,#6163);
#6162 = CARTESIAN_POINT('',(0.,0.));
#6163 = VECTOR('',#6164,1.);
#6164 = DIRECTION('',(1.,0.));
#6165 = ( GEOMETRIC_REPRESENTATION_CONTEXT(2) 
PARAMETRIC_REPRESENTATION_CONTEXT() REPRESENTATION_CONTEXT('2D SPACE',''
  ) );
#6166 = ORIENTED_EDGE('',*,*,#6167,.T.);
#6167 = EDGE_CURVE('',#6140,#6168,#6170,.T.);
#6168 = VERTEX_POINT('',#6169);
#6169 = CARTESIAN_POINT('',(55.529360351563,5.837678566506,
    29.348401043918));
#6170 = SURFACE_CURVE('',#6171,(#6175,#6182),.PCURVE_S1.);
#6171 = LINE('',#6172,#6173);
#6172 = CARTESIAN_POINT('',(54.7284375,8.868815386528,37.676381012204));
#6173 = VECTOR('',#6174,1.);
#6174 = DIRECTION('',(9.000581020976E-02,-0.340631965751,-0.935878634245
    ));
#6175 = PCURVE('',#5275,#6176);
#6176 = DEFINITIONAL_REPRESENTATION('',(#6177),#6181);
#6177 = LINE('',#6178,#6179);
#6178 = CARTESIAN_POINT('',(-16.26001036313,54.7284375));
#6179 = VECTOR('',#6180,1.);
#6180 = DIRECTION('',(-0.995941240299,9.000581020976E-02));
#6181 = ( GEOMETRIC_REPRESENTATION_CONTEXT(2) 
PARAMETRIC_REPRESENTATION_CONTEXT() REPRESENTATION_CONTEXT('2D SPACE',''
  ) );
#6182 = PCURVE('',#6183,#6188);
#6183 = PLANE('',#6184);
#6184 = AXIS2_PLACEMENT_3D('',#6185,#6186,#6187);
#6185 = CARTESIAN_POINT('',(54.7284375,8.868815386528,37.676381012204));
#6186 = DIRECTION('',(0.995941240299,3.078380010808E-02,
    8.457779568197E-02));
#6187 = DIRECTION('',(9.000581020976E-02,-0.340631965751,-0.935878634245
    ));
#6188 = DEFINITIONAL_REPRESENTATION('',(#6189),#6193);
#6189 = LINE('',#6190,#6191);
#6190 = CARTESIAN_POINT('',(0.,0.));
#6191 = VECTOR('',#6192,1.);
#6192 = DIRECTION('',(1.,0.));
#6193 = ( GEOMETRIC_REPRESENTATION_CONTEXT(2) 
PARAMETRIC_REPRESENTATION_CONTEXT() REPRESENTATION_CONTEXT('2D SPACE',''
  ) );
#6194 = ORIENTED_EDGE('',*,*,#6195,.T.);
#6195 = EDGE_CURVE('',#6168,#6196,#6198,.T.);
#6196 = VERTEX_POINT('',#6197);
#6197 = CARTESIAN_POINT('',(55.4599609375,2.93153274066,21.363831009763)
  );
#6198 = SURFACE_CURVE('',#6199,(#6203,#6210),.PCURVE_S1.);
#6199 = LINE('',#6200,#6201);
#6200 = CARTESIAN_POINT('',(55.529360351563,5.837678566506,
    29.348401043918));
#6201 = VECTOR('',#6202,1.);
#6202 = DIRECTION('',(-8.167245317947E-03,-0.342008736097,
    -0.939661279684));
#6203 = PCURVE('',#5275,#6204);
#6204 = DEFINITIONAL_REPRESENTATION('',(#6205),#6209);
#6205 = LINE('',#6206,#6207);
#6206 = CARTESIAN_POINT('',(-25.12246153501,55.529360351563));
#6207 = VECTOR('',#6208,1.);
#6208 = DIRECTION('',(-0.999966647496,-8.167245317947E-03));
#6209 = ( GEOMETRIC_REPRESENTATION_CONTEXT(2) 
PARAMETRIC_REPRESENTATION_CONTEXT() REPRESENTATION_CONTEXT('2D SPACE',''
  ) );
#6210 = PCURVE('',#6211,#6216);
#6211 = PLANE('',#6212);
#6212 = AXIS2_PLACEMENT_3D('',#6213,#6214,#6215);
#6213 = CARTESIAN_POINT('',(55.529360351563,5.837678566506,
    29.348401043918));
#6214 = DIRECTION('',(0.999966647496,-2.79336241422E-03,
    -7.674700157424E-03));
#6215 = DIRECTION('',(-8.167245317947E-03,-0.342008736097,
    -0.939661279684));
#6216 = DEFINITIONAL_REPRESENTATION('',(#6217),#6221);
#6217 = LINE('',#6218,#6219);
#6218 = CARTESIAN_POINT('',(-0.,0.));
#6219 = VECTOR('',#6220,1.);
#6220 = DIRECTION('',(1.,0.));
#6221 = ( GEOMETRIC_REPRESENTATION_CONTEXT(2) 
PARAMETRIC_REPRESENTATION_CONTEXT() REPRESENTATION_CONTEXT('2D SPACE',''
  ) );
#6222 = ORIENTED_EDGE('',*,*,#6223,.T.);
#6223 = EDGE_CURVE('',#6196,#6224,#6226,.T.);
#6224 = VERTEX_POINT('',#6225);
#6225 = CARTESIAN_POINT('',(54.457690429688,0.189516503124,
    13.830203313356));
#6226 = SURFACE_CURVE('',#6227,(#6231,#6238),.PCURVE_S1.);
#6227 = LINE('',#6228,#6229);
#6228 = CARTESIAN_POINT('',(55.4599609375,2.93153274066,21.363831009763)
  );
#6229 = VECTOR('',#6230,1.);
#6230 = DIRECTION('',(-0.124050652062,-0.339378341056,-0.932434328704));
#6231 = PCURVE('',#5275,#6232);
#6232 = DEFINITIONAL_REPRESENTATION('',(#6233),#6237);
#6233 = LINE('',#6234,#6235);
#6234 = CARTESIAN_POINT('',(-33.61946348813,55.4599609375));
#6235 = VECTOR('',#6236,1.);
#6236 = DIRECTION('',(-0.9922758869,-0.124050652062));
#6237 = ( GEOMETRIC_REPRESENTATION_CONTEXT(2) 
PARAMETRIC_REPRESENTATION_CONTEXT() REPRESENTATION_CONTEXT('2D SPACE',''
  ) );
#6238 = PCURVE('',#6239,#6244);
#6239 = PLANE('',#6240);
#6240 = AXIS2_PLACEMENT_3D('',#6241,#6242,#6243);
#6241 = CARTESIAN_POINT('',(55.4599609375,2.93153274066,21.363831009763)
  );
#6242 = DIRECTION('',(0.9922758869,-4.242782179789E-02,-0.116569482346)
  );
#6243 = DIRECTION('',(-0.124050652062,-0.339378341056,-0.932434328704));
#6244 = DEFINITIONAL_REPRESENTATION('',(#6245),#6249);
#6245 = LINE('',#6246,#6247);
#6246 = CARTESIAN_POINT('',(-0.,0.));
#6247 = VECTOR('',#6248,1.);
#6248 = DIRECTION('',(1.,0.));
#6249 = ( GEOMETRIC_REPRESENTATION_CONTEXT(2) 
PARAMETRIC_REPRESENTATION_CONTEXT() REPRESENTATION_CONTEXT('2D SPACE',''
  ) );
#6250 = ORIENTED_EDGE('',*,*,#6251,.T.);
#6251 = EDGE_CURVE('',#6224,#6252,#6254,.T.);
#6252 = VERTEX_POINT('',#6253);
#6253 = CARTESIAN_POINT('',(52.46,-2.349231551965,6.855050358314));
#6254 = SURFACE_CURVE('',#6255,(#6259,#6266),.PCURVE_S1.);
#6255 = LINE('',#6256,#6257);
#6256 = CARTESIAN_POINT('',(54.457690429688,0.189516503124,
    13.830203313356));
#6257 = VECTOR('',#6258,1.);
#6258 = DIRECTION('',(-0.259881714602,-0.330268487897,-0.907405212855));
#6259 = PCURVE('',#5275,#6260);
#6260 = DEFINITIONAL_REPRESENTATION('',(#6261),#6265);
#6261 = LINE('',#6262,#6263);
#6262 = CARTESIAN_POINT('',(-41.63658262876,54.457690429688));
#6263 = VECTOR('',#6264,1.);
#6264 = DIRECTION('',(-0.96564045815,-0.259881714602));
#6265 = ( GEOMETRIC_REPRESENTATION_CONTEXT(2) 
PARAMETRIC_REPRESENTATION_CONTEXT() REPRESENTATION_CONTEXT('2D SPACE',''
  ) );
#6266 = PCURVE('',#6267,#6272);
#6267 = PLANE('',#6268);
#6268 = AXIS2_PLACEMENT_3D('',#6269,#6270,#6271);
#6269 = CARTESIAN_POINT('',(54.457690429688,0.189516503124,
    13.830203313356));
#6270 = DIRECTION('',(0.96564045815,-8.888478127602E-02,-0.244208929489)
  );
#6271 = DIRECTION('',(-0.259881714602,-0.330268487897,-0.907405212855));
#6272 = DEFINITIONAL_REPRESENTATION('',(#6273),#6277);
#6273 = LINE('',#6274,#6275);
#6274 = CARTESIAN_POINT('',(-0.,0.));
#6275 = VECTOR('',#6276,1.);
#6276 = DIRECTION('',(1.,0.));
#6277 = ( GEOMETRIC_REPRESENTATION_CONTEXT(2) 
PARAMETRIC_REPRESENTATION_CONTEXT() REPRESENTATION_CONTEXT('2D SPACE',''
  ) );
#6278 = ORIENTED_EDGE('',*,*,#6279,.T.);
#6279 = EDGE_CURVE('',#6252,#6280,#6282,.T.);
#6280 = VERTEX_POINT('',#6281);
#6281 = CARTESIAN_POINT('',(40.802222222222,-2.822148293353,
    5.555722290067));
#6282 = SURFACE_CURVE('',#6283,(#6287,#6294),.PCURVE_S1.);
#6283 = LINE('',#6284,#6285);
#6284 = CARTESIAN_POINT('',(52.46,-2.349231551965,6.855050358314));
#6285 = VECTOR('',#6286,1.);
#6286 = DIRECTION('',(-0.9930393229,-4.028425739524E-02,-0.110680087553)
  );
#6287 = PCURVE('',#5275,#6288);
#6288 = DEFINITIONAL_REPRESENTATION('',(#6289),#6293);
#6289 = LINE('',#6290,#6291);
#6290 = CARTESIAN_POINT('',(-49.05938536313,52.46));
#6291 = VECTOR('',#6292,1.);
#6292 = DIRECTION('',(-0.11778328903,-0.9930393229));
#6293 = ( GEOMETRIC_REPRESENTATION_CONTEXT(2) 
PARAMETRIC_REPRESENTATION_CONTEXT() REPRESENTATION_CONTEXT('2D SPACE',''
  ) );
#6294 = PCURVE('',#6295,#6300);
#6295 = PLANE('',#6296);
#6296 = AXIS2_PLACEMENT_3D('',#6297,#6298,#6299);
#6297 = CARTESIAN_POINT('',(52.46,-2.349231551965,6.855050358314));
#6298 = DIRECTION('',(0.11778328903,-0.339639451546,-0.933151723879));
#6299 = DIRECTION('',(-0.9930393229,-4.028425739524E-02,-0.110680087553)
  );
#6300 = DEFINITIONAL_REPRESENTATION('',(#6301),#6305);
#6301 = LINE('',#6302,#6303);
#6302 = CARTESIAN_POINT('',(-0.,0.));
#6303 = VECTOR('',#6304,1.);
#6304 = DIRECTION('',(1.,6.938893903907E-18));
#6305 = ( GEOMETRIC_REPRESENTATION_CONTEXT(2) 
PARAMETRIC_REPRESENTATION_CONTEXT() REPRESENTATION_CONTEXT('2D SPACE',''
  ) );
#6306 = ORIENTED_EDGE('',*,*,#6307,.T.);
#6307 = EDGE_CURVE('',#6280,#6308,#6310,.T.);
#6308 = VERTEX_POINT('',#6309);
#6309 = CARTESIAN_POINT('',(29.144444444444,-3.176835849395,
    4.581226238882));
#6310 = SURFACE_CURVE('',#6311,(#6315,#6322),.PCURVE_S1.);
#6311 = LINE('',#6312,#6313);
#6312 = CARTESIAN_POINT('',(40.802222222222,-2.822148293353,
    5.555722290067));
#6313 = VECTOR('',#6314,1.);
#6314 = DIRECTION('',(-0.996066684601,-3.030530043977E-02,
    -8.326312864805E-02));
#6315 = PCURVE('',#5275,#6316);
#6316 = DEFINITIONAL_REPRESENTATION('',(#6317),#6321);
#6317 = LINE('',#6318,#6319);
#6318 = CARTESIAN_POINT('',(-50.44210141252,40.802222222222));
#6319 = VECTOR('',#6320,1.);
#6320 = DIRECTION('',(-8.860677077406E-02,-0.996066684601));
#6321 = ( GEOMETRIC_REPRESENTATION_CONTEXT(2) 
PARAMETRIC_REPRESENTATION_CONTEXT() REPRESENTATION_CONTEXT('2D SPACE',''
  ) );
#6322 = PCURVE('',#6323,#6328);
#6323 = PLANE('',#6324);
#6324 = AXIS2_PLACEMENT_3D('',#6325,#6326,#6327);
#6325 = CARTESIAN_POINT('',(40.802222222222,-2.822148293353,
    5.555722290067));
#6326 = DIRECTION('',(8.860677077406E-02,-0.340674870229,-0.935996513331
    ));
#6327 = DIRECTION('',(-0.996066684601,-3.030530043977E-02,
    -8.326312864805E-02));
#6328 = DEFINITIONAL_REPRESENTATION('',(#6329),#6333);
#6329 = LINE('',#6330,#6331);
#6330 = CARTESIAN_POINT('',(-0.,0.));
#6331 = VECTOR('',#6332,1.);
#6332 = DIRECTION('',(1.,0.));
#6333 = ( GEOMETRIC_REPRESENTATION_CONTEXT(2) 
PARAMETRIC_REPRESENTATION_CONTEXT() REPRESENTATION_CONTEXT('2D SPACE',''
  ) );
#6334 = ORIENTED_EDGE('',*,*,#6335,.T.);
#6335 = EDGE_CURVE('',#6308,#6336,#6338,.T.);
#6336 = VERTEX_POINT('',#6337);
#6337 = CARTESIAN_POINT('',(17.486666666667,-3.413294220089,
    3.931562204758));
#6338 = SURFACE_CURVE('',#6339,(#6343,#6350),.PCURVE_S1.);
#6339 = LINE('',#6340,#6341);
#6340 = CARTESIAN_POINT('',(29.144444444444,-3.176835849395,
    4.581226238882));
#6341 = VECTOR('',#6342,1.);
#6342 = DIRECTION('',(-0.99824611646,-2.024773972789E-02,
    -5.563020769737E-02));
#6343 = PCURVE('',#5275,#6344);
#6344 = DEFINITIONAL_REPRESENTATION('',(#6345),#6349);
#6345 = LINE('',#6346,#6347);
#6346 = CARTESIAN_POINT('',(-51.47913844955,29.144444444444));
#6347 = VECTOR('',#6348,1.);
#6348 = DIRECTION('',(-5.920043050976E-02,-0.99824611646));
#6349 = ( GEOMETRIC_REPRESENTATION_CONTEXT(2) 
PARAMETRIC_REPRESENTATION_CONTEXT() REPRESENTATION_CONTEXT('2D SPACE',''
  ) );
#6350 = PCURVE('',#6351,#6356);
#6351 = PLANE('',#6352);
#6352 = AXIS2_PLACEMENT_3D('',#6353,#6354,#6355);
#6353 = CARTESIAN_POINT('',(29.144444444444,-3.176835849395,
    4.581226238882));
#6354 = DIRECTION('',(5.920043050976E-02,-0.341420279826,-0.938044509366
    ));
#6355 = DIRECTION('',(-0.99824611646,-2.024773972789E-02,
    -5.563020769737E-02));
#6356 = DEFINITIONAL_REPRESENTATION('',(#6357),#6361);
#6357 = LINE('',#6358,#6359);
#6358 = CARTESIAN_POINT('',(-0.,0.));
#6359 = VECTOR('',#6360,1.);
#6360 = DIRECTION('',(1.,3.469446951954E-18));
#6361 = ( GEOMETRIC_REPRESENTATION_CONTEXT(2) 
PARAMETRIC_REPRESENTATION_CONTEXT() REPRESENTATION_CONTEXT('2D SPACE',''
  ) );
#6362 = ORIENTED_EDGE('',*,*,#6363,.T.);
#6363 = EDGE_CURVE('',#6336,#6364,#6366,.T.);
#6364 = VERTEX_POINT('',#6365);
#6365 = CARTESIAN_POINT('',(5.828888888889,-3.531523405436,
    3.606730187696));
#6366 = SURFACE_CURVE('',#6367,(#6371,#6378),.PCURVE_S1.);
#6367 = LINE('',#6368,#6369);
#6368 = CARTESIAN_POINT('',(17.486666666667,-3.413294220089,
    3.931562204758));
#6369 = VECTOR('',#6370,1.);
#6370 = DIRECTION('',(-0.999560662567,-1.013720153987E-02,
    -2.785173232725E-02));
#6371 = PCURVE('',#5275,#6372);
#6372 = DEFINITIONAL_REPRESENTATION('',(#6373),#6377);
#6373 = LINE('',#6374,#6375);
#6374 = CARTESIAN_POINT('',(-52.17049647424,17.486666666667));
#6375 = VECTOR('',#6376,1.);
#6376 = DIRECTION('',(-2.963919446761E-02,-0.999560662567));
#6377 = ( GEOMETRIC_REPRESENTATION_CONTEXT(2) 
PARAMETRIC_REPRESENTATION_CONTEXT() REPRESENTATION_CONTEXT('2D SPACE',''
  ) );
#6378 = PCURVE('',#6379,#6384);
#6379 = PLANE('',#6380);
#6380 = AXIS2_PLACEMENT_3D('',#6381,#6382,#6383);
#6381 = CARTESIAN_POINT('',(17.486666666667,-3.413294220089,
    3.931562204758));
#6382 = DIRECTION('',(2.963919446761E-02,-0.341869881074,-0.939279778642
    ));
#6383 = DIRECTION('',(-0.999560662567,-1.013720153987E-02,
    -2.785173232725E-02));
#6384 = DEFINITIONAL_REPRESENTATION('',(#6385),#6389);
#6385 = LINE('',#6386,#6387);
#6386 = CARTESIAN_POINT('',(-0.,0.));
#6387 = VECTOR('',#6388,1.);
#6388 = DIRECTION('',(1.,0.));
#6389 = ( GEOMETRIC_REPRESENTATION_CONTEXT(2) 
PARAMETRIC_REPRESENTATION_CONTEXT() REPRESENTATION_CONTEXT('2D SPACE',''
  ) );
#6390 = ORIENTED_EDGE('',*,*,#6391,.T.);
#6391 = EDGE_CURVE('',#6364,#6392,#6394,.T.);
#6392 = VERTEX_POINT('',#6393);
#6393 = CARTESIAN_POINT('',(-5.828888888889,-3.531523405436,
    3.606730187696));
#6394 = SURFACE_CURVE('',#6395,(#6399,#6406),.PCURVE_S1.);
#6395 = LINE('',#6396,#6397);
#6396 = CARTESIAN_POINT('',(5.828888888889,-3.531523405436,
    3.606730187696));
#6397 = VECTOR('',#6398,1.);
#6398 = DIRECTION('',(-1.,-1.302885147561E-17,-3.579647523066E-17));
#6399 = PCURVE('',#5275,#6400);
#6400 = DEFINITIONAL_REPRESENTATION('',(#6401),#6405);
#6401 = LINE('',#6402,#6403);
#6402 = CARTESIAN_POINT('',(-52.51617548659,5.828888888889));
#6403 = VECTOR('',#6404,1.);
#6404 = DIRECTION('',(-3.809381327345E-17,-1.));
#6405 = ( GEOMETRIC_REPRESENTATION_CONTEXT(2) 
PARAMETRIC_REPRESENTATION_CONTEXT() REPRESENTATION_CONTEXT('2D SPACE',''
  ) );
#6406 = PCURVE('',#6407,#6412);
#6407 = PLANE('',#6408);
#6408 = AXIS2_PLACEMENT_3D('',#6409,#6410,#6411);
#6409 = CARTESIAN_POINT('',(5.828888888889,-3.531523405436,
    3.606730187696));
#6410 = DIRECTION('',(3.809381327345E-17,-0.342020143326,-0.939692620786
    ));
#6411 = DIRECTION('',(-1.,-1.302885147561E-17,-3.579647523066E-17));
#6412 = DEFINITIONAL_REPRESENTATION('',(#6413),#6417);
#6413 = LINE('',#6414,#6415);
#6414 = CARTESIAN_POINT('',(-0.,0.));
#6415 = VECTOR('',#6416,1.);
#6416 = DIRECTION('',(1.,-1.54074395551E-33));
#6417 = ( GEOMETRIC_REPRESENTATION_CONTEXT(2) 
PARAMETRIC_REPRESENTATION_CONTEXT() REPRESENTATION_CONTEXT('2D SPACE',''
  ) );
#6418 = ORIENTED_EDGE('',*,*,#6419,.T.);
#6419 = EDGE_CURVE('',#6392,#6420,#6422,.T.);
#6420 = VERTEX_POINT('',#6421);
#6421 = CARTESIAN_POINT('',(-17.48666666666,-3.413294220089,
    3.931562204758));
#6422 = SURFACE_CURVE('',#6423,(#6427,#6434),.PCURVE_S1.);
#6423 = LINE('',#6424,#6425);
#6424 = CARTESIAN_POINT('',(-5.828888888889,-3.531523405436,
    3.606730187696));
#6425 = VECTOR('',#6426,1.);
#6426 = DIRECTION('',(-0.999560662567,1.013720153987E-02,
    2.785173232725E-02));
#6427 = PCURVE('',#5275,#6428);
#6428 = DEFINITIONAL_REPRESENTATION('',(#6429),#6433);
#6429 = LINE('',#6430,#6431);
#6430 = CARTESIAN_POINT('',(-52.51617548659,-5.828888888889));
#6431 = VECTOR('',#6432,1.);
#6432 = DIRECTION('',(2.963919446761E-02,-0.999560662567));
#6433 = ( GEOMETRIC_REPRESENTATION_CONTEXT(2) 
PARAMETRIC_REPRESENTATION_CONTEXT() REPRESENTATION_CONTEXT('2D SPACE',''
  ) );
#6434 = PCURVE('',#6435,#6440);
#6435 = PLANE('',#6436);
#6436 = AXIS2_PLACEMENT_3D('',#6437,#6438,#6439);
#6437 = CARTESIAN_POINT('',(-5.828888888889,-3.531523405436,
    3.606730187696));
#6438 = DIRECTION('',(-2.963919446761E-02,-0.341869881074,
    -0.939279778642));
#6439 = DIRECTION('',(-0.999560662567,1.013720153987E-02,
    2.785173232725E-02));
#6440 = DEFINITIONAL_REPRESENTATION('',(#6441),#6445);
#6441 = LINE('',#6442,#6443);
#6442 = CARTESIAN_POINT('',(0.,0.));
#6443 = VECTOR('',#6444,1.);
#6444 = DIRECTION('',(1.,0.));
#6445 = ( GEOMETRIC_REPRESENTATION_CONTEXT(2) 
PARAMETRIC_REPRESENTATION_CONTEXT() REPRESENTATION_CONTEXT('2D SPACE',''
  ) );
#6446 = ORIENTED_EDGE('',*,*,#6447,.T.);
#6447 = EDGE_CURVE('',#6420,#6448,#6450,.T.);
#6448 = VERTEX_POINT('',#6449);
#6449 = CARTESIAN_POINT('',(-29.14444444444,-3.176835849395,
    4.581226238882));
#6450 = SURFACE_CURVE('',#6451,(#6455,#6462),.PCURVE_S1.);
#6451 = LINE('',#6452,#6453);
#6452 = CARTESIAN_POINT('',(-17.48666666666,-3.413294220089,
    3.931562204758));
#6453 = VECTOR('',#6454,1.);
#6454 = DIRECTION('',(-0.99824611646,2.024773972789E-02,
    5.563020769737E-02));
#6455 = PCURVE('',#5275,#6456);
#6456 = DEFINITIONAL_REPRESENTATION('',(#6457),#6461);
#6457 = LINE('',#6458,#6459);
#6458 = CARTESIAN_POINT('',(-52.17049647424,-17.48666666666));
#6459 = VECTOR('',#6460,1.);
#6460 = DIRECTION('',(5.920043050976E-02,-0.99824611646));
#6461 = ( GEOMETRIC_REPRESENTATION_CONTEXT(2) 
PARAMETRIC_REPRESENTATION_CONTEXT() REPRESENTATION_CONTEXT('2D SPACE',''
  ) );
#6462 = PCURVE('',#6463,#6468);
#6463 = PLANE('',#6464);
#6464 = AXIS2_PLACEMENT_3D('',#6465,#6466,#6467);
#6465 = CARTESIAN_POINT('',(-17.48666666666,-3.413294220089,
    3.931562204758));
#6466 = DIRECTION('',(-5.920043050976E-02,-0.341420279826,
    -0.938044509366));
#6467 = DIRECTION('',(-0.99824611646,2.024773972789E-02,
    5.563020769737E-02));
#6468 = DEFINITIONAL_REPRESENTATION('',(#6469),#6473);
#6469 = LINE('',#6470,#6471);
#6470 = CARTESIAN_POINT('',(0.,0.));
#6471 = VECTOR('',#6472,1.);
#6472 = DIRECTION('',(1.,0.));
#6473 = ( GEOMETRIC_REPRESENTATION_CONTEXT(2) 
PARAMETRIC_REPRESENTATION_CONTEXT() REPRESENTATION_CONTEXT('2D SPACE',''
  ) );
#6474 = ORIENTED_EDGE('',*,*,#6475,.T.);
#6475 = EDGE_CURVE('',#6448,#5291,#6476,.T.);
#6476 = SURFACE_CURVE('',#6477,(#6481,#6488),.PCURVE_S1.);
#6477 = LINE('',#6478,#6479);
#6478 = CARTESIAN_POINT('',(-29.14444444444,-3.176835849395,
    4.581226238882));
#6479 = VECTOR('',#6480,1.);
#6480 = DIRECTION('',(-0.996066684601,3.030530043977E-02,
    8.326312864805E-02));
#6481 = PCURVE('',#5275,#6482);
#6482 = DEFINITIONAL_REPRESENTATION('',(#6483),#6487);
#6483 = LINE('',#6484,#6485);
#6484 = CARTESIAN_POINT('',(-51.47913844955,-29.14444444444));
#6485 = VECTOR('',#6486,1.);
#6486 = DIRECTION('',(8.860677077406E-02,-0.996066684601));
#6487 = ( GEOMETRIC_REPRESENTATION_CONTEXT(2) 
PARAMETRIC_REPRESENTATION_CONTEXT() REPRESENTATION_CONTEXT('2D SPACE',''
  ) );
#6488 = PCURVE('',#5308,#6489);
#6489 = DEFINITIONAL_REPRESENTATION('',(#6490),#6494);
#6490 = LINE('',#6491,#6492);
#6491 = CARTESIAN_POINT('',(0.,0.));
#6492 = VECTOR('',#6493,1.);
#6493 = DIRECTION('',(1.,0.));
#6494 = ( GEOMETRIC_REPRESENTATION_CONTEXT(2) 
PARAMETRIC_REPRESENTATION_CONTEXT() REPRESENTATION_CONTEXT('2D SPACE',''
  ) );
#6495 = ORIENTED_EDGE('',*,*,#5342,.T.);
#6496 = FACE_BOUND('',#6497,.T.);
#6497 = EDGE_LOOP('',(#6498));
#6498 = ORIENTED_EDGE('',*,*,#6499,.F.);
#6499 = EDGE_CURVE('',#6500,#6500,#6502,.T.);
#6500 = VERTEX_POINT('',#6501);
#6501 = CARTESIAN_POINT('',(-21.,26.209450415729,85.319384193938));
#6502 = SURFACE_CURVE('',#6503,(#6662,#6824),.PCURVE_S1.);
#6503 = B_SPLINE_CURVE_WITH_KNOTS('',7,(#6504,#6505,#6506,#6507,#6508,
    #6509,#6510,#6511,#6512,#6513,#6514,#6515,#6516,#6517,#6518,#6519,
    #6520,#6521,#6522,#6523,#6524,#6525,#6526,#6527,#6528,#6529,#6530,
    #6531,#6532,#6533,#6534,#6535,#6536,#6537,#6538,#6539,#6540,#6541,
    #6542,#6543,#6544,#6545,#6546,#6547,#6548,#6549,#6550,#6551,#6552,
    #6553,#6554,#6555,#6556,#6557,#6558,#6559,#6560,#6561,#6562,#6563,
    #6564,#6565,#6566,#6567,#6568,#6569,#6570,#6571,#6572,#6573,#6574,
    #6575,#6576,#6577,#6578,#6579,#6580,#6581,#6582,#6583,#6584,#6585,
    #6586,#6587,#6588,#6589,#6590,#6591,#6592,#6593,#6594,#6595,#6596,
    #6597,#6598,#6599,#6600,#6601,#6602,#6603,#6604,#6605,#6606,#6607,
    #6608,#6609,#6610,#6611,#6612,#6613,#6614,#6615,#6616,#6617,#6618,
    #6619,#6620,#6621,#6622,#6623,#6624,#6625,#6626,#6627,#6628,#6629,
    #6630,#6631,#6632,#6633,#6634,#6635,#6636,#6637,#6638,#6639,#6640,
    #6641,#6642,#6643,#6644,#6645,#6646,#6647,#6648,#6649,#6650,#6651,
    #6652,#6653,#6654,#6655,#6656,#6657,#6658,#6659,#6660,#6661),
  .UNSPECIFIED.,.T.,.F.,(8,6,6,6,6,6,6,6,6,6,6,6,6,6,6,6,6,6,6,6,6,6,6,6
    ,6,6,8),(0.,3.783865788215E-02,6.400370057545E-02,0.101644374153,
    0.136121615,0.165203984297,0.249996925088,0.334789865879,
    0.363872235177,0.398349476024,0.435990149601,0.462155192295,
    0.482564365836,0.500000809499,0.525160983313,0.53784536643,
    0.564010377491,0.601651005562,0.636128204728,0.665210538866,
    0.750003377146,0.834796215426,0.863878549564,0.89835574873,
    0.935996376802,0.962161387863,1.),.UNSPECIFIED.);
#6504 = CARTESIAN_POINT('',(-21.,26.209450415729,85.319384193938));
#6505 = CARTESIAN_POINT('',(-20.76575109321,26.209450499315,
    85.319384423588));
#6506 = CARTESIAN_POINT('',(-20.53132235805,26.202567278138,
    85.300472928834));
#6507 = CARTESIAN_POINT('',(-20.29909820352,26.188783543763,
    85.262602429881));
#6508 = CARTESIAN_POINT('',(-20.07097082513,26.168394596164,
    85.206584256747));
#6509 = CARTESIAN_POINT('',(-19.84841908908,26.141875957928,
    85.133724896998));
#6510 = CARTESIAN_POINT('',(-19.63256626366,26.109793118817,
    85.045578020988));
#6511 = CARTESIAN_POINT('',(-19.28014492308,26.047140701502,
    84.873441919141));
#6512 = CARTESIAN_POINT('',(-19.13961555148,26.01914910722,
    84.796535645918));
#6513 = CARTESIAN_POINT('',(-19.0028364888,25.988966185079,
    84.713608748881));
#6514 = CARTESIAN_POINT('',(-18.86993663707,25.956777063471,
    84.625169864111));
#6515 = CARTESIAN_POINT('',(-18.74097846522,25.922758004002,
    84.531703266391));
#6516 = CARTESIAN_POINT('',(-18.61597067962,25.887070063506,
    84.433651455732));
#6517 = CARTESIAN_POINT('',(-18.3206828665,25.796312563096,
    84.184297272706));
#6518 = CARTESIAN_POINT('',(-18.15463459977,25.739621242933,
    84.028539150681));
#6519 = CARTESIAN_POINT('',(-17.99660619822,25.680191519127,
    83.865257326479));
#6520 = CARTESIAN_POINT('',(-17.84641134202,25.618385697386,
    83.695447226856));
#6521 = CARTESIAN_POINT('',(-17.70381855232,25.554512683487,
    83.519957563456));
#6522 = CARTESIAN_POINT('',(-17.56856245579,25.488825001184,
    83.339482139592));
#6523 = CARTESIAN_POINT('',(-17.32292266713,25.359863351114,
    82.985162918049));
#6524 = CARTESIAN_POINT('',(-17.21142656507,25.296862535677,
    82.812069600227));
#6525 = CARTESIAN_POINT('',(-17.10565885931,25.232669993743,
    82.635702040767));
#6526 = CARTESIAN_POINT('',(-17.00542885942,25.167422576014,
    82.456436233877));
#6527 = CARTESIAN_POINT('',(-16.91055987497,25.101238044948,
    82.274595729257));
#6528 = CARTESIAN_POINT('',(-16.82088602234,25.034215765757,
    82.090453530581));
#6529 = CARTESIAN_POINT('',(-16.66485579686,24.909264653393,
    81.747153170825));
#6530 = CARTESIAN_POINT('',(-16.5970502187,24.851556664234,
    81.588601773688));
#6531 = CARTESIAN_POINT('',(-16.53274018105,24.793364133282,
    81.428719108916));
#6532 = CARTESIAN_POINT('',(-16.47184256453,24.734732896805,
    81.26763111062));
#6533 = CARTESIAN_POINT('',(-16.41428207565,24.675704089925,
    81.105450796621));
#6534 = CARTESIAN_POINT('',(-16.35999007594,24.616314312569,
    80.942278724388));
#6535 = CARTESIAN_POINT('',(-16.15995458837,24.382479600857,
    80.299823134076));
#6536 = CARTESIAN_POINT('',(-16.03830403774,24.205627451733,
    79.813925847775));
#6537 = CARTESIAN_POINT('',(-15.9423008706,24.026764292992,
    79.322503357962));
#6538 = CARTESIAN_POINT('',(-15.87097901311,23.846506630548,
    78.827249500714));
#6539 = CARTESIAN_POINT('',(-15.82366584469,23.665387504055,
    78.329628790443));
#6540 = CARTESIAN_POINT('',(-15.80000009722,23.483856453386,
    77.8308763278));
#6541 = CARTESIAN_POINT('',(-15.80000009722,23.120701941536,
    76.833117506719));
#6542 = CARTESIAN_POINT('',(-15.82366584468,22.939170890863,
    76.334365044064));
#6543 = CARTESIAN_POINT('',(-15.87097901313,22.758051764379,
    75.836744333818));
#6544 = CARTESIAN_POINT('',(-15.94230087059,22.577794101923,
    75.341490476538));
#6545 = CARTESIAN_POINT('',(-16.03830403774,22.398930943192,
    74.850067986751));
#6546 = CARTESIAN_POINT('',(-16.15995458836,22.222078794063,
    74.364170700437));
#6547 = CARTESIAN_POINT('',(-16.35999007594,21.988244082353,
    73.721715110128));
#6548 = CARTESIAN_POINT('',(-16.41428207565,21.928854304996,
    73.558543037895));
#6549 = CARTESIAN_POINT('',(-16.47184256453,21.869825498116,
    73.396362723896));
#6550 = CARTESIAN_POINT('',(-16.53274018105,21.811194261639,
    73.235274725599));
#6551 = CARTESIAN_POINT('',(-16.5970502187,21.753001730687,
    73.075392060828));
#6552 = CARTESIAN_POINT('',(-16.66485579686,21.695293741528,
    72.916840663691));
#6553 = CARTESIAN_POINT('',(-16.82088602234,21.570342629164,
    72.573540303935));
#6554 = CARTESIAN_POINT('',(-16.91055987497,21.503320349974,
    72.389398105259));
#6555 = CARTESIAN_POINT('',(-17.00542885942,21.437135818908,
    72.207557600638));
#6556 = CARTESIAN_POINT('',(-17.10565885931,21.371888401178,
    72.028291793749));
#6557 = CARTESIAN_POINT('',(-17.21142656507,21.307695859245,
    71.851924234289));
#6558 = CARTESIAN_POINT('',(-17.32292266713,21.244695043807,
    71.678830916467));
#6559 = CARTESIAN_POINT('',(-17.56856245579,21.115733393737,
    71.324511694924));
#6560 = CARTESIAN_POINT('',(-17.70381855232,21.050045711434,
    71.14403627106));
#6561 = CARTESIAN_POINT('',(-17.84641134202,20.986172697535,
    70.96854660766));
#6562 = CARTESIAN_POINT('',(-17.99660619821,20.924366875794,
    70.798736508036));
#6563 = CARTESIAN_POINT('',(-18.15463459977,20.864937151988,
    70.635454683834));
#6564 = CARTESIAN_POINT('',(-18.3206828665,20.808245831825,
    70.479696561809));
#6565 = CARTESIAN_POINT('',(-18.61597067962,20.717488331415,
    70.230342378784));
#6566 = CARTESIAN_POINT('',(-18.74097846522,20.681800390919,
    70.132290568124));
#6567 = CARTESIAN_POINT('',(-18.86993663707,20.64778133145,
    70.038823970404));
#6568 = CARTESIAN_POINT('',(-19.0028364888,20.615592209842,
    69.950385085634));
#6569 = CARTESIAN_POINT('',(-19.13961555148,20.585409287701,
    69.867458188597));
#6570 = CARTESIAN_POINT('',(-19.28014492308,20.557417693419,
    69.790551915374));
#6571 = CARTESIAN_POINT('',(-19.53659501471,20.511826679817,
    69.665291634972));
#6572 = CARTESIAN_POINT('',(-19.65112716707,20.493295888896,
    69.614378705352));
#6573 = CARTESIAN_POINT('',(-19.76770568604,20.476302169811,
    69.567688845892));
#6574 = CARTESIAN_POINT('',(-19.88619187857,20.460935452141,
    69.525469136083));
#6575 = CARTESIAN_POINT('',(-20.00641116681,20.447281770751,
    69.487955954772));
#6576 = CARTESIAN_POINT('',(-20.12814852739,20.43541889987,
    69.455362984898));
#6577 = CARTESIAN_POINT('',(-20.35622430459,20.416862597465,
    69.40437996305));
#6578 = CARTESIAN_POINT('',(-20.46223029993,20.409667179311,
    69.384610714148));
#6579 = CARTESIAN_POINT('',(-20.56899671267,20.403866562416,
    69.36867365021));
#6580 = CARTESIAN_POINT('',(-20.67634816622,20.39949313431,
    69.356657755244));
#6581 = CARTESIAN_POINT('',(-20.78409880583,20.396569638149,
    69.348625515555));
#6582 = CARTESIAN_POINT('',(-20.89205199303,20.39510797051,
    69.344609616722));
#6583 = CARTESIAN_POINT('',(-21.15576502338,20.395107885302,
    69.344609382615));
#6584 = CARTESIAN_POINT('',(-21.31155934532,20.398151543458,
    69.352971764672));
#6585 = CARTESIAN_POINT('',(-21.46673280126,20.404239918263,
    69.36969943697));
#6586 = CARTESIAN_POINT('',(-21.62070251879,20.413320004298,
    69.394646768318));
#6587 = CARTESIAN_POINT('',(-21.77294890175,20.425294637189,
    69.427546801793));
#6588 = CARTESIAN_POINT('',(-21.9230116144,20.440032304673,
    69.468038210419));
#6589 = CARTESIAN_POINT('',(-22.14483378325,20.466121124594,
    69.539716654052));
#6590 = CARTESIAN_POINT('',(-22.21853025433,20.475528530358,
    69.565563288965));
#6591 = CARTESIAN_POINT('',(-22.29152745292,20.48557975874,
    69.593178811984));
#6592 = CARTESIAN_POINT('',(-22.36378414084,20.496254323075,
    69.622506936455));
#6593 = CARTESIAN_POINT('',(-22.43526490703,20.507531046044,
    69.653489478177));
#6594 = CARTESIAN_POINT('',(-22.50593970695,20.519388439485,
    69.686067398911));
#6595 = CARTESIAN_POINT('',(-22.71985507691,20.557417693419,
    69.790551915374));
#6596 = CARTESIAN_POINT('',(-22.86038444851,20.5854092877,
    69.867458188596));
#6597 = CARTESIAN_POINT('',(-22.99716351119,20.615592209842,
    69.950385085633));
#6598 = CARTESIAN_POINT('',(-23.13006336292,20.64778133145,
    70.038823970403));
#6599 = CARTESIAN_POINT('',(-23.25902153477,20.681800390918,
    70.132290568123));
#6600 = CARTESIAN_POINT('',(-23.38402932037,20.717488331414,
    70.230342378783));
#6601 = CARTESIAN_POINT('',(-23.67931713349,20.808245831825,
    70.479696561807));
#6602 = CARTESIAN_POINT('',(-23.84536540022,20.864937151987,
    70.635454683833));
#6603 = CARTESIAN_POINT('',(-24.00339380178,20.924366875794,
    70.798736508035));
#6604 = CARTESIAN_POINT('',(-24.15358865797,20.986172697534,
    70.968546607659));
#6605 = CARTESIAN_POINT('',(-24.29618144767,21.050045711433,
    71.144036271058));
#6606 = CARTESIAN_POINT('',(-24.4314375442,21.115733393736,
    71.324511694922));
#6607 = CARTESIAN_POINT('',(-24.67707733286,21.244695043807,
    71.678830916466));
#6608 = CARTESIAN_POINT('',(-24.78857343492,21.307695859244,
    71.851924234287));
#6609 = CARTESIAN_POINT('',(-24.89434114068,21.371888401178,
    72.028291793747));
#6610 = CARTESIAN_POINT('',(-24.99457114057,21.437135818907,
    72.207557600637));
#6611 = CARTESIAN_POINT('',(-25.08944012502,21.503320349973,
    72.389398105258));
#6612 = CARTESIAN_POINT('',(-25.17911397765,21.570342629163,
    72.573540303934));
#6613 = CARTESIAN_POINT('',(-25.33514420313,21.695293741527,
    72.91684066369));
#6614 = CARTESIAN_POINT('',(-25.40294978129,21.753001730687,
    73.075392060827));
#6615 = CARTESIAN_POINT('',(-25.46725981894,21.811194261638,
    73.235274725598));
#6616 = CARTESIAN_POINT('',(-25.52815743546,21.869825498116,
    73.396362723894));
#6617 = CARTESIAN_POINT('',(-25.58571792434,21.928854304996,
    73.558543037893));
#6618 = CARTESIAN_POINT('',(-25.64000992405,21.988244082352,
    73.721715110126));
#6619 = CARTESIAN_POINT('',(-25.84004541163,22.222078794063,
    74.364170700436));
#6620 = CARTESIAN_POINT('',(-25.96169596225,22.39893094319,
    74.850067986746));
#6621 = CARTESIAN_POINT('',(-26.05769912939,22.577794101925,
    75.341490476542));
#6622 = CARTESIAN_POINT('',(-26.12902098688,22.758051764376,
    75.83674433381));
#6623 = CARTESIAN_POINT('',(-26.17633415531,22.939170890864,
    76.334365044066));
#6624 = CARTESIAN_POINT('',(-26.19999990277,23.120701941535,
    76.833117506716));
#6625 = CARTESIAN_POINT('',(-26.19999990277,23.483856453385,
    77.830876327797));
#6626 = CARTESIAN_POINT('',(-26.17633415531,23.665387504056,
    78.329628790445));
#6627 = CARTESIAN_POINT('',(-26.12902098688,23.846506630545,
    78.827249500705));
#6628 = CARTESIAN_POINT('',(-26.05769912939,24.026764292995,
    79.32250335797));
#6629 = CARTESIAN_POINT('',(-25.96169596225,24.20562745173,
    79.813925847767));
#6630 = CARTESIAN_POINT('',(-25.84004541163,24.382479600858,
    80.299823134077));
#6631 = CARTESIAN_POINT('',(-25.64000992405,24.616314312568,
    80.942278724387));
#6632 = CARTESIAN_POINT('',(-25.58571792434,24.675704089925,
    81.105450796619));
#6633 = CARTESIAN_POINT('',(-25.52815743546,24.734732896804,
    81.267631110619));
#6634 = CARTESIAN_POINT('',(-25.46725981894,24.793364133282,
    81.428719108915));
#6635 = CARTESIAN_POINT('',(-25.40294978129,24.851556664234,
    81.588601773686));
#6636 = CARTESIAN_POINT('',(-25.33514420313,24.909264653393,
    81.747153170823));
#6637 = CARTESIAN_POINT('',(-25.17911397765,25.034215765757,
    82.090453530579));
#6638 = CARTESIAN_POINT('',(-25.08944012503,25.101238044947,
    82.274595729255));
#6639 = CARTESIAN_POINT('',(-24.99457114057,25.167422576013,
    82.456436233876));
#6640 = CARTESIAN_POINT('',(-24.89434114068,25.232669993743,
    82.635702040766));
#6641 = CARTESIAN_POINT('',(-24.78857343492,25.296862535676,
    82.812069600226));
#6642 = CARTESIAN_POINT('',(-24.67707733286,25.359863351114,
    82.985162918047));
#6643 = CARTESIAN_POINT('',(-24.4314375442,25.488825001184,
    83.339482139591));
#6644 = CARTESIAN_POINT('',(-24.29618144767,25.554512683487,
    83.519957563455));
#6645 = CARTESIAN_POINT('',(-24.15358865797,25.618385697386,
    83.695447226855));
#6646 = CARTESIAN_POINT('',(-24.00339380178,25.680191519127,
    83.865257326478));
#6647 = CARTESIAN_POINT('',(-23.84536540022,25.739621242933,
    84.02853915068));
#6648 = CARTESIAN_POINT('',(-23.67931713349,25.796312563096,
    84.184297272706));
#6649 = CARTESIAN_POINT('',(-23.38402932037,25.887070063506,
    84.433651455731));
#6650 = CARTESIAN_POINT('',(-23.25902153477,25.922758004002,
    84.53170326639));
#6651 = CARTESIAN_POINT('',(-23.13006336292,25.956777063471,
    84.625169864111));
#6652 = CARTESIAN_POINT('',(-22.99716351119,25.988966185079,
    84.713608748881));
#6653 = CARTESIAN_POINT('',(-22.86038444851,26.01914910722,
    84.796535645918));
#6654 = CARTESIAN_POINT('',(-22.71985507692,26.047140701501,
    84.87344191914));
#6655 = CARTESIAN_POINT('',(-22.36743373633,26.109793118816,
    85.045578020987));
#6656 = CARTESIAN_POINT('',(-22.15158091091,26.141875957928,
    85.133724896999));
#6657 = CARTESIAN_POINT('',(-21.92902917486,26.168394596164,
    85.206584256746));
#6658 = CARTESIAN_POINT('',(-21.70090179647,26.188783543762,
    85.262602429879));
#6659 = CARTESIAN_POINT('',(-21.46867764194,26.202567278139,
    85.300472928836));
#6660 = CARTESIAN_POINT('',(-21.23424890678,26.209450499314,
    85.319384423588));
#6661 = CARTESIAN_POINT('',(-21.,26.209450415729,85.319384193938));
#6662 = PCURVE('',#5275,#6663);
#6663 = DEFINITIONAL_REPRESENTATION('',(#6664),#6823);
#6664 = B_SPLINE_CURVE_WITH_KNOTS('',7,(#6665,#6666,#6667,#6668,#6669,
    #6670,#6671,#6672,#6673,#6674,#6675,#6676,#6677,#6678,#6679,#6680,
    #6681,#6682,#6683,#6684,#6685,#6686,#6687,#6688,#6689,#6690,#6691,
    #6692,#6693,#6694,#6695,#6696,#6697,#6698,#6699,#6700,#6701,#6702,
    #6703,#6704,#6705,#6706,#6707,#6708,#6709,#6710,#6711,#6712,#6713,
    #6714,#6715,#6716,#6717,#6718,#6719,#6720,#6721,#6722,#6723,#6724,
    #6725,#6726,#6727,#6728,#6729,#6730,#6731,#6732,#6733,#6734,#6735,
    #6736,#6737,#6738,#6739,#6740,#6741,#6742,#6743,#6744,#6745,#6746,
    #6747,#6748,#6749,#6750,#6751,#6752,#6753,#6754,#6755,#6756,#6757,
    #6758,#6759,#6760,#6761,#6762,#6763,#6764,#6765,#6766,#6767,#6768,
    #6769,#6770,#6771,#6772,#6773,#6774,#6775,#6776,#6777,#6778,#6779,
    #6780,#6781,#6782,#6783,#6784,#6785,#6786,#6787,#6788,#6789,#6790,
    #6791,#6792,#6793,#6794,#6795,#6796,#6797,#6798,#6799,#6800,#6801,
    #6802,#6803,#6804,#6805,#6806,#6807,#6808,#6809,#6810,#6811,#6812,
    #6813,#6814,#6815,#6816,#6817,#6818,#6819,#6820,#6821,#6822),
  .UNSPECIFIED.,.F.,.F.,(8,6,6,6,6,6,6,6,6,6,6,6,6,6,6,6,6,6,6,6,6,6,6,6
    ,6,6,8),(0.,3.783865788215E-02,6.400370057545E-02,0.101644374153,
    0.136121615,0.165203984297,0.249996925088,0.334789865879,
    0.363872235177,0.398349476024,0.435990149601,0.462155192295,
    0.482564365836,0.500000809499,0.525160983313,0.53784536643,
    0.564010377491,0.601651005562,0.636128204728,0.665210538866,
    0.750003377146,0.834796215426,0.863878549564,0.89835574873,
    0.935996376802,0.962161387863,1.),.UNSPECIFIED.);
#6665 = CARTESIAN_POINT('',(34.440614636862,-21.));
#6666 = CARTESIAN_POINT('',(34.440614881251,-20.76575109321));
#6667 = CARTESIAN_POINT('',(34.420489688889,-20.53132235805));
#6668 = CARTESIAN_POINT('',(34.38018874567,-20.29909820352));
#6669 = CARTESIAN_POINT('',(34.320575450967,-20.07097082513));
#6670 = CARTESIAN_POINT('',(34.243040139805,-19.84841908908));
#6671 = CARTESIAN_POINT('',(34.149236193642,-19.63256626366));
#6672 = CARTESIAN_POINT('',(33.966052780215,-19.28014492308));
#6673 = CARTESIAN_POINT('',(33.884210833688,-19.13961555148));
#6674 = CARTESIAN_POINT('',(33.795961873121,-19.0028364888));
#6675 = CARTESIAN_POINT('',(33.701847177726,-18.86993663707));
#6676 = CARTESIAN_POINT('',(33.602382101963,-18.74097846522));
#6677 = CARTESIAN_POINT('',(33.498037544509,-18.61597067962));
#6678 = CARTESIAN_POINT('',(33.232680365459,-18.3206828665));
#6679 = CARTESIAN_POINT('',(33.066926034118,-18.15463459977));
#6680 = CARTESIAN_POINT('',(32.893165146152,-17.99660619822));
#6681 = CARTESIAN_POINT('',(32.712457012591,-17.84641134202));
#6682 = CARTESIAN_POINT('',(32.525704813502,-17.70381855232));
#6683 = CARTESIAN_POINT('',(32.333646878948,-17.56856245579));
#6684 = CARTESIAN_POINT('',(31.95658823902,-17.32292266713));
#6685 = CARTESIAN_POINT('',(31.77238617763,-17.21142656507));
#6686 = CARTESIAN_POINT('',(31.584699741067,-17.10565885931));
#6687 = CARTESIAN_POINT('',(31.39392905401,-17.00542885942));
#6688 = CARTESIAN_POINT('',(31.200418430857,-16.91055987497));
#6689 = CARTESIAN_POINT('',(31.004458396051,-16.82088602234));
#6690 = CARTESIAN_POINT('',(30.639125783916,-16.66485579686));
#6691 = CARTESIAN_POINT('',(30.470398911288,-16.5970502187));
#6692 = CARTESIAN_POINT('',(30.300255333234,-16.53274018105));
#6693 = CARTESIAN_POINT('',(30.128829066035,-16.47184256453));
#6694 = CARTESIAN_POINT('',(29.956240380743,-16.41428207565));
#6695 = CARTESIAN_POINT('',(29.782596288384,-16.35999007594));
#6696 = CARTESIAN_POINT('',(29.098909329372,-16.15995458837));
#6697 = CARTESIAN_POINT('',(28.581828237583,-16.03830403774));
#6698 = CARTESIAN_POINT('',(28.05886734703,-15.9423008706));
#6699 = CARTESIAN_POINT('',(27.531829200414,-15.87097901311));
#6700 = CARTESIAN_POINT('',(27.002272301419,-15.82366584469));
#6701 = CARTESIAN_POINT('',(26.471511016707,-15.80000009722));
#6702 = CARTESIAN_POINT('',(25.409718257021,-15.80000009722));
#6703 = CARTESIAN_POINT('',(24.878956972296,-15.82366584468));
#6704 = CARTESIAN_POINT('',(24.349400073328,-15.87097901313));
#6705 = CARTESIAN_POINT('',(23.822361926678,-15.94230087059));
#6706 = CARTESIAN_POINT('',(23.299401036151,-16.03830403774));
#6707 = CARTESIAN_POINT('',(22.78231994435,-16.15995458836));
#6708 = CARTESIAN_POINT('',(22.098632985341,-16.35999007594));
#6709 = CARTESIAN_POINT('',(21.924988892982,-16.41428207565));
#6710 = CARTESIAN_POINT('',(21.75240020769,-16.47184256453));
#6711 = CARTESIAN_POINT('',(21.580973940491,-16.53274018105));
#6712 = CARTESIAN_POINT('',(21.410830362437,-16.5970502187));
#6713 = CARTESIAN_POINT('',(21.242103489809,-16.66485579686));
#6714 = CARTESIAN_POINT('',(20.876770877673,-16.82088602234));
#6715 = CARTESIAN_POINT('',(20.680810842868,-16.91055987497));
#6716 = CARTESIAN_POINT('',(20.487300219714,-17.00542885942));
#6717 = CARTESIAN_POINT('',(20.296529532657,-17.10565885931));
#6718 = CARTESIAN_POINT('',(20.108843096094,-17.21142656507));
#6719 = CARTESIAN_POINT('',(19.924641034704,-17.32292266713));
#6720 = CARTESIAN_POINT('',(19.547582394777,-17.56856245579));
#6721 = CARTESIAN_POINT('',(19.355524460222,-17.70381855232));
#6722 = CARTESIAN_POINT('',(19.168772261133,-17.84641134202));
#6723 = CARTESIAN_POINT('',(18.988064127572,-17.99660619821));
#6724 = CARTESIAN_POINT('',(18.814303239607,-18.15463459977));
#6725 = CARTESIAN_POINT('',(18.648548908264,-18.3206828665));
#6726 = CARTESIAN_POINT('',(18.383191729215,-18.61597067962));
#6727 = CARTESIAN_POINT('',(18.278847171761,-18.74097846522));
#6728 = CARTESIAN_POINT('',(18.179382095997,-18.86993663707));
#6729 = CARTESIAN_POINT('',(18.085267400603,-19.0028364888));
#6730 = CARTESIAN_POINT('',(17.997018440035,-19.13961555148));
#6731 = CARTESIAN_POINT('',(17.915176493508,-19.28014492308));
#6732 = CARTESIAN_POINT('',(17.78187728733,-19.53659501471));
#6733 = CARTESIAN_POINT('',(17.727696879297,-19.65112716707));
#6734 = CARTESIAN_POINT('',(17.678010568659,-19.76770568604));
#6735 = CARTESIAN_POINT('',(17.63308129192,-19.88619187857));
#6736 = CARTESIAN_POINT('',(17.593160598194,-20.00641116681));
#6737 = CARTESIAN_POINT('',(17.558475884115,-20.12814852739));
#6738 = CARTESIAN_POINT('',(17.504220885491,-20.35622430459));
#6739 = CARTESIAN_POINT('',(17.48318289023,-20.46223029993));
#6740 = CARTESIAN_POINT('',(17.466223021029,-20.56899671267));
#6741 = CARTESIAN_POINT('',(17.453435972691,-20.67634816622));
#6742 = CARTESIAN_POINT('',(17.444888241751,-20.78409880583));
#6743 = CARTESIAN_POINT('',(17.440614611475,-20.89205199303));
#6744 = CARTESIAN_POINT('',(17.440614362344,-21.15576502338));
#6745 = CARTESIAN_POINT('',(17.449513423454,-21.31155934532));
#6746 = CARTESIAN_POINT('',(17.467314640499,-21.46673280126));
#6747 = CARTESIAN_POINT('',(17.493863036002,-21.62070251879));
#6748 = CARTESIAN_POINT('',(17.52887452034,-21.77294890175));
#6749 = CARTESIAN_POINT('',(17.571964577376,-21.9230116144));
#6750 = CARTESIAN_POINT('',(17.648243183856,-22.14483378325));
#6751 = CARTESIAN_POINT('',(17.675748598223,-22.21853025433));
#6752 = CARTESIAN_POINT('',(17.705136423995,-22.29152745292));
#6753 = CARTESIAN_POINT('',(17.736346762166,-22.36378414084));
#6754 = CARTESIAN_POINT('',(17.769317694401,-22.43526490703));
#6755 = CARTESIAN_POINT('',(17.80398639352,-22.50593970695));
#6756 = CARTESIAN_POINT('',(17.915176493508,-22.71985507691));
#6757 = CARTESIAN_POINT('',(17.997018440035,-22.86038444851));
#6758 = CARTESIAN_POINT('',(18.085267400602,-22.99716351119));
#6759 = CARTESIAN_POINT('',(18.179382095996,-23.13006336292));
#6760 = CARTESIAN_POINT('',(18.27884717176,-23.25902153477));
#6761 = CARTESIAN_POINT('',(18.383191729214,-23.38402932037));
#6762 = CARTESIAN_POINT('',(18.648548908263,-23.67931713349));
#6763 = CARTESIAN_POINT('',(18.814303239605,-23.84536540022));
#6764 = CARTESIAN_POINT('',(18.988064127571,-24.00339380178));
#6765 = CARTESIAN_POINT('',(19.168772261132,-24.15358865797));
#6766 = CARTESIAN_POINT('',(19.355524460221,-24.29618144767));
#6767 = CARTESIAN_POINT('',(19.547582394775,-24.4314375442));
#6768 = CARTESIAN_POINT('',(19.924641034703,-24.67707733286));
#6769 = CARTESIAN_POINT('',(20.108843096093,-24.78857343492));
#6770 = CARTESIAN_POINT('',(20.296529532656,-24.89434114068));
#6771 = CARTESIAN_POINT('',(20.487300219712,-24.99457114057));
#6772 = CARTESIAN_POINT('',(20.680810842866,-25.08944012502));
#6773 = CARTESIAN_POINT('',(20.876770877672,-25.17911397765));
#6774 = CARTESIAN_POINT('',(21.242103489807,-25.33514420313));
#6775 = CARTESIAN_POINT('',(21.410830362435,-25.40294978129));
#6776 = CARTESIAN_POINT('',(21.580973940489,-25.46725981894));
#6777 = CARTESIAN_POINT('',(21.752400207688,-25.52815743546));
#6778 = CARTESIAN_POINT('',(21.92498889298,-25.58571792434));
#6779 = CARTESIAN_POINT('',(22.098632985339,-25.64000992405));
#6780 = CARTESIAN_POINT('',(22.782319944349,-25.84004541163));
#6781 = CARTESIAN_POINT('',(23.299401036146,-25.96169596225));
#6782 = CARTESIAN_POINT('',(23.822361926682,-26.05769912939));
#6783 = CARTESIAN_POINT('',(24.34940007332,-26.12902098688));
#6784 = CARTESIAN_POINT('',(24.878956972298,-26.17633415531));
#6785 = CARTESIAN_POINT('',(25.409718257018,-26.19999990277));
#6786 = CARTESIAN_POINT('',(26.471511016704,-26.19999990277));
#6787 = CARTESIAN_POINT('',(27.002272301422,-26.17633415531));
#6788 = CARTESIAN_POINT('',(27.531829200404,-26.12902098688));
#6789 = CARTESIAN_POINT('',(28.058867347038,-26.05769912939));
#6790 = CARTESIAN_POINT('',(28.581828237575,-25.96169596225));
#6791 = CARTESIAN_POINT('',(29.098909329372,-25.84004541163));
#6792 = CARTESIAN_POINT('',(29.782596288383,-25.64000992405));
#6793 = CARTESIAN_POINT('',(29.956240380742,-25.58571792434));
#6794 = CARTESIAN_POINT('',(30.128829066033,-25.52815743546));
#6795 = CARTESIAN_POINT('',(30.300255333233,-25.46725981894));
#6796 = CARTESIAN_POINT('',(30.470398911286,-25.40294978129));
#6797 = CARTESIAN_POINT('',(30.639125783915,-25.33514420313));
#6798 = CARTESIAN_POINT('',(31.00445839605,-25.17911397765));
#6799 = CARTESIAN_POINT('',(31.200418430856,-25.08944012503));
#6800 = CARTESIAN_POINT('',(31.393929054009,-24.99457114057));
#6801 = CARTESIAN_POINT('',(31.584699741066,-24.89434114068));
#6802 = CARTESIAN_POINT('',(31.772386177629,-24.78857343492));
#6803 = CARTESIAN_POINT('',(31.956588239019,-24.67707733286));
#6804 = CARTESIAN_POINT('',(32.333646878947,-24.4314375442));
#6805 = CARTESIAN_POINT('',(32.525704813501,-24.29618144767));
#6806 = CARTESIAN_POINT('',(32.712457012591,-24.15358865797));
#6807 = CARTESIAN_POINT('',(32.893165146151,-24.00339380178));
#6808 = CARTESIAN_POINT('',(33.066926034117,-23.84536540022));
#6809 = CARTESIAN_POINT('',(33.232680365459,-23.67931713349));
#6810 = CARTESIAN_POINT('',(33.498037544508,-23.38402932037));
#6811 = CARTESIAN_POINT('',(33.602382101963,-23.25902153477));
#6812 = CARTESIAN_POINT('',(33.701847177726,-23.13006336292));
#6813 = CARTESIAN_POINT('',(33.795961873121,-22.99716351119));
#6814 = CARTESIAN_POINT('',(33.884210833688,-22.86038444851));
#6815 = CARTESIAN_POINT('',(33.966052780215,-22.71985507692));
#6816 = CARTESIAN_POINT('',(34.149236193641,-22.36743373633));
#6817 = CARTESIAN_POINT('',(34.243040139807,-22.15158091091));
#6818 = CARTESIAN_POINT('',(34.320575450966,-21.92902917486));
#6819 = CARTESIAN_POINT('',(34.380188745669,-21.70090179647));
#6820 = CARTESIAN_POINT('',(34.420489688891,-21.46867764194));
#6821 = CARTESIAN_POINT('',(34.44061488125,-21.23424890678));
#6822 = CARTESIAN_POINT('',(34.440614636862,-21.));
#6823 = ( GEOMETRIC_REPRESENTATION_CONTEXT(2) 
PARAMETRIC_REPRESENTATION_CONTEXT() REPRESENTATION_CONTEXT('2D SPACE',''
  ) );
#6824 = PCURVE('',#6825,#6833);
#6825 = SURFACE_OF_LINEAR_EXTRUSION('',#6826,#6831);
#6826 = ELLIPSE('',#6827,8.5,5.2);
#6827 = AXIS2_PLACEMENT_3D('',#6828,#6829,#6830);
#6828 = CARTESIAN_POINT('',(-21.,23.490217721618,77.263592888592));
#6829 = DIRECTION('',(0.,-0.939692620786,0.342020143326));
#6830 = DIRECTION('',(1.110223024625E-16,0.342020143326,0.939692620786)
  );
#6831 = VECTOR('',#6832,1.);
#6832 = DIRECTION('',(0.,0.939692620786,-0.342020143326));
#6833 = DEFINITIONAL_REPRESENTATION('',(#6834),#6993);
#6834 = B_SPLINE_CURVE_WITH_KNOTS('',7,(#6835,#6836,#6837,#6838,#6839,
    #6840,#6841,#6842,#6843,#6844,#6845,#6846,#6847,#6848,#6849,#6850,
    #6851,#6852,#6853,#6854,#6855,#6856,#6857,#6858,#6859,#6860,#6861,
    #6862,#6863,#6864,#6865,#6866,#6867,#6868,#6869,#6870,#6871,#6872,
    #6873,#6874,#6875,#6876,#6877,#6878,#6879,#6880,#6881,#6882,#6883,
    #6884,#6885,#6886,#6887,#6888,#6889,#6890,#6891,#6892,#6893,#6894,
    #6895,#6896,#6897,#6898,#6899,#6900,#6901,#6902,#6903,#6904,#6905,
    #6906,#6907,#6908,#6909,#6910,#6911,#6912,#6913,#6914,#6915,#6916,
    #6917,#6918,#6919,#6920,#6921,#6922,#6923,#6924,#6925,#6926,#6927,
    #6928,#6929,#6930,#6931,#6932,#6933,#6934,#6935,#6936,#6937,#6938,
    #6939,#6940,#6941,#6942,#6943,#6944,#6945,#6946,#6947,#6948,#6949,
    #6950,#6951,#6952,#6953,#6954,#6955,#6956,#6957,#6958,#6959,#6960,
    #6961,#6962,#6963,#6964,#6965,#6966,#6967,#6968,#6969,#6970,#6971,
    #6972,#6973,#6974,#6975,#6976,#6977,#6978,#6979,#6980,#6981,#6982,
    #6983,#6984,#6985,#6986,#6987,#6988,#6989,#6990,#6991,#6992),
  .UNSPECIFIED.,.F.,.F.,(8,6,6,6,6,6,6,6,6,6,6,6,6,6,6,6,6,6,6,6,6,6,6,6
    ,6,6,8),(0.,3.783865788215E-02,6.400370057545E-02,0.101644374153,
    0.136121615,0.165203984297,0.249996925088,0.334789865879,
    0.363872235177,0.398349476024,0.435990149601,0.462155192295,
    0.482564365836,0.500000809499,0.525160983313,0.53784536643,
    0.564010377491,0.601651005562,0.636128204728,0.665210538866,
    0.750003377146,0.834796215426,0.863878549564,0.89835574873,
    0.935996376802,0.962161387863,1.),.UNSPECIFIED.);
#6835 = CARTESIAN_POINT('',(6.28318530718,-0.2));
#6836 = CARTESIAN_POINT('',(6.238137415481,-0.2));
#6837 = CARTESIAN_POINT('',(6.193055091148,-0.2));
#6838 = CARTESIAN_POINT('',(6.148246998551,-0.2));
#6839 = CARTESIAN_POINT('',(6.103927780319,-0.2));
#6840 = CARTESIAN_POINT('',(6.060255834182,-0.2));
#6841 = CARTESIAN_POINT('',(6.017353438595,-0.2));
#6842 = CARTESIAN_POINT('',(5.946236087391,-0.2));
#6843 = CARTESIAN_POINT('',(5.917564245634,-0.2));
#6844 = CARTESIAN_POINT('',(5.889310984408,-0.2));
#6845 = CARTESIAN_POINT('',(5.861484351323,-0.2));
#6846 = CARTESIAN_POINT('',(5.834084316653,-0.2));
#6847 = CARTESIAN_POINT('',(5.807103930942,-0.2));
#6848 = CARTESIAN_POINT('',(5.74230228224,-0.2));
#6849 = CARTESIAN_POINT('',(5.704925287539,-0.2));
#6850 = CARTESIAN_POINT('',(5.668354806705,-0.2));
#6851 = CARTESIAN_POINT('',(5.632546428488,-0.2));
#6852 = CARTESIAN_POINT('',(5.597453596715,-0.2));
#6853 = CARTESIAN_POINT('',(5.563025184811,-0.2));
#6854 = CARTESIAN_POINT('',(5.498223465638,-0.2));
#6855 = CARTESIAN_POINT('',(5.467758493782,-0.2));
#6856 = CARTESIAN_POINT('',(5.437767489894,-0.2));
#6857 = CARTESIAN_POINT('',(5.408214461701,-0.2));
#6858 = CARTESIAN_POINT('',(5.37906640179,-0.2));
#6859 = CARTESIAN_POINT('',(5.350291599897,-0.2));
#6860 = CARTESIAN_POINT('',(5.297873502372,-0.2));
#6861 = CARTESIAN_POINT('',(5.27413301421,-0.2));
#6862 = CARTESIAN_POINT('',(5.250618150399,-0.2));
#6863 = CARTESIAN_POINT('',(5.227312178435,-0.2));
#6864 = CARTESIAN_POINT('',(5.20419953226,-0.2));
#6865 = CARTESIAN_POINT('',(5.181265370915,-0.2));
#6866 = CARTESIAN_POINT('',(5.092105942424,-0.2));
#6867 = CARTESIAN_POINT('',(5.027132672584,-0.2));
#6868 = CARTESIAN_POINT('',(4.963185761909,-0.2));
#6869 = CARTESIAN_POINT('',(4.899988863486,-0.2));
#6870 = CARTESIAN_POINT('',(4.837289808836,-0.2));
#6871 = CARTESIAN_POINT('',(4.774847391738,-0.2));
#6872 = CARTESIAN_POINT('',(4.649930569032,-0.2));
#6873 = CARTESIAN_POINT('',(4.587488151934,-0.2));
#6874 = CARTESIAN_POINT('',(4.524789097283,-0.2));
#6875 = CARTESIAN_POINT('',(4.461592198861,-0.2));
#6876 = CARTESIAN_POINT('',(4.397645288186,-0.2));
#6877 = CARTESIAN_POINT('',(4.332672018346,-0.2));
#6878 = CARTESIAN_POINT('',(4.243512589854,-0.2));
#6879 = CARTESIAN_POINT('',(4.22057842851,-0.2));
#6880 = CARTESIAN_POINT('',(4.197465782335,-0.2));
#6881 = CARTESIAN_POINT('',(4.174159810371,-0.2));
#6882 = CARTESIAN_POINT('',(4.150644946559,-0.2));
#6883 = CARTESIAN_POINT('',(4.126904458398,-0.2));
#6884 = CARTESIAN_POINT('',(4.074486360873,-0.2));
#6885 = CARTESIAN_POINT('',(4.045711558979,-0.2));
#6886 = CARTESIAN_POINT('',(4.016563499069,-0.2));
#6887 = CARTESIAN_POINT('',(3.987010470875,-0.2));
#6888 = CARTESIAN_POINT('',(3.957019466988,-0.2));
#6889 = CARTESIAN_POINT('',(3.926554495132,-0.2));
#6890 = CARTESIAN_POINT('',(3.861752775958,-0.2));
#6891 = CARTESIAN_POINT('',(3.827324364054,-0.2));
#6892 = CARTESIAN_POINT('',(3.792231532282,-0.2));
#6893 = CARTESIAN_POINT('',(3.756423154065,-0.2));
#6894 = CARTESIAN_POINT('',(3.71985267323,-0.2));
#6895 = CARTESIAN_POINT('',(3.68247567853,-0.2));
#6896 = CARTESIAN_POINT('',(3.617674029828,-0.2));
#6897 = CARTESIAN_POINT('',(3.590693644117,-0.2));
#6898 = CARTESIAN_POINT('',(3.563293609447,-0.2));
#6899 = CARTESIAN_POINT('',(3.535466976362,-0.2));
#6900 = CARTESIAN_POINT('',(3.507213715135,-0.2));
#6901 = CARTESIAN_POINT('',(3.478541873378,-0.2));
#6902 = CARTESIAN_POINT('',(3.426791195477,-0.2));
#6903 = CARTESIAN_POINT('',(3.40386978999,-0.2));
#6904 = CARTESIAN_POINT('',(3.380714618362,-0.2));
#6905 = CARTESIAN_POINT('',(3.35733945067,-0.2));
#6906 = CARTESIAN_POINT('',(3.33376264066,-0.2));
#6907 = CARTESIAN_POINT('',(3.310008040521,-0.2));
#6908 = CARTESIAN_POINT('',(3.26568529192,-0.2));
#6909 = CARTESIAN_POINT('',(3.245155577203,-0.2));
#6910 = CARTESIAN_POINT('',(3.224536358641,-0.2));
#6911 = CARTESIAN_POINT('',(3.203848007108,-0.2));
#6912 = CARTESIAN_POINT('',(3.183112107409,-0.2));
#6913 = CARTESIAN_POINT('',(3.16235188848,-0.2));
#6914 = CARTESIAN_POINT('',(3.111637809117,-0.2));
#6915 = CARTESIAN_POINT('',(3.081677472137,-0.2));
#6916 = CARTESIAN_POINT('',(3.051792392634,-0.2));
#6917 = CARTESIAN_POINT('',(3.022051070867,-0.2));
#6918 = CARTESIAN_POINT('',(2.992512454023,-0.2));
#6919 = CARTESIAN_POINT('',(2.96322863288,-0.2));
#6920 = CARTESIAN_POINT('',(2.919636856207,-0.2));
#6921 = CARTESIAN_POINT('',(2.905101862913,-0.2));
#6922 = CARTESIAN_POINT('',(2.890647775184,-0.2));
#6923 = CARTESIAN_POINT('',(2.876278955245,-0.2));
#6924 = CARTESIAN_POINT('',(2.861998990217,-0.2));
#6925 = CARTESIAN_POINT('',(2.847810771396,-0.2));
#6926 = CARTESIAN_POINT('',(2.804643433802,-0.2));
#6927 = CARTESIAN_POINT('',(2.775971592045,-0.2));
#6928 = CARTESIAN_POINT('',(2.747718330818,-0.2));
#6929 = CARTESIAN_POINT('',(2.719891697733,-0.2));
#6930 = CARTESIAN_POINT('',(2.692491663063,-0.2));
#6931 = CARTESIAN_POINT('',(2.665511277352,-0.2));
#6932 = CARTESIAN_POINT('',(2.60070962865,-0.2));
#6933 = CARTESIAN_POINT('',(2.563332633949,-0.2));
#6934 = CARTESIAN_POINT('',(2.526762153115,-0.2));
#6935 = CARTESIAN_POINT('',(2.490953774898,-0.2));
#6936 = CARTESIAN_POINT('',(2.455860943126,-0.2));
#6937 = CARTESIAN_POINT('',(2.421432531221,-0.2));
#6938 = CARTESIAN_POINT('',(2.356630812048,-0.2));
#6939 = CARTESIAN_POINT('',(2.326165840192,-0.2));
#6940 = CARTESIAN_POINT('',(2.296174836304,-0.2));
#6941 = CARTESIAN_POINT('',(2.266621808111,-0.2));
#6942 = CARTESIAN_POINT('',(2.2374737482,-0.2));
#6943 = CARTESIAN_POINT('',(2.208698946307,-0.2));
#6944 = CARTESIAN_POINT('',(2.156280848782,-0.2));
#6945 = CARTESIAN_POINT('',(2.13254036062,-0.2));
#6946 = CARTESIAN_POINT('',(2.109025496809,-0.2));
#6947 = CARTESIAN_POINT('',(2.085719524845,-0.2));
#6948 = CARTESIAN_POINT('',(2.06260687867,-0.2));
#6949 = CARTESIAN_POINT('',(2.039672717326,-0.2));
#6950 = CARTESIAN_POINT('',(1.950513288834,-0.2));
#6951 = CARTESIAN_POINT('',(1.885540018993,-0.2));
#6952 = CARTESIAN_POINT('',(1.821593108321,-0.2));
#6953 = CARTESIAN_POINT('',(1.758396209895,-0.2));
#6954 = CARTESIAN_POINT('',(1.695697155247,-0.2));
#6955 = CARTESIAN_POINT('',(1.633254738148,-0.2));
#6956 = CARTESIAN_POINT('',(1.508337915442,-0.2));
#6957 = CARTESIAN_POINT('',(1.445895498343,-0.2));
#6958 = CARTESIAN_POINT('',(1.383196443695,-0.2));
#6959 = CARTESIAN_POINT('',(1.319999545269,-0.2));
#6960 = CARTESIAN_POINT('',(1.256052634597,-0.2));
#6961 = CARTESIAN_POINT('',(1.191079364756,-0.2));
#6962 = CARTESIAN_POINT('',(1.101919936264,-0.2));
#6963 = CARTESIAN_POINT('',(1.07898577492,-0.2));
#6964 = CARTESIAN_POINT('',(1.055873128745,-0.2));
#6965 = CARTESIAN_POINT('',(1.032567156781,-0.2));
#6966 = CARTESIAN_POINT('',(1.00905229297,-0.2));
#6967 = CARTESIAN_POINT('',(0.985311804808,-0.2));
#6968 = CARTESIAN_POINT('',(0.932893707283,-0.2));
#6969 = CARTESIAN_POINT('',(0.90411890539,-0.2));
#6970 = CARTESIAN_POINT('',(0.874970845479,-0.2));
#6971 = CARTESIAN_POINT('',(0.845417817286,-0.2));
#6972 = CARTESIAN_POINT('',(0.815426813398,-0.2));
#6973 = CARTESIAN_POINT('',(0.784961841542,-0.2));
#6974 = CARTESIAN_POINT('',(0.720160122369,-0.2));
#6975 = CARTESIAN_POINT('',(0.685731710464,-0.2));
#6976 = CARTESIAN_POINT('',(0.650638878692,-0.2));
#6977 = CARTESIAN_POINT('',(0.614830500475,-0.2));
#6978 = CARTESIAN_POINT('',(0.578260019641,-0.2));
#6979 = CARTESIAN_POINT('',(0.54088302494,-0.2));
#6980 = CARTESIAN_POINT('',(0.476081376238,-0.2));
#6981 = CARTESIAN_POINT('',(0.449100990527,-0.2));
#6982 = CARTESIAN_POINT('',(0.421700955857,-0.2));
#6983 = CARTESIAN_POINT('',(0.393874322772,-0.2));
#6984 = CARTESIAN_POINT('',(0.365621061545,-0.2));
#6985 = CARTESIAN_POINT('',(0.336949219788,-0.2));
#6986 = CARTESIAN_POINT('',(0.265831868584,-0.2));
#6987 = CARTESIAN_POINT('',(0.222929472998,-0.2));
#6988 = CARTESIAN_POINT('',(0.179257526861,-0.2));
#6989 = CARTESIAN_POINT('',(0.134938308628,-0.2));
#6990 = CARTESIAN_POINT('',(9.013021603221E-02,-0.2));
#6991 = CARTESIAN_POINT('',(4.504789169877E-02,-0.2));
#6992 = CARTESIAN_POINT('',(0.,-0.2));
#6993 = ( GEOMETRIC_REPRESENTATION_CONTEXT(2) 
PARAMETRIC_REPRESENTATION_CONTEXT() REPRESENTATION_CONTEXT('2D SPACE',''
  ) );
#6994 = FACE_BOUND('',#6995,.T.);
#6995 = EDGE_LOOP('',(#6996));
#6996 = ORIENTED_EDGE('',*,*,#6997,.T.);
#6997 = EDGE_CURVE('',#6998,#6998,#7000,.T.);
#6998 = VERTEX_POINT('',#6999);
#6999 = CARTESIAN_POINT('',(-28.,27.748541060694,89.548000987474));
#7000 = SURFACE_CURVE('',#7001,(#7006,#7017),.PCURVE_S1.);
#7001 = CIRCLE('',#7002,2.);
#7002 = AXIS2_PLACEMENT_3D('',#7003,#7004,#7005);
#7003 = CARTESIAN_POINT('',(-30.,27.748541060694,89.548000987474));
#7004 = DIRECTION('',(0.,-0.939692620786,0.342020143326));
#7005 = DIRECTION('',(1.,0.,0.));
#7006 = PCURVE('',#5275,#7007);
#7007 = DEFINITIONAL_REPRESENTATION('',(#7008),#7016);
#7008 = ( BOUNDED_CURVE() B_SPLINE_CURVE(2,(#7009,#7010,#7011,#7012,
#7013,#7014,#7015),.UNSPECIFIED.,.T.,.F.) B_SPLINE_CURVE_WITH_KNOTS((1,2
    ,2,2,2,1),(-2.094395102393,0.,2.094395102393,4.188790204786,
6.28318530718,8.377580409573),.UNSPECIFIED.) CURVE() 
GEOMETRIC_REPRESENTATION_ITEM() RATIONAL_B_SPLINE_CURVE((1.,0.5,1.,0.5,
1.,0.5,1.)) REPRESENTATION_ITEM('') );
#7009 = CARTESIAN_POINT('',(38.940614636862,-28.));
#7010 = CARTESIAN_POINT('',(42.404716251999,-28.));
#7011 = CARTESIAN_POINT('',(40.672665444431,-31.));
#7012 = CARTESIAN_POINT('',(38.940614636862,-34.));
#7013 = CARTESIAN_POINT('',(37.208563829293,-31.));
#7014 = CARTESIAN_POINT('',(35.476513021724,-28.));
#7015 = CARTESIAN_POINT('',(38.940614636862,-28.));
#7016 = ( GEOMETRIC_REPRESENTATION_CONTEXT(2) 
PARAMETRIC_REPRESENTATION_CONTEXT() REPRESENTATION_CONTEXT('2D SPACE',''
  ) );
#7017 = PCURVE('',#7018,#7023);
#7018 = CYLINDRICAL_SURFACE('',#7019,2.);
#7019 = AXIS2_PLACEMENT_3D('',#7020,#7021,#7022);
#7020 = CARTESIAN_POINT('',(-30.,27.748541060694,89.548000987474));
#7021 = DIRECTION('',(0.,-0.939692620786,0.342020143326));
#7022 = DIRECTION('',(1.,0.,0.));
#7023 = DEFINITIONAL_REPRESENTATION('',(#7024),#7028);
#7024 = LINE('',#7025,#7026);
#7025 = CARTESIAN_POINT('',(0.,0.));
#7026 = VECTOR('',#7027,1.);
#7027 = DIRECTION('',(1.,0.));
#7028 = ( GEOMETRIC_REPRESENTATION_CONTEXT(2) 
PARAMETRIC_REPRESENTATION_CONTEXT() REPRESENTATION_CONTEXT('2D SPACE',''
  ) );
#7029 = FACE_BOUND('',#7030,.T.);
#7030 = EDGE_LOOP('',(#7031,#7066,#7094,#7127,#7155,#7178,#7211,#7239,
    #7272,#7300));
#7031 = ORIENTED_EDGE('',*,*,#7032,.T.);
#7032 = EDGE_CURVE('',#7033,#7035,#7037,.T.);
#7033 = VERTEX_POINT('',#7034);
#7034 = CARTESIAN_POINT('',(-40.,0.728949737966,15.312283945387));
#7035 = VERTEX_POINT('',#7036);
#7036 = CARTESIAN_POINT('',(-32.,-2.007211408639,7.7947429791));
#7037 = SURFACE_CURVE('',#7038,(#7043,#7054),.PCURVE_S1.);
#7038 = CIRCLE('',#7039,8.);
#7039 = AXIS2_PLACEMENT_3D('',#7040,#7041,#7042);
#7040 = CARTESIAN_POINT('',(-32.,0.728949737966,15.312283945387));
#7041 = DIRECTION('',(0.,-0.939692620786,0.342020143326));
#7042 = DIRECTION('',(0.,-0.342020143326,-0.939692620786));
#7043 = PCURVE('',#5275,#7044);
#7044 = DEFINITIONAL_REPRESENTATION('',(#7045),#7053);
#7045 = ( BOUNDED_CURVE() B_SPLINE_CURVE(2,(#7046,#7047,#7048,#7049,
#7050,#7051,#7052),.UNSPECIFIED.,.T.,.F.) B_SPLINE_CURVE_WITH_KNOTS((1,2
    ,2,2,2,1),(-2.094395102393,0.,2.094395102393,4.188790204786,
6.28318530718,8.377580409573),.UNSPECIFIED.) CURVE() 
GEOMETRIC_REPRESENTATION_ITEM() RATIONAL_B_SPLINE_CURVE((1.,0.5,1.,0.5,
1.,0.5,1.)) REPRESENTATION_ITEM('') );
#7046 = CARTESIAN_POINT('',(-48.05938536313,-32.));
#7047 = CARTESIAN_POINT('',(-48.05938536313,-18.14359353944));
#7048 = CARTESIAN_POINT('',(-36.05938536313,-25.07179676972));
#7049 = CARTESIAN_POINT('',(-24.05938536313,-32.));
#7050 = CARTESIAN_POINT('',(-36.05938536313,-38.92820323027));
#7051 = CARTESIAN_POINT('',(-48.05938536313,-45.85640646055));
#7052 = CARTESIAN_POINT('',(-48.05938536313,-32.));
#7053 = ( GEOMETRIC_REPRESENTATION_CONTEXT(2) 
PARAMETRIC_REPRESENTATION_CONTEXT() REPRESENTATION_CONTEXT('2D SPACE',''
  ) );
#7054 = PCURVE('',#7055,#7060);
#7055 = CYLINDRICAL_SURFACE('',#7056,8.);
#7056 = AXIS2_PLACEMENT_3D('',#7057,#7058,#7059);
#7057 = CARTESIAN_POINT('',(-32.,0.916888262123,15.243879916722));
#7058 = DIRECTION('',(0.,-0.939692620786,0.342020143326));
#7059 = DIRECTION('',(0.,-0.342020143326,-0.939692620786));
#7060 = DEFINITIONAL_REPRESENTATION('',(#7061),#7065);
#7061 = LINE('',#7062,#7063);
#7062 = CARTESIAN_POINT('',(-6.28318530718,0.2));
#7063 = VECTOR('',#7064,1.);
#7064 = DIRECTION('',(1.,-0.));
#7065 = ( GEOMETRIC_REPRESENTATION_CONTEXT(2) 
PARAMETRIC_REPRESENTATION_CONTEXT() REPRESENTATION_CONTEXT('2D SPACE',''
  ) );
#7066 = ORIENTED_EDGE('',*,*,#7067,.T.);
#7067 = EDGE_CURVE('',#7035,#7068,#7070,.T.);
#7068 = VERTEX_POINT('',#7069);
#7069 = CARTESIAN_POINT('',(32.,-2.007211408639,7.7947429791));
#7070 = SURFACE_CURVE('',#7071,(#7075,#7082),.PCURVE_S1.);
#7071 = LINE('',#7072,#7073);
#7072 = CARTESIAN_POINT('',(-20.,-2.007211408639,7.7947429791));
#7073 = VECTOR('',#7074,1.);
#7074 = DIRECTION('',(1.,0.,0.));
#7075 = PCURVE('',#5275,#7076);
#7076 = DEFINITIONAL_REPRESENTATION('',(#7077),#7081);
#7077 = LINE('',#7078,#7079);
#7078 = CARTESIAN_POINT('',(-48.05938536313,-20.));
#7079 = VECTOR('',#7080,1.);
#7080 = DIRECTION('',(0.,1.));
#7081 = ( GEOMETRIC_REPRESENTATION_CONTEXT(2) 
PARAMETRIC_REPRESENTATION_CONTEXT() REPRESENTATION_CONTEXT('2D SPACE',''
  ) );
#7082 = PCURVE('',#7083,#7088);
#7083 = PLANE('',#7084);
#7084 = AXIS2_PLACEMENT_3D('',#7085,#7086,#7087);
#7085 = CARTESIAN_POINT('',(-40.,-1.819272884482,7.726338950435));
#7086 = DIRECTION('',(0.,0.342020143326,0.939692620786));
#7087 = DIRECTION('',(1.,0.,0.));
#7088 = DEFINITIONAL_REPRESENTATION('',(#7089),#7093);
#7089 = LINE('',#7090,#7091);
#7090 = CARTESIAN_POINT('',(20.,-0.2));
#7091 = VECTOR('',#7092,1.);
#7092 = DIRECTION('',(1.,0.));
#7093 = ( GEOMETRIC_REPRESENTATION_CONTEXT(2) 
PARAMETRIC_REPRESENTATION_CONTEXT() REPRESENTATION_CONTEXT('2D SPACE',''
  ) );
#7094 = ORIENTED_EDGE('',*,*,#7095,.T.);
#7095 = EDGE_CURVE('',#7068,#7096,#7098,.T.);
#7096 = VERTEX_POINT('',#7097);
#7097 = CARTESIAN_POINT('',(40.,0.728949737966,15.312283945387));
#7098 = SURFACE_CURVE('',#7099,(#7104,#7115),.PCURVE_S1.);
#7099 = CIRCLE('',#7100,8.);
#7100 = AXIS2_PLACEMENT_3D('',#7101,#7102,#7103);
#7101 = CARTESIAN_POINT('',(32.,0.728949737966,15.312283945387));
#7102 = DIRECTION('',(0.,-0.939692620786,0.342020143326));
#7103 = DIRECTION('',(0.,-0.342020143326,-0.939692620786));
#7104 = PCURVE('',#5275,#7105);
#7105 = DEFINITIONAL_REPRESENTATION('',(#7106),#7114);
#7106 = ( BOUNDED_CURVE() B_SPLINE_CURVE(2,(#7107,#7108,#7109,#7110,
#7111,#7112,#7113),.UNSPECIFIED.,.T.,.F.) B_SPLINE_CURVE_WITH_KNOTS((1,2
    ,2,2,2,1),(-2.094395102393,0.,2.094395102393,4.188790204786,
6.28318530718,8.377580409573),.UNSPECIFIED.) CURVE() 
GEOMETRIC_REPRESENTATION_ITEM() RATIONAL_B_SPLINE_CURVE((1.,0.5,1.,0.5,
1.,0.5,1.)) REPRESENTATION_ITEM('') );
#7107 = CARTESIAN_POINT('',(-48.05938536313,32.));
#7108 = CARTESIAN_POINT('',(-48.05938536313,45.856406460551));
#7109 = CARTESIAN_POINT('',(-36.05938536313,38.928203230276));
#7110 = CARTESIAN_POINT('',(-24.05938536313,32.));
#7111 = CARTESIAN_POINT('',(-36.05938536313,25.071796769724));
#7112 = CARTESIAN_POINT('',(-48.05938536313,18.143593539449));
#7113 = CARTESIAN_POINT('',(-48.05938536313,32.));
#7114 = ( GEOMETRIC_REPRESENTATION_CONTEXT(2) 
PARAMETRIC_REPRESENTATION_CONTEXT() REPRESENTATION_CONTEXT('2D SPACE',''
  ) );
#7115 = PCURVE('',#7116,#7121);
#7116 = CYLINDRICAL_SURFACE('',#7117,8.);
#7117 = AXIS2_PLACEMENT_3D('',#7118,#7119,#7120);
#7118 = CARTESIAN_POINT('',(32.,0.916888262123,15.243879916722));
#7119 = DIRECTION('',(0.,-0.939692620786,0.342020143326));
#7120 = DIRECTION('',(0.,-0.342020143326,-0.939692620786));
#7121 = DEFINITIONAL_REPRESENTATION('',(#7122),#7126);
#7122 = LINE('',#7123,#7124);
#7123 = CARTESIAN_POINT('',(0.,0.2));
#7124 = VECTOR('',#7125,1.);
#7125 = DIRECTION('',(1.,0.));
#7126 = ( GEOMETRIC_REPRESENTATION_CONTEXT(2) 
PARAMETRIC_REPRESENTATION_CONTEXT() REPRESENTATION_CONTEXT('2D SPACE',''
  ) );
#7127 = ORIENTED_EDGE('',*,*,#7128,.T.);
#7128 = EDGE_CURVE('',#7096,#7129,#7131,.T.);
#7129 = VERTEX_POINT('',#7130);
#7130 = CARTESIAN_POINT('',(40.,10.647533894411,42.563369948179));
#7131 = SURFACE_CURVE('',#7132,(#7136,#7143),.PCURVE_S1.);
#7132 = LINE('',#7133,#7134);
#7133 = CARTESIAN_POINT('',(40.,6.211427526383,30.375267871724));
#7134 = VECTOR('',#7135,1.);
#7135 = DIRECTION('',(0.,0.342020143326,0.939692620786));
#7136 = PCURVE('',#5275,#7137);
#7137 = DEFINITIONAL_REPRESENTATION('',(#7138),#7142);
#7138 = LINE('',#7139,#7140);
#7139 = CARTESIAN_POINT('',(-24.02969268156,40.));
#7140 = VECTOR('',#7141,1.);
#7141 = DIRECTION('',(1.,0.));
#7142 = ( GEOMETRIC_REPRESENTATION_CONTEXT(2) 
PARAMETRIC_REPRESENTATION_CONTEXT() REPRESENTATION_CONTEXT('2D SPACE',''
  ) );
#7143 = PCURVE('',#7144,#7149);
#7144 = PLANE('',#7145);
#7145 = AXIS2_PLACEMENT_3D('',#7146,#7147,#7148);
#7146 = CARTESIAN_POINT('',(40.,-1.819272884482,7.726338950435));
#7147 = DIRECTION('',(-1.,0.,0.));
#7148 = DIRECTION('',(0.,0.342020143326,0.939692620786));
#7149 = DEFINITIONAL_REPRESENTATION('',(#7150),#7154);
#7150 = LINE('',#7151,#7152);
#7151 = CARTESIAN_POINT('',(24.029692681569,-0.2));
#7152 = VECTOR('',#7153,1.);
#7153 = DIRECTION('',(1.,0.));
#7154 = ( GEOMETRIC_REPRESENTATION_CONTEXT(2) 
PARAMETRIC_REPRESENTATION_CONTEXT() REPRESENTATION_CONTEXT('2D SPACE',''
  ) );
#7155 = ORIENTED_EDGE('',*,*,#7156,.T.);
#7156 = EDGE_CURVE('',#7129,#7157,#7159,.T.);
#7157 = VERTEX_POINT('',#7158);
#7158 = CARTESIAN_POINT('',(40.,11.673594324388,45.382447810536));
#7159 = SURFACE_CURVE('',#7160,(#7164,#7171),.PCURVE_S1.);
#7160 = LINE('',#7161,#7162);
#7161 = CARTESIAN_POINT('',(40.,6.211427526383,30.375267871724));
#7162 = VECTOR('',#7163,1.);
#7163 = DIRECTION('',(0.,0.342020143326,0.939692620786));
#7164 = PCURVE('',#5275,#7165);
#7165 = DEFINITIONAL_REPRESENTATION('',(#7166),#7170);
#7166 = LINE('',#7167,#7168);
#7167 = CARTESIAN_POINT('',(-24.02969268156,40.));
#7168 = VECTOR('',#7169,1.);
#7169 = DIRECTION('',(1.,0.));
#7170 = ( GEOMETRIC_REPRESENTATION_CONTEXT(2) 
PARAMETRIC_REPRESENTATION_CONTEXT() REPRESENTATION_CONTEXT('2D SPACE',''
  ) );
#7171 = PCURVE('',#7144,#7172);
#7172 = DEFINITIONAL_REPRESENTATION('',(#7173),#7177);
#7173 = LINE('',#7174,#7175);
#7174 = CARTESIAN_POINT('',(24.029692681569,-0.2));
#7175 = VECTOR('',#7176,1.);
#7176 = DIRECTION('',(1.,0.));
#7177 = ( GEOMETRIC_REPRESENTATION_CONTEXT(2) 
PARAMETRIC_REPRESENTATION_CONTEXT() REPRESENTATION_CONTEXT('2D SPACE',''
  ) );
#7178 = ORIENTED_EDGE('',*,*,#7179,.T.);
#7179 = EDGE_CURVE('',#7157,#7180,#7182,.T.);
#7180 = VERTEX_POINT('',#7181);
#7181 = CARTESIAN_POINT('',(32.,14.409755470993,52.899988776824));
#7182 = SURFACE_CURVE('',#7183,(#7188,#7199),.PCURVE_S1.);
#7183 = CIRCLE('',#7184,8.);
#7184 = AXIS2_PLACEMENT_3D('',#7185,#7186,#7187);
#7185 = CARTESIAN_POINT('',(32.,11.673594324388,45.382447810536));
#7186 = DIRECTION('',(0.,-0.939692620786,0.342020143326));
#7187 = DIRECTION('',(1.,0.,0.));
#7188 = PCURVE('',#5275,#7189);
#7189 = DEFINITIONAL_REPRESENTATION('',(#7190),#7198);
#7190 = ( BOUNDED_CURVE() B_SPLINE_CURVE(2,(#7191,#7192,#7193,#7194,
#7195,#7196,#7197),.UNSPECIFIED.,.T.,.F.) B_SPLINE_CURVE_WITH_KNOTS((1,2
    ,2,2,2,1),(-2.094395102393,0.,2.094395102393,4.188790204786,
6.28318530718,8.377580409573),.UNSPECIFIED.) CURVE() 
GEOMETRIC_REPRESENTATION_ITEM() RATIONAL_B_SPLINE_CURVE((1.,0.5,1.,0.5,
1.,0.5,1.)) REPRESENTATION_ITEM('') );
#7191 = CARTESIAN_POINT('',(-8.059385363138,40.));
#7192 = CARTESIAN_POINT('',(5.797021097413,40.));
#7193 = CARTESIAN_POINT('',(-1.131182132863,28.));
#7194 = CARTESIAN_POINT('',(-8.059385363138,16.));
#7195 = CARTESIAN_POINT('',(-14.98758859341,28.));
#7196 = CARTESIAN_POINT('',(-21.91579182368,40.));
#7197 = CARTESIAN_POINT('',(-8.059385363138,40.));
#7198 = ( GEOMETRIC_REPRESENTATION_CONTEXT(2) 
PARAMETRIC_REPRESENTATION_CONTEXT() REPRESENTATION_CONTEXT('2D SPACE',''
  ) );
#7199 = PCURVE('',#7200,#7205);
#7200 = CYLINDRICAL_SURFACE('',#7201,8.);
#7201 = AXIS2_PLACEMENT_3D('',#7202,#7203,#7204);
#7202 = CARTESIAN_POINT('',(32.,11.861532848545,45.314043781871));
#7203 = DIRECTION('',(0.,-0.939692620786,0.342020143326));
#7204 = DIRECTION('',(1.,0.,0.));
#7205 = DEFINITIONAL_REPRESENTATION('',(#7206),#7210);
#7206 = LINE('',#7207,#7208);
#7207 = CARTESIAN_POINT('',(0.,0.2));
#7208 = VECTOR('',#7209,1.);
#7209 = DIRECTION('',(1.,0.));
#7210 = ( GEOMETRIC_REPRESENTATION_CONTEXT(2) 
PARAMETRIC_REPRESENTATION_CONTEXT() REPRESENTATION_CONTEXT('2D SPACE',''
  ) );
#7211 = ORIENTED_EDGE('',*,*,#7212,.T.);
#7212 = EDGE_CURVE('',#7180,#7213,#7215,.T.);
#7213 = VERTEX_POINT('',#7214);
#7214 = CARTESIAN_POINT('',(-32.,14.409755470993,52.899988776824));
#7215 = SURFACE_CURVE('',#7216,(#7220,#7227),.PCURVE_S1.);
#7216 = LINE('',#7217,#7218);
#7217 = CARTESIAN_POINT('',(20.,14.409755470993,52.899988776824));
#7218 = VECTOR('',#7219,1.);
#7219 = DIRECTION('',(-1.,0.,0.));
#7220 = PCURVE('',#5275,#7221);
#7221 = DEFINITIONAL_REPRESENTATION('',(#7222),#7226);
#7222 = LINE('',#7223,#7224);
#7223 = CARTESIAN_POINT('',(-5.938536313832E-02,20.));
#7224 = VECTOR('',#7225,1.);
#7225 = DIRECTION('',(0.,-1.));
#7226 = ( GEOMETRIC_REPRESENTATION_CONTEXT(2) 
PARAMETRIC_REPRESENTATION_CONTEXT() REPRESENTATION_CONTEXT('2D SPACE',''
  ) );
#7227 = PCURVE('',#7228,#7233);
#7228 = PLANE('',#7229);
#7229 = AXIS2_PLACEMENT_3D('',#7230,#7231,#7232);
#7230 = CARTESIAN_POINT('',(40.,14.59769399515,52.831584748159));
#7231 = DIRECTION('',(-0.,-0.342020143326,-0.939692620786));
#7232 = DIRECTION('',(-1.,0.,0.));
#7233 = DEFINITIONAL_REPRESENTATION('',(#7234),#7238);
#7234 = LINE('',#7235,#7236);
#7235 = CARTESIAN_POINT('',(20.,-0.2));
#7236 = VECTOR('',#7237,1.);
#7237 = DIRECTION('',(1.,0.));
#7238 = ( GEOMETRIC_REPRESENTATION_CONTEXT(2) 
PARAMETRIC_REPRESENTATION_CONTEXT() REPRESENTATION_CONTEXT('2D SPACE',''
  ) );
#7239 = ORIENTED_EDGE('',*,*,#7240,.T.);
#7240 = EDGE_CURVE('',#7213,#7241,#7243,.T.);
#7241 = VERTEX_POINT('',#7242);
#7242 = CARTESIAN_POINT('',(-40.,11.673594324388,45.382447810536));
#7243 = SURFACE_CURVE('',#7244,(#7249,#7260),.PCURVE_S1.);
#7244 = CIRCLE('',#7245,8.);
#7245 = AXIS2_PLACEMENT_3D('',#7246,#7247,#7248);
#7246 = CARTESIAN_POINT('',(-32.,11.673594324388,45.382447810536));
#7247 = DIRECTION('',(0.,-0.939692620786,0.342020143326));
#7248 = DIRECTION('',(0.,0.342020143326,0.939692620786));
#7249 = PCURVE('',#5275,#7250);
#7250 = DEFINITIONAL_REPRESENTATION('',(#7251),#7259);
#7251 = ( BOUNDED_CURVE() B_SPLINE_CURVE(2,(#7252,#7253,#7254,#7255,
#7256,#7257,#7258),.UNSPECIFIED.,.T.,.F.) B_SPLINE_CURVE_WITH_KNOTS((1,2
    ,2,2,2,1),(-2.094395102393,0.,2.094395102393,4.188790204786,
6.28318530718,8.377580409573),.UNSPECIFIED.) CURVE() 
GEOMETRIC_REPRESENTATION_ITEM() RATIONAL_B_SPLINE_CURVE((1.,0.5,1.,0.5,
1.,0.5,1.)) REPRESENTATION_ITEM('') );
#7252 = CARTESIAN_POINT('',(-5.938536313832E-02,-32.));
#7253 = CARTESIAN_POINT('',(-5.938536313832E-02,-45.85640646055));
#7254 = CARTESIAN_POINT('',(-12.05938536313,-38.92820323027));
#7255 = CARTESIAN_POINT('',(-24.05938536313,-32.));
#7256 = CARTESIAN_POINT('',(-12.05938536313,-25.07179676972));
#7257 = CARTESIAN_POINT('',(-5.938536313833E-02,-18.14359353944));
#7258 = CARTESIAN_POINT('',(-5.938536313832E-02,-32.));
#7259 = ( GEOMETRIC_REPRESENTATION_CONTEXT(2) 
PARAMETRIC_REPRESENTATION_CONTEXT() REPRESENTATION_CONTEXT('2D SPACE',''
  ) );
#7260 = PCURVE('',#7261,#7266);
#7261 = CYLINDRICAL_SURFACE('',#7262,8.);
#7262 = AXIS2_PLACEMENT_3D('',#7263,#7264,#7265);
#7263 = CARTESIAN_POINT('',(-32.,11.861532848545,45.314043781871));
#7264 = DIRECTION('',(0.,-0.939692620786,0.342020143326));
#7265 = DIRECTION('',(0.,0.342020143326,0.939692620786));
#7266 = DEFINITIONAL_REPRESENTATION('',(#7267),#7271);
#7267 = LINE('',#7268,#7269);
#7268 = CARTESIAN_POINT('',(0.,0.2));
#7269 = VECTOR('',#7270,1.);
#7270 = DIRECTION('',(1.,0.));
#7271 = ( GEOMETRIC_REPRESENTATION_CONTEXT(2) 
PARAMETRIC_REPRESENTATION_CONTEXT() REPRESENTATION_CONTEXT('2D SPACE',''
  ) );
#7272 = ORIENTED_EDGE('',*,*,#7273,.T.);
#7273 = EDGE_CURVE('',#7241,#7274,#7276,.T.);
#7274 = VERTEX_POINT('',#7275);
#7275 = CARTESIAN_POINT('',(-40.,10.647533894411,42.563369948179));
#7276 = SURFACE_CURVE('',#7277,(#7281,#7288),.PCURVE_S1.);
#7277 = LINE('',#7278,#7279);
#7278 = CARTESIAN_POINT('',(-40.,14.419910966199,52.927890770586));
#7279 = VECTOR('',#7280,1.);
#7280 = DIRECTION('',(0.,-0.342020143326,-0.939692620786));
#7281 = PCURVE('',#5275,#7282);
#7282 = DEFINITIONAL_REPRESENTATION('',(#7283),#7287);
#7283 = LINE('',#7284,#7285);
#7284 = CARTESIAN_POINT('',(-2.969268156916E-02,-40.));
#7285 = VECTOR('',#7286,1.);
#7286 = DIRECTION('',(-1.,0.));
#7287 = ( GEOMETRIC_REPRESENTATION_CONTEXT(2) 
PARAMETRIC_REPRESENTATION_CONTEXT() REPRESENTATION_CONTEXT('2D SPACE',''
  ) );
#7288 = PCURVE('',#7289,#7294);
#7289 = PLANE('',#7290);
#7290 = AXIS2_PLACEMENT_3D('',#7291,#7292,#7293);
#7291 = CARTESIAN_POINT('',(-40.,14.59769399515,52.831584748159));
#7292 = DIRECTION('',(1.,0.,0.));
#7293 = DIRECTION('',(0.,-0.342020143326,-0.939692620786));
#7294 = DEFINITIONAL_REPRESENTATION('',(#7295),#7299);
#7295 = LINE('',#7296,#7297);
#7296 = CARTESIAN_POINT('',(-2.969268156916E-02,-0.2));
#7297 = VECTOR('',#7298,1.);
#7298 = DIRECTION('',(1.,0.));
#7299 = ( GEOMETRIC_REPRESENTATION_CONTEXT(2) 
PARAMETRIC_REPRESENTATION_CONTEXT() REPRESENTATION_CONTEXT('2D SPACE',''
  ) );
#7300 = ORIENTED_EDGE('',*,*,#7301,.T.);
#7301 = EDGE_CURVE('',#7274,#7033,#7302,.T.);
#7302 = SURFACE_CURVE('',#7303,(#7307,#7314),.PCURVE_S1.);
#7303 = LINE('',#7304,#7305);
#7304 = CARTESIAN_POINT('',(-40.,14.419910966199,52.927890770586));
#7305 = VECTOR('',#7306,1.);
#7306 = DIRECTION('',(0.,-0.342020143326,-0.939692620786));
#7307 = PCURVE('',#5275,#7308);
#7308 = DEFINITIONAL_REPRESENTATION('',(#7309),#7313);
#7309 = LINE('',#7310,#7311);
#7310 = CARTESIAN_POINT('',(-2.969268156916E-02,-40.));
#7311 = VECTOR('',#7312,1.);
#7312 = DIRECTION('',(-1.,0.));
#7313 = ( GEOMETRIC_REPRESENTATION_CONTEXT(2) 
PARAMETRIC_REPRESENTATION_CONTEXT() REPRESENTATION_CONTEXT('2D SPACE',''
  ) );
#7314 = PCURVE('',#7289,#7315);
#7315 = DEFINITIONAL_REPRESENTATION('',(#7316),#7320);
#7316 = LINE('',#7317,#7318);
#7317 = CARTESIAN_POINT('',(-2.969268156916E-02,-0.2));
#7318 = VECTOR('',#7319,1.);
#7319 = DIRECTION('',(1.,0.));
#7320 = ( GEOMETRIC_REPRESENTATION_CONTEXT(2) 
PARAMETRIC_REPRESENTATION_CONTEXT() REPRESENTATION_CONTEXT('2D SPACE',''
  ) );
#7321 = FACE_BOUND('',#7322,.T.);
#7322 = EDGE_LOOP('',(#7323,#7836));
#7323 = ORIENTED_EDGE('',*,*,#7324,.F.);
#7324 = EDGE_CURVE('',#7325,#7327,#7329,.T.);
#7325 = VERTEX_POINT('',#7326);
#7326 = CARTESIAN_POINT('',(8.958070923884,19.704937122976,
    67.448380797557));
#7327 = VERTEX_POINT('',#7328);
#7328 = CARTESIAN_POINT('',(-8.958070923884,19.704937122976,
    67.448380797557));
#7329 = SURFACE_CURVE('',#7330,(#7494,#7661),.PCURVE_S1.);
#7330 = B_SPLINE_CURVE_WITH_KNOTS('',8,(#7331,#7332,#7333,#7334,#7335,
    #7336,#7337,#7338,#7339,#7340,#7341,#7342,#7343,#7344,#7345,#7346,
    #7347,#7348,#7349,#7350,#7351,#7352,#7353,#7354,#7355,#7356,#7357,
    #7358,#7359,#7360,#7361,#7362,#7363,#7364,#7365,#7366,#7367,#7368,
    #7369,#7370,#7371,#7372,#7373,#7374,#7375,#7376,#7377,#7378,#7379,
    #7380,#7381,#7382,#7383,#7384,#7385,#7386,#7387,#7388,#7389,#7390,
    #7391,#7392,#7393,#7394,#7395,#7396,#7397,#7398,#7399,#7400,#7401,
    #7402,#7403,#7404,#7405,#7406,#7407,#7408,#7409,#7410,#7411,#7412,
    #7413,#7414,#7415,#7416,#7417,#7418,#7419,#7420,#7421,#7422,#7423,
    #7424,#7425,#7426,#7427,#7428,#7429,#7430,#7431,#7432,#7433,#7434,
    #7435,#7436,#7437,#7438,#7439,#7440,#7441,#7442,#7443,#7444,#7445,
    #7446,#7447,#7448,#7449,#7450,#7451,#7452,#7453,#7454,#7455,#7456,
    #7457,#7458,#7459,#7460,#7461,#7462,#7463,#7464,#7465,#7466,#7467,
    #7468,#7469,#7470,#7471,#7472,#7473,#7474,#7475,#7476,#7477,#7478,
    #7479,#7480,#7481,#7482,#7483,#7484,#7485,#7486,#7487,#7488,#7489,
    #7490,#7491,#7492,#7493),.UNSPECIFIED.,.F.,.F.,(9,7,7,7,7,7,7,7,7,7,
    7,7,7,7,7,7,7,7,7,7,7,7,7,9),(0.,5.79867381634E-02,
    7.970403201828E-02,9.202603052974E-02,0.11745094241,0.148974094823,
    0.165444449683,0.199146245659,0.250827115668,0.301981213682,
    0.348388893775,0.500019507488,0.594542181223,0.682931331877,
    0.732401834603,0.783541810243,0.828090656695,0.847169819921,
    0.858659902489,0.882553619315,0.907977543707,0.920299063639,
    0.942015514007,1.),.UNSPECIFIED.);
#7331 = CARTESIAN_POINT('',(8.958070923884,19.704937122976,
    67.448380797557));
#7332 = CARTESIAN_POINT('',(9.16330243147,19.651210545673,
    67.300768239593));
#7333 = CARTESIAN_POINT('',(9.362497675182,19.594887546288,
    67.146022070587));
#7334 = CARTESIAN_POINT('',(9.55496121409,19.535825985372,
    66.983751765613));
#7335 = CARTESIAN_POINT('',(9.739733776449,19.473902036075,
    66.813617113194));
#7336 = CARTESIAN_POINT('',(9.9156078229,19.409015733121,66.635343460997
    ));
#7337 = CARTESIAN_POINT('',(10.081149682377,19.341098325199,
    66.448741916344));
#7338 = CARTESIAN_POINT('',(10.234728260737,19.270121430757,
    66.253734501562));
#7339 = CARTESIAN_POINT('',(10.426916723276,19.168388357573,
    65.974225180177));
#7340 = CARTESIAN_POINT('',(10.477343318575,19.140248187995,
    65.89691069968));
#7341 = CARTESIAN_POINT('',(10.525732387433,19.111691733646,
    65.818452486177));
#7342 = CARTESIAN_POINT('',(10.57198168701,19.082725632006,
    65.738868775991));
#7343 = CARTESIAN_POINT('',(10.615986125209,19.053359199485,
    65.658185165752));
#7344 = CARTESIAN_POINT('',(10.657639433707,19.023604718057,
    65.5764353999));
#7345 = CARTESIAN_POINT('',(10.696835840983,18.99347772188,
    65.493662158188));
#7346 = CARTESIAN_POINT('',(10.754258292787,18.945703236448,
    65.362402838236));
#7347 = CARTESIAN_POINT('',(10.774220526847,18.928295454136,
    65.314575349412));
#7348 = CARTESIAN_POINT('',(10.79333950178,18.910777498087,
    65.266445160733));
#7349 = CARTESIAN_POINT('',(10.811596573877,18.893153279665,
    65.218023018582));
#7350 = CARTESIAN_POINT('',(10.828973548457,18.875427077078,
    65.169320677241));
#7351 = CARTESIAN_POINT('',(10.845452826848,18.857603551955,
    65.120350944431));
#7352 = CARTESIAN_POINT('',(10.86101755338,18.839687765923,
    65.071127726857));
#7353 = CARTESIAN_POINT('',(10.905847633084,18.78453913492,
    64.919608108462));
#7354 = CARTESIAN_POINT('',(10.93208427257,18.747020444153,
    64.816526352772));
#7355 = CARTESIAN_POINT('',(10.95421772545,18.709180786466,
    64.712562747718));
#7356 = CARTESIAN_POINT('',(10.972125171169,18.671075692672,
    64.607869862953));
#7357 = CARTESIAN_POINT('',(10.98570863735,18.632764706677,
    64.502611294015));
#7358 = CARTESIAN_POINT('',(10.994898713154,18.594311529352,
    64.396962057607));
#7359 = CARTESIAN_POINT('',(10.999658262639,18.555784162398,
    64.291108986869));
#7360 = CARTESIAN_POINT('',(11.000392655497,18.469484620672,
    64.05400294467));
#7361 = CARTESIAN_POINT('',(10.993986892875,18.421700890372,
    63.922718224653));
#7362 = CARTESIAN_POINT('',(10.980762083267,18.374045423895,
    63.791785906594));
#7363 = CARTESIAN_POINT('',(10.960800812863,18.32664751551,
    63.661561223575));
#7364 = CARTESIAN_POINT('',(10.934260007265,18.279624925005,
    63.53236771796));
#7365 = CARTESIAN_POINT('',(10.901357955289,18.233084522362,
    63.404499012605));
#7366 = CARTESIAN_POINT('',(10.862363370306,18.18712284325,
    63.278220337084));
#7367 = CARTESIAN_POINT('',(10.794191267992,18.118159952304,
    63.088746351431));
#7368 = CARTESIAN_POINT('',(10.769215221132,18.09467267453,63.0242155861
    ));
#7369 = CARTESIAN_POINT('',(10.74270067363,18.071375695984,
    62.960207663604));
#7370 = CARTESIAN_POINT('',(10.714691768254,18.048278675468,
    62.896749121282));
#7371 = CARTESIAN_POINT('',(10.685233913101,18.025390033614,
    62.833863094624));
#7372 = CARTESIAN_POINT('',(10.654373229216,18.002717029848,
    62.771569528746));
#7373 = CARTESIAN_POINT('',(10.622155998217,17.980265839368,
    62.709885389861));
#7374 = CARTESIAN_POINT('',(10.520023027588,17.912566242808,
    62.523882277009));
#7375 = CARTESIAN_POINT('',(10.445934807513,17.868044219821,
    62.401559024182));
#7376 = CARTESIAN_POINT('',(10.366752085846,17.824515261993,
    62.281964195457));
#7377 = CARTESIAN_POINT('',(10.282858168081,17.782004249256,
    62.165166147884));
#7378 = CARTESIAN_POINT('',(10.194620292332,17.740523666222,
    62.051199182654));
#7379 = CARTESIAN_POINT('',(10.102381008558,17.700075572303,
    61.940068957952));
#7380 = CARTESIAN_POINT('',(10.006451673687,17.660653116354,
    61.83175665041));
#7381 = CARTESIAN_POINT('',(9.754767093935,17.563338479814,
    61.564386883935));
#7382 = CARTESIAN_POINT('',(9.59443888519,17.506828705761,
    61.409127555746));
#7383 = CARTESIAN_POINT('',(9.427098062596,17.452646974365,
    61.260264472189));
#7384 = CARTESIAN_POINT('',(9.253603057939,17.400722773136,
    61.117603901789));
#7385 = CARTESIAN_POINT('',(9.074698492722,17.350979757931,
    60.980936090737));
#7386 = CARTESIAN_POINT('',(8.891015225414,17.303335965967,
    60.85003584814));
#7387 = CARTESIAN_POINT('',(8.703068061833,17.257704860325,
    60.724665415762));
#7388 = CARTESIAN_POINT('',(8.321389344283,17.170735054277,
    60.485717837472));
#7389 = CARTESIAN_POINT('',(8.127782326312,17.129367769825,
    60.372062157535));
#7390 = CARTESIAN_POINT('',(7.930843310029,17.089813588505,
    60.263387937513));
#7391 = CARTESIAN_POINT('',(7.730932947322,17.051999850753,
    60.159495546894));
#7392 = CARTESIAN_POINT('',(7.528364186358,17.015860209577,
    60.060202698817));
#7393 = CARTESIAN_POINT('',(7.323405474521,16.981332803591,
    59.965339430518));
#7394 = CARTESIAN_POINT('',(7.116282284646,16.948359395019,
    59.874745735025));
#7395 = CARTESIAN_POINT('',(6.717473828763,16.888331910483,
    59.709821576716));
#7396 = CARTESIAN_POINT('',(6.526152814589,16.861014418739,
    59.634767384992));
#7397 = CARTESIAN_POINT('',(6.333358577715,16.834893356163,
    59.563000355392));
#7398 = CARTESIAN_POINT('',(6.13922162579,16.809932916972,
    59.494422112336));
#7399 = CARTESIAN_POINT('',(5.943858919823,16.786100642658,
    59.428943476804));
#7400 = CARTESIAN_POINT('',(5.747374475584,16.763366933755,
    59.366483124931));
#7401 = CARTESIAN_POINT('',(5.549859965013,16.741704561611,
    59.306966246614));
#7402 = CARTESIAN_POINT('',(4.70293979854,16.653727032921,59.06524997312
    ));
#7403 = CARTESIAN_POINT('',(4.044626527135,16.597562693,58.910939717407)
  );
#7404 = CARTESIAN_POINT('',(3.378934563289,16.551667143222,
    58.784842730738));
#7405 = CARTESIAN_POINT('',(2.707894979779,16.515487129411,
    58.685438959759));
#7406 = CARTESIAN_POINT('',(2.03322288651,16.488616231853,
    58.611611775476));
#7407 = CARTESIAN_POINT('',(1.356320823325,16.470794268032,
    58.562646332309));
#7408 = CARTESIAN_POINT('',(0.67830642243,16.461876330947,
    58.538144501539));
#7409 = CARTESIAN_POINT('',(-0.422838997287,16.461876330947,
    58.538144501539));
#7410 = CARTESIAN_POINT('',(-0.84565795342,16.465341811898,58.5476658322
    ));
#7411 = CARTESIAN_POINT('',(-1.268195542808,16.472272064851,
    58.5667065457));
#7412 = CARTESIAN_POINT('',(-1.690166519635,16.482687479395,
    58.595322661973));
#7413 = CARTESIAN_POINT('',(-2.111262041706,16.496627305163,
    58.633622018502));
#7414 = CARTESIAN_POINT('',(-2.531149081198,16.514150338998,
    58.681766158284));
#7415 = CARTESIAN_POINT('',(-2.949468922319,16.535338537765,
    58.739980255955));
#7416 = CARTESIAN_POINT('',(-3.755182825569,16.583648609854,
    58.87271108815));
#7417 = CARTESIAN_POINT('',(-4.142762056716,16.610292827912,
    58.945915475625));
#7418 = CARTESIAN_POINT('',(-4.528289053745,16.640327119886,
    59.028434014634));
#7419 = CARTESIAN_POINT('',(-4.911389387695,16.673864629703,
    59.120577565559));
#7420 = CARTESIAN_POINT('',(-5.291599629776,16.711038547572,
    59.222712065497));
#7421 = CARTESIAN_POINT('',(-5.668363343325,16.752006278109,
    59.335269980075));
#7422 = CARTESIAN_POINT('',(-6.041021024166,16.796959965343,
    59.45877922067));
#7423 = CARTESIAN_POINT('',(-6.614632752884,16.873670825228,
    59.669540576031));
#7424 = CARTESIAN_POINT('',(-6.818921347304,16.902520654753,
    59.748804831208));
#7425 = CARTESIAN_POINT('',(-7.021522635811,16.932735127206,
    59.831818412013));
#7426 = CARTESIAN_POINT('',(-7.22227147239,16.964359775572,
    59.918706419295));
#7427 = CARTESIAN_POINT('',(-7.420974579521,16.997443472771,
    60.009603130303));
#7428 = CARTESIAN_POINT('',(-7.617409479243,17.032039125269,
    60.104653904351));
#7429 = CARTESIAN_POINT('',(-7.811322477564,17.068204989289,
    60.204018799102));
#7430 = CARTESIAN_POINT('',(-8.19997805602,17.145083915079,
    60.415241911742));
#7431 = CARTESIAN_POINT('',(-8.39449482995,17.185902784021,
    60.527390832447));
#7432 = CARTESIAN_POINT('',(-8.585680860912,17.228538692697,
    60.644532028792));
#7433 = CARTESIAN_POINT('',(-8.773157300469,17.273068564618,
    60.766876846387));
#7434 = CARTESIAN_POINT('',(-8.956463612042,17.319569836005,
    60.894638039498));
#7435 = CARTESIAN_POINT('',(-9.135056699589,17.368120737258,
    61.028030544386));
#7436 = CARTESIAN_POINT('',(-9.308307167809,17.418801790493,
    61.167275593743));
#7437 = CARTESIAN_POINT('',(-9.621130703032,17.517777708548,
    61.43920969367));
#7438 = CARTESIAN_POINT('',(-9.762130005348,17.565526721909,
    61.57039902968));
#7439 = CARTESIAN_POINT('',(-9.898022534449,17.615002816057,
    61.706333481153));
#7440 = CARTESIAN_POINT('',(-10.02823495168,17.666249800871,
    61.847133414746));
#7441 = CARTESIAN_POINT('',(-10.15209681542,17.71929561299,
    61.992875585738));
#7442 = CARTESIAN_POINT('',(-10.26885375711,17.774148642156,
    62.143583044762));
#7443 = CARTESIAN_POINT('',(-10.37768568401,17.830792814198,
    62.299211628392));
#7444 = CARTESIAN_POINT('',(-10.52057650532,17.914187823208,
    62.528337532541));
#7445 = CARTESIAN_POINT('',(-10.56180736218,17.93951195496,
    62.597915012697));
#7446 = CARTESIAN_POINT('',(-10.60135332146,17.965148767796,
    62.668351577069));
#7447 = CARTESIAN_POINT('',(-10.63914320802,17.991091589243,
    62.739628893192));
#7448 = CARTESIAN_POINT('',(-10.67510493451,18.017331974493,
    62.811723759145));
#7449 = CARTESIAN_POINT('',(-10.70916650667,18.043859548448,
    62.884607669578));
#7450 = CARTESIAN_POINT('',(-10.74125702845,18.070661847765,
    62.958246381742));
#7451 = CARTESIAN_POINT('',(-10.78940518758,18.114021954995,
    63.077377297261));
#7452 = CARTESIAN_POINT('',(-10.80676297584,18.130414045835,
    63.122414196702));
#7453 = CARTESIAN_POINT('',(-10.82336582243,18.146897198302,
    63.167701285908));
#7454 = CARTESIAN_POINT('',(-10.83919903233,18.163467889031,
    63.21322888451));
#7455 = CARTESIAN_POINT('',(-10.85424846512,18.180122308415,
    63.2589865257));
#7456 = CARTESIAN_POINT('',(-10.86850053501,18.196856360607,
    63.304962956234));
#7457 = CARTESIAN_POINT('',(-10.88194221081,18.213665663521,
    63.351146136427));
#7458 = CARTESIAN_POINT('',(-10.92080192016,18.265647402733,
    63.493964791137));
#7459 = CARTESIAN_POINT('',(-10.94348659757,18.301056794762,
    63.591251296173));
#7460 = CARTESIAN_POINT('',(-10.96250208054,18.33672882322,
    63.689259388868));
#7461 = CARTESIAN_POINT('',(-10.97775336194,18.372615771078,
    63.78785796776));
#7462 = CARTESIAN_POINT('',(-10.98916591637,18.408667019773,
    63.886907959494));
#7463 = CARTESIAN_POINT('',(-10.99668822153,18.444828963021,
    63.98626208201));
#7464 = CARTESIAN_POINT('',(-11.00029427952,18.481044920611,
    64.085764607714));
#7465 = CARTESIAN_POINT('',(-10.99965826263,18.555784162398,
    64.291108986871));
#7466 = CARTESIAN_POINT('',(-10.99489871315,18.594311529352,
    64.396962057608));
#7467 = CARTESIAN_POINT('',(-10.98570863734,18.632764706678,
    64.502611294017));
#7468 = CARTESIAN_POINT('',(-10.97212517116,18.671075692673,
    64.607869862954));
#7469 = CARTESIAN_POINT('',(-10.95421772545,18.709180786467,
    64.71256274772));
#7470 = CARTESIAN_POINT('',(-10.93208427257,18.747020444153,
    64.816526352773));
#7471 = CARTESIAN_POINT('',(-10.90584763308,18.78453913492,
    64.919608108463));
#7472 = CARTESIAN_POINT('',(-10.86101755338,18.839687765923,
    65.071127726858));
#7473 = CARTESIAN_POINT('',(-10.84545282684,18.857603551955,
    65.120350944432));
#7474 = CARTESIAN_POINT('',(-10.82897354845,18.875427077078,
    65.169320677242));
#7475 = CARTESIAN_POINT('',(-10.81159657387,18.893153279666,
    65.218023018584));
#7476 = CARTESIAN_POINT('',(-10.79333950177,18.910777498088,
    65.266445160735));
#7477 = CARTESIAN_POINT('',(-10.77422052684,18.928295454137,
    65.314575349414));
#7478 = CARTESIAN_POINT('',(-10.75425829278,18.945703236448,
    65.362402838238));
#7479 = CARTESIAN_POINT('',(-10.69683584098,18.993477721881,
    65.493662158189));
#7480 = CARTESIAN_POINT('',(-10.6576394337,19.023604718058,
    65.576435399901));
#7481 = CARTESIAN_POINT('',(-10.6159861252,19.053359199486,
    65.658185165753));
#7482 = CARTESIAN_POINT('',(-10.571981687,19.082725632006,
    65.738868775992));
#7483 = CARTESIAN_POINT('',(-10.52573238743,19.111691733646,
    65.818452486178));
#7484 = CARTESIAN_POINT('',(-10.47734331857,19.140248187995,
    65.896910699681));
#7485 = CARTESIAN_POINT('',(-10.42691672327,19.168388357574,
    65.974225180179));
#7486 = CARTESIAN_POINT('',(-10.23472826073,19.270121430758,
    66.253734501563));
#7487 = CARTESIAN_POINT('',(-10.08114968237,19.3410983252,
    66.448741916345));
#7488 = CARTESIAN_POINT('',(-9.9156078229,19.409015733121,
    66.635343460998));
#7489 = CARTESIAN_POINT('',(-9.739733776449,19.473902036075,
    66.813617113194));
#7490 = CARTESIAN_POINT('',(-9.55496121409,19.535825985372,
    66.983751765613));
#7491 = CARTESIAN_POINT('',(-9.362497675182,19.594887546288,
    67.146022070587));
#7492 = CARTESIAN_POINT('',(-9.16330243147,19.651210545673,
    67.300768239593));
#7493 = CARTESIAN_POINT('',(-8.958070923884,19.704937122976,
    67.448380797557));
#7494 = PCURVE('',#5275,#7495);
#7495 = DEFINITIONAL_REPRESENTATION('',(#7496),#7660);
#7496 = B_SPLINE_CURVE_WITH_KNOTS('',8,(#7497,#7498,#7499,#7500,#7501,
    #7502,#7503,#7504,#7505,#7506,#7507,#7508,#7509,#7510,#7511,#7512,
    #7513,#7514,#7515,#7516,#7517,#7518,#7519,#7520,#7521,#7522,#7523,
    #7524,#7525,#7526,#7527,#7528,#7529,#7530,#7531,#7532,#7533,#7534,
    #7535,#7536,#7537,#7538,#7539,#7540,#7541,#7542,#7543,#7544,#7545,
    #7546,#7547,#7548,#7549,#7550,#7551,#7552,#7553,#7554,#7555,#7556,
    #7557,#7558,#7559,#7560,#7561,#7562,#7563,#7564,#7565,#7566,#7567,
    #7568,#7569,#7570,#7571,#7572,#7573,#7574,#7575,#7576,#7577,#7578,
    #7579,#7580,#7581,#7582,#7583,#7584,#7585,#7586,#7587,#7588,#7589,
    #7590,#7591,#7592,#7593,#7594,#7595,#7596,#7597,#7598,#7599,#7600,
    #7601,#7602,#7603,#7604,#7605,#7606,#7607,#7608,#7609,#7610,#7611,
    #7612,#7613,#7614,#7615,#7616,#7617,#7618,#7619,#7620,#7621,#7622,
    #7623,#7624,#7625,#7626,#7627,#7628,#7629,#7630,#7631,#7632,#7633,
    #7634,#7635,#7636,#7637,#7638,#7639,#7640,#7641,#7642,#7643,#7644,
    #7645,#7646,#7647,#7648,#7649,#7650,#7651,#7652,#7653,#7654,#7655,
    #7656,#7657,#7658,#7659),.UNSPECIFIED.,.F.,.F.,(9,7,7,7,7,7,7,7,7,7,
    7,7,7,7,7,7,7,7,7,7,7,7,7,9),(0.,5.79867381634E-02,
    7.970403201828E-02,9.202603052974E-02,0.11745094241,0.148974094823,
    0.165444449683,0.199146245659,0.250827115668,0.301981213682,
    0.348388893775,0.500019507488,0.594542181223,0.682931331877,
    0.732401834603,0.783541810243,0.828090656695,0.847169819921,
    0.858659902489,0.882553619315,0.907977543707,0.920299063639,
    0.942015514007,1.),.UNSPECIFIED.);
#7497 = CARTESIAN_POINT('',(15.422690050592,8.958070923884));
#7498 = CARTESIAN_POINT('',(15.265604047468,9.16330243147));
#7499 = CARTESIAN_POINT('',(15.100926614036,9.362497675182));
#7500 = CARTESIAN_POINT('',(14.92824216235,9.55496121409));
#7501 = CARTESIAN_POINT('',(14.747188646918,9.739733776449));
#7502 = CARTESIAN_POINT('',(14.557473788832,9.9156078229));
#7503 = CARTESIAN_POINT('',(14.358896572703,10.081149682377));
#7504 = CARTESIAN_POINT('',(14.151374016424,10.234728260737));
#7505 = CARTESIAN_POINT('',(13.853926409406,10.426916723276));
#7506 = CARTESIAN_POINT('',(13.771650057771,10.477343318575));
#7507 = CARTESIAN_POINT('',(13.688156570892,10.525732387433));
#7508 = CARTESIAN_POINT('',(13.603465355461,10.57198168701));
#7509 = CARTESIAN_POINT('',(13.517603650841,10.615986125209));
#7510 = CARTESIAN_POINT('',(13.430607367117,10.657639433707));
#7511 = CARTESIAN_POINT('',(13.342521923131,10.696835840983));
#7512 = CARTESIAN_POINT('',(13.202838672408,10.754258292787));
#7513 = CARTESIAN_POINT('',(13.151941721888,10.774220526847));
#7514 = CARTESIAN_POINT('',(13.100722644911,10.79333950178));
#7515 = CARTESIAN_POINT('',(13.049192877539,10.811596573877));
#7516 = CARTESIAN_POINT('',(12.997364928415,10.828973548457));
#7517 = CARTESIAN_POINT('',(12.945252427235,10.845452826848));
#7518 = CARTESIAN_POINT('',(12.892870173202,10.86101755338));
#7519 = CARTESIAN_POINT('',(12.731626363212,10.905847633084));
#7520 = CARTESIAN_POINT('',(12.62192905006,10.93208427257));
#7521 = CARTESIAN_POINT('',(12.511293292415,10.95421772545));
#7522 = CARTESIAN_POINT('',(12.399881451512,10.972125171169));
#7523 = CARTESIAN_POINT('',(12.287867622085,10.98570863735));
#7524 = CARTESIAN_POINT('',(12.175438053021,10.994898713154));
#7525 = CARTESIAN_POINT('',(12.062791567993,10.999658262639));
#7526 = CARTESIAN_POINT('',(11.810468588165,11.000392655497));
#7527 = CARTESIAN_POINT('',(11.670758307257,10.993986892875));
#7528 = CARTESIAN_POINT('',(11.53142304468,10.980762083267));
#7529 = CARTESIAN_POINT('',(11.392840831583,10.960800812863));
#7530 = CARTESIAN_POINT('',(11.255355974559,10.934260007265));
#7531 = CARTESIAN_POINT('',(11.119280940526,10.901357955289));
#7532 = CARTESIAN_POINT('',(10.984897980899,10.862363370306));
#7533 = CARTESIAN_POINT('',(10.783263976904,10.794191267992));
#7534 = CARTESIAN_POINT('',(10.714591770798,10.769215221132));
#7535 = CARTESIAN_POINT('',(10.646475962415,10.74270067363));
#7536 = CARTESIAN_POINT('',(10.578944792203,10.714691768254));
#7537 = CARTESIAN_POINT('',(10.512022880435,10.685233913101));
#7538 = CARTESIAN_POINT('',(10.445731452259,10.654373229216));
#7539 = CARTESIAN_POINT('',(10.380088562743,10.622155998217));
#7540 = CARTESIAN_POINT('',(10.182148184434,10.520023027588));
#7541 = CARTESIAN_POINT('',(10.051974497719,10.445934807513));
#7542 = CARTESIAN_POINT('',(9.924704339286,10.366752085846));
#7543 = CARTESIAN_POINT('',(9.800410453191,10.282858168081));
#7544 = CARTESIAN_POINT('',(9.679129341996,10.194620292332));
#7545 = CARTESIAN_POINT('',(9.560867027018,10.102381008558));
#7546 = CARTESIAN_POINT('',(9.445603476847,10.006451673687));
#7547 = CARTESIAN_POINT('',(9.161074514332,9.754767093935));
#7548 = CARTESIAN_POINT('',(8.995850988304,9.59443888519));
#7549 = CARTESIAN_POINT('',(8.83743420364,9.427098062596));
#7550 = CARTESIAN_POINT('',(8.685617995611,9.253603057939));
#7551 = CARTESIAN_POINT('',(8.540179148878,9.074698492722));
#7552 = CARTESIAN_POINT('',(8.400878020293,8.891015225414));
#7553 = CARTESIAN_POINT('',(8.267461592832,8.703068061833));
#7554 = CARTESIAN_POINT('',(8.013178891228,8.321389344283));
#7555 = CARTESIAN_POINT('',(7.892229042924,8.127782326312));
#7556 = CARTESIAN_POINT('',(7.776580353535,7.930843310029));
#7557 = CARTESIAN_POINT('',(7.666020380709,7.730932947322));
#7558 = CARTESIAN_POINT('',(7.560355138819,7.528364186358));
#7559 = CARTESIAN_POINT('',(7.459403757271,7.323405474521));
#7560 = CARTESIAN_POINT('',(7.362995960201,7.116282284646));
#7561 = CARTESIAN_POINT('',(7.187487336784,6.717473828763));
#7562 = CARTESIAN_POINT('',(7.107616334221,6.526152814589));
#7563 = CARTESIAN_POINT('',(7.031243456523,6.333358577715));
#7564 = CARTESIAN_POINT('',(6.958264014588,6.13922162579));
#7565 = CARTESIAN_POINT('',(6.888583106083,5.943858919823));
#7566 = CARTESIAN_POINT('',(6.822114187959,5.747374475584));
#7567 = CARTESIAN_POINT('',(6.758777648966,5.549859965013));
#7568 = CARTESIAN_POINT('',(6.501548563469,4.70293979854));
#7569 = CARTESIAN_POINT('',(6.337335019274,4.044626527135));
#7570 = CARTESIAN_POINT('',(6.203145408884,3.378934563289));
#7571 = CARTESIAN_POINT('',(6.097362125308,2.707894979779));
#7572 = CARTESIAN_POINT('',(6.018796876789,2.03322288651));
#7573 = CARTESIAN_POINT('',(5.966688940551,1.356320823325));
#7574 = CARTESIAN_POINT('',(5.940614636862,0.67830642243));
#7575 = CARTESIAN_POINT('',(5.940614636862,-0.422838997287));
#7576 = CARTESIAN_POINT('',(5.950747025315,-0.84565795342));
#7577 = CARTESIAN_POINT('',(5.971009729394,-1.268195542808));
#7578 = CARTESIAN_POINT('',(6.001462364266,-1.690166519635));
#7579 = CARTESIAN_POINT('',(6.042219688185,-2.111262041706));
#7580 = CARTESIAN_POINT('',(6.093453611615,-2.531149081198));
#7581 = CARTESIAN_POINT('',(6.155403760402,-2.949468922319));
#7582 = CARTESIAN_POINT('',(6.296652961746,-3.755182825569));
#7583 = CARTESIAN_POINT('',(6.374555443745,-4.142762056716));
#7584 = CARTESIAN_POINT('',(6.462369838775,-4.528289053745));
#7585 = CARTESIAN_POINT('',(6.560426957547,-4.911389387695));
#7586 = CARTESIAN_POINT('',(6.669116222183,-5.291599629776));
#7587 = CARTESIAN_POINT('',(6.788897852994,-5.668363343325));
#7588 = CARTESIAN_POINT('',(6.92033364153,-6.041021024166));
#7589 = CARTESIAN_POINT('',(7.144621191203,-6.614632752884));
#7590 = CARTESIAN_POINT('',(7.228972449714,-6.818921347304));
#7591 = CARTESIAN_POINT('',(7.31731365722,-7.021522635811));
#7592 = CARTESIAN_POINT('',(7.409777943264,-7.22227147239));
#7593 = CARTESIAN_POINT('',(7.50650820271,-7.420974579521));
#7594 = CARTESIAN_POINT('',(7.607659123709,-7.617409479243));
#7595 = CARTESIAN_POINT('',(7.713401036067,-7.811322477564));
#7596 = CARTESIAN_POINT('',(7.938179977572,-8.19997805602));
#7597 = CARTESIAN_POINT('',(8.057526366193,-8.39449482995));
#7598 = CARTESIAN_POINT('',(8.182185423585,-8.585680860912));
#7599 = CARTESIAN_POINT('',(8.312382059047,-8.773157300469));
#7600 = CARTESIAN_POINT('',(8.448342680941,-8.956463612042));
#7601 = CARTESIAN_POINT('',(8.590296019657,-9.135056699589));
#7602 = CARTESIAN_POINT('',(8.738477506111,-9.308307167809));
#7603 = CARTESIAN_POINT('',(9.027863730831,-9.621130703032));
#7604 = CARTESIAN_POINT('',(9.167472506198,-9.762130005348));
#7605 = CARTESIAN_POINT('',(9.31213092797,-9.898022534449));
#7606 = CARTESIAN_POINT('',(9.461967087666,-10.02823495168));
#7607 = CARTESIAN_POINT('',(9.617062666548,-10.15209681542));
#7608 = CARTESIAN_POINT('',(9.777442194587,-10.26885375711));
#7609 = CARTESIAN_POINT('',(9.943058674048,-10.37768568401));
#7610 = CARTESIAN_POINT('',(10.186889368342,-10.52057650532));
#7611 = CARTESIAN_POINT('',(10.260932176189,-10.56180736218));
#7612 = CARTESIAN_POINT('',(10.335889202363,-10.60135332146));
#7613 = CARTESIAN_POINT('',(10.411740937863,-10.63914320802));
#7614 = CARTESIAN_POINT('',(10.488462691719,-10.67510493451));
#7615 = CARTESIAN_POINT('',(10.566024129174,-10.70916650667));
#7616 = CARTESIAN_POINT('',(10.644388809853,-10.74125702845));
#7617 = CARTESIAN_POINT('',(10.771165282162,-10.78940518758));
#7618 = CARTESIAN_POINT('',(10.819092549489,-10.80676297584));
#7619 = CARTESIAN_POINT('',(10.867286063202,-10.82336582243));
#7620 = CARTESIAN_POINT('',(10.915735521668,-10.83919903233));
#7621 = CARTESIAN_POINT('',(10.964429786344,-10.85424846512));
#7622 = CARTESIAN_POINT('',(11.013356881776,-10.86850053501));
#7623 = CARTESIAN_POINT('',(11.0625039956,-10.88194221081));
#7624 = CARTESIAN_POINT('',(11.214488433437,-10.92080192016));
#7625 = CARTESIAN_POINT('',(11.318018569658,-10.94348659757));
#7626 = CARTESIAN_POINT('',(11.422316603427,-10.96250208054));
#7627 = CARTESIAN_POINT('',(11.527243019481,-10.97775336194));
#7628 = CARTESIAN_POINT('',(11.632649819049,-10.98916591637));
#7629 = CARTESIAN_POINT('',(11.738380267834,-10.99668822153));
#7630 = CARTESIAN_POINT('',(11.844268643993,-11.00029427952));
#7631 = CARTESIAN_POINT('',(12.062791567995,-10.99965826263));
#7632 = CARTESIAN_POINT('',(12.175438053022,-10.99489871315));
#7633 = CARTESIAN_POINT('',(12.287867622087,-10.98570863734));
#7634 = CARTESIAN_POINT('',(12.399881451513,-10.97212517116));
#7635 = CARTESIAN_POINT('',(12.511293292417,-10.95421772545));
#7636 = CARTESIAN_POINT('',(12.621929050061,-10.93208427257));
#7637 = CARTESIAN_POINT('',(12.731626363214,-10.90584763308));
#7638 = CARTESIAN_POINT('',(12.892870173204,-10.86101755338));
#7639 = CARTESIAN_POINT('',(12.945252427236,-10.84545282684));
#7640 = CARTESIAN_POINT('',(12.997364928417,-10.82897354845));
#7641 = CARTESIAN_POINT('',(13.04919287754,-10.81159657387));
#7642 = CARTESIAN_POINT('',(13.100722644913,-10.79333950177));
#7643 = CARTESIAN_POINT('',(13.15194172189,-10.77422052684));
#7644 = CARTESIAN_POINT('',(13.20283867241,-10.75425829278));
#7645 = CARTESIAN_POINT('',(13.342521923133,-10.69683584098));
#7646 = CARTESIAN_POINT('',(13.430607367118,-10.6576394337));
#7647 = CARTESIAN_POINT('',(13.517603650843,-10.6159861252));
#7648 = CARTESIAN_POINT('',(13.603465355462,-10.571981687));
#7649 = CARTESIAN_POINT('',(13.688156570894,-10.52573238743));
#7650 = CARTESIAN_POINT('',(13.771650057772,-10.47734331857));
#7651 = CARTESIAN_POINT('',(13.853926409407,-10.42691672327));
#7652 = CARTESIAN_POINT('',(14.151374016425,-10.23472826073));
#7653 = CARTESIAN_POINT('',(14.358896572704,-10.08114968237));
#7654 = CARTESIAN_POINT('',(14.557473788833,-9.9156078229));
#7655 = CARTESIAN_POINT('',(14.747188646918,-9.739733776449));
#7656 = CARTESIAN_POINT('',(14.92824216235,-9.55496121409));
#7657 = CARTESIAN_POINT('',(15.100926614037,-9.362497675182));
#7658 = CARTESIAN_POINT('',(15.265604047468,-9.16330243147));
#7659 = CARTESIAN_POINT('',(15.422690050592,-8.958070923884));
#7660 = ( GEOMETRIC_REPRESENTATION_CONTEXT(2) 
PARAMETRIC_REPRESENTATION_CONTEXT() REPRESENTATION_CONTEXT('2D SPACE',''
  ) );
#7661 = PCURVE('',#7662,#7670);
#7662 = SURFACE_OF_LINEAR_EXTRUSION('',#7663,#7668);
#7663 = ELLIPSE('',#7664,11.,6.);
#7664 = AXIS2_PLACEMENT_3D('',#7665,#7666,#7667);
#7665 = CARTESIAN_POINT('',(0.,18.701935715058,64.107896197589));
#7666 = DIRECTION('',(0.,-0.939692620786,0.342020143326));
#7667 = DIRECTION('',(1.,0.,0.));
#7668 = VECTOR('',#7669,1.);
#7669 = DIRECTION('',(0.,0.939692620786,-0.342020143326));
#7670 = DEFINITIONAL_REPRESENTATION('',(#7671),#7835);
#7671 = B_SPLINE_CURVE_WITH_KNOTS('',8,(#7672,#7673,#7674,#7675,#7676,
    #7677,#7678,#7679,#7680,#7681,#7682,#7683,#7684,#7685,#7686,#7687,
    #7688,#7689,#7690,#7691,#7692,#7693,#7694,#7695,#7696,#7697,#7698,
    #7699,#7700,#7701,#7702,#7703,#7704,#7705,#7706,#7707,#7708,#7709,
    #7710,#7711,#7712,#7713,#7714,#7715,#7716,#7717,#7718,#7719,#7720,
    #7721,#7722,#7723,#7724,#7725,#7726,#7727,#7728,#7729,#7730,#7731,
    #7732,#7733,#7734,#7735,#7736,#7737,#7738,#7739,#7740,#7741,#7742,
    #7743,#7744,#7745,#7746,#7747,#7748,#7749,#7750,#7751,#7752,#7753,
    #7754,#7755,#7756,#7757,#7758,#7759,#7760,#7761,#7762,#7763,#7764,
    #7765,#7766,#7767,#7768,#7769,#7770,#7771,#7772,#7773,#7774,#7775,
    #7776,#7777,#7778,#7779,#7780,#7781,#7782,#7783,#7784,#7785,#7786,
    #7787,#7788,#7789,#7790,#7791,#7792,#7793,#7794,#7795,#7796,#7797,
    #7798,#7799,#7800,#7801,#7802,#7803,#7804,#7805,#7806,#7807,#7808,
    #7809,#7810,#7811,#7812,#7813,#7814,#7815,#7816,#7817,#7818,#7819,
    #7820,#7821,#7822,#7823,#7824,#7825,#7826,#7827,#7828,#7829,#7830,
    #7831,#7832,#7833,#7834),.UNSPECIFIED.,.F.,.F.,(9,7,7,7,7,7,7,7,7,7,
    7,7,7,7,7,7,7,7,7,7,7,7,7,9),(0.,5.79867381634E-02,
    7.970403201828E-02,9.202603052974E-02,0.11745094241,0.148974094823,
    0.165444449683,0.199146245659,0.250827115668,0.301981213682,
    0.348388893775,0.500019507488,0.594542181223,0.682931331877,
    0.732401834603,0.783541810243,0.828090656695,0.847169819921,
    0.858659902489,0.882553619315,0.907977543707,0.920299063639,
    0.942015514007,1.),.UNSPECIFIED.);
#7672 = CARTESIAN_POINT('',(6.902338681876,-0.2));
#7673 = CARTESIAN_POINT('',(6.870189906969,-0.2));
#7674 = CARTESIAN_POINT('',(6.837329240286,-0.2));
#7675 = CARTESIAN_POINT('',(6.803686268535,-0.2));
#7676 = CARTESIAN_POINT('',(6.769202507371,-0.2));
#7677 = CARTESIAN_POINT('',(6.733829439588,-0.2));
#7678 = CARTESIAN_POINT('',(6.697527538545,-0.2));
#7679 = CARTESIAN_POINT('',(6.660266276819,-0.2));
#7680 = CARTESIAN_POINT('',(6.60770297567,-0.2));
#7681 = CARTESIAN_POINT('',(6.593246169549,-0.2));
#7682 = CARTESIAN_POINT('',(6.578655145134,-0.2));
#7683 = CARTESIAN_POINT('',(6.563931200805,-0.2));
#7684 = CARTESIAN_POINT('',(6.549076592056,-0.2));
#7685 = CARTESIAN_POINT('',(6.534094633653,-0.2));
#7686 = CARTESIAN_POINT('',(6.518989801782,-0.2));
#7687 = CARTESIAN_POINT('',(6.495131169111,-0.2));
#7688 = CARTESIAN_POINT('',(6.486456817791,-0.2));
#7689 = CARTESIAN_POINT('',(6.477745871481,-0.2));
#7690 = CARTESIAN_POINT('',(6.468999542597,-0.2));
#7691 = CARTESIAN_POINT('',(6.460219175391,-0.2));
#7692 = CARTESIAN_POINT('',(6.451406254611,-0.2));
#7693 = CARTESIAN_POINT('',(6.44256241416,-0.2));
#7694 = CARTESIAN_POINT('',(6.415381178671,-0.2));
#7695 = CARTESIAN_POINT('',(6.396947335757,-0.2));
#7696 = CARTESIAN_POINT('',(6.378405459363,-0.2));
#7697 = CARTESIAN_POINT('',(6.35977405717,-0.2));
#7698 = CARTESIAN_POINT('',(6.341072883179,-0.2));
#7699 = CARTESIAN_POINT('',(6.322323218705,-0.2));
#7700 = CARTESIAN_POINT('',(6.303548153362,-0.2));
#7701 = CARTESIAN_POINT('',(6.261494270395,-0.2));
#7702 = CARTESIAN_POINT('',(6.238210178944,-0.2));
#7703 = CARTESIAN_POINT('',(6.214970347016,-0.2));
#7704 = CARTESIAN_POINT('',(6.191818519476,-0.2));
#7705 = CARTESIAN_POINT('',(6.168793649635,-0.2));
#7706 = CARTESIAN_POINT('',(6.145930869866,-0.2));
#7707 = CARTESIAN_POINT('',(6.12326221395,-0.2));
#7708 = CARTESIAN_POINT('',(6.089089864967,-0.2));
#7709 = CARTESIAN_POINT('',(6.077422512867,-0.2));
#7710 = CARTESIAN_POINT('',(6.065818530049,-0.2));
#7711 = CARTESIAN_POINT('',(6.054280923972,-0.2));
#7712 = CARTESIAN_POINT('',(6.042812247529,-0.2));
#7713 = CARTESIAN_POINT('',(6.031414632248,-0.2));
#7714 = CARTESIAN_POINT('',(6.020089821494,-0.2));
#7715 = CARTESIAN_POINT('',(5.985818083003,-0.2));
#7716 = CARTESIAN_POINT('',(5.963109122646,-0.2));
#7717 = CARTESIAN_POINT('',(5.940721913436,-0.2));
#7718 = CARTESIAN_POINT('',(5.918661115033,-0.2));
#7719 = CARTESIAN_POINT('',(5.896927324325,-0.2));
#7720 = CARTESIAN_POINT('',(5.875517656883,-0.2));
#7721 = CARTESIAN_POINT('',(5.854426041461,-0.2));
#7722 = CARTESIAN_POINT('',(5.801773296788,-0.2));
#7723 = CARTESIAN_POINT('',(5.770638227631,-0.2));
#7724 = CARTESIAN_POINT('',(5.740198571555,-0.2));
#7725 = CARTESIAN_POINT('',(5.710417458685,-0.2));
#7726 = CARTESIAN_POINT('',(5.681258546208,-0.2));
#7727 = CARTESIAN_POINT('',(5.652684404435,-0.2));
#7728 = CARTESIAN_POINT('',(5.624655340512,-0.2));
#7729 = CARTESIAN_POINT('',(5.569882552599,-0.2));
#7730 = CARTESIAN_POINT('',(5.543135208974,-0.2));
#7731 = CARTESIAN_POINT('',(5.516848805486,-0.2));
#7732 = CARTESIAN_POINT('',(5.490990581969,-0.2));
#7733 = CARTESIAN_POINT('',(5.46553103927,-0.2));
#7734 = CARTESIAN_POINT('',(5.440442594696,-0.2));
#7735 = CARTESIAN_POINT('',(5.41569869513,-0.2));
#7736 = CARTESIAN_POINT('',(5.369114423256,-0.2));
#7737 = CARTESIAN_POINT('',(5.347219200041,-0.2));
#7738 = CARTESIAN_POINT('',(5.325569288417,-0.2));
#7739 = CARTESIAN_POINT('',(5.304148002714,-0.2));
#7740 = CARTESIAN_POINT('',(5.282940059612,-0.2));
#7741 = CARTESIAN_POINT('',(5.261931236391,-0.2));
#7742 = CARTESIAN_POINT('',(5.241108029165,-0.2));
#7743 = CARTESIAN_POINT('',(5.152983973895,-0.2));
#7744 = CARTESIAN_POINT('',(5.087382039488,-0.2));
#7745 = CARTESIAN_POINT('',(5.023160578372,-0.2));
#7746 = CARTESIAN_POINT('',(4.959989613179,-0.2));
#7747 = CARTESIAN_POINT('',(4.897584536,-0.2));
#7748 = CARTESIAN_POINT('',(4.835690912826,-0.2));
#7749 = CARTESIAN_POINT('',(4.774053200606,-0.2));
#7750 = CARTESIAN_POINT('',(4.67394907154,-0.2));
#7751 = CARTESIAN_POINT('',(4.635510953456,-0.2));
#7752 = CARTESIAN_POINT('',(4.597011971565,-0.2));
#7753 = CARTESIAN_POINT('',(4.55839131063,-0.2));
#7754 = CARTESIAN_POINT('',(4.519588106842,-0.2));
#7755 = CARTESIAN_POINT('',(4.480538913391,-0.2));
#7756 = CARTESIAN_POINT('',(4.441174519474,-0.2));
#7757 = CARTESIAN_POINT('',(4.364237626049,-0.2));
#7758 = CARTESIAN_POINT('',(4.326720223107,-0.2));
#7759 = CARTESIAN_POINT('',(4.288796888043,-0.2));
#7760 = CARTESIAN_POINT('',(4.250398373338,-0.2));
#7761 = CARTESIAN_POINT('',(4.211451909535,-0.2));
#7762 = CARTESIAN_POINT('',(4.17187727178,-0.2));
#7763 = CARTESIAN_POINT('',(4.131580213204,-0.2));
#7764 = CARTESIAN_POINT('',(4.067419336486,-0.2));
#7765 = CARTESIAN_POINT('',(4.044134502961,-0.2));
#7766 = CARTESIAN_POINT('',(4.020568318085,-0.2));
#7767 = CARTESIAN_POINT('',(3.996699659312,-0.2));
#7768 = CARTESIAN_POINT('',(3.972506399764,-0.2));
#7769 = CARTESIAN_POINT('',(3.94796479076,-0.2));
#7770 = CARTESIAN_POINT('',(3.923048555143,-0.2));
#7771 = CARTESIAN_POINT('',(3.871552328696,-0.2));
#7772 = CARTESIAN_POINT('',(3.844948899275,-0.2));
#7773 = CARTESIAN_POINT('',(3.817881772969,-0.2));
#7774 = CARTESIAN_POINT('',(3.790316159208,-0.2));
#7775 = CARTESIAN_POINT('',(3.762217526959,-0.2));
#7776 = CARTESIAN_POINT('',(3.733550413982,-0.2));
#7777 = CARTESIAN_POINT('',(3.704276625443,-0.2));
#7778 = CARTESIAN_POINT('',(3.648285720484,-0.2));
#7779 = CARTESIAN_POINT('',(3.621731879934,-0.2));
#7780 = CARTESIAN_POINT('',(3.594661847043,-0.2));
#7781 = CARTESIAN_POINT('',(3.56705254834,-0.2));
#7782 = CARTESIAN_POINT('',(3.53888681029,-0.2));
#7783 = CARTESIAN_POINT('',(3.510153604655,-0.2));
#7784 = CARTESIAN_POINT('',(3.480849018998,-0.2));
#7785 = CARTESIAN_POINT('',(3.438184917215,-0.2));
#7786 = CARTESIAN_POINT('',(3.42528911617,-0.2));
#7787 = CARTESIAN_POINT('',(3.412291632057,-0.2));
#7788 = CARTESIAN_POINT('',(3.39919412023,-0.2));
#7789 = CARTESIAN_POINT('',(3.385998869721,-0.2));
#7790 = CARTESIAN_POINT('',(3.372708864434,-0.2));
#7791 = CARTESIAN_POINT('',(3.359327844337,-0.2));
#7792 = CARTESIAN_POINT('',(3.337749820676,-0.2));
#7793 = CARTESIAN_POINT('',(3.329607921542,-0.2));
#7794 = CARTESIAN_POINT('',(3.321435676857,-0.2));
#7795 = CARTESIAN_POINT('',(3.313234199073,-0.2));
#7796 = CARTESIAN_POINT('',(3.305004705488,-0.2));
#7797 = CARTESIAN_POINT('',(3.296748518247,-0.2));
#7798 = CARTESIAN_POINT('',(3.288467064342,-0.2));
#7799 = CARTESIAN_POINT('',(3.262891170496,-0.2));
#7800 = CARTESIAN_POINT('',(3.245516685289,-0.2));
#7801 = CARTESIAN_POINT('',(3.228053685924,-0.2));
#7802 = CARTESIAN_POINT('',(3.210518129331,-0.2));
#7803 = CARTESIAN_POINT('',(3.192926867731,-0.2));
#7804 = CARTESIAN_POINT('',(3.175297852935,-0.2));
#7805 = CARTESIAN_POINT('',(3.157650340637,-0.2));
#7806 = CARTESIAN_POINT('',(3.121229807407,-0.2));
#7807 = CARTESIAN_POINT('',(3.102454742064,-0.2));
#7808 = CARTESIAN_POINT('',(3.08370507759,-0.2));
#7809 = CARTESIAN_POINT('',(3.0650039036,-0.2));
#7810 = CARTESIAN_POINT('',(3.046372501406,-0.2));
#7811 = CARTESIAN_POINT('',(3.027830625012,-0.2));
#7812 = CARTESIAN_POINT('',(3.009396782098,-0.2));
#7813 = CARTESIAN_POINT('',(2.982215546609,-0.2));
#7814 = CARTESIAN_POINT('',(2.973371706158,-0.2));
#7815 = CARTESIAN_POINT('',(2.964558785378,-0.2));
#7816 = CARTESIAN_POINT('',(2.955778418172,-0.2));
#7817 = CARTESIAN_POINT('',(2.947032089288,-0.2));
#7818 = CARTESIAN_POINT('',(2.938321142979,-0.2));
#7819 = CARTESIAN_POINT('',(2.929646791658,-0.2));
#7820 = CARTESIAN_POINT('',(2.905788158987,-0.2));
#7821 = CARTESIAN_POINT('',(2.890683327116,-0.2));
#7822 = CARTESIAN_POINT('',(2.875701368713,-0.2));
#7823 = CARTESIAN_POINT('',(2.860846759964,-0.2));
#7824 = CARTESIAN_POINT('',(2.846122815635,-0.2));
#7825 = CARTESIAN_POINT('',(2.831531791221,-0.2));
#7826 = CARTESIAN_POINT('',(2.817074985099,-0.2));
#7827 = CARTESIAN_POINT('',(2.764511683951,-0.2));
#7828 = CARTESIAN_POINT('',(2.727250422224,-0.2));
#7829 = CARTESIAN_POINT('',(2.690948521181,-0.2));
#7830 = CARTESIAN_POINT('',(2.655575453398,-0.2));
#7831 = CARTESIAN_POINT('',(2.621091692234,-0.2));
#7832 = CARTESIAN_POINT('',(2.587448720483,-0.2));
#7833 = CARTESIAN_POINT('',(2.5545880538,-0.2));
#7834 = CARTESIAN_POINT('',(2.522439278894,-0.2));
#7835 = ( GEOMETRIC_REPRESENTATION_CONTEXT(2) 
PARAMETRIC_REPRESENTATION_CONTEXT() REPRESENTATION_CONTEXT('2D SPACE',''
  ) );
#7836 = ORIENTED_EDGE('',*,*,#7837,.T.);
#7837 = EDGE_CURVE('',#7325,#7327,#7838,.T.);
#7838 = SURFACE_CURVE('',#7839,(#7932,#8028),.PCURVE_S1.);
#7839 = B_SPLINE_CURVE_WITH_KNOTS('',7,(#7840,#7841,#7842,#7843,#7844,
    #7845,#7846,#7847,#7848,#7849,#7850,#7851,#7852,#7853,#7854,#7855,
    #7856,#7857,#7858,#7859,#7860,#7861,#7862,#7863,#7864,#7865,#7866,
    #7867,#7868,#7869,#7870,#7871,#7872,#7873,#7874,#7875,#7876,#7877,
    #7878,#7879,#7880,#7881,#7882,#7883,#7884,#7885,#7886,#7887,#7888,
    #7889,#7890,#7891,#7892,#7893,#7894,#7895,#7896,#7897,#7898,#7899,
    #7900,#7901,#7902,#7903,#7904,#7905,#7906,#7907,#7908,#7909,#7910,
    #7911,#7912,#7913,#7914,#7915,#7916,#7917,#7918,#7919,#7920,#7921,
    #7922,#7923,#7924,#7925,#7926,#7927,#7928,#7929,#7930,#7931),
  .UNSPECIFIED.,.F.,.F.,(8,6,6,6,6,6,6,6,6,6,6,6,6,6,6,8),(0.,
    2.091102099608E-02,6.165161133933E-02,8.291669191605E-02,
    0.126060205999,0.1923848895,0.255977014649,0.313861050807,
    0.500025995593,0.673210523012,0.729685417277,0.792633345332,
    0.858279524936,0.910871808998,0.934646767811,1.),.UNSPECIFIED.);
#7840 = CARTESIAN_POINT('',(8.958070923884,19.704937122976,
    67.448380797557));
#7841 = CARTESIAN_POINT('',(8.969980112551,19.681576287876,
    67.384197430621));
#7842 = CARTESIAN_POINT('',(8.97995955881,19.658103046396,
    67.319705229693));
#7843 = CARTESIAN_POINT('',(8.98797520683,19.634538492805,
    67.254962150801));
#7844 = CARTESIAN_POINT('',(8.994000692691,19.610904456786,
    67.19002817051));
#7845 = CARTESIAN_POINT('',(8.998017915461,19.58722351391,
    67.124965314685));
#7846 = CARTESIAN_POINT('',(9.000017608276,19.563518996092,
    67.059837687243));
#7847 = CARTESIAN_POINT('',(8.999965427045,19.493632909375,
    66.867827242052));
#7848 = CARTESIAN_POINT('',(8.992273313714,19.447444341304,
    66.740925194242));
#7849 = CARTESIAN_POINT('',(8.976919817397,19.401437582116,
    66.61452266223));
#7850 = CARTESIAN_POINT('',(8.954047131866,19.35578078363,
    66.489081639345));
#7851 = CARTESIAN_POINT('',(8.923910793463,19.310623515149,
    66.36501306387));
#7852 = CARTESIAN_POINT('',(8.886853824939,19.266098033911,
    66.242680309578));
#7853 = CARTESIAN_POINT('',(8.820547682817,19.199469906456,
    66.059621033895));
#7854 = CARTESIAN_POINT('',(8.796031832928,19.176820767501,
    65.997393036044));
#7855 = CARTESIAN_POINT('',(8.769796103074,19.154387570649,
    65.935758334249));
#7856 = CARTESIAN_POINT('',(8.741899536078,19.132182877338,
    65.87475144077));
#7857 = CARTESIAN_POINT('',(8.712403000679,19.110217264009,
    65.814401414144));
#7858 = CARTESIAN_POINT('',(8.681368001022,19.088499487125,
    65.754732312555));
#7859 = CARTESIAN_POINT('',(8.582892691504,19.02349191338,
    65.576125471598));
#7860 = CARTESIAN_POINT('',(8.510852743933,18.980999576817,
    65.459378736391));
#7861 = CARTESIAN_POINT('',(8.433239079855,18.939613372229,
    65.345671073807));
#7862 = CARTESIAN_POINT('',(8.350547810411,18.899363079103,
    65.235084302318));
#7863 = CARTESIAN_POINT('',(8.263244923049,18.860259638462,
    65.127648482134));
#7864 = CARTESIAN_POINT('',(8.171750096673,18.822298865641,
    65.023352115984));
#7865 = CARTESIAN_POINT('',(7.929886782346,18.728837016266,
    64.766567795246));
#7866 = CARTESIAN_POINT('',(7.77434351115,18.674887624354,
    64.618343059174));
#7867 = CARTESIAN_POINT('',(7.611091924565,18.623537398824,
    64.477259474045));
#7868 = CARTESIAN_POINT('',(7.441239985428,18.574696859138,
    64.343071194103));
#7869 = CARTESIAN_POINT('',(7.265711638703,18.528264950632,
    64.215500573942));
#7870 = CARTESIAN_POINT('',(7.085242826584,18.484131096098,
    64.094243805177));
#7871 = CARTESIAN_POINT('',(6.723115628507,18.401956450739,
    63.868470822601));
#7872 = CARTESIAN_POINT('',(6.541858304697,18.363749859756,
    63.763499076599));
#7873 = CARTESIAN_POINT('',(6.357109355448,18.327463483625,
    63.663803077548));
#7874 = CARTESIAN_POINT('',(6.169301639642,18.293013342381,
    63.569152092382));
#7875 = CARTESIAN_POINT('',(5.97879923992,18.260322871644,63.4793357622)
  );
#7876 = CARTESIAN_POINT('',(5.785901725645,18.229320577326,
    63.39415765861));
#7877 = CARTESIAN_POINT('',(5.413294607607,18.173197168503,
    63.239959860167));
#7878 = CARTESIAN_POINT('',(5.233968610843,18.147799840849,
    63.170181275922));
#7879 = CARTESIAN_POINT('',(5.053052628808,18.123699578763,
    63.103966350039));
#7880 = CARTESIAN_POINT('',(4.870711329157,18.100853342855,
    63.041196832762));
#7881 = CARTESIAN_POINT('',(4.687088489218,18.079222835935,
    62.981767503428));
#7882 = CARTESIAN_POINT('',(4.502308178425,18.058773575398,
    62.925583621858));
#7883 = CARTESIAN_POINT('',(3.718807730972,17.977403124831,
    62.702020146314));
#7884 = CARTESIAN_POINT('',(3.110546564904,17.927253923678,
    62.564236348543));
#7885 = CARTESIAN_POINT('',(2.494830710777,17.887925119752,
    62.456181347822));
#7886 = CARTESIAN_POINT('',(1.874125161341,17.858841331818,
    62.376274297201));
#7887 = CARTESIAN_POINT('',(1.250453623771,17.839589494645,
    62.323380309284));
#7888 = CARTESIAN_POINT('',(0.625372232799,17.82995690425,
    62.296914984683));
#7889 = CARTESIAN_POINT('',(-0.581767930177,17.82995690425,
    62.296914984683));
#7890 = CARTESIAN_POINT('',(-1.163345733432,17.83829318804,
    62.319818736158));
#7891 = CARTESIAN_POINT('',(-1.743769569095,17.854957398827,
    62.365603279009));
#7892 = CARTESIAN_POINT('',(-2.321778739071,17.880107841418,
    62.434703552117));
#7893 = CARTESIAN_POINT('',(-2.895801036116,17.914048996321,
    62.527956108804));
#7894 = CARTESIAN_POINT('',(-3.46395981127,17.957218584385,
    62.646563577218));
#7895 = CARTESIAN_POINT('',(-4.206557220476,18.027748129081,
    62.840341908674));
#7896 = CARTESIAN_POINT('',(-4.388278005176,18.046155027188,
    62.890914445584));
#7897 = CARTESIAN_POINT('',(-4.569021107798,18.065651384555,
    62.944480247212));
#7898 = CARTESIAN_POINT('',(-4.748683976741,18.086266013288,
    63.001118474165));
#7899 = CARTESIAN_POINT('',(-4.927149129365,18.108030969607,
    63.060917200187));
#7900 = CARTESIAN_POINT('',(-5.104283319585,18.130982266464,
    63.123975370048));
#7901 = CARTESIAN_POINT('',(-5.475723113575,18.182110174085,
    63.264448141742));
#7902 = CARTESIAN_POINT('',(-5.669657740968,18.210582595472,
    63.342675476581));
#7903 = CARTESIAN_POINT('',(-5.861542738963,18.240635294105,
    63.425244587468));
#7904 = CARTESIAN_POINT('',(-6.051129920454,18.272330936339,
    63.5123276488));
#7905 = CARTESIAN_POINT('',(-6.238120637983,18.305737428601,
    63.604111231954));
#7906 = CARTESIAN_POINT('',(-6.422162347733,18.340930009696,
    63.700802053845));
#7907 = CARTESIAN_POINT('',(-6.791266165731,18.416649628144,
    63.908839995741));
#7908 = CARTESIAN_POINT('',(-6.975994649287,18.45733268403,
    64.020615773143));
#7909 = CARTESIAN_POINT('',(-7.156591320004,18.50014749875,
    64.138248509804));
#7910 = CARTESIAN_POINT('',(-7.332467130682,18.545197371285,
    64.262022017341));
#7911 = CARTESIAN_POINT('',(-7.502885928301,18.592583245834,
    64.392213637666));
#7912 = CARTESIAN_POINT('',(-7.666961660511,18.642404460391,
    64.529096299673));
#7913 = CARTESIAN_POINT('',(-7.949174802215,18.736709894224,
    64.78819834966));
#7914 = CARTESIAN_POINT('',(-8.069929192962,18.780275294715,
    64.907893303779));
#7915 = CARTESIAN_POINT('',(-8.185372604568,18.825509718559,
    65.032173861871));
#7916 = CARTESIAN_POINT('',(-8.294844175301,18.872444565384,
    65.161126293709));
#7917 = CARTESIAN_POINT('',(-8.397574658256,18.921087856283,
    65.294772637062));
#7918 = CARTESIAN_POINT('',(-8.492714247991,18.971416982353,
    65.43305077448));
#7919 = CARTESIAN_POINT('',(-8.618548340737,19.046853716375,
    65.640311497803));
#7920 = CARTESIAN_POINT('',(-8.655987521785,19.070668799394,
    65.705742900641));
#7921 = CARTESIAN_POINT('',(-8.691607044845,19.094806460171,
    65.772060578583));
#7922 = CARTESIAN_POINT('',(-8.725321048625,19.119257078121,
    65.839238099293));
#7923 = CARTESIAN_POINT('',(-8.757043361312,19.144008361106,
    65.907241690397));
#7924 = CARTESIAN_POINT('',(-8.786689390833,19.16904505823,
    65.976029450402));
#7925 = CARTESIAN_POINT('',(-8.889739468606,19.263903913539,
    66.2366520134));
#7926 = CARTESIAN_POINT('',(-8.949112912158,19.335579932003,
    66.433580255646));
#7927 = CARTESIAN_POINT('',(-8.990355614058,19.408845287791,
    66.634875166301));
#7928 = CARTESIAN_POINT('',(-9.012114981056,19.483105772992,
    66.83890417255));
#7929 = CARTESIAN_POINT('',(-9.013712910726,19.557702939891,
    67.04385820416));
#7930 = CARTESIAN_POINT('',(-8.995298759148,19.631911718387,
    67.247745147403));
#7931 = CARTESIAN_POINT('',(-8.958070923884,19.704937122976,
    67.448380797557));
#7932 = PCURVE('',#5275,#7933);
#7933 = DEFINITIONAL_REPRESENTATION('',(#7934),#8027);
#7934 = B_SPLINE_CURVE_WITH_KNOTS('',7,(#7935,#7936,#7937,#7938,#7939,
    #7940,#7941,#7942,#7943,#7944,#7945,#7946,#7947,#7948,#7949,#7950,
    #7951,#7952,#7953,#7954,#7955,#7956,#7957,#7958,#7959,#7960,#7961,
    #7962,#7963,#7964,#7965,#7966,#7967,#7968,#7969,#7970,#7971,#7972,
    #7973,#7974,#7975,#7976,#7977,#7978,#7979,#7980,#7981,#7982,#7983,
    #7984,#7985,#7986,#7987,#7988,#7989,#7990,#7991,#7992,#7993,#7994,
    #7995,#7996,#7997,#7998,#7999,#8000,#8001,#8002,#8003,#8004,#8005,
    #8006,#8007,#8008,#8009,#8010,#8011,#8012,#8013,#8014,#8015,#8016,
    #8017,#8018,#8019,#8020,#8021,#8022,#8023,#8024,#8025,#8026),
  .UNSPECIFIED.,.F.,.F.,(8,6,6,6,6,6,6,6,6,6,6,6,6,6,6,8),(0.,
    2.091102099608E-02,6.165161133933E-02,8.291669191605E-02,
    0.126060205999,0.1923848895,0.255977014649,0.313861050807,
    0.500025995593,0.673210523012,0.729685417277,0.792633345332,
    0.858279524936,0.910871808998,0.934646767811,1.),.UNSPECIFIED.);
#7935 = CARTESIAN_POINT('',(15.422690050592,8.958070923884));
#7936 = CARTESIAN_POINT('',(15.354387538136,8.969980112551));
#7937 = CARTESIAN_POINT('',(15.285756371411,8.97995955881));
#7938 = CARTESIAN_POINT('',(15.216858225932,8.98797520683));
#7939 = CARTESIAN_POINT('',(15.147756927428,8.994000692691));
#7940 = CARTESIAN_POINT('',(15.078518482445,8.998017915461));
#7941 = CARTESIAN_POINT('',(15.009211108947,9.000017608276));
#7942 = CARTESIAN_POINT('',(14.804877861091,8.999965427045));
#7943 = CARTESIAN_POINT('',(14.669831522531,8.992273313714));
#7944 = CARTESIAN_POINT('',(14.535316757579,8.976919817397));
#7945 = CARTESIAN_POINT('',(14.401825209268,8.954047131866));
#7946 = CARTESIAN_POINT('',(14.269794188985,8.923910793463));
#7947 = CARTESIAN_POINT('',(14.139610391021,8.886853824939));
#7948 = CARTESIAN_POINT('',(13.944802778794,8.820547682817));
#7949 = CARTESIAN_POINT('',(13.878581126656,8.796031832928));
#7950 = CARTESIAN_POINT('',(13.812990846992,8.769796103074));
#7951 = CARTESIAN_POINT('',(13.748068666983,8.741899536078));
#7952 = CARTESIAN_POINT('',(13.68384551008,8.712403000679));
#7953 = CARTESIAN_POINT('',(13.620346978465,8.681368001022));
#7954 = CARTESIAN_POINT('',(13.430277548306,8.582892691504));
#7955 = CARTESIAN_POINT('',(13.306038267691,8.510852743933));
#7956 = CARTESIAN_POINT('',(13.185033100609,8.433239079855));
#7957 = CARTESIAN_POINT('',(13.06734911646,8.350547810411));
#7958 = CARTESIAN_POINT('',(12.953018304652,8.263244923049));
#7959 = CARTESIAN_POINT('',(12.842028430045,8.171750096673));
#7960 = CARTESIAN_POINT('',(12.568764263595,7.929886782346));
#7961 = CARTESIAN_POINT('',(12.411026794137,7.77434351115));
#7962 = CARTESIAN_POINT('',(12.260888778781,7.611091924565));
#7963 = CARTESIAN_POINT('',(12.11808859394,7.441239985428));
#7964 = CARTESIAN_POINT('',(11.982330775544,7.265711638703));
#7965 = CARTESIAN_POINT('',(11.853292017462,7.085242826584));
#7966 = CARTESIAN_POINT('',(11.613029427779,6.723115628507));
#7967 = CARTESIAN_POINT('',(11.501320828946,6.541858304697));
#7968 = CARTESIAN_POINT('',(11.39522656275,6.357109355448));
#7969 = CARTESIAN_POINT('',(11.294501088194,6.169301639642));
#7970 = CARTESIAN_POINT('',(11.198920546009,5.97879923992));
#7971 = CARTESIAN_POINT('',(11.108275901467,5.785901725645));
#7972 = CARTESIAN_POINT('',(10.944182031799,5.413294607607));
#7973 = CARTESIAN_POINT('',(10.869925213451,5.233968610843));
#7974 = CARTESIAN_POINT('',(10.799460761121,5.053052628808));
#7975 = CARTESIAN_POINT('',(10.732662836045,4.870711329157));
#7976 = CARTESIAN_POINT('',(10.669419464735,4.687088489218));
#7977 = CARTESIAN_POINT('',(10.609629826796,4.502308178425));
#7978 = CARTESIAN_POINT('',(10.371718545385,3.718807730972));
#7979 = CARTESIAN_POINT('',(10.225092090389,3.110546564904));
#7980 = CARTESIAN_POINT('',(10.110102360418,2.494830710777));
#7981 = CARTESIAN_POINT('',(10.025067053282,1.874125161341));
#7982 = CARTESIAN_POINT('',(9.968778447043,1.250453623771));
#7983 = CARTESIAN_POINT('',(9.940614636862,0.625372232799));
#7984 = CARTESIAN_POINT('',(9.940614636862,-0.581767930177));
#7985 = CARTESIAN_POINT('',(9.964988300087,-1.163345733432));
#7986 = CARTESIAN_POINT('',(10.013711192913,-1.743769569095));
#7987 = CARTESIAN_POINT('',(10.087246167627,-2.321778739071));
#7988 = CARTESIAN_POINT('',(10.186483465679,-2.895801036116));
#7989 = CARTESIAN_POINT('',(10.312702897215,-3.46395981127));
#7990 = CARTESIAN_POINT('',(10.518917490338,-4.206557220476));
#7991 = CARTESIAN_POINT('',(10.572735660016,-4.388278005176));
#7992 = CARTESIAN_POINT('',(10.629739195473,-4.569021107798));
#7993 = CARTESIAN_POINT('',(10.690012337669,-4.748683976741));
#7994 = CARTESIAN_POINT('',(10.753648812723,-4.927149129365));
#7995 = CARTESIAN_POINT('',(10.820753915463,-5.104283319585));
#7996 = CARTESIAN_POINT('',(10.970241916737,-5.475723113575));
#7997 = CARTESIAN_POINT('',(11.053489707673,-5.669657740968));
#7998 = CARTESIAN_POINT('',(11.141357920173,-5.861542738963));
#7999 = CARTESIAN_POINT('',(11.234029778401,-6.051129920454));
#8000 = CARTESIAN_POINT('',(11.331703827471,-6.238120637983));
#8001 = CARTESIAN_POINT('',(11.434600050931,-6.422162347733));
#8002 = CARTESIAN_POINT('',(11.655989404528,-6.791266165731));
#8003 = CARTESIAN_POINT('',(11.77493870234,-6.975994649287));
#8004 = CARTESIAN_POINT('',(11.900120846011,-7.156591320004));
#8005 = CARTESIAN_POINT('',(12.031837861553,-7.332467130682));
#8006 = CARTESIAN_POINT('',(12.170384890065,-7.502885928301));
#8007 = CARTESIAN_POINT('',(12.31605237641,-7.666961660511));
#8008 = CARTESIAN_POINT('',(12.591783018809,-7.949174802215));
#8009 = CARTESIAN_POINT('',(12.71915972846,-8.069929192962));
#8010 = CARTESIAN_POINT('',(12.851416335933,-8.185372604568));
#8011 = CARTESIAN_POINT('',(12.988644647602,-8.294844175301));
#8012 = CARTESIAN_POINT('',(13.13086811557,-8.397574658256));
#8013 = CARTESIAN_POINT('',(13.27802063583,-8.492714247991));
#8014 = CARTESIAN_POINT('',(13.498582890697,-8.618548340737));
#8015 = CARTESIAN_POINT('',(13.56821353522,-8.655987521785));
#8016 = CARTESIAN_POINT('',(13.638787334008,-8.691607044845));
#8017 = CARTESIAN_POINT('',(13.710276158358,-8.725321048625));
#8018 = CARTESIAN_POINT('',(13.782644068459,-8.757043361312));
#8019 = CARTESIAN_POINT('',(13.855846473675,-8.786689390833));
#8020 = CARTESIAN_POINT('',(14.133195212223,-8.889739468606));
#8021 = CARTESIAN_POINT('',(14.342761870394,-8.949112912158));
#8022 = CARTESIAN_POINT('',(14.556975440025,-8.990355614058));
#8023 = CARTESIAN_POINT('',(14.774098573415,-9.012114981056));
#8024 = CARTESIAN_POINT('',(14.992206098234,-9.013712910726));
#8025 = CARTESIAN_POINT('',(15.209178051332,-8.995298759148));
#8026 = CARTESIAN_POINT('',(15.422690050592,-8.958070923884));
#8027 = ( GEOMETRIC_REPRESENTATION_CONTEXT(2) 
PARAMETRIC_REPRESENTATION_CONTEXT() REPRESENTATION_CONTEXT('2D SPACE',''
  ) );
#8028 = PCURVE('',#8029,#8037);
#8029 = SURFACE_OF_LINEAR_EXTRUSION('',#8030,#8035);
#8030 = ELLIPSE('',#8031,9.,5.);
#8031 = AXIS2_PLACEMENT_3D('',#8032,#8033,#8034);
#8032 = CARTESIAN_POINT('',(0.,19.821965407114,66.892772045615));
#8033 = DIRECTION('',(0.,-0.939692620786,0.342020143326));
#8034 = DIRECTION('',(1.,0.,0.));
#8035 = VECTOR('',#8036,1.);
#8036 = DIRECTION('',(0.,0.939692620786,-0.342020143326));
#8037 = DEFINITIONAL_REPRESENTATION('',(#8038),#8131);
#8038 = B_SPLINE_CURVE_WITH_KNOTS('',7,(#8039,#8040,#8041,#8042,#8043,
    #8044,#8045,#8046,#8047,#8048,#8049,#8050,#8051,#8052,#8053,#8054,
    #8055,#8056,#8057,#8058,#8059,#8060,#8061,#8062,#8063,#8064,#8065,
    #8066,#8067,#8068,#8069,#8070,#8071,#8072,#8073,#8074,#8075,#8076,
    #8077,#8078,#8079,#8080,#8081,#8082,#8083,#8084,#8085,#8086,#8087,
    #8088,#8089,#8090,#8091,#8092,#8093,#8094,#8095,#8096,#8097,#8098,
    #8099,#8100,#8101,#8102,#8103,#8104,#8105,#8106,#8107,#8108,#8109,
    #8110,#8111,#8112,#8113,#8114,#8115,#8116,#8117,#8118,#8119,#8120,
    #8121,#8122,#8123,#8124,#8125,#8126,#8127,#8128,#8129,#8130),
  .UNSPECIFIED.,.F.,.F.,(8,6,6,6,6,6,6,6,6,6,6,6,6,6,6,8),(0.,
    2.091102099608E-02,6.165161133933E-02,8.291669191605E-02,
    0.126060205999,0.1923848895,0.255977014649,0.313861050807,
    0.500025995593,0.673210523012,0.729685417277,0.792633345332,
    0.858279524936,0.910871808998,0.934646767811,1.),.UNSPECIFIED.);
#8039 = CARTESIAN_POINT('',(6.379750395253,-0.3));
#8040 = CARTESIAN_POINT('',(6.366025953522,-0.3));
#8041 = CARTESIAN_POINT('',(6.352256759299,-0.3));
#8042 = CARTESIAN_POINT('',(6.338451235648,-0.3));
#8043 = CARTESIAN_POINT('',(6.324618020789,-0.3));
#8044 = CARTESIAN_POINT('',(6.310766044037,-0.3));
#8045 = CARTESIAN_POINT('',(6.296904601736,-0.3));
#8046 = CARTESIAN_POINT('',(6.256037951753,-0.3));
#8047 = CARTESIAN_POINT('',(6.229028565178,-0.3));
#8048 = CARTESIAN_POINT('',(6.202093194431,-0.3));
#8049 = CARTESIAN_POINT('',(6.175297987984,-0.3));
#8050 = CARTESIAN_POINT('',(6.148700539858,-0.3));
#8051 = CARTESIAN_POINT('',(6.122352125392,-0.3));
#8052 = CARTESIAN_POINT('',(6.082700163721,-0.3));
#8053 = CARTESIAN_POINT('',(6.069180334503,-0.3));
#8054 = CARTESIAN_POINT('',(6.055744962866,-0.3));
#8055 = CARTESIAN_POINT('',(6.042398600392,-0.3));
#8056 = CARTESIAN_POINT('',(6.02914493992,-0.3));
#8057 = CARTESIAN_POINT('',(6.015986901026,-0.3));
#8058 = CARTESIAN_POINT('',(5.976429646909,-0.3));
#8059 = CARTESIAN_POINT('',(5.950337198429,-0.3));
#8060 = CARTESIAN_POINT('',(5.924664633602,-0.3));
#8061 = CARTESIAN_POINT('',(5.899417772141,-0.3));
#8062 = CARTESIAN_POINT('',(5.874595182729,-0.3));
#8063 = CARTESIAN_POINT('',(5.8501892914,-0.3));
#8064 = CARTESIAN_POINT('',(5.789286680422,-0.3));
#8065 = CARTESIAN_POINT('',(5.753350495534,-0.3));
#8066 = CARTESIAN_POINT('',(5.718318281618,-0.3));
#8067 = CARTESIAN_POINT('',(5.684134503313,-0.3));
#8068 = CARTESIAN_POINT('',(5.650742770196,-0.3));
#8069 = CARTESIAN_POINT('',(5.618082389682,-0.3));
#8070 = CARTESIAN_POINT('',(5.555408561242,-0.3));
#8071 = CARTESIAN_POINT('',(5.525349371207,-0.3));
#8072 = CARTESIAN_POINT('',(5.495854896891,-0.3));
#8073 = CARTESIAN_POINT('',(5.466879671555,-0.3));
#8074 = CARTESIAN_POINT('',(5.438382695085,-0.3));
#8075 = CARTESIAN_POINT('',(5.41032493204,-0.3));
#8076 = CARTESIAN_POINT('',(5.357494094368,-0.3));
#8077 = CARTESIAN_POINT('',(5.332654061898,-0.3));
#8078 = CARTESIAN_POINT('',(5.308120743023,-0.3));
#8079 = CARTESIAN_POINT('',(5.283869808468,-0.3));
#8080 = CARTESIAN_POINT('',(5.259879213891,-0.3));
#8081 = CARTESIAN_POINT('',(5.236128385363,-0.3));
#8082 = CARTESIAN_POINT('',(5.13691775326,-0.3));
#8083 = CARTESIAN_POINT('',(5.063548671471,-0.3));
#8084 = CARTESIAN_POINT('',(4.991780415883,-0.3));
#8085 = CARTESIAN_POINT('',(4.921173858372,-0.3));
#8086 = CARTESIAN_POINT('',(4.851328080302,-0.3));
#8087 = CARTESIAN_POINT('',(4.781874784029,-0.3));
#8088 = CARTESIAN_POINT('',(4.647748099254,-0.3));
#8089 = CARTESIAN_POINT('',(4.583128437994,-0.3));
#8090 = CARTESIAN_POINT('',(4.518195263086,-0.3));
#8091 = CARTESIAN_POINT('',(4.452651017048,-0.3));
#8092 = CARTESIAN_POINT('',(4.386177522587,-0.3));
#8093 = CARTESIAN_POINT('',(4.318423287895,-0.3));
#8094 = CARTESIAN_POINT('',(4.226178969429,-0.3));
#8095 = CARTESIAN_POINT('',(4.203305854796,-0.3));
#8096 = CARTESIAN_POINT('',(4.180225971262,-0.3));
#8097 = CARTESIAN_POINT('',(4.156921532693,-0.3));
#8098 = CARTESIAN_POINT('',(4.133373538547,-0.3));
#8099 = CARTESIAN_POINT('',(4.10956115372,-0.3));
#8100 = CARTESIAN_POINT('',(4.058598724187,-0.3));
#8101 = CARTESIAN_POINT('',(4.031380563791,-0.3));
#8102 = CARTESIAN_POINT('',(4.003773074075,-0.3));
#8103 = CARTESIAN_POINT('',(3.975741588182,-0.3));
#8104 = CARTESIAN_POINT('',(3.947249402942,-0.3));
#8105 = CARTESIAN_POINT('',(3.918255721544,-0.3));
#8106 = CARTESIAN_POINT('',(3.857902793977,-0.3));
#8107 = CARTESIAN_POINT('',(3.826501786856,-0.3));
#8108 = CARTESIAN_POINT('',(3.79445048593,-0.3));
#8109 = CARTESIAN_POINT('',(3.761692886232,-0.3));
#8110 = CARTESIAN_POINT('',(3.728174251438,-0.3));
#8111 = CARTESIAN_POINT('',(3.693837346891,-0.3));
#8112 = CARTESIAN_POINT('',(3.630399519669,-0.3));
#8113 = CARTESIAN_POINT('',(3.6016219292,-0.3));
#8114 = CARTESIAN_POINT('',(3.572250877816,-0.3));
#8115 = CARTESIAN_POINT('',(3.542263552993,-0.3));
#8116 = CARTESIAN_POINT('',(3.51164659426,-0.3));
#8117 = CARTESIAN_POINT('',(3.480397633497,-0.3));
#8118 = CARTESIAN_POINT('',(3.434122451004,-0.3));
#8119 = CARTESIAN_POINT('',(3.419590301703,-0.3));
#8120 = CARTESIAN_POINT('',(3.404934549952,-0.3));
#8121 = CARTESIAN_POINT('',(3.390158160892,-0.3));
#8122 = CARTESIAN_POINT('',(3.375265231574,-0.3));
#8123 = CARTESIAN_POINT('',(3.360261127672,-0.3));
#8124 = CARTESIAN_POINT('',(3.303621957402,-0.3));
#8125 = CARTESIAN_POINT('',(3.26124039519,-0.3));
#8126 = CARTESIAN_POINT('',(3.218238758368,-0.3));
#8127 = CARTESIAN_POINT('',(3.174849527993,-0.3));
#8128 = CARTESIAN_POINT('',(3.13131930733,-0.3));
#8129 = CARTESIAN_POINT('',(3.087929837884,-0.3));
#8130 = CARTESIAN_POINT('',(3.045027565516,-0.3));
#8131 = ( GEOMETRIC_REPRESENTATION_CONTEXT(2) 
PARAMETRIC_REPRESENTATION_CONTEXT() REPRESENTATION_CONTEXT('2D SPACE',''
  ) );
#8132 = FACE_BOUND('',#8133,.T.);
#8133 = EDGE_LOOP('',(#8134));
#8134 = ORIENTED_EDGE('',*,*,#8135,.F.);
#8135 = EDGE_CURVE('',#8136,#8136,#8138,.T.);
#8136 = VERTEX_POINT('',#8137);
#8137 = CARTESIAN_POINT('',(21.,26.209450415729,85.319384193938));
#8138 = SURFACE_CURVE('',#8139,(#8298,#8460),.PCURVE_S1.);
#8139 = B_SPLINE_CURVE_WITH_KNOTS('',7,(#8140,#8141,#8142,#8143,#8144,
    #8145,#8146,#8147,#8148,#8149,#8150,#8151,#8152,#8153,#8154,#8155,
    #8156,#8157,#8158,#8159,#8160,#8161,#8162,#8163,#8164,#8165,#8166,
    #8167,#8168,#8169,#8170,#8171,#8172,#8173,#8174,#8175,#8176,#8177,
    #8178,#8179,#8180,#8181,#8182,#8183,#8184,#8185,#8186,#8187,#8188,
    #8189,#8190,#8191,#8192,#8193,#8194,#8195,#8196,#8197,#8198,#8199,
    #8200,#8201,#8202,#8203,#8204,#8205,#8206,#8207,#8208,#8209,#8210,
    #8211,#8212,#8213,#8214,#8215,#8216,#8217,#8218,#8219,#8220,#8221,
    #8222,#8223,#8224,#8225,#8226,#8227,#8228,#8229,#8230,#8231,#8232,
    #8233,#8234,#8235,#8236,#8237,#8238,#8239,#8240,#8241,#8242,#8243,
    #8244,#8245,#8246,#8247,#8248,#8249,#8250,#8251,#8252,#8253,#8254,
    #8255,#8256,#8257,#8258,#8259,#8260,#8261,#8262,#8263,#8264,#8265,
    #8266,#8267,#8268,#8269,#8270,#8271,#8272,#8273,#8274,#8275,#8276,
    #8277,#8278,#8279,#8280,#8281,#8282,#8283,#8284,#8285,#8286,#8287,
    #8288,#8289,#8290,#8291,#8292,#8293,#8294,#8295,#8296,#8297),
  .UNSPECIFIED.,.T.,.F.,(8,6,6,6,6,6,6,6,6,6,6,6,6,6,6,6,6,6,6,6,6,6,6,6
    ,6,6,8),(0.,3.783865788274E-02,6.40037005762E-02,0.101644374154,
    0.136121615001,0.165203984298,0.24999692509,0.33478986588,
    0.363872235178,0.398349476025,0.435990149602,0.462155192295,
    0.482564365837,0.500000809499,0.525160983313,0.53784536643,
    0.564010377491,0.601651005563,0.636128204728,0.665210538866,
    0.750003377146,0.834796215426,0.863878549565,0.89835574873,
    0.935996376802,0.962161387863,1.),.UNSPECIFIED.);
#8140 = CARTESIAN_POINT('',(21.,26.209450415729,85.319384193938));
#8141 = CARTESIAN_POINT('',(21.234248906788,26.209450499315,
    85.319384423588));
#8142 = CARTESIAN_POINT('',(21.468677641945,26.202567278139,
    85.300472928834));
#8143 = CARTESIAN_POINT('',(21.700901796471,26.188783543763,
    85.26260242988));
#8144 = CARTESIAN_POINT('',(21.929029174862,26.168394596164,
    85.206584256747));
#8145 = CARTESIAN_POINT('',(22.151580910915,26.141875957928,
    85.133724896999));
#8146 = CARTESIAN_POINT('',(22.367433736333,26.109793118817,
    85.045578020988));
#8147 = CARTESIAN_POINT('',(22.71985507692,26.047140701502,
    84.873441919141));
#8148 = CARTESIAN_POINT('',(22.860384448519,26.01914910722,
    84.796535645918));
#8149 = CARTESIAN_POINT('',(22.997163511196,25.988966185079,
    84.713608748881));
#8150 = CARTESIAN_POINT('',(23.130063362923,25.956777063471,
    84.625169864111));
#8151 = CARTESIAN_POINT('',(23.259021534774,25.922758004002,
    84.531703266391));
#8152 = CARTESIAN_POINT('',(23.384029320372,25.887070063506,
    84.433651455731));
#8153 = CARTESIAN_POINT('',(23.679317133495,25.796312563096,
    84.184297272707));
#8154 = CARTESIAN_POINT('',(23.845365400229,25.739621242933,
    84.028539150681));
#8155 = CARTESIAN_POINT('',(24.00339380178,25.680191519127,
    83.865257326479));
#8156 = CARTESIAN_POINT('',(24.153588657979,25.618385697386,
    83.695447226856));
#8157 = CARTESIAN_POINT('',(24.296181447677,25.554512683487,
    83.519957563456));
#8158 = CARTESIAN_POINT('',(24.431437544208,25.488825001184,
    83.339482139592));
#8159 = CARTESIAN_POINT('',(24.677077332868,25.359863351114,
    82.985162918048));
#8160 = CARTESIAN_POINT('',(24.788573434926,25.296862535677,
    82.812069600227));
#8161 = CARTESIAN_POINT('',(24.894341140681,25.232669993743,
    82.635702040767));
#8162 = CARTESIAN_POINT('',(24.994571140576,25.167422576014,
    82.456436233877));
#8163 = CARTESIAN_POINT('',(25.089440125029,25.101238044948,
    82.274595729256));
#8164 = CARTESIAN_POINT('',(25.179113977658,25.034215765757,
    82.090453530581));
#8165 = CARTESIAN_POINT('',(25.335144203137,24.909264653393,
    81.747153170825));
#8166 = CARTESIAN_POINT('',(25.402949781294,24.851556664234,
    81.588601773687));
#8167 = CARTESIAN_POINT('',(25.467259818947,24.793364133282,
    81.428719108916));
#8168 = CARTESIAN_POINT('',(25.528157435461,24.734732896805,
    81.26763111062));
#8169 = CARTESIAN_POINT('',(25.585717924349,24.675704089925,
    81.105450796621));
#8170 = CARTESIAN_POINT('',(25.640009924053,24.616314312569,
    80.942278724388));
#8171 = CARTESIAN_POINT('',(25.840045411631,24.382479600857,
    80.299823134076));
#8172 = CARTESIAN_POINT('',(25.961695962255,24.205627451733,
    79.813925847775));
#8173 = CARTESIAN_POINT('',(26.057699129397,24.026764292991,
    79.32250335796));
#8174 = CARTESIAN_POINT('',(26.12902098688,23.846506630549,
    78.827249500717));
#8175 = CARTESIAN_POINT('',(26.176334155313,23.665387504054,
    78.329628790441));
#8176 = CARTESIAN_POINT('',(26.199999902777,23.483856453386,
    77.8308763278));
#8177 = CARTESIAN_POINT('',(26.199999902778,23.120701941536,
    76.833117506718));
#8178 = CARTESIAN_POINT('',(26.176334155311,22.939170890864,
    76.334365044066));
#8179 = CARTESIAN_POINT('',(26.129020986885,22.758051764378,
    75.836744333814));
#8180 = CARTESIAN_POINT('',(26.057699129392,22.577794101925,
    75.341490476541));
#8181 = CARTESIAN_POINT('',(25.961695962259,22.398930943191,
    74.850067986748));
#8182 = CARTESIAN_POINT('',(25.84004541163,22.222078794063,
    74.364170700438));
#8183 = CARTESIAN_POINT('',(25.640009924053,21.988244082353,
    73.721715110128));
#8184 = CARTESIAN_POINT('',(25.585717924349,21.928854304996,
    73.558543037895));
#8185 = CARTESIAN_POINT('',(25.528157435461,21.869825498116,
    73.396362723896));
#8186 = CARTESIAN_POINT('',(25.467259818948,21.811194261639,
    73.2352747256));
#8187 = CARTESIAN_POINT('',(25.402949781294,21.753001730687,
    73.075392060828));
#8188 = CARTESIAN_POINT('',(25.335144203138,21.695293741528,
    72.916840663691));
#8189 = CARTESIAN_POINT('',(25.179113977658,21.570342629164,
    72.573540303935));
#8190 = CARTESIAN_POINT('',(25.08944012503,21.503320349974,
    72.389398105259));
#8191 = CARTESIAN_POINT('',(24.994571140577,21.437135818908,
    72.207557600638));
#8192 = CARTESIAN_POINT('',(24.894341140682,21.371888401178,
    72.028291793749));
#8193 = CARTESIAN_POINT('',(24.788573434926,21.307695859245,
    71.851924234289));
#8194 = CARTESIAN_POINT('',(24.677077332869,21.244695043807,
    71.678830916467));
#8195 = CARTESIAN_POINT('',(24.431437544209,21.115733393737,
    71.324511694924));
#8196 = CARTESIAN_POINT('',(24.296181447678,21.050045711434,
    71.14403627106));
#8197 = CARTESIAN_POINT('',(24.153588657979,20.986172697535,
    70.96854660766));
#8198 = CARTESIAN_POINT('',(24.003393801781,20.924366875794,
    70.798736508037));
#8199 = CARTESIAN_POINT('',(23.845365400229,20.864937151988,
    70.635454683834));
#8200 = CARTESIAN_POINT('',(23.679317133496,20.808245831825,
    70.479696561809));
#8201 = CARTESIAN_POINT('',(23.384029320373,20.717488331415,
    70.230342378784));
#8202 = CARTESIAN_POINT('',(23.259021534775,20.681800390919,
    70.132290568124));
#8203 = CARTESIAN_POINT('',(23.130063362924,20.64778133145,
    70.038823970404));
#8204 = CARTESIAN_POINT('',(22.997163511197,20.615592209842,
    69.950385085634));
#8205 = CARTESIAN_POINT('',(22.86038444852,20.585409287701,
    69.867458188597));
#8206 = CARTESIAN_POINT('',(22.71985507692,20.557417693419,
    69.790551915374));
#8207 = CARTESIAN_POINT('',(22.463404985287,20.511826679817,
    69.665291634972));
#8208 = CARTESIAN_POINT('',(22.348872832928,20.493295888896,
    69.614378705352));
#8209 = CARTESIAN_POINT('',(22.232294313958,20.476302169811,
    69.567688845892));
#8210 = CARTESIAN_POINT('',(22.113808121425,20.460935452141,
    69.525469136083));
#8211 = CARTESIAN_POINT('',(21.993588833182,20.447281770751,
    69.487955954772));
#8212 = CARTESIAN_POINT('',(21.871851472601,20.43541889987,
    69.455362984898));
#8213 = CARTESIAN_POINT('',(21.643775695401,20.416862597465,
    69.40437996305));
#8214 = CARTESIAN_POINT('',(21.537769700062,20.409667179311,
    69.384610714148));
#8215 = CARTESIAN_POINT('',(21.431003287323,20.403866562416,
    69.36867365021));
#8216 = CARTESIAN_POINT('',(21.323651833779,20.39949313431,
    69.356657755244));
#8217 = CARTESIAN_POINT('',(21.215901194167,20.396569638149,
    69.348625515555));
#8218 = CARTESIAN_POINT('',(21.107948006964,20.39510797051,
    69.344609616722));
#8219 = CARTESIAN_POINT('',(20.84423497662,20.395107885302,
    69.344609382615));
#8220 = CARTESIAN_POINT('',(20.68844065468,20.398151543458,
    69.352971764672));
#8221 = CARTESIAN_POINT('',(20.533267198732,20.404239918263,
    69.36969943697));
#8222 = CARTESIAN_POINT('',(20.379297481204,20.413320004298,
    69.394646768318));
#8223 = CARTESIAN_POINT('',(20.227051098249,20.425294637189,
    69.427546801793));
#8224 = CARTESIAN_POINT('',(20.076988385595,20.440032304673,
    69.468038210419));
#8225 = CARTESIAN_POINT('',(19.855166216745,20.466121124594,
    69.539716654052));
#8226 = CARTESIAN_POINT('',(19.78146974567,20.475528530358,
    69.565563288965));
#8227 = CARTESIAN_POINT('',(19.708472547074,20.48557975874,
    69.593178811984));
#8228 = CARTESIAN_POINT('',(19.636215859152,20.496254323075,
    69.622506936455));
#8229 = CARTESIAN_POINT('',(19.56473509297,20.507531046044,
    69.653489478177));
#8230 = CARTESIAN_POINT('',(19.494060293041,20.519388439485,
    69.686067398911));
#8231 = CARTESIAN_POINT('',(19.280144923081,20.557417693419,
    69.790551915374));
#8232 = CARTESIAN_POINT('',(19.139615551482,20.5854092877,
    69.867458188596));
#8233 = CARTESIAN_POINT('',(19.002836488804,20.615592209842,
    69.950385085633));
#8234 = CARTESIAN_POINT('',(18.869936637078,20.64778133145,
    70.038823970403));
#8235 = CARTESIAN_POINT('',(18.740978465227,20.681800390918,
    70.132290568123));
#8236 = CARTESIAN_POINT('',(18.615970679629,20.717488331414,
    70.230342378783));
#8237 = CARTESIAN_POINT('',(18.320682866506,20.808245831825,
    70.479696561807));
#8238 = CARTESIAN_POINT('',(18.154634599772,20.864937151987,
    70.635454683833));
#8239 = CARTESIAN_POINT('',(17.99660619822,20.924366875794,
    70.798736508035));
#8240 = CARTESIAN_POINT('',(17.846411342022,20.986172697534,
    70.968546607659));
#8241 = CARTESIAN_POINT('',(17.703818552323,21.050045711433,
    71.144036271058));
#8242 = CARTESIAN_POINT('',(17.568562455792,21.115733393736,
    71.324511694922));
#8243 = CARTESIAN_POINT('',(17.322922667132,21.244695043807,
    71.678830916466));
#8244 = CARTESIAN_POINT('',(17.211426565075,21.307695859244,
    71.851924234287));
#8245 = CARTESIAN_POINT('',(17.105658859319,21.371888401178,
    72.028291793747));
#8246 = CARTESIAN_POINT('',(17.005428859424,21.437135818907,
    72.207557600637));
#8247 = CARTESIAN_POINT('',(16.910559874971,21.503320349973,
    72.389398105258));
#8248 = CARTESIAN_POINT('',(16.820886022343,21.570342629163,
    72.573540303934));
#8249 = CARTESIAN_POINT('',(16.664855796863,21.695293741527,
    72.91684066369));
#8250 = CARTESIAN_POINT('',(16.597050218706,21.753001730687,
    73.075392060827));
#8251 = CARTESIAN_POINT('',(16.532740181053,21.811194261639,
    73.235274725598));
#8252 = CARTESIAN_POINT('',(16.471842564539,21.869825498116,
    73.396362723894));
#8253 = CARTESIAN_POINT('',(16.414282075651,21.928854304996,
    73.558543037893));
#8254 = CARTESIAN_POINT('',(16.359990075947,21.988244082352,
    73.721715110126));
#8255 = CARTESIAN_POINT('',(16.15995458837,22.222078794062,
    74.364170700435));
#8256 = CARTESIAN_POINT('',(16.038304037743,22.398930943191,
    74.850067986749));
#8257 = CARTESIAN_POINT('',(15.942300870606,22.577794101923,
    75.341490476536));
#8258 = CARTESIAN_POINT('',(15.870979013117,22.758051764378,
    75.836744333816));
#8259 = CARTESIAN_POINT('',(15.823665844688,22.939170890862,
    76.334365044063));
#8260 = CARTESIAN_POINT('',(15.800000097222,23.120701941535,
    76.833117506717));
#8261 = CARTESIAN_POINT('',(15.800000097223,23.483856453386,
    77.830876327798));
#8262 = CARTESIAN_POINT('',(15.823665844688,23.665387504054,
    78.32962879044));
#8263 = CARTESIAN_POINT('',(15.870979013119,23.846506630548,
    78.827249500714));
#8264 = CARTESIAN_POINT('',(15.942300870604,24.026764292992,
    79.322503357961));
#8265 = CARTESIAN_POINT('',(16.038304037743,24.205627451732,
    79.813925847772));
#8266 = CARTESIAN_POINT('',(16.159954588369,24.382479600857,
    80.299823134075));
#8267 = CARTESIAN_POINT('',(16.359990075947,24.616314312568,
    80.942278724386));
#8268 = CARTESIAN_POINT('',(16.414282075651,24.675704089925,
    81.10545079662));
#8269 = CARTESIAN_POINT('',(16.471842564539,24.734732896804,
    81.267631110619));
#8270 = CARTESIAN_POINT('',(16.532740181052,24.793364133282,
    81.428719108915));
#8271 = CARTESIAN_POINT('',(16.597050218706,24.851556664233,
    81.588601773686));
#8272 = CARTESIAN_POINT('',(16.664855796862,24.909264653393,
    81.747153170823));
#8273 = CARTESIAN_POINT('',(16.820886022342,25.034215765757,
    82.090453530579));
#8274 = CARTESIAN_POINT('',(16.91055987497,25.101238044947,
    82.274595729255));
#8275 = CARTESIAN_POINT('',(17.005428859424,25.167422576013,
    82.456436233877));
#8276 = CARTESIAN_POINT('',(17.105658859318,25.232669993743,
    82.635702040766));
#8277 = CARTESIAN_POINT('',(17.211426565074,25.296862535676,
    82.812069600226));
#8278 = CARTESIAN_POINT('',(17.322922667131,25.359863351114,
    82.985162918048));
#8279 = CARTESIAN_POINT('',(17.568562455791,25.488825001184,
    83.339482139591));
#8280 = CARTESIAN_POINT('',(17.703818552322,25.554512683487,
    83.519957563455));
#8281 = CARTESIAN_POINT('',(17.846411342021,25.618385697386,
    83.695447226855));
#8282 = CARTESIAN_POINT('',(17.996606198219,25.680191519127,
    83.865257326478));
#8283 = CARTESIAN_POINT('',(18.154634599771,25.739621242933,
    84.028539150681));
#8284 = CARTESIAN_POINT('',(18.320682866504,25.796312563095,
    84.184297272706));
#8285 = CARTESIAN_POINT('',(18.615970679627,25.887070063506,
    84.433651455731));
#8286 = CARTESIAN_POINT('',(18.740978465225,25.922758004002,
    84.53170326639));
#8287 = CARTESIAN_POINT('',(18.869936637077,25.956777063471,
    84.625169864111));
#8288 = CARTESIAN_POINT('',(19.002836488803,25.988966185078,
    84.713608748881));
#8289 = CARTESIAN_POINT('',(19.139615551481,26.01914910722,
    84.796535645918));
#8290 = CARTESIAN_POINT('',(19.28014492308,26.047140701501,
    84.87344191914));
#8291 = CARTESIAN_POINT('',(19.632566263667,26.109793118816,
    85.045578020986));
#8292 = CARTESIAN_POINT('',(19.848419089084,26.141875957929,
    85.133724897002));
#8293 = CARTESIAN_POINT('',(20.070970825138,26.168394596163,
    85.206584256745));
#8294 = CARTESIAN_POINT('',(20.299098203528,26.188783543762,
    85.262602429878));
#8295 = CARTESIAN_POINT('',(20.531322358055,26.20256727814,
    85.300472928838));
#8296 = CARTESIAN_POINT('',(20.765751093211,26.209450499314,
    85.319384423587));
#8297 = CARTESIAN_POINT('',(21.,26.209450415729,85.319384193938));
#8298 = PCURVE('',#5275,#8299);
#8299 = DEFINITIONAL_REPRESENTATION('',(#8300),#8459);
#8300 = B_SPLINE_CURVE_WITH_KNOTS('',7,(#8301,#8302,#8303,#8304,#8305,
    #8306,#8307,#8308,#8309,#8310,#8311,#8312,#8313,#8314,#8315,#8316,
    #8317,#8318,#8319,#8320,#8321,#8322,#8323,#8324,#8325,#8326,#8327,
    #8328,#8329,#8330,#8331,#8332,#8333,#8334,#8335,#8336,#8337,#8338,
    #8339,#8340,#8341,#8342,#8343,#8344,#8345,#8346,#8347,#8348,#8349,
    #8350,#8351,#8352,#8353,#8354,#8355,#8356,#8357,#8358,#8359,#8360,
    #8361,#8362,#8363,#8364,#8365,#8366,#8367,#8368,#8369,#8370,#8371,
    #8372,#8373,#8374,#8375,#8376,#8377,#8378,#8379,#8380,#8381,#8382,
    #8383,#8384,#8385,#8386,#8387,#8388,#8389,#8390,#8391,#8392,#8393,
    #8394,#8395,#8396,#8397,#8398,#8399,#8400,#8401,#8402,#8403,#8404,
    #8405,#8406,#8407,#8408,#8409,#8410,#8411,#8412,#8413,#8414,#8415,
    #8416,#8417,#8418,#8419,#8420,#8421,#8422,#8423,#8424,#8425,#8426,
    #8427,#8428,#8429,#8430,#8431,#8432,#8433,#8434,#8435,#8436,#8437,
    #8438,#8439,#8440,#8441,#8442,#8443,#8444,#8445,#8446,#8447,#8448,
    #8449,#8450,#8451,#8452,#8453,#8454,#8455,#8456,#8457,#8458),
  .UNSPECIFIED.,.F.,.F.,(8,6,6,6,6,6,6,6,6,6,6,6,6,6,6,6,6,6,6,6,6,6,6,6
    ,6,6,8),(0.,3.783865788274E-02,6.40037005762E-02,0.101644374154,
    0.136121615001,0.165203984298,0.24999692509,0.33478986588,
    0.363872235178,0.398349476025,0.435990149602,0.462155192295,
    0.482564365837,0.500000809499,0.525160983313,0.53784536643,
    0.564010377491,0.601651005563,0.636128204728,0.665210538866,
    0.750003377146,0.834796215426,0.863878549565,0.89835574873,
    0.935996376802,0.962161387863,1.),.UNSPECIFIED.);
#8301 = CARTESIAN_POINT('',(34.440614636862,21.));
#8302 = CARTESIAN_POINT('',(34.440614881251,21.234248906788));
#8303 = CARTESIAN_POINT('',(34.42048968889,21.468677641945));
#8304 = CARTESIAN_POINT('',(34.38018874567,21.700901796471));
#8305 = CARTESIAN_POINT('',(34.320575450967,21.929029174862));
#8306 = CARTESIAN_POINT('',(34.243040139806,22.151580910915));
#8307 = CARTESIAN_POINT('',(34.149236193642,22.367433736333));
#8308 = CARTESIAN_POINT('',(33.966052780216,22.71985507692));
#8309 = CARTESIAN_POINT('',(33.884210833688,22.860384448519));
#8310 = CARTESIAN_POINT('',(33.795961873121,22.997163511196));
#8311 = CARTESIAN_POINT('',(33.701847177727,23.130063362923));
#8312 = CARTESIAN_POINT('',(33.602382101963,23.259021534774));
#8313 = CARTESIAN_POINT('',(33.498037544509,23.384029320372));
#8314 = CARTESIAN_POINT('',(33.23268036546,23.679317133495));
#8315 = CARTESIAN_POINT('',(33.066926034118,23.845365400229));
#8316 = CARTESIAN_POINT('',(32.893165146152,24.00339380178));
#8317 = CARTESIAN_POINT('',(32.712457012591,24.153588657979));
#8318 = CARTESIAN_POINT('',(32.525704813502,24.296181447677));
#8319 = CARTESIAN_POINT('',(32.333646878948,24.431437544208));
#8320 = CARTESIAN_POINT('',(31.95658823902,24.677077332868));
#8321 = CARTESIAN_POINT('',(31.77238617763,24.788573434926));
#8322 = CARTESIAN_POINT('',(31.584699741067,24.894341140681));
#8323 = CARTESIAN_POINT('',(31.39392905401,24.994571140576));
#8324 = CARTESIAN_POINT('',(31.200418430857,25.089440125029));
#8325 = CARTESIAN_POINT('',(31.004458396051,25.179113977658));
#8326 = CARTESIAN_POINT('',(30.639125783916,25.335144203137));
#8327 = CARTESIAN_POINT('',(30.470398911288,25.402949781294));
#8328 = CARTESIAN_POINT('',(30.300255333234,25.467259818947));
#8329 = CARTESIAN_POINT('',(30.128829066035,25.528157435461));
#8330 = CARTESIAN_POINT('',(29.956240380743,25.585717924349));
#8331 = CARTESIAN_POINT('',(29.782596288384,25.640009924053));
#8332 = CARTESIAN_POINT('',(29.098909329372,25.840045411631));
#8333 = CARTESIAN_POINT('',(28.581828237584,25.961695962255));
#8334 = CARTESIAN_POINT('',(28.058867347028,26.057699129397));
#8335 = CARTESIAN_POINT('',(27.531829200416,26.12902098688));
#8336 = CARTESIAN_POINT('',(27.002272301417,26.176334155313));
#8337 = CARTESIAN_POINT('',(26.471511016707,26.199999902777));
#8338 = CARTESIAN_POINT('',(25.40971825702,26.199999902778));
#8339 = CARTESIAN_POINT('',(24.878956972298,26.176334155311));
#8340 = CARTESIAN_POINT('',(24.349400073325,26.129020986885));
#8341 = CARTESIAN_POINT('',(23.822361926682,26.057699129392));
#8342 = CARTESIAN_POINT('',(23.299401036149,25.961695962259));
#8343 = CARTESIAN_POINT('',(22.782319944351,25.84004541163));
#8344 = CARTESIAN_POINT('',(22.098632985341,25.640009924053));
#8345 = CARTESIAN_POINT('',(21.924988892981,25.585717924349));
#8346 = CARTESIAN_POINT('',(21.75240020769,25.528157435461));
#8347 = CARTESIAN_POINT('',(21.580973940491,25.467259818948));
#8348 = CARTESIAN_POINT('',(21.410830362437,25.402949781294));
#8349 = CARTESIAN_POINT('',(21.242103489809,25.335144203138));
#8350 = CARTESIAN_POINT('',(20.876770877673,25.179113977658));
#8351 = CARTESIAN_POINT('',(20.680810842868,25.08944012503));
#8352 = CARTESIAN_POINT('',(20.487300219714,24.994571140577));
#8353 = CARTESIAN_POINT('',(20.296529532657,24.894341140682));
#8354 = CARTESIAN_POINT('',(20.108843096094,24.788573434926));
#8355 = CARTESIAN_POINT('',(19.924641034704,24.677077332869));
#8356 = CARTESIAN_POINT('',(19.547582394777,24.431437544209));
#8357 = CARTESIAN_POINT('',(19.355524460222,24.296181447678));
#8358 = CARTESIAN_POINT('',(19.168772261133,24.153588657979));
#8359 = CARTESIAN_POINT('',(18.988064127572,24.003393801781));
#8360 = CARTESIAN_POINT('',(18.814303239607,23.845365400229));
#8361 = CARTESIAN_POINT('',(18.648548908264,23.679317133496));
#8362 = CARTESIAN_POINT('',(18.383191729215,23.384029320373));
#8363 = CARTESIAN_POINT('',(18.278847171761,23.259021534775));
#8364 = CARTESIAN_POINT('',(18.179382095997,23.130063362924));
#8365 = CARTESIAN_POINT('',(18.085267400603,22.997163511197));
#8366 = CARTESIAN_POINT('',(17.997018440035,22.86038444852));
#8367 = CARTESIAN_POINT('',(17.915176493508,22.71985507692));
#8368 = CARTESIAN_POINT('',(17.78187728733,22.463404985287));
#8369 = CARTESIAN_POINT('',(17.727696879297,22.348872832928));
#8370 = CARTESIAN_POINT('',(17.678010568659,22.232294313958));
#8371 = CARTESIAN_POINT('',(17.63308129192,22.113808121425));
#8372 = CARTESIAN_POINT('',(17.593160598194,21.993588833182));
#8373 = CARTESIAN_POINT('',(17.558475884115,21.871851472601));
#8374 = CARTESIAN_POINT('',(17.504220885491,21.643775695401));
#8375 = CARTESIAN_POINT('',(17.48318289023,21.537769700062));
#8376 = CARTESIAN_POINT('',(17.466223021029,21.431003287323));
#8377 = CARTESIAN_POINT('',(17.453435972691,21.323651833779));
#8378 = CARTESIAN_POINT('',(17.444888241751,21.215901194167));
#8379 = CARTESIAN_POINT('',(17.440614611475,21.107948006964));
#8380 = CARTESIAN_POINT('',(17.440614362344,20.84423497662));
#8381 = CARTESIAN_POINT('',(17.449513423454,20.68844065468));
#8382 = CARTESIAN_POINT('',(17.467314640499,20.533267198732));
#8383 = CARTESIAN_POINT('',(17.493863036002,20.379297481204));
#8384 = CARTESIAN_POINT('',(17.52887452034,20.227051098249));
#8385 = CARTESIAN_POINT('',(17.571964577376,20.076988385595));
#8386 = CARTESIAN_POINT('',(17.648243183856,19.855166216745));
#8387 = CARTESIAN_POINT('',(17.675748598223,19.78146974567));
#8388 = CARTESIAN_POINT('',(17.705136423995,19.708472547074));
#8389 = CARTESIAN_POINT('',(17.736346762166,19.636215859152));
#8390 = CARTESIAN_POINT('',(17.769317694401,19.56473509297));
#8391 = CARTESIAN_POINT('',(17.80398639352,19.494060293041));
#8392 = CARTESIAN_POINT('',(17.915176493508,19.280144923081));
#8393 = CARTESIAN_POINT('',(17.997018440035,19.139615551482));
#8394 = CARTESIAN_POINT('',(18.085267400602,19.002836488804));
#8395 = CARTESIAN_POINT('',(18.179382095996,18.869936637078));
#8396 = CARTESIAN_POINT('',(18.27884717176,18.740978465227));
#8397 = CARTESIAN_POINT('',(18.383191729214,18.615970679629));
#8398 = CARTESIAN_POINT('',(18.648548908263,18.320682866506));
#8399 = CARTESIAN_POINT('',(18.814303239605,18.154634599772));
#8400 = CARTESIAN_POINT('',(18.988064127571,17.99660619822));
#8401 = CARTESIAN_POINT('',(19.168772261132,17.846411342022));
#8402 = CARTESIAN_POINT('',(19.355524460221,17.703818552323));
#8403 = CARTESIAN_POINT('',(19.547582394775,17.568562455792));
#8404 = CARTESIAN_POINT('',(19.924641034703,17.322922667132));
#8405 = CARTESIAN_POINT('',(20.108843096093,17.211426565075));
#8406 = CARTESIAN_POINT('',(20.296529532656,17.105658859319));
#8407 = CARTESIAN_POINT('',(20.487300219712,17.005428859424));
#8408 = CARTESIAN_POINT('',(20.680810842866,16.910559874971));
#8409 = CARTESIAN_POINT('',(20.876770877672,16.820886022343));
#8410 = CARTESIAN_POINT('',(21.242103489807,16.664855796863));
#8411 = CARTESIAN_POINT('',(21.410830362435,16.597050218706));
#8412 = CARTESIAN_POINT('',(21.580973940489,16.532740181053));
#8413 = CARTESIAN_POINT('',(21.752400207688,16.471842564539));
#8414 = CARTESIAN_POINT('',(21.92498889298,16.414282075651));
#8415 = CARTESIAN_POINT('',(22.098632985339,16.359990075947));
#8416 = CARTESIAN_POINT('',(22.782319944348,16.15995458837));
#8417 = CARTESIAN_POINT('',(23.29940103615,16.038304037743));
#8418 = CARTESIAN_POINT('',(23.822361926676,15.942300870606));
#8419 = CARTESIAN_POINT('',(24.349400073326,15.870979013117));
#8420 = CARTESIAN_POINT('',(24.878956972295,15.823665844688));
#8421 = CARTESIAN_POINT('',(25.409718257019,15.800000097222));
#8422 = CARTESIAN_POINT('',(26.471511016705,15.800000097223));
#8423 = CARTESIAN_POINT('',(27.002272301416,15.823665844688));
#8424 = CARTESIAN_POINT('',(27.531829200414,15.870979013119));
#8425 = CARTESIAN_POINT('',(28.058867347028,15.942300870604));
#8426 = CARTESIAN_POINT('',(28.581828237581,16.038304037743));
#8427 = CARTESIAN_POINT('',(29.098909329371,16.159954588369));
#8428 = CARTESIAN_POINT('',(29.782596288383,16.359990075947));
#8429 = CARTESIAN_POINT('',(29.956240380742,16.414282075651));
#8430 = CARTESIAN_POINT('',(30.128829066034,16.471842564539));
#8431 = CARTESIAN_POINT('',(30.300255333233,16.532740181052));
#8432 = CARTESIAN_POINT('',(30.470398911286,16.597050218706));
#8433 = CARTESIAN_POINT('',(30.639125783915,16.664855796862));
#8434 = CARTESIAN_POINT('',(31.00445839605,16.820886022342));
#8435 = CARTESIAN_POINT('',(31.200418430856,16.91055987497));
#8436 = CARTESIAN_POINT('',(31.393929054009,17.005428859424));
#8437 = CARTESIAN_POINT('',(31.584699741066,17.105658859318));
#8438 = CARTESIAN_POINT('',(31.772386177629,17.211426565074));
#8439 = CARTESIAN_POINT('',(31.956588239019,17.322922667131));
#8440 = CARTESIAN_POINT('',(32.333646878947,17.568562455791));
#8441 = CARTESIAN_POINT('',(32.525704813501,17.703818552322));
#8442 = CARTESIAN_POINT('',(32.71245701259,17.846411342021));
#8443 = CARTESIAN_POINT('',(32.893165146152,17.996606198219));
#8444 = CARTESIAN_POINT('',(33.066926034117,18.154634599771));
#8445 = CARTESIAN_POINT('',(33.232680365459,18.320682866504));
#8446 = CARTESIAN_POINT('',(33.498037544508,18.615970679627));
#8447 = CARTESIAN_POINT('',(33.602382101963,18.740978465225));
#8448 = CARTESIAN_POINT('',(33.701847177726,18.869936637077));
#8449 = CARTESIAN_POINT('',(33.79596187312,19.002836488803));
#8450 = CARTESIAN_POINT('',(33.884210833688,19.139615551481));
#8451 = CARTESIAN_POINT('',(33.966052780215,19.28014492308));
#8452 = CARTESIAN_POINT('',(34.14923619364,19.632566263667));
#8453 = CARTESIAN_POINT('',(34.243040139809,19.848419089084));
#8454 = CARTESIAN_POINT('',(34.320575450964,20.070970825138));
#8455 = CARTESIAN_POINT('',(34.380188745667,20.299098203528));
#8456 = CARTESIAN_POINT('',(34.420489688893,20.531322358055));
#8457 = CARTESIAN_POINT('',(34.440614881249,20.765751093211));
#8458 = CARTESIAN_POINT('',(34.440614636862,21.));
#8459 = ( GEOMETRIC_REPRESENTATION_CONTEXT(2) 
PARAMETRIC_REPRESENTATION_CONTEXT() REPRESENTATION_CONTEXT('2D SPACE',''
  ) );
#8460 = PCURVE('',#8461,#8469);
#8461 = SURFACE_OF_LINEAR_EXTRUSION('',#8462,#8467);
#8462 = ELLIPSE('',#8463,8.5,5.2);
#8463 = AXIS2_PLACEMENT_3D('',#8464,#8465,#8466);
#8464 = CARTESIAN_POINT('',(21.,23.490217721618,77.263592888592));
#8465 = DIRECTION('',(0.,-0.939692620786,0.342020143326));
#8466 = DIRECTION('',(1.110223024625E-16,0.342020143326,0.939692620786)
  );
#8467 = VECTOR('',#8468,1.);
#8468 = DIRECTION('',(0.,0.939692620786,-0.342020143326));
#8469 = DEFINITIONAL_REPRESENTATION('',(#8470),#8629);
#8470 = B_SPLINE_CURVE_WITH_KNOTS('',7,(#8471,#8472,#8473,#8474,#8475,
    #8476,#8477,#8478,#8479,#8480,#8481,#8482,#8483,#8484,#8485,#8486,
    #8487,#8488,#8489,#8490,#8491,#8492,#8493,#8494,#8495,#8496,#8497,
    #8498,#8499,#8500,#8501,#8502,#8503,#8504,#8505,#8506,#8507,#8508,
    #8509,#8510,#8511,#8512,#8513,#8514,#8515,#8516,#8517,#8518,#8519,
    #8520,#8521,#8522,#8523,#8524,#8525,#8526,#8527,#8528,#8529,#8530,
    #8531,#8532,#8533,#8534,#8535,#8536,#8537,#8538,#8539,#8540,#8541,
    #8542,#8543,#8544,#8545,#8546,#8547,#8548,#8549,#8550,#8551,#8552,
    #8553,#8554,#8555,#8556,#8557,#8558,#8559,#8560,#8561,#8562,#8563,
    #8564,#8565,#8566,#8567,#8568,#8569,#8570,#8571,#8572,#8573,#8574,
    #8575,#8576,#8577,#8578,#8579,#8580,#8581,#8582,#8583,#8584,#8585,
    #8586,#8587,#8588,#8589,#8590,#8591,#8592,#8593,#8594,#8595,#8596,
    #8597,#8598,#8599,#8600,#8601,#8602,#8603,#8604,#8605,#8606,#8607,
    #8608,#8609,#8610,#8611,#8612,#8613,#8614,#8615,#8616,#8617,#8618,
    #8619,#8620,#8621,#8622,#8623,#8624,#8625,#8626,#8627,#8628),
  .UNSPECIFIED.,.F.,.F.,(8,6,6,6,6,6,6,6,6,6,6,6,6,6,6,6,6,6,6,6,6,6,6,6
    ,6,6,8),(0.,3.783865788274E-02,6.40037005762E-02,0.101644374154,
    0.136121615001,0.165203984298,0.24999692509,0.33478986588,
    0.363872235178,0.398349476025,0.435990149602,0.462155192295,
    0.482564365837,0.500000809499,0.525160983313,0.53784536643,
    0.564010377491,0.601651005563,0.636128204728,0.665210538866,
    0.750003377146,0.834796215426,0.863878549565,0.89835574873,
    0.935996376802,0.962161387863,1.),.UNSPECIFIED.);
#8471 = CARTESIAN_POINT('',(6.28318530718,-0.2));
#8472 = CARTESIAN_POINT('',(6.238137415481,-0.2));
#8473 = CARTESIAN_POINT('',(6.193055091147,-0.2));
#8474 = CARTESIAN_POINT('',(6.148246998552,-0.2));
#8475 = CARTESIAN_POINT('',(6.10392778032,-0.2));
#8476 = CARTESIAN_POINT('',(6.060255834181,-0.2));
#8477 = CARTESIAN_POINT('',(6.017353438596,-0.2));
#8478 = CARTESIAN_POINT('',(5.946236087391,-0.2));
#8479 = CARTESIAN_POINT('',(5.917564245634,-0.2));
#8480 = CARTESIAN_POINT('',(5.889310984408,-0.2));
#8481 = CARTESIAN_POINT('',(5.861484351323,-0.2));
#8482 = CARTESIAN_POINT('',(5.834084316653,-0.2));
#8483 = CARTESIAN_POINT('',(5.807103930942,-0.2));
#8484 = CARTESIAN_POINT('',(5.742302282239,-0.2));
#8485 = CARTESIAN_POINT('',(5.704925287539,-0.2));
#8486 = CARTESIAN_POINT('',(5.668354806705,-0.2));
#8487 = CARTESIAN_POINT('',(5.632546428488,-0.2));
#8488 = CARTESIAN_POINT('',(5.597453596715,-0.2));
#8489 = CARTESIAN_POINT('',(5.563025184811,-0.2));
#8490 = CARTESIAN_POINT('',(5.498223465638,-0.2));
#8491 = CARTESIAN_POINT('',(5.467758493782,-0.2));
#8492 = CARTESIAN_POINT('',(5.437767489894,-0.2));
#8493 = CARTESIAN_POINT('',(5.408214461701,-0.2));
#8494 = CARTESIAN_POINT('',(5.37906640179,-0.2));
#8495 = CARTESIAN_POINT('',(5.350291599896,-0.2));
#8496 = CARTESIAN_POINT('',(5.297873502372,-0.2));
#8497 = CARTESIAN_POINT('',(5.27413301421,-0.2));
#8498 = CARTESIAN_POINT('',(5.250618150399,-0.2));
#8499 = CARTESIAN_POINT('',(5.227312178435,-0.2));
#8500 = CARTESIAN_POINT('',(5.20419953226,-0.2));
#8501 = CARTESIAN_POINT('',(5.181265370915,-0.2));
#8502 = CARTESIAN_POINT('',(5.092105942424,-0.2));
#8503 = CARTESIAN_POINT('',(5.027132672585,-0.2));
#8504 = CARTESIAN_POINT('',(4.963185761907,-0.2));
#8505 = CARTESIAN_POINT('',(4.899988863489,-0.2));
#8506 = CARTESIAN_POINT('',(4.837289808834,-0.2));
#8507 = CARTESIAN_POINT('',(4.774847391738,-0.2));
#8508 = CARTESIAN_POINT('',(4.649930569032,-0.2));
#8509 = CARTESIAN_POINT('',(4.587488151933,-0.2));
#8510 = CARTESIAN_POINT('',(4.524789097285,-0.2));
#8511 = CARTESIAN_POINT('',(4.461592198859,-0.2));
#8512 = CARTESIAN_POINT('',(4.397645288187,-0.2));
#8513 = CARTESIAN_POINT('',(4.332672018345,-0.2));
#8514 = CARTESIAN_POINT('',(4.243512589854,-0.2));
#8515 = CARTESIAN_POINT('',(4.22057842851,-0.2));
#8516 = CARTESIAN_POINT('',(4.197465782335,-0.2));
#8517 = CARTESIAN_POINT('',(4.174159810371,-0.2));
#8518 = CARTESIAN_POINT('',(4.15064494656,-0.2));
#8519 = CARTESIAN_POINT('',(4.126904458397,-0.2));
#8520 = CARTESIAN_POINT('',(4.074486360873,-0.2));
#8521 = CARTESIAN_POINT('',(4.04571155898,-0.2));
#8522 = CARTESIAN_POINT('',(4.016563499069,-0.2));
#8523 = CARTESIAN_POINT('',(3.987010470875,-0.2));
#8524 = CARTESIAN_POINT('',(3.957019466988,-0.2));
#8525 = CARTESIAN_POINT('',(3.926554495132,-0.2));
#8526 = CARTESIAN_POINT('',(3.861752775958,-0.2));
#8527 = CARTESIAN_POINT('',(3.827324364054,-0.2));
#8528 = CARTESIAN_POINT('',(3.792231532282,-0.2));
#8529 = CARTESIAN_POINT('',(3.756423154065,-0.2));
#8530 = CARTESIAN_POINT('',(3.71985267323,-0.2));
#8531 = CARTESIAN_POINT('',(3.68247567853,-0.2));
#8532 = CARTESIAN_POINT('',(3.617674029828,-0.2));
#8533 = CARTESIAN_POINT('',(3.590693644117,-0.2));
#8534 = CARTESIAN_POINT('',(3.563293609447,-0.2));
#8535 = CARTESIAN_POINT('',(3.535466976362,-0.2));
#8536 = CARTESIAN_POINT('',(3.507213715135,-0.2));
#8537 = CARTESIAN_POINT('',(3.478541873378,-0.2));
#8538 = CARTESIAN_POINT('',(3.426791195477,-0.2));
#8539 = CARTESIAN_POINT('',(3.40386978999,-0.2));
#8540 = CARTESIAN_POINT('',(3.380714618362,-0.2));
#8541 = CARTESIAN_POINT('',(3.35733945067,-0.2));
#8542 = CARTESIAN_POINT('',(3.33376264066,-0.2));
#8543 = CARTESIAN_POINT('',(3.310008040521,-0.2));
#8544 = CARTESIAN_POINT('',(3.26568529192,-0.2));
#8545 = CARTESIAN_POINT('',(3.245155577203,-0.2));
#8546 = CARTESIAN_POINT('',(3.224536358641,-0.2));
#8547 = CARTESIAN_POINT('',(3.203848007108,-0.2));
#8548 = CARTESIAN_POINT('',(3.183112107409,-0.2));
#8549 = CARTESIAN_POINT('',(3.16235188848,-0.2));
#8550 = CARTESIAN_POINT('',(3.111637809117,-0.2));
#8551 = CARTESIAN_POINT('',(3.081677472137,-0.2));
#8552 = CARTESIAN_POINT('',(3.051792392634,-0.2));
#8553 = CARTESIAN_POINT('',(3.022051070867,-0.2));
#8554 = CARTESIAN_POINT('',(2.992512454023,-0.2));
#8555 = CARTESIAN_POINT('',(2.96322863288,-0.2));
#8556 = CARTESIAN_POINT('',(2.919636856207,-0.2));
#8557 = CARTESIAN_POINT('',(2.905101862913,-0.2));
#8558 = CARTESIAN_POINT('',(2.890647775185,-0.2));
#8559 = CARTESIAN_POINT('',(2.876278955245,-0.2));
#8560 = CARTESIAN_POINT('',(2.861998990217,-0.2));
#8561 = CARTESIAN_POINT('',(2.847810771396,-0.2));
#8562 = CARTESIAN_POINT('',(2.804643433802,-0.2));
#8563 = CARTESIAN_POINT('',(2.775971592045,-0.2));
#8564 = CARTESIAN_POINT('',(2.747718330818,-0.2));
#8565 = CARTESIAN_POINT('',(2.719891697733,-0.2));
#8566 = CARTESIAN_POINT('',(2.692491663063,-0.2));
#8567 = CARTESIAN_POINT('',(2.665511277352,-0.2));
#8568 = CARTESIAN_POINT('',(2.60070962865,-0.2));
#8569 = CARTESIAN_POINT('',(2.563332633949,-0.2));
#8570 = CARTESIAN_POINT('',(2.526762153115,-0.2));
#8571 = CARTESIAN_POINT('',(2.490953774898,-0.2));
#8572 = CARTESIAN_POINT('',(2.455860943126,-0.2));
#8573 = CARTESIAN_POINT('',(2.421432531221,-0.2));
#8574 = CARTESIAN_POINT('',(2.356630812048,-0.2));
#8575 = CARTESIAN_POINT('',(2.326165840192,-0.2));
#8576 = CARTESIAN_POINT('',(2.296174836304,-0.2));
#8577 = CARTESIAN_POINT('',(2.266621808111,-0.2));
#8578 = CARTESIAN_POINT('',(2.2374737482,-0.2));
#8579 = CARTESIAN_POINT('',(2.208698946307,-0.2));
#8580 = CARTESIAN_POINT('',(2.156280848782,-0.2));
#8581 = CARTESIAN_POINT('',(2.13254036062,-0.2));
#8582 = CARTESIAN_POINT('',(2.109025496809,-0.2));
#8583 = CARTESIAN_POINT('',(2.085719524845,-0.2));
#8584 = CARTESIAN_POINT('',(2.06260687867,-0.2));
#8585 = CARTESIAN_POINT('',(2.039672717326,-0.2));
#8586 = CARTESIAN_POINT('',(1.950513288834,-0.2));
#8587 = CARTESIAN_POINT('',(1.885540018993,-0.2));
#8588 = CARTESIAN_POINT('',(1.82159310832,-0.2));
#8589 = CARTESIAN_POINT('',(1.758396209896,-0.2));
#8590 = CARTESIAN_POINT('',(1.695697155247,-0.2));
#8591 = CARTESIAN_POINT('',(1.633254738148,-0.2));
#8592 = CARTESIAN_POINT('',(1.508337915442,-0.2));
#8593 = CARTESIAN_POINT('',(1.445895498343,-0.2));
#8594 = CARTESIAN_POINT('',(1.383196443694,-0.2));
#8595 = CARTESIAN_POINT('',(1.31999954527,-0.2));
#8596 = CARTESIAN_POINT('',(1.256052634597,-0.2));
#8597 = CARTESIAN_POINT('',(1.191079364756,-0.2));
#8598 = CARTESIAN_POINT('',(1.101919936264,-0.2));
#8599 = CARTESIAN_POINT('',(1.07898577492,-0.2));
#8600 = CARTESIAN_POINT('',(1.055873128745,-0.2));
#8601 = CARTESIAN_POINT('',(1.032567156781,-0.2));
#8602 = CARTESIAN_POINT('',(1.00905229297,-0.2));
#8603 = CARTESIAN_POINT('',(0.985311804808,-0.2));
#8604 = CARTESIAN_POINT('',(0.932893707283,-0.2));
#8605 = CARTESIAN_POINT('',(0.90411890539,-0.2));
#8606 = CARTESIAN_POINT('',(0.874970845479,-0.2));
#8607 = CARTESIAN_POINT('',(0.845417817286,-0.2));
#8608 = CARTESIAN_POINT('',(0.815426813398,-0.2));
#8609 = CARTESIAN_POINT('',(0.784961841542,-0.2));
#8610 = CARTESIAN_POINT('',(0.720160122369,-0.2));
#8611 = CARTESIAN_POINT('',(0.685731710464,-0.2));
#8612 = CARTESIAN_POINT('',(0.650638878692,-0.2));
#8613 = CARTESIAN_POINT('',(0.614830500475,-0.2));
#8614 = CARTESIAN_POINT('',(0.578260019641,-0.2));
#8615 = CARTESIAN_POINT('',(0.54088302494,-0.2));
#8616 = CARTESIAN_POINT('',(0.476081376238,-0.2));
#8617 = CARTESIAN_POINT('',(0.449100990527,-0.2));
#8618 = CARTESIAN_POINT('',(0.421700955857,-0.2));
#8619 = CARTESIAN_POINT('',(0.393874322772,-0.2));
#8620 = CARTESIAN_POINT('',(0.365621061545,-0.2));
#8621 = CARTESIAN_POINT('',(0.336949219788,-0.2));
#8622 = CARTESIAN_POINT('',(0.265831868584,-0.2));
#8623 = CARTESIAN_POINT('',(0.222929472998,-0.2));
#8624 = CARTESIAN_POINT('',(0.179257526861,-0.2));
#8625 = CARTESIAN_POINT('',(0.134938308628,-0.2));
#8626 = CARTESIAN_POINT('',(9.013021603211E-02,-0.2));
#8627 = CARTESIAN_POINT('',(4.504789169882E-02,-0.2));
#8628 = CARTESIAN_POINT('',(0.,-0.2));
#8629 = ( GEOMETRIC_REPRESENTATION_CONTEXT(2) 
PARAMETRIC_REPRESENTATION_CONTEXT() REPRESENTATION_CONTEXT('2D SPACE',''
  ) );
#8630 = FACE_BOUND('',#8631,.T.);
#8631 = EDGE_LOOP('',(#8632));
#8632 = ORIENTED_EDGE('',*,*,#8633,.T.);
#8633 = EDGE_CURVE('',#8634,#8634,#8636,.T.);
#8634 = VERTEX_POINT('',#8635);
#8635 = CARTESIAN_POINT('',(32.,27.748541060694,89.548000987474));
#8636 = SURFACE_CURVE('',#8637,(#8642,#8653),.PCURVE_S1.);
#8637 = CIRCLE('',#8638,2.);
#8638 = AXIS2_PLACEMENT_3D('',#8639,#8640,#8641);
#8639 = CARTESIAN_POINT('',(30.,27.748541060694,89.548000987474));
#8640 = DIRECTION('',(0.,-0.939692620786,0.342020143326));
#8641 = DIRECTION('',(1.,0.,0.));
#8642 = PCURVE('',#5275,#8643);
#8643 = DEFINITIONAL_REPRESENTATION('',(#8644),#8652);
#8644 = ( BOUNDED_CURVE() B_SPLINE_CURVE(2,(#8645,#8646,#8647,#8648,
#8649,#8650,#8651),.UNSPECIFIED.,.T.,.F.) B_SPLINE_CURVE_WITH_KNOTS((1,2
    ,2,2,2,1),(-2.094395102393,0.,2.094395102393,4.188790204786,
6.28318530718,8.377580409573),.UNSPECIFIED.) CURVE() 
GEOMETRIC_REPRESENTATION_ITEM() RATIONAL_B_SPLINE_CURVE((1.,0.5,1.,0.5,
1.,0.5,1.)) REPRESENTATION_ITEM('') );
#8645 = CARTESIAN_POINT('',(38.940614636862,32.));
#8646 = CARTESIAN_POINT('',(42.404716251999,32.));
#8647 = CARTESIAN_POINT('',(40.672665444431,29.));
#8648 = CARTESIAN_POINT('',(38.940614636862,26.));
#8649 = CARTESIAN_POINT('',(37.208563829293,29.));
#8650 = CARTESIAN_POINT('',(35.476513021724,32.));
#8651 = CARTESIAN_POINT('',(38.940614636862,32.));
#8652 = ( GEOMETRIC_REPRESENTATION_CONTEXT(2) 
PARAMETRIC_REPRESENTATION_CONTEXT() REPRESENTATION_CONTEXT('2D SPACE',''
  ) );
#8653 = PCURVE('',#8654,#8659);
#8654 = CYLINDRICAL_SURFACE('',#8655,2.);
#8655 = AXIS2_PLACEMENT_3D('',#8656,#8657,#8658);
#8656 = CARTESIAN_POINT('',(30.,27.748541060694,89.548000987474));
#8657 = DIRECTION('',(0.,-0.939692620786,0.342020143326));
#8658 = DIRECTION('',(1.,0.,0.));
#8659 = DEFINITIONAL_REPRESENTATION('',(#8660),#8664);
#8660 = LINE('',#8661,#8662);
#8661 = CARTESIAN_POINT('',(0.,0.));
#8662 = VECTOR('',#8663,1.);
#8663 = DIRECTION('',(1.,0.));
#8664 = ( GEOMETRIC_REPRESENTATION_CONTEXT(2) 
PARAMETRIC_REPRESENTATION_CONTEXT() REPRESENTATION_CONTEXT('2D SPACE',''
  ) );
#8665 = ADVANCED_FACE('',(#8666,#9543,#10033,#10239,#11034),#5221,.F.);
#8666 = FACE_BOUND('',#8667,.F.);
#8667 = EDGE_LOOP('',(#8668,#8669,#8670,#8693,#8716,#8739,#8762,#8785,
    #8808,#8831,#8854,#8877,#8900,#8923,#8946,#8969,#8992,#9015,#9038,
    #9061,#9084,#9107,#9130,#9153,#9176,#9199,#9222,#9245,#9268,#9291,
    #9314,#9337,#9360,#9383,#9406,#9429,#9452,#9475,#9498,#9521,#9542));
#8668 = ORIENTED_EDGE('',*,*,#5205,.T.);
#8669 = ORIENTED_EDGE('',*,*,#5367,.T.);
#8670 = ORIENTED_EDGE('',*,*,#8671,.T.);
#8671 = EDGE_CURVE('',#5368,#8672,#8674,.T.);
#8672 = VERTEX_POINT('',#8673);
#8673 = CARTESIAN_POINT('',(-55.52936035156,3.58241627662,
    30.169249387899));
#8674 = SURFACE_CURVE('',#8675,(#8679,#8686),.PCURVE_S1.);
#8675 = LINE('',#8676,#8677);
#8676 = CARTESIAN_POINT('',(-55.4599609375,0.676270450774,
    22.184679353744));
#8677 = VECTOR('',#8678,1.);
#8678 = DIRECTION('',(-8.167245317947E-03,0.342008736097,0.939661279684)
  );
#8679 = PCURVE('',#5221,#8680);
#8680 = DEFINITIONAL_REPRESENTATION('',(#8681),#8685);
#8681 = LINE('',#8682,#8683);
#8682 = CARTESIAN_POINT('',(-33.61946348813,-55.4599609375));
#8683 = VECTOR('',#8684,1.);
#8684 = DIRECTION('',(0.999966647496,-8.167245317947E-03));
#8685 = ( GEOMETRIC_REPRESENTATION_CONTEXT(2) 
PARAMETRIC_REPRESENTATION_CONTEXT() REPRESENTATION_CONTEXT('2D SPACE',''
  ) );
#8686 = PCURVE('',#5406,#8687);
#8687 = DEFINITIONAL_REPRESENTATION('',(#8688),#8692);
#8688 = LINE('',#8689,#8690);
#8689 = CARTESIAN_POINT('',(-2.553512956638E-15,-2.4));
#8690 = VECTOR('',#8691,1.);
#8691 = DIRECTION('',(1.,0.));
#8692 = ( GEOMETRIC_REPRESENTATION_CONTEXT(2) 
PARAMETRIC_REPRESENTATION_CONTEXT() REPRESENTATION_CONTEXT('2D SPACE',''
  ) );
#8693 = ORIENTED_EDGE('',*,*,#8694,.T.);
#8694 = EDGE_CURVE('',#8672,#8695,#8697,.T.);
#8695 = VERTEX_POINT('',#8696);
#8696 = CARTESIAN_POINT('',(-54.7284375,6.613553096641,38.497229356186)
  );
#8697 = SURFACE_CURVE('',#8698,(#8702,#8709),.PCURVE_S1.);
#8698 = LINE('',#8699,#8700);
#8699 = CARTESIAN_POINT('',(-55.52936035156,3.58241627662,
    30.169249387899));
#8700 = VECTOR('',#8701,1.);
#8701 = DIRECTION('',(9.000581020976E-02,0.340631965751,0.935878634245)
  );
#8702 = PCURVE('',#5221,#8703);
#8703 = DEFINITIONAL_REPRESENTATION('',(#8704),#8708);
#8704 = LINE('',#8705,#8706);
#8705 = CARTESIAN_POINT('',(-25.12246153501,-55.52936035156));
#8706 = VECTOR('',#8707,1.);
#8707 = DIRECTION('',(0.995941240299,9.000581020976E-02));
#8708 = ( GEOMETRIC_REPRESENTATION_CONTEXT(2) 
PARAMETRIC_REPRESENTATION_CONTEXT() REPRESENTATION_CONTEXT('2D SPACE',''
  ) );
#8709 = PCURVE('',#5483,#8710);
#8710 = DEFINITIONAL_REPRESENTATION('',(#8711),#8715);
#8711 = LINE('',#8712,#8713);
#8712 = CARTESIAN_POINT('',(-2.553512956638E-15,-2.4));
#8713 = VECTOR('',#8714,1.);
#8714 = DIRECTION('',(1.,0.));
#8715 = ( GEOMETRIC_REPRESENTATION_CONTEXT(2) 
PARAMETRIC_REPRESENTATION_CONTEXT() REPRESENTATION_CONTEXT('2D SPACE',''
  ) );
#8716 = ORIENTED_EDGE('',*,*,#8717,.T.);
#8717 = EDGE_CURVE('',#8695,#8718,#8720,.T.);
#8718 = VERTEX_POINT('',#8719);
#8719 = CARTESIAN_POINT('',(-53.11974121093,9.730542316702,
    47.061086854986));
#8720 = SURFACE_CURVE('',#8721,(#8725,#8732),.PCURVE_S1.);
#8721 = LINE('',#8722,#8723);
#8722 = CARTESIAN_POINT('',(-54.7284375,6.613553096641,38.497229356186)
  );
#8723 = VECTOR('',#8724,1.);
#8724 = DIRECTION('',(0.173831174946,0.336813046751,0.925386240526));
#8725 = PCURVE('',#5221,#8726);
#8726 = DEFINITIONAL_REPRESENTATION('',(#8727),#8731);
#8727 = LINE('',#8728,#8729);
#8728 = CARTESIAN_POINT('',(-16.26001036313,-54.7284375));
#8729 = VECTOR('',#8730,1.);
#8730 = DIRECTION('',(0.984775468123,0.173831174946));
#8731 = ( GEOMETRIC_REPRESENTATION_CONTEXT(2) 
PARAMETRIC_REPRESENTATION_CONTEXT() REPRESENTATION_CONTEXT('2D SPACE',''
  ) );
#8732 = PCURVE('',#5511,#8733);
#8733 = DEFINITIONAL_REPRESENTATION('',(#8734),#8738);
#8734 = LINE('',#8735,#8736);
#8735 = CARTESIAN_POINT('',(-2.22044604925E-15,-2.4));
#8736 = VECTOR('',#8737,1.);
#8737 = DIRECTION('',(1.,0.));
#8738 = ( GEOMETRIC_REPRESENTATION_CONTEXT(2) 
PARAMETRIC_REPRESENTATION_CONTEXT() REPRESENTATION_CONTEXT('2D SPACE',''
  ) );
#8739 = ORIENTED_EDGE('',*,*,#8740,.T.);
#8740 = EDGE_CURVE('',#8718,#8741,#8743,.T.);
#8741 = VERTEX_POINT('',#8742);
#8742 = CARTESIAN_POINT('',(-50.7658203125,12.894245342667,
    55.753289480685));
#8743 = SURFACE_CURVE('',#8744,(#8748,#8755),.PCURVE_S1.);
#8744 = LINE('',#8745,#8746);
#8745 = CARTESIAN_POINT('',(-53.11974121093,9.730542316702,
    47.061086854986));
#8746 = VECTOR('',#8747,1.);
#8747 = DIRECTION('',(0.246616605115,0.331456210094,0.910668452771));
#8748 = PCURVE('',#5221,#8749);
#8749 = DEFINITIONAL_REPRESENTATION('',(#8750),#8754);
#8750 = LINE('',#8751,#8752);
#8751 = CARTESIAN_POINT('',(-7.146543566263,-53.11974121093));
#8752 = VECTOR('',#8753,1.);
#8753 = DIRECTION('',(0.969113125534,0.246616605115));
#8754 = ( GEOMETRIC_REPRESENTATION_CONTEXT(2) 
PARAMETRIC_REPRESENTATION_CONTEXT() REPRESENTATION_CONTEXT('2D SPACE',''
  ) );
#8755 = PCURVE('',#5539,#8756);
#8756 = DEFINITIONAL_REPRESENTATION('',(#8757),#8761);
#8757 = LINE('',#8758,#8759);
#8758 = CARTESIAN_POINT('',(-2.775557561563E-15,-2.4));
#8759 = VECTOR('',#8760,1.);
#8760 = DIRECTION('',(1.,0.));
#8761 = ( GEOMETRIC_REPRESENTATION_CONTEXT(2) 
PARAMETRIC_REPRESENTATION_CONTEXT() REPRESENTATION_CONTEXT('2D SPACE',''
  ) );
#8762 = ORIENTED_EDGE('',*,*,#8763,.T.);
#8763 = EDGE_CURVE('',#8741,#8764,#8766,.T.);
#8764 = VERTEX_POINT('',#8765);
#8765 = CARTESIAN_POINT('',(-47.72922363281,16.0655235804,
    64.466304829664));
#8766 = SURFACE_CURVE('',#8767,(#8771,#8778),.PCURVE_S1.);
#8767 = LINE('',#8768,#8769);
#8768 = CARTESIAN_POINT('',(-50.7658203125,12.894245342667,
    55.753289480685));
#8769 = VECTOR('',#8770,1.);
#8770 = DIRECTION('',(0.311229707024,0.325033615239,0.893022518434));
#8771 = PCURVE('',#5221,#8772);
#8772 = DEFINITIONAL_REPRESENTATION('',(#8773),#8777);
#8773 = LINE('',#8774,#8775);
#8774 = CARTESIAN_POINT('',(2.103505261862,-50.7658203125));
#8775 = VECTOR('',#8776,1.);
#8776 = DIRECTION('',(0.950334714438,0.311229707024));
#8777 = ( GEOMETRIC_REPRESENTATION_CONTEXT(2) 
PARAMETRIC_REPRESENTATION_CONTEXT() REPRESENTATION_CONTEXT('2D SPACE',''
  ) );
#8778 = PCURVE('',#5567,#8779);
#8779 = DEFINITIONAL_REPRESENTATION('',(#8780),#8784);
#8780 = LINE('',#8781,#8782);
#8781 = CARTESIAN_POINT('',(-2.775557561563E-15,-2.4));
#8782 = VECTOR('',#8783,1.);
#8783 = DIRECTION('',(1.,5.551115123126E-17));
#8784 = ( GEOMETRIC_REPRESENTATION_CONTEXT(2) 
PARAMETRIC_REPRESENTATION_CONTEXT() REPRESENTATION_CONTEXT('2D SPACE',''
  ) );
#8785 = ORIENTED_EDGE('',*,*,#8786,.T.);
#8786 = EDGE_CURVE('',#8764,#8787,#8789,.T.);
#8787 = VERTEX_POINT('',#8788);
#8788 = CARTESIAN_POINT('',(-44.0725,19.205238435765,73.092600498307));
#8789 = SURFACE_CURVE('',#8790,(#8794,#8801),.PCURVE_S1.);
#8790 = LINE('',#8791,#8792);
#8791 = CARTESIAN_POINT('',(-47.72922363281,16.0655235804,
    64.466304829664));
#8792 = VECTOR('',#8793,1.);
#8793 = DIRECTION('',(0.370060630534,0.317739314136,0.872981590861));
#8794 = PCURVE('',#5221,#8795);
#8795 = DEFINITIONAL_REPRESENTATION('',(#8796),#8800);
#8796 = LINE('',#8797,#8798);
#8797 = CARTESIAN_POINT('',(11.375702527487,-47.72922363281));
#8798 = VECTOR('',#8799,1.);
#8799 = DIRECTION('',(0.929007604774,0.370060630534));
#8800 = ( GEOMETRIC_REPRESENTATION_CONTEXT(2) 
PARAMETRIC_REPRESENTATION_CONTEXT() REPRESENTATION_CONTEXT('2D SPACE',''
  ) );
#8801 = PCURVE('',#5595,#8802);
#8802 = DEFINITIONAL_REPRESENTATION('',(#8803),#8807);
#8803 = LINE('',#8804,#8805);
#8804 = CARTESIAN_POINT('',(9.214851104389E-15,-2.4));
#8805 = VECTOR('',#8806,1.);
#8806 = DIRECTION('',(1.,0.));
#8807 = ( GEOMETRIC_REPRESENTATION_CONTEXT(2) 
PARAMETRIC_REPRESENTATION_CONTEXT() REPRESENTATION_CONTEXT('2D SPACE',''
  ) );
#8808 = ORIENTED_EDGE('',*,*,#8809,.T.);
#8809 = EDGE_CURVE('',#8787,#8810,#8812,.T.);
#8810 = VERTEX_POINT('',#8811);
#8811 = CARTESIAN_POINT('',(-39.85819824218,22.274251314628,
    81.524644082997));
#8812 = SURFACE_CURVE('',#8813,(#8817,#8824),.PCURVE_S1.);
#8813 = LINE('',#8814,#8815);
#8814 = CARTESIAN_POINT('',(-44.0725,19.205238435765,73.092600498307));
#8815 = VECTOR('',#8816,1.);
#8816 = DIRECTION('',(0.425105070247,0.309577484108,0.850557147159));
#8817 = PCURVE('',#5221,#8818);
#8818 = DEFINITIONAL_REPRESENTATION('',(#8819),#8823);
#8819 = LINE('',#8820,#8821);
#8820 = CARTESIAN_POINT('',(20.555614636862,-44.0725));
#8821 = VECTOR('',#8822,1.);
#8822 = DIRECTION('',(0.905144010227,0.425105070247));
#8823 = ( GEOMETRIC_REPRESENTATION_CONTEXT(2) 
PARAMETRIC_REPRESENTATION_CONTEXT() REPRESENTATION_CONTEXT('2D SPACE',''
  ) );
#8824 = PCURVE('',#5623,#8825);
#8825 = DEFINITIONAL_REPRESENTATION('',(#8826),#8830);
#8826 = LINE('',#8827,#8828);
#8827 = CARTESIAN_POINT('',(3.996802888651E-15,-2.4));
#8828 = VECTOR('',#8829,1.);
#8829 = DIRECTION('',(1.,0.));
#8830 = ( GEOMETRIC_REPRESENTATION_CONTEXT(2) 
PARAMETRIC_REPRESENTATION_CONTEXT() REPRESENTATION_CONTEXT('2D SPACE',''
  ) );
#8831 = ORIENTED_EDGE('',*,*,#8832,.T.);
#8832 = EDGE_CURVE('',#8810,#8833,#8835,.T.);
#8833 = VERTEX_POINT('',#8834);
#8834 = CARTESIAN_POINT('',(-35.1488671875,25.233423622851,
    89.654903180116));
#8835 = SURFACE_CURVE('',#8836,(#8840,#8847),.PCURVE_S1.);
#8836 = LINE('',#8837,#8838);
#8837 = CARTESIAN_POINT('',(-39.85819824218,22.274251314628,
    81.524644082997));
#8838 = VECTOR('',#8839,1.);
#8839 = DIRECTION('',(0.478072370639,0.300403285327,0.825351243166));
#8840 = PCURVE('',#5221,#8841);
#8841 = DEFINITIONAL_REPRESENTATION('',(#8842),#8846);
#8842 = LINE('',#8843,#8844);
#8843 = CARTESIAN_POINT('',(29.528807996237,-39.85819824218));
#8844 = VECTOR('',#8845,1.);
#8845 = DIRECTION('',(0.878320447463,0.478072370639));
#8846 = ( GEOMETRIC_REPRESENTATION_CONTEXT(2) 
PARAMETRIC_REPRESENTATION_CONTEXT() REPRESENTATION_CONTEXT('2D SPACE',''
  ) );
#8847 = PCURVE('',#5651,#8848);
#8848 = DEFINITIONAL_REPRESENTATION('',(#8849),#8853);
#8849 = LINE('',#8850,#8851);
#8850 = CARTESIAN_POINT('',(2.886579864025E-15,-2.4));
#8851 = VECTOR('',#8852,1.);
#8852 = DIRECTION('',(1.,0.));
#8853 = ( GEOMETRIC_REPRESENTATION_CONTEXT(2) 
PARAMETRIC_REPRESENTATION_CONTEXT() REPRESENTATION_CONTEXT('2D SPACE',''
  ) );
#8854 = ORIENTED_EDGE('',*,*,#8855,.T.);
#8855 = EDGE_CURVE('',#8833,#8856,#8858,.T.);
#8856 = VERTEX_POINT('',#8857);
#8857 = CARTESIAN_POINT('',(-30.00705566406,28.043616766301,
    97.375845386049));
#8858 = SURFACE_CURVE('',#8859,(#8863,#8870),.PCURVE_S1.);
#8859 = LINE('',#8860,#8861);
#8860 = CARTESIAN_POINT('',(-35.1488671875,25.233423622851,
    89.654903180116));
#8861 = VECTOR('',#8862,1.);
#8862 = DIRECTION('',(0.530483099103,0.289928940612,0.796573217577));
#8863 = PCURVE('',#5221,#8864);
#8864 = DEFINITIONAL_REPRESENTATION('',(#8865),#8869);
#8865 = LINE('',#8866,#8867);
#8866 = CARTESIAN_POINT('',(38.180849011862,-35.1488671875));
#8867 = VECTOR('',#8868,1.);
#8868 = DIRECTION('',(0.847695512295,0.530483099103));
#8869 = ( GEOMETRIC_REPRESENTATION_CONTEXT(2) 
PARAMETRIC_REPRESENTATION_CONTEXT() REPRESENTATION_CONTEXT('2D SPACE',''
  ) );
#8870 = PCURVE('',#5679,#8871);
#8871 = DEFINITIONAL_REPRESENTATION('',(#8872),#8876);
#8872 = LINE('',#8873,#8874);
#8873 = CARTESIAN_POINT('',(2.6645352591E-15,-2.4));
#8874 = VECTOR('',#8875,1.);
#8875 = DIRECTION('',(1.,0.));
#8876 = ( GEOMETRIC_REPRESENTATION_CONTEXT(2) 
PARAMETRIC_REPRESENTATION_CONTEXT() REPRESENTATION_CONTEXT('2D SPACE',''
  ) );
#8877 = ORIENTED_EDGE('',*,*,#8878,.T.);
#8878 = EDGE_CURVE('',#8856,#8879,#8881,.T.);
#8879 = VERTEX_POINT('',#8880);
#8880 = CARTESIAN_POINT('',(-24.4953125,30.66569215084,104.57993829717)
  );
#8881 = SURFACE_CURVE('',#8882,(#8886,#8893),.PCURVE_S1.);
#8882 = LINE('',#8883,#8884);
#8883 = CARTESIAN_POINT('',(-30.00705566406,28.043616766301,
    97.375845386049));
#8884 = VECTOR('',#8885,1.);
#8885 = DIRECTION('',(0.583740276747,0.277699988019,0.762974446464));
#8886 = PCURVE('',#5221,#8887);
#8887 = DEFINITIONAL_REPRESENTATION('',(#8888),#8892);
#8888 = LINE('',#8889,#8890);
#8889 = CARTESIAN_POINT('',(46.397304089987,-30.00705566406));
#8890 = VECTOR('',#8891,1.);
#8891 = DIRECTION('',(0.811940446894,0.583740276747));
#8892 = ( GEOMETRIC_REPRESENTATION_CONTEXT(2) 
PARAMETRIC_REPRESENTATION_CONTEXT() REPRESENTATION_CONTEXT('2D SPACE',''
  ) );
#8893 = PCURVE('',#5707,#8894);
#8894 = DEFINITIONAL_REPRESENTATION('',(#8895),#8899);
#8895 = LINE('',#8896,#8897);
#8896 = CARTESIAN_POINT('',(2.553512956638E-15,-2.4));
#8897 = VECTOR('',#8898,1.);
#8898 = DIRECTION('',(1.,0.));
#8899 = ( GEOMETRIC_REPRESENTATION_CONTEXT(2) 
PARAMETRIC_REPRESENTATION_CONTEXT() REPRESENTATION_CONTEXT('2D SPACE',''
  ) );
#8900 = ORIENTED_EDGE('',*,*,#8901,.T.);
#8901 = EDGE_CURVE('',#8879,#8902,#8904,.T.);
#8902 = VERTEX_POINT('',#8903);
#8903 = CARTESIAN_POINT('',(-18.67618652343,33.060511182333,
    111.15964950988));
#8904 = SURFACE_CURVE('',#8905,(#8909,#8916),.PCURVE_S1.);
#8905 = LINE('',#8906,#8907);
#8906 = CARTESIAN_POINT('',(-24.4953125,30.66569215084,104.57993829717)
  );
#8907 = VECTOR('',#8908,1.);
#8908 = DIRECTION('',(0.639155791915,0.263039923991,0.72269625158));
#8909 = PCURVE('',#5221,#8910);
#8910 = DEFINITIONAL_REPRESENTATION('',(#8911),#8915);
#8911 = LINE('',#8912,#8913);
#8912 = CARTESIAN_POINT('',(54.063739636862,-24.4953125));
#8913 = VECTOR('',#8914,1.);
#8914 = DIRECTION('',(0.769077287183,0.639155791915));
#8915 = ( GEOMETRIC_REPRESENTATION_CONTEXT(2) 
PARAMETRIC_REPRESENTATION_CONTEXT() REPRESENTATION_CONTEXT('2D SPACE',''
  ) );
#8916 = PCURVE('',#5735,#8917);
#8917 = DEFINITIONAL_REPRESENTATION('',(#8918),#8922);
#8918 = LINE('',#8919,#8920);
#8919 = CARTESIAN_POINT('',(1.665334536938E-15,-2.4));
#8920 = VECTOR('',#8921,1.);
#8921 = DIRECTION('',(1.,-2.775557561563E-17));
#8922 = ( GEOMETRIC_REPRESENTATION_CONTEXT(2) 
PARAMETRIC_REPRESENTATION_CONTEXT() REPRESENTATION_CONTEXT('2D SPACE',''
  ) );
#8923 = ORIENTED_EDGE('',*,*,#8924,.T.);
#8924 = EDGE_CURVE('',#8902,#8925,#8927,.T.);
#8925 = VERTEX_POINT('',#8926);
#8926 = CARTESIAN_POINT('',(-12.6122265625,35.188935266646,
    117.00744662055));
#8927 = SURFACE_CURVE('',#8928,(#8932,#8939),.PCURVE_S1.);
#8928 = LINE('',#8929,#8930);
#8929 = CARTESIAN_POINT('',(-18.67618652343,33.060511182333,
    111.15964950988));
#8930 = VECTOR('',#8931,1.);
#8931 = DIRECTION('',(0.697890161098,0.244956470137,0.673012370452));
#8932 = PCURVE('',#5221,#8933);
#8933 = DEFINITIONAL_REPRESENTATION('',(#8934),#8938);
#8934 = LINE('',#8935,#8936);
#8935 = CARTESIAN_POINT('',(61.065722058737,-18.67618652343));
#8936 = VECTOR('',#8937,1.);
#8937 = DIRECTION('',(0.716204805236,0.697890161098));
#8938 = ( GEOMETRIC_REPRESENTATION_CONTEXT(2) 
PARAMETRIC_REPRESENTATION_CONTEXT() REPRESENTATION_CONTEXT('2D SPACE',''
  ) );
#8939 = PCURVE('',#5763,#8940);
#8940 = DEFINITIONAL_REPRESENTATION('',(#8941),#8945);
#8941 = LINE('',#8942,#8943);
#8942 = CARTESIAN_POINT('',(6.439293542826E-15,-2.4));
#8943 = VECTOR('',#8944,1.);
#8944 = DIRECTION('',(1.,-2.775557561563E-17));
#8945 = ( GEOMETRIC_REPRESENTATION_CONTEXT(2) 
PARAMETRIC_REPRESENTATION_CONTEXT() REPRESENTATION_CONTEXT('2D SPACE',''
  ) );
#8946 = ORIENTED_EDGE('',*,*,#8947,.T.);
#8947 = EDGE_CURVE('',#8925,#8948,#8950,.T.);
#8948 = VERTEX_POINT('',#8949);
#8949 = CARTESIAN_POINT('',(-6.365981445313,37.011825809641,
    122.01579722557));
#8950 = SURFACE_CURVE('',#8951,(#8955,#8962),.PCURVE_S1.);
#8951 = LINE('',#8952,#8953);
#8952 = CARTESIAN_POINT('',(-12.6122265625,35.188935266646,
    117.00744662055));
#8953 = VECTOR('',#8954,1.);
#8954 = DIRECTION('',(0.760707919354,0.222003338991,0.609949160921));
#8955 = PCURVE('',#5221,#8956);
#8956 = DEFINITIONAL_REPRESENTATION('',(#8957),#8961);
#8957 = LINE('',#8958,#8959);
#8958 = CARTESIAN_POINT('',(67.288817761862,-12.6122265625));
#8959 = VECTOR('',#8960,1.);
#8960 = DIRECTION('',(0.649094339393,0.760707919354));
#8961 = ( GEOMETRIC_REPRESENTATION_CONTEXT(2) 
PARAMETRIC_REPRESENTATION_CONTEXT() REPRESENTATION_CONTEXT('2D SPACE',''
  ) );
#8962 = PCURVE('',#5791,#8963);
#8963 = DEFINITIONAL_REPRESENTATION('',(#8964),#8968);
#8964 = LINE('',#8965,#8966);
#8965 = CARTESIAN_POINT('',(4.440892098501E-16,-2.4));
#8966 = VECTOR('',#8967,1.);
#8967 = DIRECTION('',(1.,0.));
#8968 = ( GEOMETRIC_REPRESENTATION_CONTEXT(2) 
PARAMETRIC_REPRESENTATION_CONTEXT() REPRESENTATION_CONTEXT('2D SPACE',''
  ) );
#8969 = ORIENTED_EDGE('',*,*,#8970,.T.);
#8970 = EDGE_CURVE('',#8948,#8971,#8973,.T.);
#8971 = VERTEX_POINT('',#8972);
#8972 = CARTESIAN_POINT('',(0.,38.490044217183,126.07716892132));
#8973 = SURFACE_CURVE('',#8974,(#8978,#8985),.PCURVE_S1.);
#8974 = LINE('',#8975,#8976);
#8975 = CARTESIAN_POINT('',(-6.365981445313,37.011825809641,
    122.01579722557));
#8976 = VECTOR('',#8977,1.);
#8977 = DIRECTION('',(0.827339984276,0.192113220021,0.527826733987));
#8978 = PCURVE('',#5221,#8979);
#8979 = DEFINITIONAL_REPRESENTATION('',(#8980),#8984);
#8980 = LINE('',#8981,#8982);
#8981 = CARTESIAN_POINT('',(72.618593152487,-6.365981445313));
#8982 = VECTOR('',#8983,1.);
#8983 = DIRECTION('',(0.561701478027,0.827339984276));
#8984 = ( GEOMETRIC_REPRESENTATION_CONTEXT(2) 
PARAMETRIC_REPRESENTATION_CONTEXT() REPRESENTATION_CONTEXT('2D SPACE',''
  ) );
#8985 = PCURVE('',#5819,#8986);
#8986 = DEFINITIONAL_REPRESENTATION('',(#8987),#8991);
#8987 = LINE('',#8988,#8989);
#8988 = CARTESIAN_POINT('',(5.384581669432E-15,-2.4));
#8989 = VECTOR('',#8990,1.);
#8990 = DIRECTION('',(1.,0.));
#8991 = ( GEOMETRIC_REPRESENTATION_CONTEXT(2) 
PARAMETRIC_REPRESENTATION_CONTEXT() REPRESENTATION_CONTEXT('2D SPACE',''
  ) );
#8992 = ORIENTED_EDGE('',*,*,#8993,.T.);
#8993 = EDGE_CURVE('',#8971,#8994,#8996,.T.);
#8994 = VERTEX_POINT('',#8995);
#8995 = CARTESIAN_POINT('',(6.365981445313,37.011825809641,
    122.01579722557));
#8996 = SURFACE_CURVE('',#8997,(#9001,#9008),.PCURVE_S1.);
#8997 = LINE('',#8998,#8999);
#8998 = CARTESIAN_POINT('',(0.,38.490044217183,126.07716892132));
#8999 = VECTOR('',#9000,1.);
#9000 = DIRECTION('',(0.827339984276,-0.192113220021,-0.527826733987));
#9001 = PCURVE('',#5221,#9002);
#9002 = DEFINITIONAL_REPRESENTATION('',(#9003),#9007);
#9003 = LINE('',#9004,#9005);
#9004 = CARTESIAN_POINT('',(76.940614636862,1.155288936034E-15));
#9005 = VECTOR('',#9006,1.);
#9006 = DIRECTION('',(-0.561701478027,0.827339984276));
#9007 = ( GEOMETRIC_REPRESENTATION_CONTEXT(2) 
PARAMETRIC_REPRESENTATION_CONTEXT() REPRESENTATION_CONTEXT('2D SPACE',''
  ) );
#9008 = PCURVE('',#5847,#9009);
#9009 = DEFINITIONAL_REPRESENTATION('',(#9010),#9014);
#9010 = LINE('',#9011,#9012);
#9011 = CARTESIAN_POINT('',(-5.384581669432E-15,-2.4));
#9012 = VECTOR('',#9013,1.);
#9013 = DIRECTION('',(1.,0.));
#9014 = ( GEOMETRIC_REPRESENTATION_CONTEXT(2) 
PARAMETRIC_REPRESENTATION_CONTEXT() REPRESENTATION_CONTEXT('2D SPACE',''
  ) );
#9015 = ORIENTED_EDGE('',*,*,#9016,.T.);
#9016 = EDGE_CURVE('',#8994,#9017,#9019,.T.);
#9017 = VERTEX_POINT('',#9018);
#9018 = CARTESIAN_POINT('',(12.6122265625,35.188935266646,
    117.00744662055));
#9019 = SURFACE_CURVE('',#9020,(#9024,#9031),.PCURVE_S1.);
#9020 = LINE('',#9021,#9022);
#9021 = CARTESIAN_POINT('',(6.365981445313,37.011825809641,
    122.01579722557));
#9022 = VECTOR('',#9023,1.);
#9023 = DIRECTION('',(0.760707919354,-0.222003338991,-0.609949160921));
#9024 = PCURVE('',#5221,#9025);
#9025 = DEFINITIONAL_REPRESENTATION('',(#9026),#9030);
#9026 = LINE('',#9027,#9028);
#9027 = CARTESIAN_POINT('',(72.618593152487,6.365981445313));
#9028 = VECTOR('',#9029,1.);
#9029 = DIRECTION('',(-0.649094339393,0.760707919354));
#9030 = ( GEOMETRIC_REPRESENTATION_CONTEXT(2) 
PARAMETRIC_REPRESENTATION_CONTEXT() REPRESENTATION_CONTEXT('2D SPACE',''
  ) );
#9031 = PCURVE('',#5875,#9032);
#9032 = DEFINITIONAL_REPRESENTATION('',(#9033),#9037);
#9033 = LINE('',#9034,#9035);
#9034 = CARTESIAN_POINT('',(-5.551115123126E-15,-2.4));
#9035 = VECTOR('',#9036,1.);
#9036 = DIRECTION('',(1.,0.));
#9037 = ( GEOMETRIC_REPRESENTATION_CONTEXT(2) 
PARAMETRIC_REPRESENTATION_CONTEXT() REPRESENTATION_CONTEXT('2D SPACE',''
  ) );
#9038 = ORIENTED_EDGE('',*,*,#9039,.T.);
#9039 = EDGE_CURVE('',#9017,#9040,#9042,.T.);
#9040 = VERTEX_POINT('',#9041);
#9041 = CARTESIAN_POINT('',(18.676186523438,33.060511182333,
    111.15964950988));
#9042 = SURFACE_CURVE('',#9043,(#9047,#9054),.PCURVE_S1.);
#9043 = LINE('',#9044,#9045);
#9044 = CARTESIAN_POINT('',(12.6122265625,35.188935266646,
    117.00744662055));
#9045 = VECTOR('',#9046,1.);
#9046 = DIRECTION('',(0.697890161098,-0.244956470137,-0.673012370452));
#9047 = PCURVE('',#5221,#9048);
#9048 = DEFINITIONAL_REPRESENTATION('',(#9049),#9053);
#9049 = LINE('',#9050,#9051);
#9050 = CARTESIAN_POINT('',(67.288817761862,12.6122265625));
#9051 = VECTOR('',#9052,1.);
#9052 = DIRECTION('',(-0.716204805236,0.697890161098));
#9053 = ( GEOMETRIC_REPRESENTATION_CONTEXT(2) 
PARAMETRIC_REPRESENTATION_CONTEXT() REPRESENTATION_CONTEXT('2D SPACE',''
  ) );
#9054 = PCURVE('',#5903,#9055);
#9055 = DEFINITIONAL_REPRESENTATION('',(#9056),#9060);
#9056 = LINE('',#9057,#9058);
#9057 = CARTESIAN_POINT('',(-5.551115123126E-16,-2.4));
#9058 = VECTOR('',#9059,1.);
#9059 = DIRECTION('',(1.,2.775557561563E-17));
#9060 = ( GEOMETRIC_REPRESENTATION_CONTEXT(2) 
PARAMETRIC_REPRESENTATION_CONTEXT() REPRESENTATION_CONTEXT('2D SPACE',''
  ) );
#9061 = ORIENTED_EDGE('',*,*,#9062,.T.);
#9062 = EDGE_CURVE('',#9040,#9063,#9065,.T.);
#9063 = VERTEX_POINT('',#9064);
#9064 = CARTESIAN_POINT('',(24.4953125,30.66569215084,104.57993829717));
#9065 = SURFACE_CURVE('',#9066,(#9070,#9077),.PCURVE_S1.);
#9066 = LINE('',#9067,#9068);
#9067 = CARTESIAN_POINT('',(18.676186523438,33.060511182333,
    111.15964950988));
#9068 = VECTOR('',#9069,1.);
#9069 = DIRECTION('',(0.639155791915,-0.263039923991,-0.72269625158));
#9070 = PCURVE('',#5221,#9071);
#9071 = DEFINITIONAL_REPRESENTATION('',(#9072),#9076);
#9072 = LINE('',#9073,#9074);
#9073 = CARTESIAN_POINT('',(61.065722058737,18.676186523438));
#9074 = VECTOR('',#9075,1.);
#9075 = DIRECTION('',(-0.769077287183,0.639155791915));
#9076 = ( GEOMETRIC_REPRESENTATION_CONTEXT(2) 
PARAMETRIC_REPRESENTATION_CONTEXT() REPRESENTATION_CONTEXT('2D SPACE',''
  ) );
#9077 = PCURVE('',#5931,#9078);
#9078 = DEFINITIONAL_REPRESENTATION('',(#9079),#9083);
#9079 = LINE('',#9080,#9081);
#9080 = CARTESIAN_POINT('',(-6.661338147751E-15,-2.4));
#9081 = VECTOR('',#9082,1.);
#9082 = DIRECTION('',(1.,2.775557561563E-17));
#9083 = ( GEOMETRIC_REPRESENTATION_CONTEXT(2) 
PARAMETRIC_REPRESENTATION_CONTEXT() REPRESENTATION_CONTEXT('2D SPACE',''
  ) );
#9084 = ORIENTED_EDGE('',*,*,#9085,.T.);
#9085 = EDGE_CURVE('',#9063,#9086,#9088,.T.);
#9086 = VERTEX_POINT('',#9087);
#9087 = CARTESIAN_POINT('',(30.007055664063,28.043616766301,
    97.375845386049));
#9088 = SURFACE_CURVE('',#9089,(#9093,#9100),.PCURVE_S1.);
#9089 = LINE('',#9090,#9091);
#9090 = CARTESIAN_POINT('',(24.4953125,30.66569215084,104.57993829717));
#9091 = VECTOR('',#9092,1.);
#9092 = DIRECTION('',(0.583740276747,-0.277699988019,-0.762974446464));
#9093 = PCURVE('',#5221,#9094);
#9094 = DEFINITIONAL_REPRESENTATION('',(#9095),#9099);
#9095 = LINE('',#9096,#9097);
#9096 = CARTESIAN_POINT('',(54.063739636862,24.4953125));
#9097 = VECTOR('',#9098,1.);
#9098 = DIRECTION('',(-0.811940446894,0.583740276747));
#9099 = ( GEOMETRIC_REPRESENTATION_CONTEXT(2) 
PARAMETRIC_REPRESENTATION_CONTEXT() REPRESENTATION_CONTEXT('2D SPACE',''
  ) );
#9100 = PCURVE('',#5959,#9101);
#9101 = DEFINITIONAL_REPRESENTATION('',(#9102),#9106);
#9102 = LINE('',#9103,#9104);
#9103 = CARTESIAN_POINT('',(-1.554312234475E-15,-2.4));
#9104 = VECTOR('',#9105,1.);
#9105 = DIRECTION('',(1.,0.));
#9106 = ( GEOMETRIC_REPRESENTATION_CONTEXT(2) 
PARAMETRIC_REPRESENTATION_CONTEXT() REPRESENTATION_CONTEXT('2D SPACE',''
  ) );
#9107 = ORIENTED_EDGE('',*,*,#9108,.T.);
#9108 = EDGE_CURVE('',#9086,#9109,#9111,.T.);
#9109 = VERTEX_POINT('',#9110);
#9110 = CARTESIAN_POINT('',(35.1488671875,25.233423622851,
    89.654903180116));
#9111 = SURFACE_CURVE('',#9112,(#9116,#9123),.PCURVE_S1.);
#9112 = LINE('',#9113,#9114);
#9113 = CARTESIAN_POINT('',(30.007055664063,28.043616766301,
    97.375845386049));
#9114 = VECTOR('',#9115,1.);
#9115 = DIRECTION('',(0.530483099103,-0.289928940612,-0.796573217577));
#9116 = PCURVE('',#5221,#9117);
#9117 = DEFINITIONAL_REPRESENTATION('',(#9118),#9122);
#9118 = LINE('',#9119,#9120);
#9119 = CARTESIAN_POINT('',(46.397304089987,30.007055664063));
#9120 = VECTOR('',#9121,1.);
#9121 = DIRECTION('',(-0.847695512295,0.530483099103));
#9122 = ( GEOMETRIC_REPRESENTATION_CONTEXT(2) 
PARAMETRIC_REPRESENTATION_CONTEXT() REPRESENTATION_CONTEXT('2D SPACE',''
  ) );
#9123 = PCURVE('',#5987,#9124);
#9124 = DEFINITIONAL_REPRESENTATION('',(#9125),#9129);
#9125 = LINE('',#9126,#9127);
#9126 = CARTESIAN_POINT('',(-2.6645352591E-15,-2.4));
#9127 = VECTOR('',#9128,1.);
#9128 = DIRECTION('',(1.,0.));
#9129 = ( GEOMETRIC_REPRESENTATION_CONTEXT(2) 
PARAMETRIC_REPRESENTATION_CONTEXT() REPRESENTATION_CONTEXT('2D SPACE',''
  ) );
#9130 = ORIENTED_EDGE('',*,*,#9131,.T.);
#9131 = EDGE_CURVE('',#9109,#9132,#9134,.T.);
#9132 = VERTEX_POINT('',#9133);
#9133 = CARTESIAN_POINT('',(39.858198242188,22.274251314628,
    81.524644082997));
#9134 = SURFACE_CURVE('',#9135,(#9139,#9146),.PCURVE_S1.);
#9135 = LINE('',#9136,#9137);
#9136 = CARTESIAN_POINT('',(35.1488671875,25.233423622851,
    89.654903180116));
#9137 = VECTOR('',#9138,1.);
#9138 = DIRECTION('',(0.478072370639,-0.300403285327,-0.825351243166));
#9139 = PCURVE('',#5221,#9140);
#9140 = DEFINITIONAL_REPRESENTATION('',(#9141),#9145);
#9141 = LINE('',#9142,#9143);
#9142 = CARTESIAN_POINT('',(38.180849011862,35.1488671875));
#9143 = VECTOR('',#9144,1.);
#9144 = DIRECTION('',(-0.878320447463,0.478072370639));
#9145 = ( GEOMETRIC_REPRESENTATION_CONTEXT(2) 
PARAMETRIC_REPRESENTATION_CONTEXT() REPRESENTATION_CONTEXT('2D SPACE',''
  ) );
#9146 = PCURVE('',#6015,#9147);
#9147 = DEFINITIONAL_REPRESENTATION('',(#9148),#9152);
#9148 = LINE('',#9149,#9150);
#9149 = CARTESIAN_POINT('',(-2.886579864025E-15,-2.4));
#9150 = VECTOR('',#9151,1.);
#9151 = DIRECTION('',(1.,0.));
#9152 = ( GEOMETRIC_REPRESENTATION_CONTEXT(2) 
PARAMETRIC_REPRESENTATION_CONTEXT() REPRESENTATION_CONTEXT('2D SPACE',''
  ) );
#9153 = ORIENTED_EDGE('',*,*,#9154,.T.);
#9154 = EDGE_CURVE('',#9132,#9155,#9157,.T.);
#9155 = VERTEX_POINT('',#9156);
#9156 = CARTESIAN_POINT('',(44.0725,19.205238435765,73.092600498307));
#9157 = SURFACE_CURVE('',#9158,(#9162,#9169),.PCURVE_S1.);
#9158 = LINE('',#9159,#9160);
#9159 = CARTESIAN_POINT('',(39.858198242188,22.274251314628,
    81.524644082997));
#9160 = VECTOR('',#9161,1.);
#9161 = DIRECTION('',(0.425105070247,-0.309577484108,-0.850557147159));
#9162 = PCURVE('',#5221,#9163);
#9163 = DEFINITIONAL_REPRESENTATION('',(#9164),#9168);
#9164 = LINE('',#9165,#9166);
#9165 = CARTESIAN_POINT('',(29.528807996237,39.858198242188));
#9166 = VECTOR('',#9167,1.);
#9167 = DIRECTION('',(-0.905144010227,0.425105070247));
#9168 = ( GEOMETRIC_REPRESENTATION_CONTEXT(2) 
PARAMETRIC_REPRESENTATION_CONTEXT() REPRESENTATION_CONTEXT('2D SPACE',''
  ) );
#9169 = PCURVE('',#6043,#9170);
#9170 = DEFINITIONAL_REPRESENTATION('',(#9171),#9175);
#9171 = LINE('',#9172,#9173);
#9172 = CARTESIAN_POINT('',(-2.886579864025E-15,-2.4));
#9173 = VECTOR('',#9174,1.);
#9174 = DIRECTION('',(1.,0.));
#9175 = ( GEOMETRIC_REPRESENTATION_CONTEXT(2) 
PARAMETRIC_REPRESENTATION_CONTEXT() REPRESENTATION_CONTEXT('2D SPACE',''
  ) );
#9176 = ORIENTED_EDGE('',*,*,#9177,.T.);
#9177 = EDGE_CURVE('',#9155,#9178,#9180,.T.);
#9178 = VERTEX_POINT('',#9179);
#9179 = CARTESIAN_POINT('',(47.729223632813,16.0655235804,
    64.466304829664));
#9180 = SURFACE_CURVE('',#9181,(#9185,#9192),.PCURVE_S1.);
#9181 = LINE('',#9182,#9183);
#9182 = CARTESIAN_POINT('',(44.0725,19.205238435765,73.092600498307));
#9183 = VECTOR('',#9184,1.);
#9184 = DIRECTION('',(0.370060630534,-0.317739314136,-0.872981590861));
#9185 = PCURVE('',#5221,#9186);
#9186 = DEFINITIONAL_REPRESENTATION('',(#9187),#9191);
#9187 = LINE('',#9188,#9189);
#9188 = CARTESIAN_POINT('',(20.555614636862,44.0725));
#9189 = VECTOR('',#9190,1.);
#9190 = DIRECTION('',(-0.929007604774,0.370060630534));
#9191 = ( GEOMETRIC_REPRESENTATION_CONTEXT(2) 
PARAMETRIC_REPRESENTATION_CONTEXT() REPRESENTATION_CONTEXT('2D SPACE',''
  ) );
#9192 = PCURVE('',#6071,#9193);
#9193 = DEFINITIONAL_REPRESENTATION('',(#9194),#9198);
#9194 = LINE('',#9195,#9196);
#9195 = CARTESIAN_POINT('',(-4.107825191113E-15,-2.4));
#9196 = VECTOR('',#9197,1.);
#9197 = DIRECTION('',(1.,0.));
#9198 = ( GEOMETRIC_REPRESENTATION_CONTEXT(2) 
PARAMETRIC_REPRESENTATION_CONTEXT() REPRESENTATION_CONTEXT('2D SPACE',''
  ) );
#9199 = ORIENTED_EDGE('',*,*,#9200,.T.);
#9200 = EDGE_CURVE('',#9178,#9201,#9203,.T.);
#9201 = VERTEX_POINT('',#9202);
#9202 = CARTESIAN_POINT('',(50.7658203125,12.894245342667,
    55.753289480685));
#9203 = SURFACE_CURVE('',#9204,(#9208,#9215),.PCURVE_S1.);
#9204 = LINE('',#9205,#9206);
#9205 = CARTESIAN_POINT('',(47.729223632813,16.0655235804,
    64.466304829664));
#9206 = VECTOR('',#9207,1.);
#9207 = DIRECTION('',(0.311229707024,-0.325033615239,-0.893022518434));
#9208 = PCURVE('',#5221,#9209);
#9209 = DEFINITIONAL_REPRESENTATION('',(#9210),#9214);
#9210 = LINE('',#9211,#9212);
#9211 = CARTESIAN_POINT('',(11.375702527487,47.729223632813));
#9212 = VECTOR('',#9213,1.);
#9213 = DIRECTION('',(-0.950334714438,0.311229707024));
#9214 = ( GEOMETRIC_REPRESENTATION_CONTEXT(2) 
PARAMETRIC_REPRESENTATION_CONTEXT() REPRESENTATION_CONTEXT('2D SPACE',''
  ) );
#9215 = PCURVE('',#6099,#9216);
#9216 = DEFINITIONAL_REPRESENTATION('',(#9217),#9221);
#9217 = LINE('',#9218,#9219);
#9218 = CARTESIAN_POINT('',(-9.325873406851E-15,-2.4));
#9219 = VECTOR('',#9220,1.);
#9220 = DIRECTION('',(1.,-5.551115123126E-17));
#9221 = ( GEOMETRIC_REPRESENTATION_CONTEXT(2) 
PARAMETRIC_REPRESENTATION_CONTEXT() REPRESENTATION_CONTEXT('2D SPACE',''
  ) );
#9222 = ORIENTED_EDGE('',*,*,#9223,.T.);
#9223 = EDGE_CURVE('',#9201,#9224,#9226,.T.);
#9224 = VERTEX_POINT('',#9225);
#9225 = CARTESIAN_POINT('',(53.119741210938,9.730542316702,
    47.061086854986));
#9226 = SURFACE_CURVE('',#9227,(#9231,#9238),.PCURVE_S1.);
#9227 = LINE('',#9228,#9229);
#9228 = CARTESIAN_POINT('',(50.7658203125,12.894245342667,
    55.753289480685));
#9229 = VECTOR('',#9230,1.);
#9230 = DIRECTION('',(0.246616605115,-0.331456210094,-0.910668452771));
#9231 = PCURVE('',#5221,#9232);
#9232 = DEFINITIONAL_REPRESENTATION('',(#9233),#9237);
#9233 = LINE('',#9234,#9235);
#9234 = CARTESIAN_POINT('',(2.103505261862,50.7658203125));
#9235 = VECTOR('',#9236,1.);
#9236 = DIRECTION('',(-0.969113125534,0.246616605115));
#9237 = ( GEOMETRIC_REPRESENTATION_CONTEXT(2) 
PARAMETRIC_REPRESENTATION_CONTEXT() REPRESENTATION_CONTEXT('2D SPACE',''
  ) );
#9238 = PCURVE('',#6127,#9239);
#9239 = DEFINITIONAL_REPRESENTATION('',(#9240),#9244);
#9240 = LINE('',#9241,#9242);
#9241 = CARTESIAN_POINT('',(2.775557561563E-15,-2.4));
#9242 = VECTOR('',#9243,1.);
#9243 = DIRECTION('',(1.,0.));
#9244 = ( GEOMETRIC_REPRESENTATION_CONTEXT(2) 
PARAMETRIC_REPRESENTATION_CONTEXT() REPRESENTATION_CONTEXT('2D SPACE',''
  ) );
#9245 = ORIENTED_EDGE('',*,*,#9246,.T.);
#9246 = EDGE_CURVE('',#9224,#9247,#9249,.T.);
#9247 = VERTEX_POINT('',#9248);
#9248 = CARTESIAN_POINT('',(54.7284375,6.613553096641,38.497229356186));
#9249 = SURFACE_CURVE('',#9250,(#9254,#9261),.PCURVE_S1.);
#9250 = LINE('',#9251,#9252);
#9251 = CARTESIAN_POINT('',(53.119741210938,9.730542316702,
    47.061086854986));
#9252 = VECTOR('',#9253,1.);
#9253 = DIRECTION('',(0.173831174946,-0.336813046751,-0.925386240526));
#9254 = PCURVE('',#5221,#9255);
#9255 = DEFINITIONAL_REPRESENTATION('',(#9256),#9260);
#9256 = LINE('',#9257,#9258);
#9257 = CARTESIAN_POINT('',(-7.146543566263,53.119741210938));
#9258 = VECTOR('',#9259,1.);
#9259 = DIRECTION('',(-0.984775468123,0.173831174946));
#9260 = ( GEOMETRIC_REPRESENTATION_CONTEXT(2) 
PARAMETRIC_REPRESENTATION_CONTEXT() REPRESENTATION_CONTEXT('2D SPACE',''
  ) );
#9261 = PCURVE('',#6155,#9262);
#9262 = DEFINITIONAL_REPRESENTATION('',(#9263),#9267);
#9263 = LINE('',#9264,#9265);
#9264 = CARTESIAN_POINT('',(2.775557561563E-15,-2.4));
#9265 = VECTOR('',#9266,1.);
#9266 = DIRECTION('',(1.,0.));
#9267 = ( GEOMETRIC_REPRESENTATION_CONTEXT(2) 
PARAMETRIC_REPRESENTATION_CONTEXT() REPRESENTATION_CONTEXT('2D SPACE',''
  ) );
#9268 = ORIENTED_EDGE('',*,*,#9269,.T.);
#9269 = EDGE_CURVE('',#9247,#9270,#9272,.T.);
#9270 = VERTEX_POINT('',#9271);
#9271 = CARTESIAN_POINT('',(55.529360351563,3.58241627662,
    30.169249387899));
#9272 = SURFACE_CURVE('',#9273,(#9277,#9284),.PCURVE_S1.);
#9273 = LINE('',#9274,#9275);
#9274 = CARTESIAN_POINT('',(54.7284375,6.613553096641,38.497229356186));
#9275 = VECTOR('',#9276,1.);
#9276 = DIRECTION('',(9.000581020976E-02,-0.340631965751,-0.935878634245
    ));
#9277 = PCURVE('',#5221,#9278);
#9278 = DEFINITIONAL_REPRESENTATION('',(#9279),#9283);
#9279 = LINE('',#9280,#9281);
#9280 = CARTESIAN_POINT('',(-16.26001036313,54.7284375));
#9281 = VECTOR('',#9282,1.);
#9282 = DIRECTION('',(-0.995941240299,9.000581020976E-02));
#9283 = ( GEOMETRIC_REPRESENTATION_CONTEXT(2) 
PARAMETRIC_REPRESENTATION_CONTEXT() REPRESENTATION_CONTEXT('2D SPACE',''
  ) );
#9284 = PCURVE('',#6183,#9285);
#9285 = DEFINITIONAL_REPRESENTATION('',(#9286),#9290);
#9286 = LINE('',#9287,#9288);
#9287 = CARTESIAN_POINT('',(2.331468351713E-15,-2.4));
#9288 = VECTOR('',#9289,1.);
#9289 = DIRECTION('',(1.,0.));
#9290 = ( GEOMETRIC_REPRESENTATION_CONTEXT(2) 
PARAMETRIC_REPRESENTATION_CONTEXT() REPRESENTATION_CONTEXT('2D SPACE',''
  ) );
#9291 = ORIENTED_EDGE('',*,*,#9292,.T.);
#9292 = EDGE_CURVE('',#9270,#9293,#9295,.T.);
#9293 = VERTEX_POINT('',#9294);
#9294 = CARTESIAN_POINT('',(55.4599609375,0.676270450774,22.184679353744
    ));
#9295 = SURFACE_CURVE('',#9296,(#9300,#9307),.PCURVE_S1.);
#9296 = LINE('',#9297,#9298);
#9297 = CARTESIAN_POINT('',(55.529360351563,3.58241627662,
    30.169249387899));
#9298 = VECTOR('',#9299,1.);
#9299 = DIRECTION('',(-8.167245317947E-03,-0.342008736097,
    -0.939661279684));
#9300 = PCURVE('',#5221,#9301);
#9301 = DEFINITIONAL_REPRESENTATION('',(#9302),#9306);
#9302 = LINE('',#9303,#9304);
#9303 = CARTESIAN_POINT('',(-25.12246153501,55.529360351563));
#9304 = VECTOR('',#9305,1.);
#9305 = DIRECTION('',(-0.999966647496,-8.167245317947E-03));
#9306 = ( GEOMETRIC_REPRESENTATION_CONTEXT(2) 
PARAMETRIC_REPRESENTATION_CONTEXT() REPRESENTATION_CONTEXT('2D SPACE',''
  ) );
#9307 = PCURVE('',#6211,#9308);
#9308 = DEFINITIONAL_REPRESENTATION('',(#9309),#9313);
#9309 = LINE('',#9310,#9311);
#9310 = CARTESIAN_POINT('',(2.553512956638E-15,-2.4));
#9311 = VECTOR('',#9312,1.);
#9312 = DIRECTION('',(1.,0.));
#9313 = ( GEOMETRIC_REPRESENTATION_CONTEXT(2) 
PARAMETRIC_REPRESENTATION_CONTEXT() REPRESENTATION_CONTEXT('2D SPACE',''
  ) );
#9314 = ORIENTED_EDGE('',*,*,#9315,.T.);
#9315 = EDGE_CURVE('',#9293,#9316,#9318,.T.);
#9316 = VERTEX_POINT('',#9317);
#9317 = CARTESIAN_POINT('',(54.457690429688,-2.065745786762,
    14.651051657337));
#9318 = SURFACE_CURVE('',#9319,(#9323,#9330),.PCURVE_S1.);
#9319 = LINE('',#9320,#9321);
#9320 = CARTESIAN_POINT('',(55.4599609375,0.676270450774,22.184679353744
    ));
#9321 = VECTOR('',#9322,1.);
#9322 = DIRECTION('',(-0.124050652062,-0.339378341056,-0.932434328704));
#9323 = PCURVE('',#5221,#9324);
#9324 = DEFINITIONAL_REPRESENTATION('',(#9325),#9329);
#9325 = LINE('',#9326,#9327);
#9326 = CARTESIAN_POINT('',(-33.61946348813,55.4599609375));
#9327 = VECTOR('',#9328,1.);
#9328 = DIRECTION('',(-0.9922758869,-0.124050652062));
#9329 = ( GEOMETRIC_REPRESENTATION_CONTEXT(2) 
PARAMETRIC_REPRESENTATION_CONTEXT() REPRESENTATION_CONTEXT('2D SPACE',''
  ) );
#9330 = PCURVE('',#6239,#9331);
#9331 = DEFINITIONAL_REPRESENTATION('',(#9332),#9336);
#9332 = LINE('',#9333,#9334);
#9333 = CARTESIAN_POINT('',(2.442490654175E-15,-2.4));
#9334 = VECTOR('',#9335,1.);
#9335 = DIRECTION('',(1.,0.));
#9336 = ( GEOMETRIC_REPRESENTATION_CONTEXT(2) 
PARAMETRIC_REPRESENTATION_CONTEXT() REPRESENTATION_CONTEXT('2D SPACE',''
  ) );
#9337 = ORIENTED_EDGE('',*,*,#9338,.T.);
#9338 = EDGE_CURVE('',#9316,#9339,#9341,.T.);
#9339 = VERTEX_POINT('',#9340);
#9340 = CARTESIAN_POINT('',(52.46,-4.604493841851,7.675898702296));
#9341 = SURFACE_CURVE('',#9342,(#9346,#9353),.PCURVE_S1.);
#9342 = LINE('',#9343,#9344);
#9343 = CARTESIAN_POINT('',(54.457690429688,-2.065745786762,
    14.651051657337));
#9344 = VECTOR('',#9345,1.);
#9345 = DIRECTION('',(-0.259881714602,-0.330268487897,-0.907405212855));
#9346 = PCURVE('',#5221,#9347);
#9347 = DEFINITIONAL_REPRESENTATION('',(#9348),#9352);
#9348 = LINE('',#9349,#9350);
#9349 = CARTESIAN_POINT('',(-41.63658262876,54.457690429688));
#9350 = VECTOR('',#9351,1.);
#9351 = DIRECTION('',(-0.96564045815,-0.259881714602));
#9352 = ( GEOMETRIC_REPRESENTATION_CONTEXT(2) 
PARAMETRIC_REPRESENTATION_CONTEXT() REPRESENTATION_CONTEXT('2D SPACE',''
  ) );
#9353 = PCURVE('',#6267,#9354);
#9354 = DEFINITIONAL_REPRESENTATION('',(#9355),#9359);
#9355 = LINE('',#9356,#9357);
#9356 = CARTESIAN_POINT('',(-7.771561172376E-16,-2.4));
#9357 = VECTOR('',#9358,1.);
#9358 = DIRECTION('',(1.,0.));
#9359 = ( GEOMETRIC_REPRESENTATION_CONTEXT(2) 
PARAMETRIC_REPRESENTATION_CONTEXT() REPRESENTATION_CONTEXT('2D SPACE',''
  ) );
#9360 = ORIENTED_EDGE('',*,*,#9361,.T.);
#9361 = EDGE_CURVE('',#9339,#9362,#9364,.T.);
#9362 = VERTEX_POINT('',#9363);
#9363 = CARTESIAN_POINT('',(40.802222222222,-5.07741058324,
    6.376570634049));
#9364 = SURFACE_CURVE('',#9365,(#9369,#9376),.PCURVE_S1.);
#9365 = LINE('',#9366,#9367);
#9366 = CARTESIAN_POINT('',(52.46,-4.604493841851,7.675898702296));
#9367 = VECTOR('',#9368,1.);
#9368 = DIRECTION('',(-0.9930393229,-4.028425739524E-02,-0.110680087553)
  );
#9369 = PCURVE('',#5221,#9370);
#9370 = DEFINITIONAL_REPRESENTATION('',(#9371),#9375);
#9371 = LINE('',#9372,#9373);
#9372 = CARTESIAN_POINT('',(-49.05938536313,52.46));
#9373 = VECTOR('',#9374,1.);
#9374 = DIRECTION('',(-0.11778328903,-0.9930393229));
#9375 = ( GEOMETRIC_REPRESENTATION_CONTEXT(2) 
PARAMETRIC_REPRESENTATION_CONTEXT() REPRESENTATION_CONTEXT('2D SPACE',''
  ) );
#9376 = PCURVE('',#6295,#9377);
#9377 = DEFINITIONAL_REPRESENTATION('',(#9378),#9382);
#9378 = LINE('',#9379,#9380);
#9379 = CARTESIAN_POINT('',(0.,-2.4));
#9380 = VECTOR('',#9381,1.);
#9381 = DIRECTION('',(1.,6.938893903907E-18));
#9382 = ( GEOMETRIC_REPRESENTATION_CONTEXT(2) 
PARAMETRIC_REPRESENTATION_CONTEXT() REPRESENTATION_CONTEXT('2D SPACE',''
  ) );
#9383 = ORIENTED_EDGE('',*,*,#9384,.T.);
#9384 = EDGE_CURVE('',#9362,#9385,#9387,.T.);
#9385 = VERTEX_POINT('',#9386);
#9386 = CARTESIAN_POINT('',(29.144444444444,-5.432098139281,
    5.402074582863));
#9387 = SURFACE_CURVE('',#9388,(#9392,#9399),.PCURVE_S1.);
#9388 = LINE('',#9389,#9390);
#9389 = CARTESIAN_POINT('',(40.802222222222,-5.07741058324,
    6.376570634049));
#9390 = VECTOR('',#9391,1.);
#9391 = DIRECTION('',(-0.996066684601,-3.030530043977E-02,
    -8.326312864805E-02));
#9392 = PCURVE('',#5221,#9393);
#9393 = DEFINITIONAL_REPRESENTATION('',(#9394),#9398);
#9394 = LINE('',#9395,#9396);
#9395 = CARTESIAN_POINT('',(-50.44210141252,40.802222222222));
#9396 = VECTOR('',#9397,1.);
#9397 = DIRECTION('',(-8.860677077406E-02,-0.996066684601));
#9398 = ( GEOMETRIC_REPRESENTATION_CONTEXT(2) 
PARAMETRIC_REPRESENTATION_CONTEXT() REPRESENTATION_CONTEXT('2D SPACE',''
  ) );
#9399 = PCURVE('',#6323,#9400);
#9400 = DEFINITIONAL_REPRESENTATION('',(#9401),#9405);
#9401 = LINE('',#9402,#9403);
#9402 = CARTESIAN_POINT('',(-1.387778780781E-17,-2.4));
#9403 = VECTOR('',#9404,1.);
#9404 = DIRECTION('',(1.,0.));
#9405 = ( GEOMETRIC_REPRESENTATION_CONTEXT(2) 
PARAMETRIC_REPRESENTATION_CONTEXT() REPRESENTATION_CONTEXT('2D SPACE',''
  ) );
#9406 = ORIENTED_EDGE('',*,*,#9407,.T.);
#9407 = EDGE_CURVE('',#9385,#9408,#9410,.T.);
#9408 = VERTEX_POINT('',#9409);
#9409 = CARTESIAN_POINT('',(17.486666666667,-5.668556509975,
    4.75241054874));
#9410 = SURFACE_CURVE('',#9411,(#9415,#9422),.PCURVE_S1.);
#9411 = LINE('',#9412,#9413);
#9412 = CARTESIAN_POINT('',(29.144444444444,-5.432098139281,
    5.402074582863));
#9413 = VECTOR('',#9414,1.);
#9414 = DIRECTION('',(-0.99824611646,-2.024773972789E-02,
    -5.563020769737E-02));
#9415 = PCURVE('',#5221,#9416);
#9416 = DEFINITIONAL_REPRESENTATION('',(#9417),#9421);
#9417 = LINE('',#9418,#9419);
#9418 = CARTESIAN_POINT('',(-51.47913844955,29.144444444444));
#9419 = VECTOR('',#9420,1.);
#9420 = DIRECTION('',(-5.920043050976E-02,-0.99824611646));
#9421 = ( GEOMETRIC_REPRESENTATION_CONTEXT(2) 
PARAMETRIC_REPRESENTATION_CONTEXT() REPRESENTATION_CONTEXT('2D SPACE',''
  ) );
#9422 = PCURVE('',#6351,#9423);
#9423 = DEFINITIONAL_REPRESENTATION('',(#9424),#9428);
#9424 = LINE('',#9425,#9426);
#9425 = CARTESIAN_POINT('',(6.938893903907E-18,-2.4));
#9426 = VECTOR('',#9427,1.);
#9427 = DIRECTION('',(1.,3.469446951954E-18));
#9428 = ( GEOMETRIC_REPRESENTATION_CONTEXT(2) 
PARAMETRIC_REPRESENTATION_CONTEXT() REPRESENTATION_CONTEXT('2D SPACE',''
  ) );
#9429 = ORIENTED_EDGE('',*,*,#9430,.T.);
#9430 = EDGE_CURVE('',#9408,#9431,#9433,.T.);
#9431 = VERTEX_POINT('',#9432);
#9432 = CARTESIAN_POINT('',(5.828888888889,-5.786785695322,
    4.427578531678));
#9433 = SURFACE_CURVE('',#9434,(#9438,#9445),.PCURVE_S1.);
#9434 = LINE('',#9435,#9436);
#9435 = CARTESIAN_POINT('',(17.486666666667,-5.668556509975,
    4.75241054874));
#9436 = VECTOR('',#9437,1.);
#9437 = DIRECTION('',(-0.999560662567,-1.013720153987E-02,
    -2.785173232725E-02));
#9438 = PCURVE('',#5221,#9439);
#9439 = DEFINITIONAL_REPRESENTATION('',(#9440),#9444);
#9440 = LINE('',#9441,#9442);
#9441 = CARTESIAN_POINT('',(-52.17049647424,17.486666666667));
#9442 = VECTOR('',#9443,1.);
#9443 = DIRECTION('',(-2.963919446761E-02,-0.999560662567));
#9444 = ( GEOMETRIC_REPRESENTATION_CONTEXT(2) 
PARAMETRIC_REPRESENTATION_CONTEXT() REPRESENTATION_CONTEXT('2D SPACE',''
  ) );
#9445 = PCURVE('',#6379,#9446);
#9446 = DEFINITIONAL_REPRESENTATION('',(#9447),#9451);
#9447 = LINE('',#9448,#9449);
#9448 = CARTESIAN_POINT('',(-3.469446951954E-18,-2.4));
#9449 = VECTOR('',#9450,1.);
#9450 = DIRECTION('',(1.,0.));
#9451 = ( GEOMETRIC_REPRESENTATION_CONTEXT(2) 
PARAMETRIC_REPRESENTATION_CONTEXT() REPRESENTATION_CONTEXT('2D SPACE',''
  ) );
#9452 = ORIENTED_EDGE('',*,*,#9453,.T.);
#9453 = EDGE_CURVE('',#9431,#9454,#9456,.T.);
#9454 = VERTEX_POINT('',#9455);
#9455 = CARTESIAN_POINT('',(-5.828888888889,-5.786785695322,
    4.427578531678));
#9456 = SURFACE_CURVE('',#9457,(#9461,#9468),.PCURVE_S1.);
#9457 = LINE('',#9458,#9459);
#9458 = CARTESIAN_POINT('',(5.828888888889,-5.786785695322,
    4.427578531678));
#9459 = VECTOR('',#9460,1.);
#9460 = DIRECTION('',(-1.,-1.302885147561E-17,-3.579647523066E-17));
#9461 = PCURVE('',#5221,#9462);
#9462 = DEFINITIONAL_REPRESENTATION('',(#9463),#9467);
#9463 = LINE('',#9464,#9465);
#9464 = CARTESIAN_POINT('',(-52.51617548659,5.828888888889));
#9465 = VECTOR('',#9466,1.);
#9466 = DIRECTION('',(-3.809381327345E-17,-1.));
#9467 = ( GEOMETRIC_REPRESENTATION_CONTEXT(2) 
PARAMETRIC_REPRESENTATION_CONTEXT() REPRESENTATION_CONTEXT('2D SPACE',''
  ) );
#9468 = PCURVE('',#6407,#9469);
#9469 = DEFINITIONAL_REPRESENTATION('',(#9470),#9474);
#9470 = LINE('',#9471,#9472);
#9471 = CARTESIAN_POINT('',(6.162975822039E-33,-2.4));
#9472 = VECTOR('',#9473,1.);
#9473 = DIRECTION('',(1.,-1.54074395551E-33));
#9474 = ( GEOMETRIC_REPRESENTATION_CONTEXT(2) 
PARAMETRIC_REPRESENTATION_CONTEXT() REPRESENTATION_CONTEXT('2D SPACE',''
  ) );
#9475 = ORIENTED_EDGE('',*,*,#9476,.T.);
#9476 = EDGE_CURVE('',#9454,#9477,#9479,.T.);
#9477 = VERTEX_POINT('',#9478);
#9478 = CARTESIAN_POINT('',(-17.48666666666,-5.668556509975,
    4.75241054874));
#9479 = SURFACE_CURVE('',#9480,(#9484,#9491),.PCURVE_S1.);
#9480 = LINE('',#9481,#9482);
#9481 = CARTESIAN_POINT('',(-5.828888888889,-5.786785695322,
    4.427578531678));
#9482 = VECTOR('',#9483,1.);
#9483 = DIRECTION('',(-0.999560662567,1.013720153987E-02,
    2.785173232725E-02));
#9484 = PCURVE('',#5221,#9485);
#9485 = DEFINITIONAL_REPRESENTATION('',(#9486),#9490);
#9486 = LINE('',#9487,#9488);
#9487 = CARTESIAN_POINT('',(-52.51617548659,-5.828888888889));
#9488 = VECTOR('',#9489,1.);
#9489 = DIRECTION('',(2.963919446761E-02,-0.999560662567));
#9490 = ( GEOMETRIC_REPRESENTATION_CONTEXT(2) 
PARAMETRIC_REPRESENTATION_CONTEXT() REPRESENTATION_CONTEXT('2D SPACE',''
  ) );
#9491 = PCURVE('',#6435,#9492);
#9492 = DEFINITIONAL_REPRESENTATION('',(#9493),#9497);
#9493 = LINE('',#9494,#9495);
#9494 = CARTESIAN_POINT('',(-3.469446951954E-18,-2.4));
#9495 = VECTOR('',#9496,1.);
#9496 = DIRECTION('',(1.,0.));
#9497 = ( GEOMETRIC_REPRESENTATION_CONTEXT(2) 
PARAMETRIC_REPRESENTATION_CONTEXT() REPRESENTATION_CONTEXT('2D SPACE',''
  ) );
#9498 = ORIENTED_EDGE('',*,*,#9499,.T.);
#9499 = EDGE_CURVE('',#9477,#9500,#9502,.T.);
#9500 = VERTEX_POINT('',#9501);
#9501 = CARTESIAN_POINT('',(-29.14444444444,-5.432098139281,
    5.402074582863));
#9502 = SURFACE_CURVE('',#9503,(#9507,#9514),.PCURVE_S1.);
#9503 = LINE('',#9504,#9505);
#9504 = CARTESIAN_POINT('',(-17.48666666666,-5.668556509975,
    4.75241054874));
#9505 = VECTOR('',#9506,1.);
#9506 = DIRECTION('',(-0.99824611646,2.024773972789E-02,
    5.563020769737E-02));
#9507 = PCURVE('',#5221,#9508);
#9508 = DEFINITIONAL_REPRESENTATION('',(#9509),#9513);
#9509 = LINE('',#9510,#9511);
#9510 = CARTESIAN_POINT('',(-52.17049647424,-17.48666666666));
#9511 = VECTOR('',#9512,1.);
#9512 = DIRECTION('',(5.920043050976E-02,-0.99824611646));
#9513 = ( GEOMETRIC_REPRESENTATION_CONTEXT(2) 
PARAMETRIC_REPRESENTATION_CONTEXT() REPRESENTATION_CONTEXT('2D SPACE',''
  ) );
#9514 = PCURVE('',#6463,#9515);
#9515 = DEFINITIONAL_REPRESENTATION('',(#9516),#9520);
#9516 = LINE('',#9517,#9518);
#9517 = CARTESIAN_POINT('',(0.,-2.4));
#9518 = VECTOR('',#9519,1.);
#9519 = DIRECTION('',(1.,0.));
#9520 = ( GEOMETRIC_REPRESENTATION_CONTEXT(2) 
PARAMETRIC_REPRESENTATION_CONTEXT() REPRESENTATION_CONTEXT('2D SPACE',''
  ) );
#9521 = ORIENTED_EDGE('',*,*,#9522,.T.);
#9522 = EDGE_CURVE('',#9500,#5293,#9523,.T.);
#9523 = SURFACE_CURVE('',#9524,(#9528,#9535),.PCURVE_S1.);
#9524 = LINE('',#9525,#9526);
#9525 = CARTESIAN_POINT('',(-29.14444444444,-5.432098139281,
    5.402074582863));
#9526 = VECTOR('',#9527,1.);
#9527 = DIRECTION('',(-0.996066684601,3.030530043977E-02,
    8.326312864805E-02));
#9528 = PCURVE('',#5221,#9529);
#9529 = DEFINITIONAL_REPRESENTATION('',(#9530),#9534);
#9530 = LINE('',#9531,#9532);
#9531 = CARTESIAN_POINT('',(-51.47913844955,-29.14444444444));
#9532 = VECTOR('',#9533,1.);
#9533 = DIRECTION('',(8.860677077406E-02,-0.996066684601));
#9534 = ( GEOMETRIC_REPRESENTATION_CONTEXT(2) 
PARAMETRIC_REPRESENTATION_CONTEXT() REPRESENTATION_CONTEXT('2D SPACE',''
  ) );
#9535 = PCURVE('',#5308,#9536);
#9536 = DEFINITIONAL_REPRESENTATION('',(#9537),#9541);
#9537 = LINE('',#9538,#9539);
#9538 = CARTESIAN_POINT('',(0.,-2.4));
#9539 = VECTOR('',#9540,1.);
#9540 = DIRECTION('',(1.,0.));
#9541 = ( GEOMETRIC_REPRESENTATION_CONTEXT(2) 
PARAMETRIC_REPRESENTATION_CONTEXT() REPRESENTATION_CONTEXT('2D SPACE',''
  ) );
#9542 = ORIENTED_EDGE('',*,*,#5320,.T.);
#9543 = FACE_BOUND('',#9544,.F.);
#9544 = EDGE_LOOP('',(#9545));
#9545 = ORIENTED_EDGE('',*,*,#9546,.F.);
#9546 = EDGE_CURVE('',#9547,#9547,#9549,.T.);
#9547 = VERTEX_POINT('',#9548);
#9548 = CARTESIAN_POINT('',(-21.,23.954188125842,86.140232537919));
#9549 = SURFACE_CURVE('',#9550,(#9709,#9871),.PCURVE_S1.);
#9550 = B_SPLINE_CURVE_WITH_KNOTS('',7,(#9551,#9552,#9553,#9554,#9555,
    #9556,#9557,#9558,#9559,#9560,#9561,#9562,#9563,#9564,#9565,#9566,
    #9567,#9568,#9569,#9570,#9571,#9572,#9573,#9574,#9575,#9576,#9577,
    #9578,#9579,#9580,#9581,#9582,#9583,#9584,#9585,#9586,#9587,#9588,
    #9589,#9590,#9591,#9592,#9593,#9594,#9595,#9596,#9597,#9598,#9599,
    #9600,#9601,#9602,#9603,#9604,#9605,#9606,#9607,#9608,#9609,#9610,
    #9611,#9612,#9613,#9614,#9615,#9616,#9617,#9618,#9619,#9620,#9621,
    #9622,#9623,#9624,#9625,#9626,#9627,#9628,#9629,#9630,#9631,#9632,
    #9633,#9634,#9635,#9636,#9637,#9638,#9639,#9640,#9641,#9642,#9643,
    #9644,#9645,#9646,#9647,#9648,#9649,#9650,#9651,#9652,#9653,#9654,
    #9655,#9656,#9657,#9658,#9659,#9660,#9661,#9662,#9663,#9664,#9665,
    #9666,#9667,#9668,#9669,#9670,#9671,#9672,#9673,#9674,#9675,#9676,
    #9677,#9678,#9679,#9680,#9681,#9682,#9683,#9684,#9685,#9686,#9687,
    #9688,#9689,#9690,#9691,#9692,#9693,#9694,#9695,#9696,#9697,#9698,
    #9699,#9700,#9701,#9702,#9703,#9704,#9705,#9706,#9707,#9708),
  .UNSPECIFIED.,.T.,.F.,(8,6,6,6,6,6,6,6,6,6,6,6,6,6,6,6,6,6,6,6,6,6,6,6
    ,6,6,8),(0.,3.783865788215E-02,6.400370057545E-02,0.101644374153,
    0.136121615,0.165203984297,0.249996925088,0.334789865879,
    0.363872235177,0.398349476024,0.435990149601,0.462155192295,
    0.482564365836,0.500000809499,0.525160983313,0.53784536643,
    0.564010377491,0.601651005562,0.636128204728,0.665210538866,
    0.750003377146,0.834796215426,0.863878549564,0.89835574873,
    0.935996376802,0.962161387863,1.),.UNSPECIFIED.);
#9551 = CARTESIAN_POINT('',(-21.,23.954188125842,86.140232537919));
#9552 = CARTESIAN_POINT('',(-20.76575109321,23.954188209428,
    86.14023276757));
#9553 = CARTESIAN_POINT('',(-20.53132235805,23.947304988252,
    86.121321272815));
#9554 = CARTESIAN_POINT('',(-20.29909820352,23.933521253877,
    86.083450773862));
#9555 = CARTESIAN_POINT('',(-20.07097082513,23.913132306278,
    86.027432600729));
#9556 = CARTESIAN_POINT('',(-19.84841908908,23.886613668042,
    85.954573240979));
#9557 = CARTESIAN_POINT('',(-19.63256626366,23.854530828931,
    85.86642636497));
#9558 = CARTESIAN_POINT('',(-19.28014492308,23.791878411615,
    85.694290263122));
#9559 = CARTESIAN_POINT('',(-19.13961555148,23.763886817334,
    85.6173839899));
#9560 = CARTESIAN_POINT('',(-19.0028364888,23.733703895192,
    85.534457092863));
#9561 = CARTESIAN_POINT('',(-18.86993663707,23.701514773585,
    85.446018208093));
#9562 = CARTESIAN_POINT('',(-18.74097846522,23.667495714116,
    85.352551610372));
#9563 = CARTESIAN_POINT('',(-18.61597067962,23.63180777362,
    85.254499799713));
#9564 = CARTESIAN_POINT('',(-18.3206828665,23.541050273209,
    85.005145616688));
#9565 = CARTESIAN_POINT('',(-18.15463459977,23.484358953047,
    84.849387494663));
#9566 = CARTESIAN_POINT('',(-17.99660619822,23.424929229241,
    84.686105670461));
#9567 = CARTESIAN_POINT('',(-17.84641134202,23.3631234075,
    84.516295570837));
#9568 = CARTESIAN_POINT('',(-17.70381855232,23.299250393601,
    84.340805907437));
#9569 = CARTESIAN_POINT('',(-17.56856245579,23.233562711298,
    84.160330483574));
#9570 = CARTESIAN_POINT('',(-17.32292266713,23.104601061228,
    83.80601126203));
#9571 = CARTESIAN_POINT('',(-17.21142656507,23.04160024579,
    83.632917944208));
#9572 = CARTESIAN_POINT('',(-17.10565885931,22.977407703857,
    83.456550384748));
#9573 = CARTESIAN_POINT('',(-17.00542885942,22.912160286127,
    83.277284577859));
#9574 = CARTESIAN_POINT('',(-16.91055987497,22.845975755061,
    83.095444073238));
#9575 = CARTESIAN_POINT('',(-16.82088602234,22.778953475871,
    82.911301874562));
#9576 = CARTESIAN_POINT('',(-16.66485579686,22.654002363507,
    82.568001514806));
#9577 = CARTESIAN_POINT('',(-16.5970502187,22.596294374348,
    82.409450117669));
#9578 = CARTESIAN_POINT('',(-16.53274018105,22.538101843396,
    82.249567452898));
#9579 = CARTESIAN_POINT('',(-16.47184256453,22.479470606919,
    82.088479454602));
#9580 = CARTESIAN_POINT('',(-16.41428207565,22.420441800039,
    81.926299140602));
#9581 = CARTESIAN_POINT('',(-16.35999007594,22.361052022683,
    81.76312706837));
#9582 = CARTESIAN_POINT('',(-16.15995458837,22.127217310971,
    81.120671478058));
#9583 = CARTESIAN_POINT('',(-16.03830403774,21.950365161847,
    80.634774191756));
#9584 = CARTESIAN_POINT('',(-15.9423008706,21.771502003106,
    80.143351701944));
#9585 = CARTESIAN_POINT('',(-15.87097901311,21.591244340662,
    79.648097844696));
#9586 = CARTESIAN_POINT('',(-15.82366584469,21.410125214169,
    79.150477134424));
#9587 = CARTESIAN_POINT('',(-15.80000009722,21.2285941635,
    78.651724671781));
#9588 = CARTESIAN_POINT('',(-15.80000009722,20.86543965165,
    77.653965850701));
#9589 = CARTESIAN_POINT('',(-15.82366584468,20.683908600977,
    77.155213388046));
#9590 = CARTESIAN_POINT('',(-15.87097901313,20.502789474493,
    76.6575926778));
#9591 = CARTESIAN_POINT('',(-15.94230087059,20.322531812037,
    76.162338820519));
#9592 = CARTESIAN_POINT('',(-16.03830403774,20.143668653306,
    75.670916330732));
#9593 = CARTESIAN_POINT('',(-16.15995458836,19.966816504177,
    75.185019044419));
#9594 = CARTESIAN_POINT('',(-16.35999007594,19.732981792466,
    74.54256345411));
#9595 = CARTESIAN_POINT('',(-16.41428207565,19.67359201511,
    74.379391381877));
#9596 = CARTESIAN_POINT('',(-16.47184256453,19.61456320823,
    74.217211067877));
#9597 = CARTESIAN_POINT('',(-16.53274018105,19.555931971753,
    74.056123069581));
#9598 = CARTESIAN_POINT('',(-16.5970502187,19.497739440801,
    73.89624040481));
#9599 = CARTESIAN_POINT('',(-16.66485579686,19.440031451642,
    73.737689007673));
#9600 = CARTESIAN_POINT('',(-16.82088602234,19.315080339278,
    73.394388647917));
#9601 = CARTESIAN_POINT('',(-16.91055987497,19.248058060087,
    73.210246449241));
#9602 = CARTESIAN_POINT('',(-17.00542885942,19.181873529021,
    73.02840594462));
#9603 = CARTESIAN_POINT('',(-17.10565885931,19.116626111292,
    72.84914013773));
#9604 = CARTESIAN_POINT('',(-17.21142656507,19.052433569358,
    72.67277257827));
#9605 = CARTESIAN_POINT('',(-17.32292266713,18.989432753921,
    72.499679260449));
#9606 = CARTESIAN_POINT('',(-17.56856245579,18.860471103851,
    72.145360038905));
#9607 = CARTESIAN_POINT('',(-17.70381855232,18.794783421548,
    71.964884615041));
#9608 = CARTESIAN_POINT('',(-17.84641134202,18.730910407649,
    71.789394951641));
#9609 = CARTESIAN_POINT('',(-17.99660619821,18.669104585908,
    71.619584852018));
#9610 = CARTESIAN_POINT('',(-18.15463459977,18.609674862102,
    71.456303027816));
#9611 = CARTESIAN_POINT('',(-18.3206828665,18.552983541939,
    71.30054490579));
#9612 = CARTESIAN_POINT('',(-18.61597067962,18.462226041528,
    71.051190722765));
#9613 = CARTESIAN_POINT('',(-18.74097846522,18.426538101032,
    70.953138912106));
#9614 = CARTESIAN_POINT('',(-18.86993663707,18.392519041564,
    70.859672314385));
#9615 = CARTESIAN_POINT('',(-19.0028364888,18.360329919956,
    70.771233429616));
#9616 = CARTESIAN_POINT('',(-19.13961555148,18.330146997814,
    70.688306532578));
#9617 = CARTESIAN_POINT('',(-19.28014492308,18.302155403533,
    70.611400259356));
#9618 = CARTESIAN_POINT('',(-19.53659501471,18.256564389931,
    70.486139978953));
#9619 = CARTESIAN_POINT('',(-19.65112716707,18.23803359901,
    70.435227049333));
#9620 = CARTESIAN_POINT('',(-19.76770568604,18.221039879924,
    70.388537189874));
#9621 = CARTESIAN_POINT('',(-19.88619187857,18.205673162255,
    70.346317480064));
#9622 = CARTESIAN_POINT('',(-20.00641116681,18.192019480865,
    70.308804298753));
#9623 = CARTESIAN_POINT('',(-20.12814852739,18.180156609984,
    70.276211328879));
#9624 = CARTESIAN_POINT('',(-20.35622430459,18.161600307579,
    70.225228307031));
#9625 = CARTESIAN_POINT('',(-20.46223029993,18.154404889424,
    70.205459058129));
#9626 = CARTESIAN_POINT('',(-20.56899671267,18.148604272529,
    70.189521994191));
#9627 = CARTESIAN_POINT('',(-20.67634816622,18.144230844424,
    70.177506099226));
#9628 = CARTESIAN_POINT('',(-20.78409880583,18.141307348263,
    70.169473859537));
#9629 = CARTESIAN_POINT('',(-20.89205199303,18.139845680623,
    70.165457960703));
#9630 = CARTESIAN_POINT('',(-21.15576502338,18.139845595415,
    70.165457726596));
#9631 = CARTESIAN_POINT('',(-21.31155934532,18.142889253572,
    70.173820108654));
#9632 = CARTESIAN_POINT('',(-21.46673280126,18.148977628377,
    70.190547780952));
#9633 = CARTESIAN_POINT('',(-21.62070251879,18.158057714412,
    70.2154951123));
#9634 = CARTESIAN_POINT('',(-21.77294890175,18.170032347303,
    70.248395145775));
#9635 = CARTESIAN_POINT('',(-21.9230116144,18.184770014787,
    70.288886554401));
#9636 = CARTESIAN_POINT('',(-22.14483378325,18.210858834707,
    70.360564998033));
#9637 = CARTESIAN_POINT('',(-22.21853025433,18.220266240472,
    70.386411632946));
#9638 = CARTESIAN_POINT('',(-22.29152745292,18.230317468854,
    70.414027155965));
#9639 = CARTESIAN_POINT('',(-22.36378414084,18.240992033188,
    70.443355280436));
#9640 = CARTESIAN_POINT('',(-22.43526490703,18.252268756157,
    70.474337822159));
#9641 = CARTESIAN_POINT('',(-22.50593970695,18.264126149599,
    70.506915742893));
#9642 = CARTESIAN_POINT('',(-22.71985507691,18.302155403533,
    70.611400259355));
#9643 = CARTESIAN_POINT('',(-22.86038444851,18.330146997814,
    70.688306532578));
#9644 = CARTESIAN_POINT('',(-22.99716351119,18.360329919956,
    70.771233429615));
#9645 = CARTESIAN_POINT('',(-23.13006336292,18.392519041564,
    70.859672314384));
#9646 = CARTESIAN_POINT('',(-23.25902153477,18.426538101032,
    70.953138912105));
#9647 = CARTESIAN_POINT('',(-23.38402932037,18.462226041528,
    71.051190722764));
#9648 = CARTESIAN_POINT('',(-23.67931713349,18.552983541939,
    71.300544905789));
#9649 = CARTESIAN_POINT('',(-23.84536540022,18.609674862101,
    71.456303027815));
#9650 = CARTESIAN_POINT('',(-24.00339380178,18.669104585908,
    71.619584852017));
#9651 = CARTESIAN_POINT('',(-24.15358865797,18.730910407648,
    71.78939495164));
#9652 = CARTESIAN_POINT('',(-24.29618144767,18.794783421547,
    71.96488461504));
#9653 = CARTESIAN_POINT('',(-24.4314375442,18.86047110385,
    72.145360038904));
#9654 = CARTESIAN_POINT('',(-24.67707733286,18.98943275392,
    72.499679260447));
#9655 = CARTESIAN_POINT('',(-24.78857343492,19.052433569358,
    72.672772578269));
#9656 = CARTESIAN_POINT('',(-24.89434114068,19.116626111291,
    72.849140137729));
#9657 = CARTESIAN_POINT('',(-24.99457114057,19.181873529021,
    73.028405944618));
#9658 = CARTESIAN_POINT('',(-25.08944012502,19.248058060087,
    73.210246449239));
#9659 = CARTESIAN_POINT('',(-25.17911397765,19.315080339277,
    73.394388647915));
#9660 = CARTESIAN_POINT('',(-25.33514420313,19.440031451641,
    73.737689007671));
#9661 = CARTESIAN_POINT('',(-25.40294978129,19.4977394408,
    73.896240404808));
#9662 = CARTESIAN_POINT('',(-25.46725981894,19.555931971752,
    74.056123069579));
#9663 = CARTESIAN_POINT('',(-25.52815743546,19.61456320823,
    74.217211067875));
#9664 = CARTESIAN_POINT('',(-25.58571792434,19.673592015109,
    74.379391381875));
#9665 = CARTESIAN_POINT('',(-25.64000992405,19.732981792466,
    74.542563454108));
#9666 = CARTESIAN_POINT('',(-25.84004541163,19.966816504176,
    75.185019044418));
#9667 = CARTESIAN_POINT('',(-25.96169596225,20.143668653304,
    75.670916330727));
#9668 = CARTESIAN_POINT('',(-26.05769912939,20.322531812039,
    76.162338820523));
#9669 = CARTESIAN_POINT('',(-26.12902098688,20.50278947449,
    76.657592677792));
#9670 = CARTESIAN_POINT('',(-26.17633415531,20.683908600977,
    77.155213388048));
#9671 = CARTESIAN_POINT('',(-26.19999990277,20.865439651649,
    77.653965850698));
#9672 = CARTESIAN_POINT('',(-26.19999990277,21.228594163499,
    78.651724671779));
#9673 = CARTESIAN_POINT('',(-26.17633415531,21.41012521417,
    79.150477134427));
#9674 = CARTESIAN_POINT('',(-26.12902098688,21.591244340659,
    79.648097844686));
#9675 = CARTESIAN_POINT('',(-26.05769912939,21.771502003109,
    80.143351701952));
#9676 = CARTESIAN_POINT('',(-25.96169596225,21.950365161844,
    80.634774191749));
#9677 = CARTESIAN_POINT('',(-25.84004541163,22.127217310971,
    81.120671478058));
#9678 = CARTESIAN_POINT('',(-25.64000992405,22.361052022682,
    81.763127068368));
#9679 = CARTESIAN_POINT('',(-25.58571792434,22.420441800038,
    81.926299140601));
#9680 = CARTESIAN_POINT('',(-25.52815743546,22.479470606918,
    82.088479454601));
#9681 = CARTESIAN_POINT('',(-25.46725981894,22.538101843395,
    82.249567452897));
#9682 = CARTESIAN_POINT('',(-25.40294978129,22.596294374347,
    82.409450117668));
#9683 = CARTESIAN_POINT('',(-25.33514420313,22.654002363507,
    82.568001514805));
#9684 = CARTESIAN_POINT('',(-25.17911397765,22.778953475871,
    82.911301874561));
#9685 = CARTESIAN_POINT('',(-25.08944012503,22.845975755061,
    83.095444073237));
#9686 = CARTESIAN_POINT('',(-24.99457114057,22.912160286127,
    83.277284577858));
#9687 = CARTESIAN_POINT('',(-24.89434114068,22.977407703856,
    83.456550384748));
#9688 = CARTESIAN_POINT('',(-24.78857343492,23.04160024579,
    83.632917944207));
#9689 = CARTESIAN_POINT('',(-24.67707733286,23.104601061228,
    83.806011262029));
#9690 = CARTESIAN_POINT('',(-24.4314375442,23.233562711298,
    84.160330483572));
#9691 = CARTESIAN_POINT('',(-24.29618144767,23.299250393601,
    84.340805907437));
#9692 = CARTESIAN_POINT('',(-24.15358865797,23.3631234075,
    84.516295570837));
#9693 = CARTESIAN_POINT('',(-24.00339380178,23.42492922924,
    84.68610567046));
#9694 = CARTESIAN_POINT('',(-23.84536540022,23.484358953047,
    84.849387494662));
#9695 = CARTESIAN_POINT('',(-23.67931713349,23.541050273209,
    85.005145616688));
#9696 = CARTESIAN_POINT('',(-23.38402932037,23.63180777362,
    85.254499799713));
#9697 = CARTESIAN_POINT('',(-23.25902153477,23.667495714116,
    85.352551610372));
#9698 = CARTESIAN_POINT('',(-23.13006336292,23.701514773584,
    85.446018208093));
#9699 = CARTESIAN_POINT('',(-22.99716351119,23.733703895192,
    85.534457092862));
#9700 = CARTESIAN_POINT('',(-22.86038444851,23.763886817334,
    85.6173839899));
#9701 = CARTESIAN_POINT('',(-22.71985507692,23.791878411615,
    85.694290263122));
#9702 = CARTESIAN_POINT('',(-22.36743373633,23.85453082893,
    85.866426364969));
#9703 = CARTESIAN_POINT('',(-22.15158091091,23.886613668042,
    85.954573240981));
#9704 = CARTESIAN_POINT('',(-21.92902917486,23.913132306278,
    86.027432600728));
#9705 = CARTESIAN_POINT('',(-21.70090179647,23.933521253876,
    86.083450773861));
#9706 = CARTESIAN_POINT('',(-21.46867764194,23.947304988253,
    86.121321272817));
#9707 = CARTESIAN_POINT('',(-21.23424890678,23.954188209428,
    86.140232767569));
#9708 = CARTESIAN_POINT('',(-21.,23.954188125842,86.140232537919));
#9709 = PCURVE('',#5221,#9710);
#9710 = DEFINITIONAL_REPRESENTATION('',(#9711),#9870);
#9711 = B_SPLINE_CURVE_WITH_KNOTS('',7,(#9712,#9713,#9714,#9715,#9716,
    #9717,#9718,#9719,#9720,#9721,#9722,#9723,#9724,#9725,#9726,#9727,
    #9728,#9729,#9730,#9731,#9732,#9733,#9734,#9735,#9736,#9737,#9738,
    #9739,#9740,#9741,#9742,#9743,#9744,#9745,#9746,#9747,#9748,#9749,
    #9750,#9751,#9752,#9753,#9754,#9755,#9756,#9757,#9758,#9759,#9760,
    #9761,#9762,#9763,#9764,#9765,#9766,#9767,#9768,#9769,#9770,#9771,
    #9772,#9773,#9774,#9775,#9776,#9777,#9778,#9779,#9780,#9781,#9782,
    #9783,#9784,#9785,#9786,#9787,#9788,#9789,#9790,#9791,#9792,#9793,
    #9794,#9795,#9796,#9797,#9798,#9799,#9800,#9801,#9802,#9803,#9804,
    #9805,#9806,#9807,#9808,#9809,#9810,#9811,#9812,#9813,#9814,#9815,
    #9816,#9817,#9818,#9819,#9820,#9821,#9822,#9823,#9824,#9825,#9826,
    #9827,#9828,#9829,#9830,#9831,#9832,#9833,#9834,#9835,#9836,#9837,
    #9838,#9839,#9840,#9841,#9842,#9843,#9844,#9845,#9846,#9847,#9848,
    #9849,#9850,#9851,#9852,#9853,#9854,#9855,#9856,#9857,#9858,#9859,
    #9860,#9861,#9862,#9863,#9864,#9865,#9866,#9867,#9868,#9869),
  .UNSPECIFIED.,.F.,.F.,(8,6,6,6,6,6,6,6,6,6,6,6,6,6,6,6,6,6,6,6,6,6,6,6
    ,6,6,8),(0.,3.783865788215E-02,6.400370057545E-02,0.101644374153,
    0.136121615,0.165203984297,0.249996925088,0.334789865879,
    0.363872235177,0.398349476024,0.435990149601,0.462155192295,
    0.482564365836,0.500000809499,0.525160983313,0.53784536643,
    0.564010377491,0.601651005562,0.636128204728,0.665210538866,
    0.750003377146,0.834796215426,0.863878549564,0.89835574873,
    0.935996376802,0.962161387863,1.),.UNSPECIFIED.);
#9712 = CARTESIAN_POINT('',(34.440614636862,-21.));
#9713 = CARTESIAN_POINT('',(34.440614881251,-20.76575109321));
#9714 = CARTESIAN_POINT('',(34.420489688889,-20.53132235805));
#9715 = CARTESIAN_POINT('',(34.38018874567,-20.29909820352));
#9716 = CARTESIAN_POINT('',(34.320575450967,-20.07097082513));
#9717 = CARTESIAN_POINT('',(34.243040139805,-19.84841908908));
#9718 = CARTESIAN_POINT('',(34.149236193642,-19.63256626366));
#9719 = CARTESIAN_POINT('',(33.966052780215,-19.28014492308));
#9720 = CARTESIAN_POINT('',(33.884210833688,-19.13961555148));
#9721 = CARTESIAN_POINT('',(33.795961873121,-19.0028364888));
#9722 = CARTESIAN_POINT('',(33.701847177726,-18.86993663707));
#9723 = CARTESIAN_POINT('',(33.602382101963,-18.74097846522));
#9724 = CARTESIAN_POINT('',(33.498037544509,-18.61597067962));
#9725 = CARTESIAN_POINT('',(33.23268036546,-18.3206828665));
#9726 = CARTESIAN_POINT('',(33.066926034118,-18.15463459977));
#9727 = CARTESIAN_POINT('',(32.893165146152,-17.99660619822));
#9728 = CARTESIAN_POINT('',(32.712457012591,-17.84641134202));
#9729 = CARTESIAN_POINT('',(32.525704813502,-17.70381855232));
#9730 = CARTESIAN_POINT('',(32.333646878948,-17.56856245579));
#9731 = CARTESIAN_POINT('',(31.95658823902,-17.32292266713));
#9732 = CARTESIAN_POINT('',(31.77238617763,-17.21142656507));
#9733 = CARTESIAN_POINT('',(31.584699741067,-17.10565885931));
#9734 = CARTESIAN_POINT('',(31.39392905401,-17.00542885942));
#9735 = CARTESIAN_POINT('',(31.200418430857,-16.91055987497));
#9736 = CARTESIAN_POINT('',(31.004458396051,-16.82088602234));
#9737 = CARTESIAN_POINT('',(30.639125783916,-16.66485579686));
#9738 = CARTESIAN_POINT('',(30.470398911288,-16.5970502187));
#9739 = CARTESIAN_POINT('',(30.300255333234,-16.53274018105));
#9740 = CARTESIAN_POINT('',(30.128829066035,-16.47184256453));
#9741 = CARTESIAN_POINT('',(29.956240380743,-16.41428207565));
#9742 = CARTESIAN_POINT('',(29.782596288384,-16.35999007594));
#9743 = CARTESIAN_POINT('',(29.098909329372,-16.15995458837));
#9744 = CARTESIAN_POINT('',(28.581828237583,-16.03830403774));
#9745 = CARTESIAN_POINT('',(28.05886734703,-15.9423008706));
#9746 = CARTESIAN_POINT('',(27.531829200414,-15.87097901311));
#9747 = CARTESIAN_POINT('',(27.002272301419,-15.82366584469));
#9748 = CARTESIAN_POINT('',(26.471511016707,-15.80000009722));
#9749 = CARTESIAN_POINT('',(25.409718257021,-15.80000009722));
#9750 = CARTESIAN_POINT('',(24.878956972296,-15.82366584468));
#9751 = CARTESIAN_POINT('',(24.349400073328,-15.87097901313));
#9752 = CARTESIAN_POINT('',(23.822361926678,-15.94230087059));
#9753 = CARTESIAN_POINT('',(23.299401036152,-16.03830403774));
#9754 = CARTESIAN_POINT('',(22.78231994435,-16.15995458836));
#9755 = CARTESIAN_POINT('',(22.098632985341,-16.35999007594));
#9756 = CARTESIAN_POINT('',(21.924988892982,-16.41428207565));
#9757 = CARTESIAN_POINT('',(21.75240020769,-16.47184256453));
#9758 = CARTESIAN_POINT('',(21.580973940491,-16.53274018105));
#9759 = CARTESIAN_POINT('',(21.410830362437,-16.5970502187));
#9760 = CARTESIAN_POINT('',(21.242103489809,-16.66485579686));
#9761 = CARTESIAN_POINT('',(20.876770877673,-16.82088602234));
#9762 = CARTESIAN_POINT('',(20.680810842868,-16.91055987497));
#9763 = CARTESIAN_POINT('',(20.487300219714,-17.00542885942));
#9764 = CARTESIAN_POINT('',(20.296529532657,-17.10565885931));
#9765 = CARTESIAN_POINT('',(20.108843096094,-17.21142656507));
#9766 = CARTESIAN_POINT('',(19.924641034704,-17.32292266713));
#9767 = CARTESIAN_POINT('',(19.547582394777,-17.56856245579));
#9768 = CARTESIAN_POINT('',(19.355524460222,-17.70381855232));
#9769 = CARTESIAN_POINT('',(19.168772261133,-17.84641134202));
#9770 = CARTESIAN_POINT('',(18.988064127572,-17.99660619821));
#9771 = CARTESIAN_POINT('',(18.814303239607,-18.15463459977));
#9772 = CARTESIAN_POINT('',(18.648548908264,-18.3206828665));
#9773 = CARTESIAN_POINT('',(18.383191729215,-18.61597067962));
#9774 = CARTESIAN_POINT('',(18.278847171761,-18.74097846522));
#9775 = CARTESIAN_POINT('',(18.179382095997,-18.86993663707));
#9776 = CARTESIAN_POINT('',(18.085267400603,-19.0028364888));
#9777 = CARTESIAN_POINT('',(17.997018440035,-19.13961555148));
#9778 = CARTESIAN_POINT('',(17.915176493508,-19.28014492308));
#9779 = CARTESIAN_POINT('',(17.78187728733,-19.53659501471));
#9780 = CARTESIAN_POINT('',(17.727696879297,-19.65112716707));
#9781 = CARTESIAN_POINT('',(17.678010568659,-19.76770568604));
#9782 = CARTESIAN_POINT('',(17.63308129192,-19.88619187857));
#9783 = CARTESIAN_POINT('',(17.593160598194,-20.00641116681));
#9784 = CARTESIAN_POINT('',(17.558475884115,-20.12814852739));
#9785 = CARTESIAN_POINT('',(17.504220885491,-20.35622430459));
#9786 = CARTESIAN_POINT('',(17.483182890231,-20.46223029993));
#9787 = CARTESIAN_POINT('',(17.466223021029,-20.56899671267));
#9788 = CARTESIAN_POINT('',(17.453435972691,-20.67634816622));
#9789 = CARTESIAN_POINT('',(17.444888241751,-20.78409880583));
#9790 = CARTESIAN_POINT('',(17.440614611476,-20.89205199303));
#9791 = CARTESIAN_POINT('',(17.440614362344,-21.15576502338));
#9792 = CARTESIAN_POINT('',(17.449513423454,-21.31155934532));
#9793 = CARTESIAN_POINT('',(17.467314640499,-21.46673280126));
#9794 = CARTESIAN_POINT('',(17.493863036002,-21.62070251879));
#9795 = CARTESIAN_POINT('',(17.52887452034,-21.77294890175));
#9796 = CARTESIAN_POINT('',(17.571964577376,-21.9230116144));
#9797 = CARTESIAN_POINT('',(17.648243183856,-22.14483378325));
#9798 = CARTESIAN_POINT('',(17.675748598223,-22.21853025433));
#9799 = CARTESIAN_POINT('',(17.705136423995,-22.29152745292));
#9800 = CARTESIAN_POINT('',(17.736346762166,-22.36378414084));
#9801 = CARTESIAN_POINT('',(17.769317694401,-22.43526490703));
#9802 = CARTESIAN_POINT('',(17.80398639352,-22.50593970695));
#9803 = CARTESIAN_POINT('',(17.915176493508,-22.71985507691));
#9804 = CARTESIAN_POINT('',(17.997018440035,-22.86038444851));
#9805 = CARTESIAN_POINT('',(18.085267400602,-22.99716351119));
#9806 = CARTESIAN_POINT('',(18.179382095996,-23.13006336292));
#9807 = CARTESIAN_POINT('',(18.27884717176,-23.25902153477));
#9808 = CARTESIAN_POINT('',(18.383191729214,-23.38402932037));
#9809 = CARTESIAN_POINT('',(18.648548908263,-23.67931713349));
#9810 = CARTESIAN_POINT('',(18.814303239605,-23.84536540022));
#9811 = CARTESIAN_POINT('',(18.988064127571,-24.00339380178));
#9812 = CARTESIAN_POINT('',(19.168772261132,-24.15358865797));
#9813 = CARTESIAN_POINT('',(19.355524460221,-24.29618144767));
#9814 = CARTESIAN_POINT('',(19.547582394775,-24.4314375442));
#9815 = CARTESIAN_POINT('',(19.924641034703,-24.67707733286));
#9816 = CARTESIAN_POINT('',(20.108843096093,-24.78857343492));
#9817 = CARTESIAN_POINT('',(20.296529532656,-24.89434114068));
#9818 = CARTESIAN_POINT('',(20.487300219713,-24.99457114057));
#9819 = CARTESIAN_POINT('',(20.680810842866,-25.08944012502));
#9820 = CARTESIAN_POINT('',(20.876770877672,-25.17911397765));
#9821 = CARTESIAN_POINT('',(21.242103489807,-25.33514420313));
#9822 = CARTESIAN_POINT('',(21.410830362435,-25.40294978129));
#9823 = CARTESIAN_POINT('',(21.580973940489,-25.46725981894));
#9824 = CARTESIAN_POINT('',(21.752400207688,-25.52815743546));
#9825 = CARTESIAN_POINT('',(21.92498889298,-25.58571792434));
#9826 = CARTESIAN_POINT('',(22.098632985339,-25.64000992405));
#9827 = CARTESIAN_POINT('',(22.782319944349,-25.84004541163));
#9828 = CARTESIAN_POINT('',(23.299401036146,-25.96169596225));
#9829 = CARTESIAN_POINT('',(23.822361926682,-26.05769912939));
#9830 = CARTESIAN_POINT('',(24.34940007332,-26.12902098688));
#9831 = CARTESIAN_POINT('',(24.878956972298,-26.17633415531));
#9832 = CARTESIAN_POINT('',(25.409718257018,-26.19999990277));
#9833 = CARTESIAN_POINT('',(26.471511016704,-26.19999990277));
#9834 = CARTESIAN_POINT('',(27.002272301422,-26.17633415531));
#9835 = CARTESIAN_POINT('',(27.531829200404,-26.12902098688));
#9836 = CARTESIAN_POINT('',(28.058867347038,-26.05769912939));
#9837 = CARTESIAN_POINT('',(28.581828237575,-25.96169596225));
#9838 = CARTESIAN_POINT('',(29.098909329372,-25.84004541163));
#9839 = CARTESIAN_POINT('',(29.782596288383,-25.64000992405));
#9840 = CARTESIAN_POINT('',(29.956240380742,-25.58571792434));
#9841 = CARTESIAN_POINT('',(30.128829066034,-25.52815743546));
#9842 = CARTESIAN_POINT('',(30.300255333233,-25.46725981894));
#9843 = CARTESIAN_POINT('',(30.470398911287,-25.40294978129));
#9844 = CARTESIAN_POINT('',(30.639125783915,-25.33514420313));
#9845 = CARTESIAN_POINT('',(31.00445839605,-25.17911397765));
#9846 = CARTESIAN_POINT('',(31.200418430856,-25.08944012503));
#9847 = CARTESIAN_POINT('',(31.393929054009,-24.99457114057));
#9848 = CARTESIAN_POINT('',(31.584699741066,-24.89434114068));
#9849 = CARTESIAN_POINT('',(31.772386177629,-24.78857343492));
#9850 = CARTESIAN_POINT('',(31.956588239019,-24.67707733286));
#9851 = CARTESIAN_POINT('',(32.333646878947,-24.4314375442));
#9852 = CARTESIAN_POINT('',(32.525704813501,-24.29618144767));
#9853 = CARTESIAN_POINT('',(32.712457012591,-24.15358865797));
#9854 = CARTESIAN_POINT('',(32.893165146151,-24.00339380178));
#9855 = CARTESIAN_POINT('',(33.066926034117,-23.84536540022));
#9856 = CARTESIAN_POINT('',(33.232680365459,-23.67931713349));
#9857 = CARTESIAN_POINT('',(33.498037544508,-23.38402932037));
#9858 = CARTESIAN_POINT('',(33.602382101963,-23.25902153477));
#9859 = CARTESIAN_POINT('',(33.701847177726,-23.13006336292));
#9860 = CARTESIAN_POINT('',(33.795961873121,-22.99716351119));
#9861 = CARTESIAN_POINT('',(33.884210833688,-22.86038444851));
#9862 = CARTESIAN_POINT('',(33.966052780215,-22.71985507692));
#9863 = CARTESIAN_POINT('',(34.149236193641,-22.36743373633));
#9864 = CARTESIAN_POINT('',(34.243040139807,-22.15158091091));
#9865 = CARTESIAN_POINT('',(34.320575450966,-21.92902917486));
#9866 = CARTESIAN_POINT('',(34.380188745669,-21.70090179647));
#9867 = CARTESIAN_POINT('',(34.420489688891,-21.46867764194));
#9868 = CARTESIAN_POINT('',(34.44061488125,-21.23424890678));
#9869 = CARTESIAN_POINT('',(34.440614636862,-21.));
#9870 = ( GEOMETRIC_REPRESENTATION_CONTEXT(2) 
PARAMETRIC_REPRESENTATION_CONTEXT() REPRESENTATION_CONTEXT('2D SPACE',''
  ) );
#9871 = PCURVE('',#6825,#9872);
#9872 = DEFINITIONAL_REPRESENTATION('',(#9873),#10032);
#9873 = B_SPLINE_CURVE_WITH_KNOTS('',7,(#9874,#9875,#9876,#9877,#9878,
    #9879,#9880,#9881,#9882,#9883,#9884,#9885,#9886,#9887,#9888,#9889,
    #9890,#9891,#9892,#9893,#9894,#9895,#9896,#9897,#9898,#9899,#9900,
    #9901,#9902,#9903,#9904,#9905,#9906,#9907,#9908,#9909,#9910,#9911,
    #9912,#9913,#9914,#9915,#9916,#9917,#9918,#9919,#9920,#9921,#9922,
    #9923,#9924,#9925,#9926,#9927,#9928,#9929,#9930,#9931,#9932,#9933,
    #9934,#9935,#9936,#9937,#9938,#9939,#9940,#9941,#9942,#9943,#9944,
    #9945,#9946,#9947,#9948,#9949,#9950,#9951,#9952,#9953,#9954,#9955,
    #9956,#9957,#9958,#9959,#9960,#9961,#9962,#9963,#9964,#9965,#9966,
    #9967,#9968,#9969,#9970,#9971,#9972,#9973,#9974,#9975,#9976,#9977,
    #9978,#9979,#9980,#9981,#9982,#9983,#9984,#9985,#9986,#9987,#9988,
    #9989,#9990,#9991,#9992,#9993,#9994,#9995,#9996,#9997,#9998,#9999,
    #10000,#10001,#10002,#10003,#10004,#10005,#10006,#10007,#10008,
    #10009,#10010,#10011,#10012,#10013,#10014,#10015,#10016,#10017,
    #10018,#10019,#10020,#10021,#10022,#10023,#10024,#10025,#10026,
    #10027,#10028,#10029,#10030,#10031),.UNSPECIFIED.,.F.,.F.,(8,6,6,6,6
    ,6,6,6,6,6,6,6,6,6,6,6,6,6,6,6,6,6,6,6,6,6,8),(0.,3.783865788215E-02
    ,6.400370057545E-02,0.101644374153,0.136121615,0.165203984297,
    0.249996925088,0.334789865879,0.363872235177,0.398349476024,
    0.435990149601,0.462155192295,0.482564365836,0.500000809499,
    0.525160983313,0.53784536643,0.564010377491,0.601651005562,
    0.636128204728,0.665210538866,0.750003377146,0.834796215426,
    0.863878549564,0.89835574873,0.935996376802,0.962161387863,1.),
  .UNSPECIFIED.);
#9874 = CARTESIAN_POINT('',(6.28318530718,-2.6));
#9875 = CARTESIAN_POINT('',(6.238137415481,-2.6));
#9876 = CARTESIAN_POINT('',(6.193055091148,-2.6));
#9877 = CARTESIAN_POINT('',(6.148246998551,-2.6));
#9878 = CARTESIAN_POINT('',(6.103927780319,-2.6));
#9879 = CARTESIAN_POINT('',(6.060255834182,-2.6));
#9880 = CARTESIAN_POINT('',(6.017353438595,-2.6));
#9881 = CARTESIAN_POINT('',(5.946236087391,-2.6));
#9882 = CARTESIAN_POINT('',(5.917564245634,-2.6));
#9883 = CARTESIAN_POINT('',(5.889310984408,-2.6));
#9884 = CARTESIAN_POINT('',(5.861484351323,-2.6));
#9885 = CARTESIAN_POINT('',(5.834084316653,-2.6));
#9886 = CARTESIAN_POINT('',(5.807103930942,-2.6));
#9887 = CARTESIAN_POINT('',(5.74230228224,-2.6));
#9888 = CARTESIAN_POINT('',(5.704925287539,-2.6));
#9889 = CARTESIAN_POINT('',(5.668354806705,-2.6));
#9890 = CARTESIAN_POINT('',(5.632546428488,-2.6));
#9891 = CARTESIAN_POINT('',(5.597453596715,-2.6));
#9892 = CARTESIAN_POINT('',(5.563025184811,-2.6));
#9893 = CARTESIAN_POINT('',(5.498223465638,-2.6));
#9894 = CARTESIAN_POINT('',(5.467758493782,-2.6));
#9895 = CARTESIAN_POINT('',(5.437767489894,-2.6));
#9896 = CARTESIAN_POINT('',(5.408214461701,-2.6));
#9897 = CARTESIAN_POINT('',(5.37906640179,-2.6));
#9898 = CARTESIAN_POINT('',(5.350291599897,-2.6));
#9899 = CARTESIAN_POINT('',(5.297873502372,-2.6));
#9900 = CARTESIAN_POINT('',(5.27413301421,-2.6));
#9901 = CARTESIAN_POINT('',(5.250618150399,-2.6));
#9902 = CARTESIAN_POINT('',(5.227312178435,-2.6));
#9903 = CARTESIAN_POINT('',(5.20419953226,-2.6));
#9904 = CARTESIAN_POINT('',(5.181265370915,-2.6));
#9905 = CARTESIAN_POINT('',(5.092105942424,-2.6));
#9906 = CARTESIAN_POINT('',(5.027132672584,-2.6));
#9907 = CARTESIAN_POINT('',(4.963185761909,-2.6));
#9908 = CARTESIAN_POINT('',(4.899988863486,-2.6));
#9909 = CARTESIAN_POINT('',(4.837289808836,-2.6));
#9910 = CARTESIAN_POINT('',(4.774847391738,-2.6));
#9911 = CARTESIAN_POINT('',(4.649930569032,-2.6));
#9912 = CARTESIAN_POINT('',(4.587488151934,-2.6));
#9913 = CARTESIAN_POINT('',(4.524789097283,-2.6));
#9914 = CARTESIAN_POINT('',(4.461592198861,-2.6));
#9915 = CARTESIAN_POINT('',(4.397645288186,-2.6));
#9916 = CARTESIAN_POINT('',(4.332672018346,-2.6));
#9917 = CARTESIAN_POINT('',(4.243512589854,-2.6));
#9918 = CARTESIAN_POINT('',(4.22057842851,-2.6));
#9919 = CARTESIAN_POINT('',(4.197465782335,-2.6));
#9920 = CARTESIAN_POINT('',(4.174159810371,-2.6));
#9921 = CARTESIAN_POINT('',(4.150644946559,-2.6));
#9922 = CARTESIAN_POINT('',(4.126904458398,-2.6));
#9923 = CARTESIAN_POINT('',(4.074486360873,-2.6));
#9924 = CARTESIAN_POINT('',(4.045711558979,-2.6));
#9925 = CARTESIAN_POINT('',(4.016563499069,-2.6));
#9926 = CARTESIAN_POINT('',(3.987010470875,-2.6));
#9927 = CARTESIAN_POINT('',(3.957019466988,-2.6));
#9928 = CARTESIAN_POINT('',(3.926554495132,-2.6));
#9929 = CARTESIAN_POINT('',(3.861752775958,-2.6));
#9930 = CARTESIAN_POINT('',(3.827324364054,-2.6));
#9931 = CARTESIAN_POINT('',(3.792231532282,-2.6));
#9932 = CARTESIAN_POINT('',(3.756423154065,-2.6));
#9933 = CARTESIAN_POINT('',(3.71985267323,-2.6));
#9934 = CARTESIAN_POINT('',(3.68247567853,-2.6));
#9935 = CARTESIAN_POINT('',(3.617674029828,-2.6));
#9936 = CARTESIAN_POINT('',(3.590693644117,-2.6));
#9937 = CARTESIAN_POINT('',(3.563293609447,-2.6));
#9938 = CARTESIAN_POINT('',(3.535466976362,-2.6));
#9939 = CARTESIAN_POINT('',(3.507213715135,-2.6));
#9940 = CARTESIAN_POINT('',(3.478541873378,-2.6));
#9941 = CARTESIAN_POINT('',(3.426791195477,-2.6));
#9942 = CARTESIAN_POINT('',(3.40386978999,-2.6));
#9943 = CARTESIAN_POINT('',(3.380714618362,-2.6));
#9944 = CARTESIAN_POINT('',(3.35733945067,-2.6));
#9945 = CARTESIAN_POINT('',(3.33376264066,-2.6));
#9946 = CARTESIAN_POINT('',(3.310008040521,-2.6));
#9947 = CARTESIAN_POINT('',(3.26568529192,-2.6));
#9948 = CARTESIAN_POINT('',(3.245155577203,-2.6));
#9949 = CARTESIAN_POINT('',(3.224536358641,-2.6));
#9950 = CARTESIAN_POINT('',(3.203848007108,-2.6));
#9951 = CARTESIAN_POINT('',(3.183112107409,-2.6));
#9952 = CARTESIAN_POINT('',(3.16235188848,-2.6));
#9953 = CARTESIAN_POINT('',(3.111637809117,-2.6));
#9954 = CARTESIAN_POINT('',(3.081677472137,-2.6));
#9955 = CARTESIAN_POINT('',(3.051792392634,-2.6));
#9956 = CARTESIAN_POINT('',(3.022051070867,-2.6));
#9957 = CARTESIAN_POINT('',(2.992512454023,-2.6));
#9958 = CARTESIAN_POINT('',(2.96322863288,-2.6));
#9959 = CARTESIAN_POINT('',(2.919636856207,-2.6));
#9960 = CARTESIAN_POINT('',(2.905101862913,-2.6));
#9961 = CARTESIAN_POINT('',(2.890647775184,-2.6));
#9962 = CARTESIAN_POINT('',(2.876278955245,-2.6));
#9963 = CARTESIAN_POINT('',(2.861998990217,-2.6));
#9964 = CARTESIAN_POINT('',(2.847810771396,-2.6));
#9965 = CARTESIAN_POINT('',(2.804643433802,-2.6));
#9966 = CARTESIAN_POINT('',(2.775971592045,-2.6));
#9967 = CARTESIAN_POINT('',(2.747718330818,-2.6));
#9968 = CARTESIAN_POINT('',(2.719891697733,-2.6));
#9969 = CARTESIAN_POINT('',(2.692491663063,-2.6));
#9970 = CARTESIAN_POINT('',(2.665511277352,-2.6));
#9971 = CARTESIAN_POINT('',(2.60070962865,-2.6));
#9972 = CARTESIAN_POINT('',(2.563332633949,-2.6));
#9973 = CARTESIAN_POINT('',(2.526762153115,-2.6));
#9974 = CARTESIAN_POINT('',(2.490953774898,-2.6));
#9975 = CARTESIAN_POINT('',(2.455860943126,-2.6));
#9976 = CARTESIAN_POINT('',(2.421432531221,-2.6));
#9977 = CARTESIAN_POINT('',(2.356630812048,-2.6));
#9978 = CARTESIAN_POINT('',(2.326165840192,-2.6));
#9979 = CARTESIAN_POINT('',(2.296174836304,-2.6));
#9980 = CARTESIAN_POINT('',(2.266621808111,-2.6));
#9981 = CARTESIAN_POINT('',(2.2374737482,-2.6));
#9982 = CARTESIAN_POINT('',(2.208698946307,-2.6));
#9983 = CARTESIAN_POINT('',(2.156280848782,-2.6));
#9984 = CARTESIAN_POINT('',(2.13254036062,-2.6));
#9985 = CARTESIAN_POINT('',(2.109025496809,-2.6));
#9986 = CARTESIAN_POINT('',(2.085719524845,-2.6));
#9987 = CARTESIAN_POINT('',(2.06260687867,-2.6));
#9988 = CARTESIAN_POINT('',(2.039672717326,-2.6));
#9989 = CARTESIAN_POINT('',(1.950513288834,-2.6));
#9990 = CARTESIAN_POINT('',(1.885540018993,-2.6));
#9991 = CARTESIAN_POINT('',(1.821593108321,-2.6));
#9992 = CARTESIAN_POINT('',(1.758396209895,-2.6));
#9993 = CARTESIAN_POINT('',(1.695697155247,-2.6));
#9994 = CARTESIAN_POINT('',(1.633254738148,-2.6));
#9995 = CARTESIAN_POINT('',(1.508337915442,-2.6));
#9996 = CARTESIAN_POINT('',(1.445895498343,-2.6));
#9997 = CARTESIAN_POINT('',(1.383196443695,-2.6));
#9998 = CARTESIAN_POINT('',(1.319999545269,-2.6));
#9999 = CARTESIAN_POINT('',(1.256052634597,-2.6));
#10000 = CARTESIAN_POINT('',(1.191079364756,-2.6));
#10001 = CARTESIAN_POINT('',(1.101919936264,-2.6));
#10002 = CARTESIAN_POINT('',(1.07898577492,-2.6));
#10003 = CARTESIAN_POINT('',(1.055873128745,-2.6));
#10004 = CARTESIAN_POINT('',(1.032567156781,-2.6));
#10005 = CARTESIAN_POINT('',(1.00905229297,-2.6));
#10006 = CARTESIAN_POINT('',(0.985311804808,-2.6));
#10007 = CARTESIAN_POINT('',(0.932893707283,-2.6));
#10008 = CARTESIAN_POINT('',(0.90411890539,-2.6));
#10009 = CARTESIAN_POINT('',(0.874970845479,-2.6));
#10010 = CARTESIAN_POINT('',(0.845417817286,-2.6));
#10011 = CARTESIAN_POINT('',(0.815426813398,-2.6));
#10012 = CARTESIAN_POINT('',(0.784961841542,-2.6));
#10013 = CARTESIAN_POINT('',(0.720160122369,-2.6));
#10014 = CARTESIAN_POINT('',(0.685731710464,-2.6));
#10015 = CARTESIAN_POINT('',(0.650638878692,-2.6));
#10016 = CARTESIAN_POINT('',(0.614830500475,-2.6));
#10017 = CARTESIAN_POINT('',(0.578260019641,-2.6));
#10018 = CARTESIAN_POINT('',(0.54088302494,-2.6));
#10019 = CARTESIAN_POINT('',(0.476081376238,-2.6));
#10020 = CARTESIAN_POINT('',(0.449100990527,-2.6));
#10021 = CARTESIAN_POINT('',(0.421700955857,-2.6));
#10022 = CARTESIAN_POINT('',(0.393874322772,-2.6));
#10023 = CARTESIAN_POINT('',(0.365621061545,-2.6));
#10024 = CARTESIAN_POINT('',(0.336949219788,-2.6));
#10025 = CARTESIAN_POINT('',(0.265831868584,-2.6));
#10026 = CARTESIAN_POINT('',(0.222929472998,-2.6));
#10027 = CARTESIAN_POINT('',(0.179257526861,-2.6));
#10028 = CARTESIAN_POINT('',(0.134938308628,-2.6));
#10029 = CARTESIAN_POINT('',(9.013021603221E-02,-2.6));
#10030 = CARTESIAN_POINT('',(4.504789169877E-02,-2.6));
#10031 = CARTESIAN_POINT('',(0.,-2.6));
#10032 = ( GEOMETRIC_REPRESENTATION_CONTEXT(2) 
PARAMETRIC_REPRESENTATION_CONTEXT() REPRESENTATION_CONTEXT('2D SPACE',''
  ) );
#10033 = FACE_BOUND('',#10034,.F.);
#10034 = EDGE_LOOP('',(#10035,#10065,#10088,#10116,#10139,#10167,#10190,
    #10218));
#10035 = ORIENTED_EDGE('',*,*,#10036,.T.);
#10036 = EDGE_CURVE('',#10037,#10039,#10041,.T.);
#10037 = VERTEX_POINT('',#10038);
#10038 = CARTESIAN_POINT('',(-40.,-1.52631255192,16.133132289369));
#10039 = VERTEX_POINT('',#10040);
#10040 = CARTESIAN_POINT('',(-32.,-4.262473698525,8.615591323082));
#10041 = SURFACE_CURVE('',#10042,(#10047,#10058),.PCURVE_S1.);
#10042 = CIRCLE('',#10043,8.);
#10043 = AXIS2_PLACEMENT_3D('',#10044,#10045,#10046);
#10044 = CARTESIAN_POINT('',(-32.,-1.52631255192,16.133132289369));
#10045 = DIRECTION('',(0.,-0.939692620786,0.342020143326));
#10046 = DIRECTION('',(0.,-0.342020143326,-0.939692620786));
#10047 = PCURVE('',#5221,#10048);
#10048 = DEFINITIONAL_REPRESENTATION('',(#10049),#10057);
#10049 = ( BOUNDED_CURVE() B_SPLINE_CURVE(2,(#10050,#10051,#10052,#10053
    ,#10054,#10055,#10056),.UNSPECIFIED.,.T.,.F.) 
B_SPLINE_CURVE_WITH_KNOTS((1,2,2,2,2,1),(-2.094395102393,0.,
    2.094395102393,4.188790204786,6.28318530718,8.377580409573),
.UNSPECIFIED.) CURVE() GEOMETRIC_REPRESENTATION_ITEM() 
RATIONAL_B_SPLINE_CURVE((1.,0.5,1.,0.5,1.,0.5,1.)) REPRESENTATION_ITEM(
  '') );
#10050 = CARTESIAN_POINT('',(-48.05938536313,-32.));
#10051 = CARTESIAN_POINT('',(-48.05938536313,-18.14359353944));
#10052 = CARTESIAN_POINT('',(-36.05938536313,-25.07179676972));
#10053 = CARTESIAN_POINT('',(-24.05938536313,-32.));
#10054 = CARTESIAN_POINT('',(-36.05938536313,-38.92820323027));
#10055 = CARTESIAN_POINT('',(-48.05938536313,-45.85640646055));
#10056 = CARTESIAN_POINT('',(-48.05938536313,-32.));
#10057 = ( GEOMETRIC_REPRESENTATION_CONTEXT(2) 
PARAMETRIC_REPRESENTATION_CONTEXT() REPRESENTATION_CONTEXT('2D SPACE',''
  ) );
#10058 = PCURVE('',#7055,#10059);
#10059 = DEFINITIONAL_REPRESENTATION('',(#10060),#10064);
#10060 = LINE('',#10061,#10062);
#10061 = CARTESIAN_POINT('',(-6.28318530718,2.6));
#10062 = VECTOR('',#10063,1.);
#10063 = DIRECTION('',(1.,-0.));
#10064 = ( GEOMETRIC_REPRESENTATION_CONTEXT(2) 
PARAMETRIC_REPRESENTATION_CONTEXT() REPRESENTATION_CONTEXT('2D SPACE',''
  ) );
#10065 = ORIENTED_EDGE('',*,*,#10066,.T.);
#10066 = EDGE_CURVE('',#10039,#10067,#10069,.T.);
#10067 = VERTEX_POINT('',#10068);
#10068 = CARTESIAN_POINT('',(32.,-4.262473698525,8.615591323082));
#10069 = SURFACE_CURVE('',#10070,(#10074,#10081),.PCURVE_S1.);
#10070 = LINE('',#10071,#10072);
#10071 = CARTESIAN_POINT('',(-20.,-4.262473698525,8.615591323082));
#10072 = VECTOR('',#10073,1.);
#10073 = DIRECTION('',(1.,0.,0.));
#10074 = PCURVE('',#5221,#10075);
#10075 = DEFINITIONAL_REPRESENTATION('',(#10076),#10080);
#10076 = LINE('',#10077,#10078);
#10077 = CARTESIAN_POINT('',(-48.05938536313,-20.));
#10078 = VECTOR('',#10079,1.);
#10079 = DIRECTION('',(0.,1.));
#10080 = ( GEOMETRIC_REPRESENTATION_CONTEXT(2) 
PARAMETRIC_REPRESENTATION_CONTEXT() REPRESENTATION_CONTEXT('2D SPACE',''
  ) );
#10081 = PCURVE('',#7083,#10082);
#10082 = DEFINITIONAL_REPRESENTATION('',(#10083),#10087);
#10083 = LINE('',#10084,#10085);
#10084 = CARTESIAN_POINT('',(20.,-2.6));
#10085 = VECTOR('',#10086,1.);
#10086 = DIRECTION('',(1.,0.));
#10087 = ( GEOMETRIC_REPRESENTATION_CONTEXT(2) 
PARAMETRIC_REPRESENTATION_CONTEXT() REPRESENTATION_CONTEXT('2D SPACE',''
  ) );
#10088 = ORIENTED_EDGE('',*,*,#10089,.T.);
#10089 = EDGE_CURVE('',#10067,#10090,#10092,.T.);
#10090 = VERTEX_POINT('',#10091);
#10091 = CARTESIAN_POINT('',(40.,-1.52631255192,16.133132289369));
#10092 = SURFACE_CURVE('',#10093,(#10098,#10109),.PCURVE_S1.);
#10093 = CIRCLE('',#10094,8.);
#10094 = AXIS2_PLACEMENT_3D('',#10095,#10096,#10097);
#10095 = CARTESIAN_POINT('',(32.,-1.52631255192,16.133132289369));
#10096 = DIRECTION('',(0.,-0.939692620786,0.342020143326));
#10097 = DIRECTION('',(0.,-0.342020143326,-0.939692620786));
#10098 = PCURVE('',#5221,#10099);
#10099 = DEFINITIONAL_REPRESENTATION('',(#10100),#10108);
#10100 = ( BOUNDED_CURVE() B_SPLINE_CURVE(2,(#10101,#10102,#10103,#10104
    ,#10105,#10106,#10107),.UNSPECIFIED.,.T.,.F.) 
B_SPLINE_CURVE_WITH_KNOTS((1,2,2,2,2,1),(-2.094395102393,0.,
    2.094395102393,4.188790204786,6.28318530718,8.377580409573),
.UNSPECIFIED.) CURVE() GEOMETRIC_REPRESENTATION_ITEM() 
RATIONAL_B_SPLINE_CURVE((1.,0.5,1.,0.5,1.,0.5,1.)) REPRESENTATION_ITEM(
  '') );
#10101 = CARTESIAN_POINT('',(-48.05938536313,32.));
#10102 = CARTESIAN_POINT('',(-48.05938536313,45.856406460551));
#10103 = CARTESIAN_POINT('',(-36.05938536313,38.928203230276));
#10104 = CARTESIAN_POINT('',(-24.05938536313,32.));
#10105 = CARTESIAN_POINT('',(-36.05938536313,25.071796769724));
#10106 = CARTESIAN_POINT('',(-48.05938536313,18.143593539449));
#10107 = CARTESIAN_POINT('',(-48.05938536313,32.));
#10108 = ( GEOMETRIC_REPRESENTATION_CONTEXT(2) 
PARAMETRIC_REPRESENTATION_CONTEXT() REPRESENTATION_CONTEXT('2D SPACE',''
  ) );
#10109 = PCURVE('',#7116,#10110);
#10110 = DEFINITIONAL_REPRESENTATION('',(#10111),#10115);
#10111 = LINE('',#10112,#10113);
#10112 = CARTESIAN_POINT('',(0.,2.6));
#10113 = VECTOR('',#10114,1.);
#10114 = DIRECTION('',(1.,0.));
#10115 = ( GEOMETRIC_REPRESENTATION_CONTEXT(2) 
PARAMETRIC_REPRESENTATION_CONTEXT() REPRESENTATION_CONTEXT('2D SPACE',''
  ) );
#10116 = ORIENTED_EDGE('',*,*,#10117,.T.);
#10117 = EDGE_CURVE('',#10090,#10118,#10120,.T.);
#10118 = VERTEX_POINT('',#10119);
#10119 = CARTESIAN_POINT('',(40.,9.418332034501,46.203296154518));
#10120 = SURFACE_CURVE('',#10121,(#10125,#10132),.PCURVE_S1.);
#10121 = LINE('',#10122,#10123);
#10122 = CARTESIAN_POINT('',(40.,3.956165236497,31.196116215705));
#10123 = VECTOR('',#10124,1.);
#10124 = DIRECTION('',(0.,0.342020143326,0.939692620786));
#10125 = PCURVE('',#5221,#10126);
#10126 = DEFINITIONAL_REPRESENTATION('',(#10127),#10131);
#10127 = LINE('',#10128,#10129);
#10128 = CARTESIAN_POINT('',(-24.02969268156,40.));
#10129 = VECTOR('',#10130,1.);
#10130 = DIRECTION('',(1.,0.));
#10131 = ( GEOMETRIC_REPRESENTATION_CONTEXT(2) 
PARAMETRIC_REPRESENTATION_CONTEXT() REPRESENTATION_CONTEXT('2D SPACE',''
  ) );
#10132 = PCURVE('',#7144,#10133);
#10133 = DEFINITIONAL_REPRESENTATION('',(#10134),#10138);
#10134 = LINE('',#10135,#10136);
#10135 = CARTESIAN_POINT('',(24.029692681569,-2.6));
#10136 = VECTOR('',#10137,1.);
#10137 = DIRECTION('',(1.,0.));
#10138 = ( GEOMETRIC_REPRESENTATION_CONTEXT(2) 
PARAMETRIC_REPRESENTATION_CONTEXT() REPRESENTATION_CONTEXT('2D SPACE',''
  ) );
#10139 = ORIENTED_EDGE('',*,*,#10140,.T.);
#10140 = EDGE_CURVE('',#10118,#10141,#10143,.T.);
#10141 = VERTEX_POINT('',#10142);
#10142 = CARTESIAN_POINT('',(32.,12.154493181107,53.720837120805));
#10143 = SURFACE_CURVE('',#10144,(#10149,#10160),.PCURVE_S1.);
#10144 = CIRCLE('',#10145,8.);
#10145 = AXIS2_PLACEMENT_3D('',#10146,#10147,#10148);
#10146 = CARTESIAN_POINT('',(32.,9.418332034501,46.203296154518));
#10147 = DIRECTION('',(0.,-0.939692620786,0.342020143326));
#10148 = DIRECTION('',(1.,0.,0.));
#10149 = PCURVE('',#5221,#10150);
#10150 = DEFINITIONAL_REPRESENTATION('',(#10151),#10159);
#10151 = ( BOUNDED_CURVE() B_SPLINE_CURVE(2,(#10152,#10153,#10154,#10155
    ,#10156,#10157,#10158),.UNSPECIFIED.,.T.,.F.) 
B_SPLINE_CURVE_WITH_KNOTS((1,2,2,2,2,1),(-2.094395102393,0.,
    2.094395102393,4.188790204786,6.28318530718,8.377580409573),
.UNSPECIFIED.) CURVE() GEOMETRIC_REPRESENTATION_ITEM() 
RATIONAL_B_SPLINE_CURVE((1.,0.5,1.,0.5,1.,0.5,1.)) REPRESENTATION_ITEM(
  '') );
#10152 = CARTESIAN_POINT('',(-8.059385363138,40.));
#10153 = CARTESIAN_POINT('',(5.797021097413,40.));
#10154 = CARTESIAN_POINT('',(-1.131182132863,28.));
#10155 = CARTESIAN_POINT('',(-8.059385363138,16.));
#10156 = CARTESIAN_POINT('',(-14.98758859341,28.));
#10157 = CARTESIAN_POINT('',(-21.91579182368,40.));
#10158 = CARTESIAN_POINT('',(-8.059385363138,40.));
#10159 = ( GEOMETRIC_REPRESENTATION_CONTEXT(2) 
PARAMETRIC_REPRESENTATION_CONTEXT() REPRESENTATION_CONTEXT('2D SPACE',''
  ) );
#10160 = PCURVE('',#7200,#10161);
#10161 = DEFINITIONAL_REPRESENTATION('',(#10162),#10166);
#10162 = LINE('',#10163,#10164);
#10163 = CARTESIAN_POINT('',(0.,2.6));
#10164 = VECTOR('',#10165,1.);
#10165 = DIRECTION('',(1.,0.));
#10166 = ( GEOMETRIC_REPRESENTATION_CONTEXT(2) 
PARAMETRIC_REPRESENTATION_CONTEXT() REPRESENTATION_CONTEXT('2D SPACE',''
  ) );
#10167 = ORIENTED_EDGE('',*,*,#10168,.T.);
#10168 = EDGE_CURVE('',#10141,#10169,#10171,.T.);
#10169 = VERTEX_POINT('',#10170);
#10170 = CARTESIAN_POINT('',(-32.,12.154493181107,53.720837120805));
#10171 = SURFACE_CURVE('',#10172,(#10176,#10183),.PCURVE_S1.);
#10172 = LINE('',#10173,#10174);
#10173 = CARTESIAN_POINT('',(20.,12.154493181107,53.720837120805));
#10174 = VECTOR('',#10175,1.);
#10175 = DIRECTION('',(-1.,0.,0.));
#10176 = PCURVE('',#5221,#10177);
#10177 = DEFINITIONAL_REPRESENTATION('',(#10178),#10182);
#10178 = LINE('',#10179,#10180);
#10179 = CARTESIAN_POINT('',(-5.938536313832E-02,20.));
#10180 = VECTOR('',#10181,1.);
#10181 = DIRECTION('',(0.,-1.));
#10182 = ( GEOMETRIC_REPRESENTATION_CONTEXT(2) 
PARAMETRIC_REPRESENTATION_CONTEXT() REPRESENTATION_CONTEXT('2D SPACE',''
  ) );
#10183 = PCURVE('',#7228,#10184);
#10184 = DEFINITIONAL_REPRESENTATION('',(#10185),#10189);
#10185 = LINE('',#10186,#10187);
#10186 = CARTESIAN_POINT('',(20.,-2.6));
#10187 = VECTOR('',#10188,1.);
#10188 = DIRECTION('',(1.,0.));
#10189 = ( GEOMETRIC_REPRESENTATION_CONTEXT(2) 
PARAMETRIC_REPRESENTATION_CONTEXT() REPRESENTATION_CONTEXT('2D SPACE',''
  ) );
#10190 = ORIENTED_EDGE('',*,*,#10191,.T.);
#10191 = EDGE_CURVE('',#10169,#10192,#10194,.T.);
#10192 = VERTEX_POINT('',#10193);
#10193 = CARTESIAN_POINT('',(-40.,9.418332034501,46.203296154518));
#10194 = SURFACE_CURVE('',#10195,(#10200,#10211),.PCURVE_S1.);
#10195 = CIRCLE('',#10196,8.);
#10196 = AXIS2_PLACEMENT_3D('',#10197,#10198,#10199);
#10197 = CARTESIAN_POINT('',(-32.,9.418332034501,46.203296154518));
#10198 = DIRECTION('',(0.,-0.939692620786,0.342020143326));
#10199 = DIRECTION('',(0.,0.342020143326,0.939692620786));
#10200 = PCURVE('',#5221,#10201);
#10201 = DEFINITIONAL_REPRESENTATION('',(#10202),#10210);
#10202 = ( BOUNDED_CURVE() B_SPLINE_CURVE(2,(#10203,#10204,#10205,#10206
    ,#10207,#10208,#10209),.UNSPECIFIED.,.T.,.F.) 
B_SPLINE_CURVE_WITH_KNOTS((1,2,2,2,2,1),(-2.094395102393,0.,
    2.094395102393,4.188790204786,6.28318530718,8.377580409573),
.UNSPECIFIED.) CURVE() GEOMETRIC_REPRESENTATION_ITEM() 
RATIONAL_B_SPLINE_CURVE((1.,0.5,1.,0.5,1.,0.5,1.)) REPRESENTATION_ITEM(
  '') );
#10203 = CARTESIAN_POINT('',(-5.938536313832E-02,-32.));
#10204 = CARTESIAN_POINT('',(-5.938536313832E-02,-45.85640646055));
#10205 = CARTESIAN_POINT('',(-12.05938536313,-38.92820323027));
#10206 = CARTESIAN_POINT('',(-24.05938536313,-32.));
#10207 = CARTESIAN_POINT('',(-12.05938536313,-25.07179676972));
#10208 = CARTESIAN_POINT('',(-5.938536313834E-02,-18.14359353944));
#10209 = CARTESIAN_POINT('',(-5.938536313832E-02,-32.));
#10210 = ( GEOMETRIC_REPRESENTATION_CONTEXT(2) 
PARAMETRIC_REPRESENTATION_CONTEXT() REPRESENTATION_CONTEXT('2D SPACE',''
  ) );
#10211 = PCURVE('',#7261,#10212);
#10212 = DEFINITIONAL_REPRESENTATION('',(#10213),#10217);
#10213 = LINE('',#10214,#10215);
#10214 = CARTESIAN_POINT('',(0.,2.6));
#10215 = VECTOR('',#10216,1.);
#10216 = DIRECTION('',(1.,0.));
#10217 = ( GEOMETRIC_REPRESENTATION_CONTEXT(2) 
PARAMETRIC_REPRESENTATION_CONTEXT() REPRESENTATION_CONTEXT('2D SPACE',''
  ) );
#10218 = ORIENTED_EDGE('',*,*,#10219,.T.);
#10219 = EDGE_CURVE('',#10192,#10037,#10220,.T.);
#10220 = SURFACE_CURVE('',#10221,(#10225,#10232),.PCURVE_S1.);
#10221 = LINE('',#10222,#10223);
#10222 = CARTESIAN_POINT('',(-40.,12.164648676313,53.748739114567));
#10223 = VECTOR('',#10224,1.);
#10224 = DIRECTION('',(0.,-0.342020143326,-0.939692620786));
#10225 = PCURVE('',#5221,#10226);
#10226 = DEFINITIONAL_REPRESENTATION('',(#10227),#10231);
#10227 = LINE('',#10228,#10229);
#10228 = CARTESIAN_POINT('',(-2.969268156916E-02,-40.));
#10229 = VECTOR('',#10230,1.);
#10230 = DIRECTION('',(-1.,0.));
#10231 = ( GEOMETRIC_REPRESENTATION_CONTEXT(2) 
PARAMETRIC_REPRESENTATION_CONTEXT() REPRESENTATION_CONTEXT('2D SPACE',''
  ) );
#10232 = PCURVE('',#7289,#10233);
#10233 = DEFINITIONAL_REPRESENTATION('',(#10234),#10238);
#10234 = LINE('',#10235,#10236);
#10235 = CARTESIAN_POINT('',(-2.969268156916E-02,-2.6));
#10236 = VECTOR('',#10237,1.);
#10237 = DIRECTION('',(1.,0.));
#10238 = ( GEOMETRIC_REPRESENTATION_CONTEXT(2) 
PARAMETRIC_REPRESENTATION_CONTEXT() REPRESENTATION_CONTEXT('2D SPACE',''
  ) );
#10239 = FACE_BOUND('',#10240,.F.);
#10240 = EDGE_LOOP('',(#10241,#10746));
#10241 = ORIENTED_EDGE('',*,*,#10242,.F.);
#10242 = EDGE_CURVE('',#10243,#10245,#10247,.T.);
#10243 = VERTEX_POINT('',#10244);
#10244 = CARTESIAN_POINT('',(8.958070923884,17.44967483309,
    68.269229141539));
#10245 = VERTEX_POINT('',#10246);
#10246 = CARTESIAN_POINT('',(-8.958070923884,17.44967483309,
    68.269229141539));
#10247 = SURFACE_CURVE('',#10248,(#10412,#10579),.PCURVE_S1.);
#10248 = B_SPLINE_CURVE_WITH_KNOTS('',8,(#10249,#10250,#10251,#10252,
    #10253,#10254,#10255,#10256,#10257,#10258,#10259,#10260,#10261,
    #10262,#10263,#10264,#10265,#10266,#10267,#10268,#10269,#10270,
    #10271,#10272,#10273,#10274,#10275,#10276,#10277,#10278,#10279,
    #10280,#10281,#10282,#10283,#10284,#10285,#10286,#10287,#10288,
    #10289,#10290,#10291,#10292,#10293,#10294,#10295,#10296,#10297,
    #10298,#10299,#10300,#10301,#10302,#10303,#10304,#10305,#10306,
    #10307,#10308,#10309,#10310,#10311,#10312,#10313,#10314,#10315,
    #10316,#10317,#10318,#10319,#10320,#10321,#10322,#10323,#10324,
    #10325,#10326,#10327,#10328,#10329,#10330,#10331,#10332,#10333,
    #10334,#10335,#10336,#10337,#10338,#10339,#10340,#10341,#10342,
    #10343,#10344,#10345,#10346,#10347,#10348,#10349,#10350,#10351,
    #10352,#10353,#10354,#10355,#10356,#10357,#10358,#10359,#10360,
    #10361,#10362,#10363,#10364,#10365,#10366,#10367,#10368,#10369,
    #10370,#10371,#10372,#10373,#10374,#10375,#10376,#10377,#10378,
    #10379,#10380,#10381,#10382,#10383,#10384,#10385,#10386,#10387,
    #10388,#10389,#10390,#10391,#10392,#10393,#10394,#10395,#10396,
    #10397,#10398,#10399,#10400,#10401,#10402,#10403,#10404,#10405,
    #10406,#10407,#10408,#10409,#10410,#10411),.UNSPECIFIED.,.F.,.F.,(9,
    7,7,7,7,7,7,7,7,7,7,7,7,7,7,7,7,7,7,7,7,7,7,9),(0.,5.79867381634E-02
    ,7.970403201828E-02,9.202603052974E-02,0.11745094241,0.148974094823,
    0.165444449683,0.199146245659,0.250827115668,0.301981213682,
    0.348388893775,0.500019507488,0.594542181223,0.682931331877,
    0.732401834603,0.783541810243,0.828090656695,0.847169819921,
    0.858659902489,0.882553619315,0.907977543707,0.920299063639,
    0.942015514007,1.),.UNSPECIFIED.);
#10249 = CARTESIAN_POINT('',(8.958070923884,17.44967483309,
    68.269229141539));
#10250 = CARTESIAN_POINT('',(9.16330243147,17.395948255787,
    68.121616583574));
#10251 = CARTESIAN_POINT('',(9.362497675182,17.339625256402,
    67.966870414568));
#10252 = CARTESIAN_POINT('',(9.55496121409,17.280563695486,
    67.804600109594));
#10253 = CARTESIAN_POINT('',(9.739733776449,17.218639746188,
    67.634465457176));
#10254 = CARTESIAN_POINT('',(9.9156078229,17.153753443235,
    67.456191804979));
#10255 = CARTESIAN_POINT('',(10.081149682377,17.085836035313,
    67.269590260326));
#10256 = CARTESIAN_POINT('',(10.234728260737,17.014859140871,
    67.074582845544));
#10257 = CARTESIAN_POINT('',(10.426916723276,16.913126067687,
    66.795073524159));
#10258 = CARTESIAN_POINT('',(10.477343318575,16.884985898108,
    66.717759043662));
#10259 = CARTESIAN_POINT('',(10.525732387433,16.85642944376,
    66.639300830159));
#10260 = CARTESIAN_POINT('',(10.57198168701,16.827463342119,
    66.559717119972));
#10261 = CARTESIAN_POINT('',(10.615986125209,16.798096909599,
    66.479033509733));
#10262 = CARTESIAN_POINT('',(10.657639433707,16.768342428171,
    66.397283743882));
#10263 = CARTESIAN_POINT('',(10.696835840983,16.738215431994,
    66.31451050217));
#10264 = CARTESIAN_POINT('',(10.754258292787,16.690440946562,
    66.183251182218));
#10265 = CARTESIAN_POINT('',(10.774220526847,16.67303316425,
    66.135423693394));
#10266 = CARTESIAN_POINT('',(10.79333950178,16.655515208201,
    66.087293504715));
#10267 = CARTESIAN_POINT('',(10.811596573877,16.637890989779,
    66.038871362564));
#10268 = CARTESIAN_POINT('',(10.828973548457,16.620164787191,
    65.990169021223));
#10269 = CARTESIAN_POINT('',(10.845452826848,16.602341262069,
    65.941199288413));
#10270 = CARTESIAN_POINT('',(10.86101755338,16.584425476037,
    65.891976070838));
#10271 = CARTESIAN_POINT('',(10.905847633084,16.529276845034,
    65.740456452443));
#10272 = CARTESIAN_POINT('',(10.93208427257,16.491758154267,
    65.637374696754));
#10273 = CARTESIAN_POINT('',(10.95421772545,16.45391849658,65.5334110917
    ));
#10274 = CARTESIAN_POINT('',(10.972125171169,16.415813402786,
    65.428718206935));
#10275 = CARTESIAN_POINT('',(10.98570863735,16.377502416791,
    65.323459637997));
#10276 = CARTESIAN_POINT('',(10.994898713154,16.339049239466,
    65.217810401588));
#10277 = CARTESIAN_POINT('',(10.999658262639,16.300521872512,
    65.111957330851));
#10278 = CARTESIAN_POINT('',(11.000392655497,16.214222330786,
    64.874851288651));
#10279 = CARTESIAN_POINT('',(10.993986892875,16.166438600486,
    64.743566568634));
#10280 = CARTESIAN_POINT('',(10.980762083267,16.118783134009,
    64.612634250576));
#10281 = CARTESIAN_POINT('',(10.960800812863,16.071385225623,
    64.482409567556));
#10282 = CARTESIAN_POINT('',(10.934260007265,16.024362635119,
    64.353216061941));
#10283 = CARTESIAN_POINT('',(10.901357955289,15.977822232476,
    64.225347356586));
#10284 = CARTESIAN_POINT('',(10.862363370306,15.931860553364,
    64.099068681066));
#10285 = CARTESIAN_POINT('',(10.794191267992,15.862897662418,
    63.909594695412));
#10286 = CARTESIAN_POINT('',(10.769215221132,15.839410384643,
    63.845063930082));
#10287 = CARTESIAN_POINT('',(10.74270067363,15.816113406097,
    63.781056007585));
#10288 = CARTESIAN_POINT('',(10.714691768254,15.793016385582,
    63.717597465263));
#10289 = CARTESIAN_POINT('',(10.685233913101,15.770127743728,
    63.654711438606));
#10290 = CARTESIAN_POINT('',(10.654373229216,15.747454739962,
    63.592417872728));
#10291 = CARTESIAN_POINT('',(10.622155998217,15.725003549481,
    63.530733733843));
#10292 = CARTESIAN_POINT('',(10.520023027588,15.657303952922,
    63.344730620991));
#10293 = CARTESIAN_POINT('',(10.445934807513,15.612781929935,
    63.222407368164));
#10294 = CARTESIAN_POINT('',(10.366752085846,15.569252972106,
    63.102812539438));
#10295 = CARTESIAN_POINT('',(10.282858168081,15.526741959369,
    62.986014491865));
#10296 = CARTESIAN_POINT('',(10.194620292332,15.485261376336,
    62.872047526635));
#10297 = CARTESIAN_POINT('',(10.102381008558,15.444813282417,
    62.760917301933));
#10298 = CARTESIAN_POINT('',(10.006451673687,15.405390826467,
    62.652604994392));
#10299 = CARTESIAN_POINT('',(9.754767093935,15.308076189928,
    62.385235227916));
#10300 = CARTESIAN_POINT('',(9.59443888519,15.251566415875,
    62.229975899728));
#10301 = CARTESIAN_POINT('',(9.427098062596,15.197384684479,
    62.081112816171));
#10302 = CARTESIAN_POINT('',(9.253603057939,15.14546048325,
    61.93845224577));
#10303 = CARTESIAN_POINT('',(9.074698492722,15.095717468045,
    61.801784434719));
#10304 = CARTESIAN_POINT('',(8.891015225414,15.048073676081,
    61.670884192121));
#10305 = CARTESIAN_POINT('',(8.703068061833,15.002442570439,
    61.545513759744));
#10306 = CARTESIAN_POINT('',(8.321389344283,14.915472764391,
    61.306566181454));
#10307 = CARTESIAN_POINT('',(8.127782326312,14.874105479939,
    61.192910501517));
#10308 = CARTESIAN_POINT('',(7.930843310029,14.834551298619,
    61.084236281495));
#10309 = CARTESIAN_POINT('',(7.730932947322,14.796737560866,
    60.980343890876));
#10310 = CARTESIAN_POINT('',(7.528364186358,14.760597919691,
    60.881051042798));
#10311 = CARTESIAN_POINT('',(7.323405474521,14.726070513705,
    60.786187774499));
#10312 = CARTESIAN_POINT('',(7.116282284646,14.693097105133,
    60.695594079007));
#10313 = CARTESIAN_POINT('',(6.717473828763,14.633069620597,
    60.530669920697));
#10314 = CARTESIAN_POINT('',(6.526152814589,14.605752128853,
    60.455615728974));
#10315 = CARTESIAN_POINT('',(6.333358577715,14.579631066277,
    60.383848699373));
#10316 = CARTESIAN_POINT('',(6.13922162579,14.554670627086,
    60.315270456318));
#10317 = CARTESIAN_POINT('',(5.943858919823,14.530838352772,
    60.249791820785));
#10318 = CARTESIAN_POINT('',(5.747374475584,14.508104643869,
    60.187331468913));
#10319 = CARTESIAN_POINT('',(5.549859965013,14.486442271725,
    60.127814590595));
#10320 = CARTESIAN_POINT('',(4.70293979854,14.398464743035,
    59.886098317102));
#10321 = CARTESIAN_POINT('',(4.044626527135,14.342300403114,
    59.731788061389));
#10322 = CARTESIAN_POINT('',(3.378934563289,14.296404853335,
    59.60569107472));
#10323 = CARTESIAN_POINT('',(2.707894979779,14.260224839525,
    59.506287303741));
#10324 = CARTESIAN_POINT('',(2.03322288651,14.233353941966,
    59.432460119457));
#10325 = CARTESIAN_POINT('',(1.356320823325,14.215531978146,
    59.38349467629));
#10326 = CARTESIAN_POINT('',(0.67830642243,14.206614041061,
    59.358992845521));
#10327 = CARTESIAN_POINT('',(-0.422838997287,14.206614041061,
    59.358992845521));
#10328 = CARTESIAN_POINT('',(-0.84565795342,14.210079522012,
    59.368514176181));
#10329 = CARTESIAN_POINT('',(-1.268195542808,14.217009774965,
    59.387554889681));
#10330 = CARTESIAN_POINT('',(-1.690166519635,14.227425189509,
    59.416171005954));
#10331 = CARTESIAN_POINT('',(-2.111262041706,14.241365015277,
    59.454470362484));
#10332 = CARTESIAN_POINT('',(-2.531149081198,14.258888049112,
    59.502614502265));
#10333 = CARTESIAN_POINT('',(-2.949468922319,14.280076247879,
    59.560828599937));
#10334 = CARTESIAN_POINT('',(-3.755182825569,14.328386319967,
    59.693559432132));
#10335 = CARTESIAN_POINT('',(-4.142762056716,14.355030538026,
    59.766763819606));
#10336 = CARTESIAN_POINT('',(-4.528289053745,14.38506483,59.849282358615
    ));
#10337 = CARTESIAN_POINT('',(-4.911389387695,14.418602339817,
    59.941425909541));
#10338 = CARTESIAN_POINT('',(-5.291599629776,14.455776257685,
    60.043560409478));
#10339 = CARTESIAN_POINT('',(-5.668363343325,14.496743988223,
    60.156118324057));
#10340 = CARTESIAN_POINT('',(-6.041021024166,14.541697675457,
    60.279627564652));
#10341 = CARTESIAN_POINT('',(-6.614632752884,14.618408535342,
    60.490388920013));
#10342 = CARTESIAN_POINT('',(-6.818921347304,14.647258364867,
    60.56965317519));
#10343 = CARTESIAN_POINT('',(-7.021522635811,14.67747283732,
    60.652666755995));
#10344 = CARTESIAN_POINT('',(-7.22227147239,14.709097485685,
    60.739554763276));
#10345 = CARTESIAN_POINT('',(-7.420974579521,14.742181182885,
    60.830451474285));
#10346 = CARTESIAN_POINT('',(-7.617409479243,14.776776835383,
    60.925502248333));
#10347 = CARTESIAN_POINT('',(-7.811322477564,14.812942699403,
    61.024867143083));
#10348 = CARTESIAN_POINT('',(-8.19997805602,14.889821625193,
    61.236090255724));
#10349 = CARTESIAN_POINT('',(-8.39449482995,14.930640494135,
    61.348239176429));
#10350 = CARTESIAN_POINT('',(-8.585680860912,14.973276402811,
    61.465380372774));
#10351 = CARTESIAN_POINT('',(-8.773157300469,15.017806274732,
    61.587725190369));
#10352 = CARTESIAN_POINT('',(-8.956463612042,15.064307546119,
    61.71548638348));
#10353 = CARTESIAN_POINT('',(-9.135056699589,15.112858447372,
    61.848878888367));
#10354 = CARTESIAN_POINT('',(-9.308307167809,15.163539500607,
    61.988123937725));
#10355 = CARTESIAN_POINT('',(-9.621130703032,15.262515418662,
    62.260058037652));
#10356 = CARTESIAN_POINT('',(-9.762130005348,15.310264432023,
    62.391247373661));
#10357 = CARTESIAN_POINT('',(-9.898022534449,15.359740526171,
    62.527181825135));
#10358 = CARTESIAN_POINT('',(-10.02823495168,15.410987510985,
    62.667981758728));
#10359 = CARTESIAN_POINT('',(-10.15209681542,15.464033323103,
    62.813723929719));
#10360 = CARTESIAN_POINT('',(-10.26885375711,15.51888635227,
    62.964431388743));
#10361 = CARTESIAN_POINT('',(-10.37768568401,15.575530524312,
    63.120059972373));
#10362 = CARTESIAN_POINT('',(-10.52057650532,15.658925533322,
    63.349185876523));
#10363 = CARTESIAN_POINT('',(-10.56180736218,15.684249665074,
    63.418763356679));
#10364 = CARTESIAN_POINT('',(-10.60135332146,15.709886477909,
    63.489199921051));
#10365 = CARTESIAN_POINT('',(-10.63914320802,15.735829299356,
    63.560477237173));
#10366 = CARTESIAN_POINT('',(-10.67510493451,15.762069684607,
    63.632572103126));
#10367 = CARTESIAN_POINT('',(-10.70916650667,15.788597258561,
    63.70545601356));
#10368 = CARTESIAN_POINT('',(-10.74125702845,15.815399557879,
    63.779094725724));
#10369 = CARTESIAN_POINT('',(-10.78940518758,15.858759665108,
    63.898225641242));
#10370 = CARTESIAN_POINT('',(-10.80676297584,15.875151755949,
    63.943262540684));
#10371 = CARTESIAN_POINT('',(-10.82336582243,15.891634908416,
    63.98854962989));
#10372 = CARTESIAN_POINT('',(-10.83919903233,15.908205599145,
    64.034077228491));
#10373 = CARTESIAN_POINT('',(-10.85424846512,15.924860018528,
    64.079834869681));
#10374 = CARTESIAN_POINT('',(-10.86850053501,15.94159407072,
    64.125811300215));
#10375 = CARTESIAN_POINT('',(-10.88194221081,15.958403373635,
    64.171994480409));
#10376 = CARTESIAN_POINT('',(-10.92080192016,16.010385112847,
    64.314813135119));
#10377 = CARTESIAN_POINT('',(-10.94348659757,16.045794504876,
    64.412099640155));
#10378 = CARTESIAN_POINT('',(-10.96250208054,16.081466533334,
    64.51010773285));
#10379 = CARTESIAN_POINT('',(-10.97775336194,16.117353481192,
    64.608706311741));
#10380 = CARTESIAN_POINT('',(-10.98916591637,16.153404729887,
    64.707756303476));
#10381 = CARTESIAN_POINT('',(-10.99668822153,16.189566673135,
    64.807110425991));
#10382 = CARTESIAN_POINT('',(-11.00029427952,16.225782630725,
    64.906612951695));
#10383 = CARTESIAN_POINT('',(-10.99965826263,16.300521872512,
    65.111957330852));
#10384 = CARTESIAN_POINT('',(-10.99489871315,16.339049239466,
    65.21781040159));
#10385 = CARTESIAN_POINT('',(-10.98570863734,16.377502416792,
    65.323459637998));
#10386 = CARTESIAN_POINT('',(-10.97212517116,16.415813402787,
    65.428718206936));
#10387 = CARTESIAN_POINT('',(-10.95421772545,16.453918496581,
    65.533411091701));
#10388 = CARTESIAN_POINT('',(-10.93208427257,16.491758154267,
    65.637374696755));
#10389 = CARTESIAN_POINT('',(-10.90584763308,16.529276845034,
    65.740456452445));
#10390 = CARTESIAN_POINT('',(-10.86101755338,16.584425476037,
    65.891976070839));
#10391 = CARTESIAN_POINT('',(-10.84545282684,16.602341262069,
    65.941199288414));
#10392 = CARTESIAN_POINT('',(-10.82897354845,16.620164787192,
    65.990169021224));
#10393 = CARTESIAN_POINT('',(-10.81159657387,16.637890989779,
    66.038871362565));
#10394 = CARTESIAN_POINT('',(-10.79333950177,16.655515208202,
    66.087293504716));
#10395 = CARTESIAN_POINT('',(-10.77422052684,16.67303316425,
    66.135423693395));
#10396 = CARTESIAN_POINT('',(-10.75425829278,16.690440946562,
    66.183251182219));
#10397 = CARTESIAN_POINT('',(-10.69683584098,16.738215431995,
    66.314510502171));
#10398 = CARTESIAN_POINT('',(-10.6576394337,16.768342428171,
    66.397283743883));
#10399 = CARTESIAN_POINT('',(-10.6159861252,16.7980969096,
    66.479033509734));
#10400 = CARTESIAN_POINT('',(-10.571981687,16.82746334212,
    66.559717119974));
#10401 = CARTESIAN_POINT('',(-10.52573238743,16.85642944376,
    66.63930083016));
#10402 = CARTESIAN_POINT('',(-10.47734331857,16.884985898109,
    66.717759043663));
#10403 = CARTESIAN_POINT('',(-10.42691672327,16.913126067688,
    66.79507352416));
#10404 = CARTESIAN_POINT('',(-10.23472826073,17.014859140872,
    67.074582845545));
#10405 = CARTESIAN_POINT('',(-10.08114968237,17.085836035313,
    67.269590260327));
#10406 = CARTESIAN_POINT('',(-9.9156078229,17.153753443235,
    67.456191804979));
#10407 = CARTESIAN_POINT('',(-9.739733776449,17.218639746189,
    67.634465457176));
#10408 = CARTESIAN_POINT('',(-9.55496121409,17.280563695486,
    67.804600109595));
#10409 = CARTESIAN_POINT('',(-9.362497675182,17.339625256402,
    67.966870414569));
#10410 = CARTESIAN_POINT('',(-9.16330243147,17.395948255787,
    68.121616583574));
#10411 = CARTESIAN_POINT('',(-8.958070923884,17.44967483309,
    68.269229141539));
#10412 = PCURVE('',#5221,#10413);
#10413 = DEFINITIONAL_REPRESENTATION('',(#10414),#10578);
#10414 = B_SPLINE_CURVE_WITH_KNOTS('',8,(#10415,#10416,#10417,#10418,
    #10419,#10420,#10421,#10422,#10423,#10424,#10425,#10426,#10427,
    #10428,#10429,#10430,#10431,#10432,#10433,#10434,#10435,#10436,
    #10437,#10438,#10439,#10440,#10441,#10442,#10443,#10444,#10445,
    #10446,#10447,#10448,#10449,#10450,#10451,#10452,#10453,#10454,
    #10455,#10456,#10457,#10458,#10459,#10460,#10461,#10462,#10463,
    #10464,#10465,#10466,#10467,#10468,#10469,#10470,#10471,#10472,
    #10473,#10474,#10475,#10476,#10477,#10478,#10479,#10480,#10481,
    #10482,#10483,#10484,#10485,#10486,#10487,#10488,#10489,#10490,
    #10491,#10492,#10493,#10494,#10495,#10496,#10497,#10498,#10499,
    #10500,#10501,#10502,#10503,#10504,#10505,#10506,#10507,#10508,
    #10509,#10510,#10511,#10512,#10513,#10514,#10515,#10516,#10517,
    #10518,#10519,#10520,#10521,#10522,#10523,#10524,#10525,#10526,
    #10527,#10528,#10529,#10530,#10531,#10532,#10533,#10534,#10535,
    #10536,#10537,#10538,#10539,#10540,#10541,#10542,#10543,#10544,
    #10545,#10546,#10547,#10548,#10549,#10550,#10551,#10552,#10553,
    #10554,#10555,#10556,#10557,#10558,#10559,#10560,#10561,#10562,
    #10563,#10564,#10565,#10566,#10567,#10568,#10569,#10570,#10571,
    #10572,#10573,#10574,#10575,#10576,#10577),.UNSPECIFIED.,.F.,.F.,(9,
    7,7,7,7,7,7,7,7,7,7,7,7,7,7,7,7,7,7,7,7,7,7,9),(0.,5.79867381634E-02
    ,7.970403201828E-02,9.202603052974E-02,0.11745094241,0.148974094823,
    0.165444449683,0.199146245659,0.250827115668,0.301981213682,
    0.348388893775,0.500019507488,0.594542181223,0.682931331877,
    0.732401834603,0.783541810243,0.828090656695,0.847169819921,
    0.858659902489,0.882553619315,0.907977543707,0.920299063639,
    0.942015514007,1.),.UNSPECIFIED.);
#10415 = CARTESIAN_POINT('',(15.422690050592,8.958070923884));
#10416 = CARTESIAN_POINT('',(15.265604047468,9.16330243147));
#10417 = CARTESIAN_POINT('',(15.100926614036,9.362497675182));
#10418 = CARTESIAN_POINT('',(14.92824216235,9.55496121409));
#10419 = CARTESIAN_POINT('',(14.747188646918,9.739733776449));
#10420 = CARTESIAN_POINT('',(14.557473788832,9.9156078229));
#10421 = CARTESIAN_POINT('',(14.358896572703,10.081149682377));
#10422 = CARTESIAN_POINT('',(14.151374016424,10.234728260737));
#10423 = CARTESIAN_POINT('',(13.853926409406,10.426916723276));
#10424 = CARTESIAN_POINT('',(13.771650057771,10.477343318575));
#10425 = CARTESIAN_POINT('',(13.688156570892,10.525732387433));
#10426 = CARTESIAN_POINT('',(13.603465355461,10.57198168701));
#10427 = CARTESIAN_POINT('',(13.517603650841,10.615986125209));
#10428 = CARTESIAN_POINT('',(13.430607367117,10.657639433707));
#10429 = CARTESIAN_POINT('',(13.342521923131,10.696835840983));
#10430 = CARTESIAN_POINT('',(13.202838672408,10.754258292787));
#10431 = CARTESIAN_POINT('',(13.151941721888,10.774220526847));
#10432 = CARTESIAN_POINT('',(13.100722644911,10.79333950178));
#10433 = CARTESIAN_POINT('',(13.049192877539,10.811596573877));
#10434 = CARTESIAN_POINT('',(12.997364928415,10.828973548457));
#10435 = CARTESIAN_POINT('',(12.945252427235,10.845452826848));
#10436 = CARTESIAN_POINT('',(12.892870173202,10.86101755338));
#10437 = CARTESIAN_POINT('',(12.731626363212,10.905847633084));
#10438 = CARTESIAN_POINT('',(12.62192905006,10.93208427257));
#10439 = CARTESIAN_POINT('',(12.511293292415,10.95421772545));
#10440 = CARTESIAN_POINT('',(12.399881451512,10.972125171169));
#10441 = CARTESIAN_POINT('',(12.287867622085,10.98570863735));
#10442 = CARTESIAN_POINT('',(12.175438053021,10.994898713154));
#10443 = CARTESIAN_POINT('',(12.062791567993,10.999658262639));
#10444 = CARTESIAN_POINT('',(11.810468588165,11.000392655497));
#10445 = CARTESIAN_POINT('',(11.670758307257,10.993986892875));
#10446 = CARTESIAN_POINT('',(11.53142304468,10.980762083267));
#10447 = CARTESIAN_POINT('',(11.392840831583,10.960800812863));
#10448 = CARTESIAN_POINT('',(11.255355974559,10.934260007265));
#10449 = CARTESIAN_POINT('',(11.119280940526,10.901357955289));
#10450 = CARTESIAN_POINT('',(10.984897980899,10.862363370306));
#10451 = CARTESIAN_POINT('',(10.783263976904,10.794191267992));
#10452 = CARTESIAN_POINT('',(10.714591770798,10.769215221132));
#10453 = CARTESIAN_POINT('',(10.646475962415,10.74270067363));
#10454 = CARTESIAN_POINT('',(10.578944792203,10.714691768254));
#10455 = CARTESIAN_POINT('',(10.512022880435,10.685233913101));
#10456 = CARTESIAN_POINT('',(10.445731452259,10.654373229216));
#10457 = CARTESIAN_POINT('',(10.380088562743,10.622155998217));
#10458 = CARTESIAN_POINT('',(10.182148184434,10.520023027588));
#10459 = CARTESIAN_POINT('',(10.051974497719,10.445934807513));
#10460 = CARTESIAN_POINT('',(9.924704339286,10.366752085846));
#10461 = CARTESIAN_POINT('',(9.800410453191,10.282858168081));
#10462 = CARTESIAN_POINT('',(9.679129341996,10.194620292332));
#10463 = CARTESIAN_POINT('',(9.560867027018,10.102381008558));
#10464 = CARTESIAN_POINT('',(9.445603476847,10.006451673687));
#10465 = CARTESIAN_POINT('',(9.161074514332,9.754767093935));
#10466 = CARTESIAN_POINT('',(8.995850988304,9.59443888519));
#10467 = CARTESIAN_POINT('',(8.83743420364,9.427098062596));
#10468 = CARTESIAN_POINT('',(8.685617995611,9.253603057939));
#10469 = CARTESIAN_POINT('',(8.540179148878,9.074698492722));
#10470 = CARTESIAN_POINT('',(8.400878020293,8.891015225414));
#10471 = CARTESIAN_POINT('',(8.267461592832,8.703068061833));
#10472 = CARTESIAN_POINT('',(8.013178891228,8.321389344283));
#10473 = CARTESIAN_POINT('',(7.892229042924,8.127782326312));
#10474 = CARTESIAN_POINT('',(7.776580353535,7.930843310029));
#10475 = CARTESIAN_POINT('',(7.666020380709,7.730932947322));
#10476 = CARTESIAN_POINT('',(7.560355138819,7.528364186358));
#10477 = CARTESIAN_POINT('',(7.459403757271,7.323405474521));
#10478 = CARTESIAN_POINT('',(7.362995960201,7.116282284646));
#10479 = CARTESIAN_POINT('',(7.187487336784,6.717473828763));
#10480 = CARTESIAN_POINT('',(7.107616334221,6.526152814589));
#10481 = CARTESIAN_POINT('',(7.031243456523,6.333358577715));
#10482 = CARTESIAN_POINT('',(6.958264014588,6.13922162579));
#10483 = CARTESIAN_POINT('',(6.888583106083,5.943858919823));
#10484 = CARTESIAN_POINT('',(6.822114187959,5.747374475584));
#10485 = CARTESIAN_POINT('',(6.758777648966,5.549859965013));
#10486 = CARTESIAN_POINT('',(6.501548563469,4.70293979854));
#10487 = CARTESIAN_POINT('',(6.337335019274,4.044626527135));
#10488 = CARTESIAN_POINT('',(6.203145408884,3.378934563289));
#10489 = CARTESIAN_POINT('',(6.097362125308,2.707894979779));
#10490 = CARTESIAN_POINT('',(6.018796876789,2.03322288651));
#10491 = CARTESIAN_POINT('',(5.966688940551,1.356320823325));
#10492 = CARTESIAN_POINT('',(5.940614636862,0.67830642243));
#10493 = CARTESIAN_POINT('',(5.940614636862,-0.422838997287));
#10494 = CARTESIAN_POINT('',(5.950747025315,-0.84565795342));
#10495 = CARTESIAN_POINT('',(5.971009729394,-1.268195542808));
#10496 = CARTESIAN_POINT('',(6.001462364266,-1.690166519635));
#10497 = CARTESIAN_POINT('',(6.042219688185,-2.111262041706));
#10498 = CARTESIAN_POINT('',(6.093453611615,-2.531149081198));
#10499 = CARTESIAN_POINT('',(6.155403760402,-2.949468922319));
#10500 = CARTESIAN_POINT('',(6.296652961746,-3.755182825569));
#10501 = CARTESIAN_POINT('',(6.374555443745,-4.142762056716));
#10502 = CARTESIAN_POINT('',(6.462369838775,-4.528289053745));
#10503 = CARTESIAN_POINT('',(6.560426957547,-4.911389387695));
#10504 = CARTESIAN_POINT('',(6.669116222183,-5.291599629776));
#10505 = CARTESIAN_POINT('',(6.788897852994,-5.668363343325));
#10506 = CARTESIAN_POINT('',(6.92033364153,-6.041021024166));
#10507 = CARTESIAN_POINT('',(7.144621191203,-6.614632752884));
#10508 = CARTESIAN_POINT('',(7.228972449714,-6.818921347304));
#10509 = CARTESIAN_POINT('',(7.31731365722,-7.021522635811));
#10510 = CARTESIAN_POINT('',(7.409777943264,-7.22227147239));
#10511 = CARTESIAN_POINT('',(7.50650820271,-7.420974579521));
#10512 = CARTESIAN_POINT('',(7.607659123709,-7.617409479243));
#10513 = CARTESIAN_POINT('',(7.713401036067,-7.811322477564));
#10514 = CARTESIAN_POINT('',(7.938179977572,-8.19997805602));
#10515 = CARTESIAN_POINT('',(8.057526366193,-8.39449482995));
#10516 = CARTESIAN_POINT('',(8.182185423585,-8.585680860912));
#10517 = CARTESIAN_POINT('',(8.312382059047,-8.773157300469));
#10518 = CARTESIAN_POINT('',(8.448342680941,-8.956463612042));
#10519 = CARTESIAN_POINT('',(8.590296019657,-9.135056699589));
#10520 = CARTESIAN_POINT('',(8.738477506111,-9.308307167809));
#10521 = CARTESIAN_POINT('',(9.027863730831,-9.621130703032));
#10522 = CARTESIAN_POINT('',(9.167472506198,-9.762130005348));
#10523 = CARTESIAN_POINT('',(9.31213092797,-9.898022534449));
#10524 = CARTESIAN_POINT('',(9.461967087666,-10.02823495168));
#10525 = CARTESIAN_POINT('',(9.617062666548,-10.15209681542));
#10526 = CARTESIAN_POINT('',(9.777442194587,-10.26885375711));
#10527 = CARTESIAN_POINT('',(9.943058674048,-10.37768568401));
#10528 = CARTESIAN_POINT('',(10.186889368342,-10.52057650532));
#10529 = CARTESIAN_POINT('',(10.260932176189,-10.56180736218));
#10530 = CARTESIAN_POINT('',(10.335889202363,-10.60135332146));
#10531 = CARTESIAN_POINT('',(10.411740937863,-10.63914320802));
#10532 = CARTESIAN_POINT('',(10.488462691719,-10.67510493451));
#10533 = CARTESIAN_POINT('',(10.566024129174,-10.70916650667));
#10534 = CARTESIAN_POINT('',(10.644388809853,-10.74125702845));
#10535 = CARTESIAN_POINT('',(10.771165282162,-10.78940518758));
#10536 = CARTESIAN_POINT('',(10.819092549489,-10.80676297584));
#10537 = CARTESIAN_POINT('',(10.867286063202,-10.82336582243));
#10538 = CARTESIAN_POINT('',(10.915735521668,-10.83919903233));
#10539 = CARTESIAN_POINT('',(10.964429786344,-10.85424846512));
#10540 = CARTESIAN_POINT('',(11.013356881776,-10.86850053501));
#10541 = CARTESIAN_POINT('',(11.0625039956,-10.88194221081));
#10542 = CARTESIAN_POINT('',(11.214488433437,-10.92080192016));
#10543 = CARTESIAN_POINT('',(11.318018569658,-10.94348659757));
#10544 = CARTESIAN_POINT('',(11.422316603427,-10.96250208054));
#10545 = CARTESIAN_POINT('',(11.527243019481,-10.97775336194));
#10546 = CARTESIAN_POINT('',(11.632649819049,-10.98916591637));
#10547 = CARTESIAN_POINT('',(11.738380267834,-10.99668822153));
#10548 = CARTESIAN_POINT('',(11.844268643993,-11.00029427952));
#10549 = CARTESIAN_POINT('',(12.062791567995,-10.99965826263));
#10550 = CARTESIAN_POINT('',(12.175438053022,-10.99489871315));
#10551 = CARTESIAN_POINT('',(12.287867622087,-10.98570863734));
#10552 = CARTESIAN_POINT('',(12.399881451513,-10.97212517116));
#10553 = CARTESIAN_POINT('',(12.511293292417,-10.95421772545));
#10554 = CARTESIAN_POINT('',(12.621929050061,-10.93208427257));
#10555 = CARTESIAN_POINT('',(12.731626363214,-10.90584763308));
#10556 = CARTESIAN_POINT('',(12.892870173204,-10.86101755338));
#10557 = CARTESIAN_POINT('',(12.945252427236,-10.84545282684));
#10558 = CARTESIAN_POINT('',(12.997364928417,-10.82897354845));
#10559 = CARTESIAN_POINT('',(13.04919287754,-10.81159657387));
#10560 = CARTESIAN_POINT('',(13.100722644913,-10.79333950177));
#10561 = CARTESIAN_POINT('',(13.15194172189,-10.77422052684));
#10562 = CARTESIAN_POINT('',(13.20283867241,-10.75425829278));
#10563 = CARTESIAN_POINT('',(13.342521923133,-10.69683584098));
#10564 = CARTESIAN_POINT('',(13.430607367118,-10.6576394337));
#10565 = CARTESIAN_POINT('',(13.517603650843,-10.6159861252));
#10566 = CARTESIAN_POINT('',(13.603465355462,-10.571981687));
#10567 = CARTESIAN_POINT('',(13.688156570894,-10.52573238743));
#10568 = CARTESIAN_POINT('',(13.771650057772,-10.47734331857));
#10569 = CARTESIAN_POINT('',(13.853926409407,-10.42691672327));
#10570 = CARTESIAN_POINT('',(14.151374016425,-10.23472826073));
#10571 = CARTESIAN_POINT('',(14.358896572704,-10.08114968237));
#10572 = CARTESIAN_POINT('',(14.557473788833,-9.9156078229));
#10573 = CARTESIAN_POINT('',(14.747188646918,-9.739733776449));
#10574 = CARTESIAN_POINT('',(14.92824216235,-9.55496121409));
#10575 = CARTESIAN_POINT('',(15.100926614037,-9.362497675182));
#10576 = CARTESIAN_POINT('',(15.265604047468,-9.16330243147));
#10577 = CARTESIAN_POINT('',(15.422690050592,-8.958070923884));
#10578 = ( GEOMETRIC_REPRESENTATION_CONTEXT(2) 
PARAMETRIC_REPRESENTATION_CONTEXT() REPRESENTATION_CONTEXT('2D SPACE',''
  ) );
#10579 = PCURVE('',#7662,#10580);
#10580 = DEFINITIONAL_REPRESENTATION('',(#10581),#10745);
#10581 = B_SPLINE_CURVE_WITH_KNOTS('',8,(#10582,#10583,#10584,#10585,
    #10586,#10587,#10588,#10589,#10590,#10591,#10592,#10593,#10594,
    #10595,#10596,#10597,#10598,#10599,#10600,#10601,#10602,#10603,
    #10604,#10605,#10606,#10607,#10608,#10609,#10610,#10611,#10612,
    #10613,#10614,#10615,#10616,#10617,#10618,#10619,#10620,#10621,
    #10622,#10623,#10624,#10625,#10626,#10627,#10628,#10629,#10630,
    #10631,#10632,#10633,#10634,#10635,#10636,#10637,#10638,#10639,
    #10640,#10641,#10642,#10643,#10644,#10645,#10646,#10647,#10648,
    #10649,#10650,#10651,#10652,#10653,#10654,#10655,#10656,#10657,
    #10658,#10659,#10660,#10661,#10662,#10663,#10664,#10665,#10666,
    #10667,#10668,#10669,#10670,#10671,#10672,#10673,#10674,#10675,
    #10676,#10677,#10678,#10679,#10680,#10681,#10682,#10683,#10684,
    #10685,#10686,#10687,#10688,#10689,#10690,#10691,#10692,#10693,
    #10694,#10695,#10696,#10697,#10698,#10699,#10700,#10701,#10702,
    #10703,#10704,#10705,#10706,#10707,#10708,#10709,#10710,#10711,
    #10712,#10713,#10714,#10715,#10716,#10717,#10718,#10719,#10720,
    #10721,#10722,#10723,#10724,#10725,#10726,#10727,#10728,#10729,
    #10730,#10731,#10732,#10733,#10734,#10735,#10736,#10737,#10738,
    #10739,#10740,#10741,#10742,#10743,#10744),.UNSPECIFIED.,.F.,.F.,(9,
    7,7,7,7,7,7,7,7,7,7,7,7,7,7,7,7,7,7,7,7,7,7,9),(0.,5.79867381634E-02
    ,7.970403201828E-02,9.202603052974E-02,0.11745094241,0.148974094823,
    0.165444449683,0.199146245659,0.250827115668,0.301981213682,
    0.348388893775,0.500019507488,0.594542181223,0.682931331877,
    0.732401834603,0.783541810243,0.828090656695,0.847169819921,
    0.858659902489,0.882553619315,0.907977543707,0.920299063639,
    0.942015514007,1.),.UNSPECIFIED.);
#10582 = CARTESIAN_POINT('',(6.902338681876,-2.6));
#10583 = CARTESIAN_POINT('',(6.870189906969,-2.6));
#10584 = CARTESIAN_POINT('',(6.837329240286,-2.6));
#10585 = CARTESIAN_POINT('',(6.803686268535,-2.6));
#10586 = CARTESIAN_POINT('',(6.769202507371,-2.6));
#10587 = CARTESIAN_POINT('',(6.733829439588,-2.6));
#10588 = CARTESIAN_POINT('',(6.697527538545,-2.6));
#10589 = CARTESIAN_POINT('',(6.660266276819,-2.6));
#10590 = CARTESIAN_POINT('',(6.60770297567,-2.6));
#10591 = CARTESIAN_POINT('',(6.593246169549,-2.6));
#10592 = CARTESIAN_POINT('',(6.578655145134,-2.6));
#10593 = CARTESIAN_POINT('',(6.563931200805,-2.6));
#10594 = CARTESIAN_POINT('',(6.549076592056,-2.6));
#10595 = CARTESIAN_POINT('',(6.534094633653,-2.6));
#10596 = CARTESIAN_POINT('',(6.518989801782,-2.6));
#10597 = CARTESIAN_POINT('',(6.495131169111,-2.6));
#10598 = CARTESIAN_POINT('',(6.486456817791,-2.6));
#10599 = CARTESIAN_POINT('',(6.477745871481,-2.6));
#10600 = CARTESIAN_POINT('',(6.468999542597,-2.6));
#10601 = CARTESIAN_POINT('',(6.460219175391,-2.6));
#10602 = CARTESIAN_POINT('',(6.451406254611,-2.6));
#10603 = CARTESIAN_POINT('',(6.44256241416,-2.6));
#10604 = CARTESIAN_POINT('',(6.415381178671,-2.6));
#10605 = CARTESIAN_POINT('',(6.396947335757,-2.6));
#10606 = CARTESIAN_POINT('',(6.378405459363,-2.6));
#10607 = CARTESIAN_POINT('',(6.35977405717,-2.6));
#10608 = CARTESIAN_POINT('',(6.341072883179,-2.6));
#10609 = CARTESIAN_POINT('',(6.322323218705,-2.6));
#10610 = CARTESIAN_POINT('',(6.303548153362,-2.6));
#10611 = CARTESIAN_POINT('',(6.261494270395,-2.6));
#10612 = CARTESIAN_POINT('',(6.238210178944,-2.6));
#10613 = CARTESIAN_POINT('',(6.214970347016,-2.6));
#10614 = CARTESIAN_POINT('',(6.191818519476,-2.6));
#10615 = CARTESIAN_POINT('',(6.168793649635,-2.6));
#10616 = CARTESIAN_POINT('',(6.145930869866,-2.6));
#10617 = CARTESIAN_POINT('',(6.12326221395,-2.6));
#10618 = CARTESIAN_POINT('',(6.089089864967,-2.6));
#10619 = CARTESIAN_POINT('',(6.077422512867,-2.6));
#10620 = CARTESIAN_POINT('',(6.065818530049,-2.6));
#10621 = CARTESIAN_POINT('',(6.054280923972,-2.6));
#10622 = CARTESIAN_POINT('',(6.042812247529,-2.6));
#10623 = CARTESIAN_POINT('',(6.031414632248,-2.6));
#10624 = CARTESIAN_POINT('',(6.020089821494,-2.6));
#10625 = CARTESIAN_POINT('',(5.985818083003,-2.6));
#10626 = CARTESIAN_POINT('',(5.963109122646,-2.6));
#10627 = CARTESIAN_POINT('',(5.940721913436,-2.6));
#10628 = CARTESIAN_POINT('',(5.918661115033,-2.6));
#10629 = CARTESIAN_POINT('',(5.896927324325,-2.6));
#10630 = CARTESIAN_POINT('',(5.875517656883,-2.6));
#10631 = CARTESIAN_POINT('',(5.854426041461,-2.6));
#10632 = CARTESIAN_POINT('',(5.801773296788,-2.6));
#10633 = CARTESIAN_POINT('',(5.770638227631,-2.6));
#10634 = CARTESIAN_POINT('',(5.740198571555,-2.6));
#10635 = CARTESIAN_POINT('',(5.710417458685,-2.6));
#10636 = CARTESIAN_POINT('',(5.681258546208,-2.6));
#10637 = CARTESIAN_POINT('',(5.652684404435,-2.6));
#10638 = CARTESIAN_POINT('',(5.624655340512,-2.6));
#10639 = CARTESIAN_POINT('',(5.569882552599,-2.6));
#10640 = CARTESIAN_POINT('',(5.543135208974,-2.6));
#10641 = CARTESIAN_POINT('',(5.516848805486,-2.6));
#10642 = CARTESIAN_POINT('',(5.490990581969,-2.6));
#10643 = CARTESIAN_POINT('',(5.46553103927,-2.6));
#10644 = CARTESIAN_POINT('',(5.440442594696,-2.6));
#10645 = CARTESIAN_POINT('',(5.41569869513,-2.6));
#10646 = CARTESIAN_POINT('',(5.369114423256,-2.6));
#10647 = CARTESIAN_POINT('',(5.347219200041,-2.6));
#10648 = CARTESIAN_POINT('',(5.325569288417,-2.6));
#10649 = CARTESIAN_POINT('',(5.304148002714,-2.6));
#10650 = CARTESIAN_POINT('',(5.282940059612,-2.6));
#10651 = CARTESIAN_POINT('',(5.261931236391,-2.6));
#10652 = CARTESIAN_POINT('',(5.241108029165,-2.6));
#10653 = CARTESIAN_POINT('',(5.152983973895,-2.6));
#10654 = CARTESIAN_POINT('',(5.087382039488,-2.6));
#10655 = CARTESIAN_POINT('',(5.023160578372,-2.6));
#10656 = CARTESIAN_POINT('',(4.959989613179,-2.6));
#10657 = CARTESIAN_POINT('',(4.897584536,-2.6));
#10658 = CARTESIAN_POINT('',(4.835690912826,-2.6));
#10659 = CARTESIAN_POINT('',(4.774053200606,-2.6));
#10660 = CARTESIAN_POINT('',(4.67394907154,-2.6));
#10661 = CARTESIAN_POINT('',(4.635510953456,-2.6));
#10662 = CARTESIAN_POINT('',(4.597011971565,-2.6));
#10663 = CARTESIAN_POINT('',(4.55839131063,-2.6));
#10664 = CARTESIAN_POINT('',(4.519588106842,-2.6));
#10665 = CARTESIAN_POINT('',(4.480538913391,-2.6));
#10666 = CARTESIAN_POINT('',(4.441174519474,-2.6));
#10667 = CARTESIAN_POINT('',(4.364237626049,-2.6));
#10668 = CARTESIAN_POINT('',(4.326720223107,-2.6));
#10669 = CARTESIAN_POINT('',(4.288796888043,-2.6));
#10670 = CARTESIAN_POINT('',(4.250398373338,-2.6));
#10671 = CARTESIAN_POINT('',(4.211451909535,-2.6));
#10672 = CARTESIAN_POINT('',(4.17187727178,-2.6));
#10673 = CARTESIAN_POINT('',(4.131580213204,-2.6));
#10674 = CARTESIAN_POINT('',(4.067419336486,-2.6));
#10675 = CARTESIAN_POINT('',(4.044134502961,-2.6));
#10676 = CARTESIAN_POINT('',(4.020568318085,-2.6));
#10677 = CARTESIAN_POINT('',(3.996699659312,-2.6));
#10678 = CARTESIAN_POINT('',(3.972506399764,-2.6));
#10679 = CARTESIAN_POINT('',(3.94796479076,-2.6));
#10680 = CARTESIAN_POINT('',(3.923048555143,-2.6));
#10681 = CARTESIAN_POINT('',(3.871552328696,-2.6));
#10682 = CARTESIAN_POINT('',(3.844948899275,-2.6));
#10683 = CARTESIAN_POINT('',(3.817881772969,-2.6));
#10684 = CARTESIAN_POINT('',(3.790316159208,-2.6));
#10685 = CARTESIAN_POINT('',(3.762217526959,-2.6));
#10686 = CARTESIAN_POINT('',(3.733550413982,-2.6));
#10687 = CARTESIAN_POINT('',(3.704276625443,-2.6));
#10688 = CARTESIAN_POINT('',(3.648285720484,-2.6));
#10689 = CARTESIAN_POINT('',(3.621731879934,-2.6));
#10690 = CARTESIAN_POINT('',(3.594661847043,-2.6));
#10691 = CARTESIAN_POINT('',(3.56705254834,-2.6));
#10692 = CARTESIAN_POINT('',(3.53888681029,-2.6));
#10693 = CARTESIAN_POINT('',(3.510153604655,-2.6));
#10694 = CARTESIAN_POINT('',(3.480849018998,-2.6));
#10695 = CARTESIAN_POINT('',(3.438184917215,-2.6));
#10696 = CARTESIAN_POINT('',(3.42528911617,-2.6));
#10697 = CARTESIAN_POINT('',(3.412291632057,-2.6));
#10698 = CARTESIAN_POINT('',(3.39919412023,-2.6));
#10699 = CARTESIAN_POINT('',(3.385998869721,-2.6));
#10700 = CARTESIAN_POINT('',(3.372708864434,-2.6));
#10701 = CARTESIAN_POINT('',(3.359327844337,-2.6));
#10702 = CARTESIAN_POINT('',(3.337749820676,-2.6));
#10703 = CARTESIAN_POINT('',(3.329607921542,-2.6));
#10704 = CARTESIAN_POINT('',(3.321435676857,-2.6));
#10705 = CARTESIAN_POINT('',(3.313234199073,-2.6));
#10706 = CARTESIAN_POINT('',(3.305004705488,-2.6));
#10707 = CARTESIAN_POINT('',(3.296748518247,-2.6));
#10708 = CARTESIAN_POINT('',(3.288467064342,-2.6));
#10709 = CARTESIAN_POINT('',(3.262891170496,-2.6));
#10710 = CARTESIAN_POINT('',(3.245516685289,-2.6));
#10711 = CARTESIAN_POINT('',(3.228053685924,-2.6));
#10712 = CARTESIAN_POINT('',(3.210518129331,-2.6));
#10713 = CARTESIAN_POINT('',(3.192926867731,-2.6));
#10714 = CARTESIAN_POINT('',(3.175297852935,-2.6));
#10715 = CARTESIAN_POINT('',(3.157650340637,-2.6));
#10716 = CARTESIAN_POINT('',(3.121229807407,-2.6));
#10717 = CARTESIAN_POINT('',(3.102454742064,-2.6));
#10718 = CARTESIAN_POINT('',(3.08370507759,-2.6));
#10719 = CARTESIAN_POINT('',(3.0650039036,-2.6));
#10720 = CARTESIAN_POINT('',(3.046372501406,-2.6));
#10721 = CARTESIAN_POINT('',(3.027830625012,-2.6));
#10722 = CARTESIAN_POINT('',(3.009396782098,-2.6));
#10723 = CARTESIAN_POINT('',(2.982215546609,-2.6));
#10724 = CARTESIAN_POINT('',(2.973371706158,-2.6));
#10725 = CARTESIAN_POINT('',(2.964558785378,-2.6));
#10726 = CARTESIAN_POINT('',(2.955778418172,-2.6));
#10727 = CARTESIAN_POINT('',(2.947032089288,-2.6));
#10728 = CARTESIAN_POINT('',(2.938321142979,-2.6));
#10729 = CARTESIAN_POINT('',(2.929646791658,-2.6));
#10730 = CARTESIAN_POINT('',(2.905788158987,-2.6));
#10731 = CARTESIAN_POINT('',(2.890683327116,-2.6));
#10732 = CARTESIAN_POINT('',(2.875701368713,-2.6));
#10733 = CARTESIAN_POINT('',(2.860846759964,-2.6));
#10734 = CARTESIAN_POINT('',(2.846122815635,-2.6));
#10735 = CARTESIAN_POINT('',(2.831531791221,-2.6));
#10736 = CARTESIAN_POINT('',(2.817074985099,-2.6));
#10737 = CARTESIAN_POINT('',(2.764511683951,-2.6));
#10738 = CARTESIAN_POINT('',(2.727250422224,-2.6));
#10739 = CARTESIAN_POINT('',(2.690948521181,-2.6));
#10740 = CARTESIAN_POINT('',(2.655575453398,-2.6));
#10741 = CARTESIAN_POINT('',(2.621091692234,-2.6));
#10742 = CARTESIAN_POINT('',(2.587448720483,-2.6));
#10743 = CARTESIAN_POINT('',(2.5545880538,-2.6));
#10744 = CARTESIAN_POINT('',(2.522439278894,-2.6));
#10745 = ( GEOMETRIC_REPRESENTATION_CONTEXT(2) 
PARAMETRIC_REPRESENTATION_CONTEXT() REPRESENTATION_CONTEXT('2D SPACE',''
  ) );
#10746 = ORIENTED_EDGE('',*,*,#10747,.T.);
#10747 = EDGE_CURVE('',#10243,#10245,#10748,.T.);
#10748 = SURFACE_CURVE('',#10749,(#10842,#10938),.PCURVE_S1.);
#10749 = B_SPLINE_CURVE_WITH_KNOTS('',7,(#10750,#10751,#10752,#10753,
    #10754,#10755,#10756,#10757,#10758,#10759,#10760,#10761,#10762,
    #10763,#10764,#10765,#10766,#10767,#10768,#10769,#10770,#10771,
    #10772,#10773,#10774,#10775,#10776,#10777,#10778,#10779,#10780,
    #10781,#10782,#10783,#10784,#10785,#10786,#10787,#10788,#10789,
    #10790,#10791,#10792,#10793,#10794,#10795,#10796,#10797,#10798,
    #10799,#10800,#10801,#10802,#10803,#10804,#10805,#10806,#10807,
    #10808,#10809,#10810,#10811,#10812,#10813,#10814,#10815,#10816,
    #10817,#10818,#10819,#10820,#10821,#10822,#10823,#10824,#10825,
    #10826,#10827,#10828,#10829,#10830,#10831,#10832,#10833,#10834,
    #10835,#10836,#10837,#10838,#10839,#10840,#10841),.UNSPECIFIED.,.F.,
  .F.,(8,6,6,6,6,6,6,6,6,6,6,6,6,6,6,8),(0.,2.091102099608E-02,
    6.165161133933E-02,8.291669191605E-02,0.126060205999,0.1923848895,
    0.255977014649,0.313861050807,0.500025995593,0.673210523012,
    0.729685417277,0.792633345332,0.858279524936,0.910871808998,
    0.934646767811,1.),.UNSPECIFIED.);
#10750 = CARTESIAN_POINT('',(8.958070923884,17.44967483309,
    68.269229141539));
#10751 = CARTESIAN_POINT('',(8.969980112551,17.42631399799,
    68.205045774603));
#10752 = CARTESIAN_POINT('',(8.97995955881,17.40284075651,
    68.140553573675));
#10753 = CARTESIAN_POINT('',(8.98797520683,17.379276202918,
    68.075810494782));
#10754 = CARTESIAN_POINT('',(8.994000692691,17.3556421669,
    68.010876514492));
#10755 = CARTESIAN_POINT('',(8.998017915461,17.331961224023,
    67.945813658666));
#10756 = CARTESIAN_POINT('',(9.000017608276,17.308256706206,
    67.880686031225));
#10757 = CARTESIAN_POINT('',(8.999965427045,17.238370619488,
    67.688675586033));
#10758 = CARTESIAN_POINT('',(8.992273313714,17.192182051418,
    67.561773538224));
#10759 = CARTESIAN_POINT('',(8.976919817397,17.14617529223,
    67.435371006211));
#10760 = CARTESIAN_POINT('',(8.954047131866,17.100518493744,
    67.309929983327));
#10761 = CARTESIAN_POINT('',(8.923910793463,17.055361225263,
    67.185861407852));
#10762 = CARTESIAN_POINT('',(8.886853824939,17.010835744025,
    67.063528653559));
#10763 = CARTESIAN_POINT('',(8.820547682817,16.94420761657,
    66.880469377876));
#10764 = CARTESIAN_POINT('',(8.796031832928,16.921558477615,
    66.818241380026));
#10765 = CARTESIAN_POINT('',(8.769796103074,16.899125280763,
    66.756606678231));
#10766 = CARTESIAN_POINT('',(8.741899536078,16.876920587452,
    66.695599784751));
#10767 = CARTESIAN_POINT('',(8.712403000679,16.854954974123,
    66.635249758125));
#10768 = CARTESIAN_POINT('',(8.681368001022,16.833237197239,
    66.575580656536));
#10769 = CARTESIAN_POINT('',(8.582892691504,16.768229623494,
    66.396973815579));
#10770 = CARTESIAN_POINT('',(8.510852743933,16.725737286931,
    66.280227080373));
#10771 = CARTESIAN_POINT('',(8.433239079855,16.684351082343,
    66.166519417789));
#10772 = CARTESIAN_POINT('',(8.350547810411,16.644100789217,
    66.0559326463));
#10773 = CARTESIAN_POINT('',(8.263244923049,16.604997348576,
    65.948496826116));
#10774 = CARTESIAN_POINT('',(8.171750096673,16.567036575755,
    65.844200459965));
#10775 = CARTESIAN_POINT('',(7.929886782346,16.47357472638,
    65.587416139227));
#10776 = CARTESIAN_POINT('',(7.77434351115,16.419625334468,
    65.439191403155));
#10777 = CARTESIAN_POINT('',(7.611091924565,16.368275108938,
    65.298107818027));
#10778 = CARTESIAN_POINT('',(7.441239985428,16.319434569251,
    65.163919538084));
#10779 = CARTESIAN_POINT('',(7.265711638703,16.273002660746,
    65.036348917924));
#10780 = CARTESIAN_POINT('',(7.085242826584,16.228868806212,
    64.915092149158));
#10781 = CARTESIAN_POINT('',(6.723115628507,16.146694160853,
    64.689319166582));
#10782 = CARTESIAN_POINT('',(6.541858304697,16.108487569869,
    64.584347420581));
#10783 = CARTESIAN_POINT('',(6.357109355448,16.072201193739,
    64.484651421529));
#10784 = CARTESIAN_POINT('',(6.169301639642,16.037751052495,
    64.390000436364));
#10785 = CARTESIAN_POINT('',(5.97879923992,16.005060581758,
    64.300184106181));
#10786 = CARTESIAN_POINT('',(5.785901725645,15.974058287439,
    64.215006002591));
#10787 = CARTESIAN_POINT('',(5.413294607607,15.917934878617,
    64.060808204149));
#10788 = CARTESIAN_POINT('',(5.233968610843,15.892537550962,
    63.991029619903));
#10789 = CARTESIAN_POINT('',(5.053052628808,15.868437288877,
    63.924814694021));
#10790 = CARTESIAN_POINT('',(4.870711329157,15.845591052969,
    63.862045176744));
#10791 = CARTESIAN_POINT('',(4.687088489218,15.823960546049,
    63.80261584741));
#10792 = CARTESIAN_POINT('',(4.502308178425,15.803511285512,
    63.746431965839));
#10793 = CARTESIAN_POINT('',(3.718807730972,15.722140834945,
    63.522868490296));
#10794 = CARTESIAN_POINT('',(3.110546564904,15.671991633792,
    63.385084692524));
#10795 = CARTESIAN_POINT('',(2.494830710777,15.632662829866,
    63.277029691804));
#10796 = CARTESIAN_POINT('',(1.874125161341,15.603579041932,
    63.197122641182));
#10797 = CARTESIAN_POINT('',(1.250453623771,15.584327204758,
    63.144228653265));
#10798 = CARTESIAN_POINT('',(0.625372232799,15.574694614363,
    63.117763328664));
#10799 = CARTESIAN_POINT('',(-0.581767930177,15.574694614364,
    63.117763328664));
#10800 = CARTESIAN_POINT('',(-1.163345733432,15.583030898153,
    63.140667080139));
#10801 = CARTESIAN_POINT('',(-1.743769569095,15.599695108941,
    63.186451622991));
#10802 = CARTESIAN_POINT('',(-2.321778739071,15.624845551532,
    63.255551896099));
#10803 = CARTESIAN_POINT('',(-2.895801036116,15.658786706435,
    63.348804452785));
#10804 = CARTESIAN_POINT('',(-3.46395981127,15.701956294499,
    63.467411921199));
#10805 = CARTESIAN_POINT('',(-4.206557220476,15.772485839195,
    63.661190252656));
#10806 = CARTESIAN_POINT('',(-4.388278005176,15.790892737302,
    63.711762789566));
#10807 = CARTESIAN_POINT('',(-4.569021107798,15.810389094669,
    63.765328591193));
#10808 = CARTESIAN_POINT('',(-4.748683976741,15.831003723402,
    63.821966818147));
#10809 = CARTESIAN_POINT('',(-4.927149129365,15.85276867972,
    63.881765544168));
#10810 = CARTESIAN_POINT('',(-5.104283319585,15.875719976577,
    63.94482371403));
#10811 = CARTESIAN_POINT('',(-5.475723113575,15.926847884199,
    64.085296485723));
#10812 = CARTESIAN_POINT('',(-5.669657740968,15.955320305586,
    64.163523820562));
#10813 = CARTESIAN_POINT('',(-5.861542738963,15.985373004219,
    64.24609293145));
#10814 = CARTESIAN_POINT('',(-6.051129920454,16.017068646452,
    64.333175992782));
#10815 = CARTESIAN_POINT('',(-6.238120637983,16.050475138715,
    64.424959575935));
#10816 = CARTESIAN_POINT('',(-6.422162347733,16.08566771981,
    64.521650397827));
#10817 = CARTESIAN_POINT('',(-6.791266165731,16.161387338258,
    64.729688339722));
#10818 = CARTESIAN_POINT('',(-6.975994649287,16.202070394144,
    64.841464117125));
#10819 = CARTESIAN_POINT('',(-7.156591320004,16.244885208864,
    64.959096853786));
#10820 = CARTESIAN_POINT('',(-7.332467130682,16.289935081398,
    65.082870361323));
#10821 = CARTESIAN_POINT('',(-7.502885928301,16.337320955947,
    65.213061981648));
#10822 = CARTESIAN_POINT('',(-7.666961660511,16.387142170505,
    65.349944643654));
#10823 = CARTESIAN_POINT('',(-7.949174802215,16.481447604338,
    65.609046693642));
#10824 = CARTESIAN_POINT('',(-8.069929192962,16.525013004829,
    65.728741647761));
#10825 = CARTESIAN_POINT('',(-8.185372604568,16.570247428672,
    65.853022205852));
#10826 = CARTESIAN_POINT('',(-8.294844175301,16.617182275498,
    65.981974637691));
#10827 = CARTESIAN_POINT('',(-8.397574658256,16.665825566397,
    66.115620981043));
#10828 = CARTESIAN_POINT('',(-8.492714247991,16.716154692467,
    66.253899118461));
#10829 = CARTESIAN_POINT('',(-8.618548340737,16.791591426489,
    66.461159841784));
#10830 = CARTESIAN_POINT('',(-8.655987521785,16.815406509508,
    66.526591244623));
#10831 = CARTESIAN_POINT('',(-8.691607044845,16.839544170285,
    66.592908922565));
#10832 = CARTESIAN_POINT('',(-8.725321048625,16.863994788235,
    66.660086443275));
#10833 = CARTESIAN_POINT('',(-8.757043361312,16.88874607122,
    66.728090034379));
#10834 = CARTESIAN_POINT('',(-8.786689390833,16.913782768344,
    66.796877794384));
#10835 = CARTESIAN_POINT('',(-8.889739468606,17.008641623653,
    67.057500357382));
#10836 = CARTESIAN_POINT('',(-8.949112912158,17.080317642117,
    67.254428599628));
#10837 = CARTESIAN_POINT('',(-8.990355614058,17.153582997905,
    67.455723510283));
#10838 = CARTESIAN_POINT('',(-9.012114981056,17.227843483106,
    67.659752516531));
#10839 = CARTESIAN_POINT('',(-9.013712910726,17.302440650005,
    67.864706548141));
#10840 = CARTESIAN_POINT('',(-8.995298759148,17.376649428501,
    68.068593491384));
#10841 = CARTESIAN_POINT('',(-8.958070923884,17.44967483309,
    68.269229141539));
#10842 = PCURVE('',#5221,#10843);
#10843 = DEFINITIONAL_REPRESENTATION('',(#10844),#10937);
#10844 = B_SPLINE_CURVE_WITH_KNOTS('',7,(#10845,#10846,#10847,#10848,
    #10849,#10850,#10851,#10852,#10853,#10854,#10855,#10856,#10857,
    #10858,#10859,#10860,#10861,#10862,#10863,#10864,#10865,#10866,
    #10867,#10868,#10869,#10870,#10871,#10872,#10873,#10874,#10875,
    #10876,#10877,#10878,#10879,#10880,#10881,#10882,#10883,#10884,
    #10885,#10886,#10887,#10888,#10889,#10890,#10891,#10892,#10893,
    #10894,#10895,#10896,#10897,#10898,#10899,#10900,#10901,#10902,
    #10903,#10904,#10905,#10906,#10907,#10908,#10909,#10910,#10911,
    #10912,#10913,#10914,#10915,#10916,#10917,#10918,#10919,#10920,
    #10921,#10922,#10923,#10924,#10925,#10926,#10927,#10928,#10929,
    #10930,#10931,#10932,#10933,#10934,#10935,#10936),.UNSPECIFIED.,.F.,
  .F.,(8,6,6,6,6,6,6,6,6,6,6,6,6,6,6,8),(0.,2.091102099608E-02,
    6.165161133933E-02,8.291669191605E-02,0.126060205999,0.1923848895,
    0.255977014649,0.313861050807,0.500025995593,0.673210523012,
    0.729685417277,0.792633345332,0.858279524936,0.910871808998,
    0.934646767811,1.),.UNSPECIFIED.);
#10845 = CARTESIAN_POINT('',(15.422690050592,8.958070923884));
#10846 = CARTESIAN_POINT('',(15.354387538136,8.969980112551));
#10847 = CARTESIAN_POINT('',(15.285756371411,8.97995955881));
#10848 = CARTESIAN_POINT('',(15.216858225932,8.98797520683));
#10849 = CARTESIAN_POINT('',(15.147756927428,8.994000692691));
#10850 = CARTESIAN_POINT('',(15.078518482445,8.998017915461));
#10851 = CARTESIAN_POINT('',(15.009211108947,9.000017608276));
#10852 = CARTESIAN_POINT('',(14.804877861091,8.999965427045));
#10853 = CARTESIAN_POINT('',(14.669831522531,8.992273313714));
#10854 = CARTESIAN_POINT('',(14.535316757579,8.976919817397));
#10855 = CARTESIAN_POINT('',(14.401825209268,8.954047131866));
#10856 = CARTESIAN_POINT('',(14.269794188985,8.923910793463));
#10857 = CARTESIAN_POINT('',(14.139610391021,8.886853824939));
#10858 = CARTESIAN_POINT('',(13.944802778794,8.820547682817));
#10859 = CARTESIAN_POINT('',(13.878581126656,8.796031832928));
#10860 = CARTESIAN_POINT('',(13.812990846992,8.769796103074));
#10861 = CARTESIAN_POINT('',(13.748068666983,8.741899536078));
#10862 = CARTESIAN_POINT('',(13.68384551008,8.712403000679));
#10863 = CARTESIAN_POINT('',(13.620346978465,8.681368001022));
#10864 = CARTESIAN_POINT('',(13.430277548306,8.582892691504));
#10865 = CARTESIAN_POINT('',(13.306038267691,8.510852743933));
#10866 = CARTESIAN_POINT('',(13.185033100609,8.433239079855));
#10867 = CARTESIAN_POINT('',(13.06734911646,8.350547810411));
#10868 = CARTESIAN_POINT('',(12.953018304652,8.263244923049));
#10869 = CARTESIAN_POINT('',(12.842028430045,8.171750096673));
#10870 = CARTESIAN_POINT('',(12.568764263595,7.929886782346));
#10871 = CARTESIAN_POINT('',(12.411026794137,7.77434351115));
#10872 = CARTESIAN_POINT('',(12.260888778781,7.611091924565));
#10873 = CARTESIAN_POINT('',(12.11808859394,7.441239985428));
#10874 = CARTESIAN_POINT('',(11.982330775544,7.265711638703));
#10875 = CARTESIAN_POINT('',(11.853292017462,7.085242826584));
#10876 = CARTESIAN_POINT('',(11.613029427779,6.723115628507));
#10877 = CARTESIAN_POINT('',(11.501320828946,6.541858304697));
#10878 = CARTESIAN_POINT('',(11.39522656275,6.357109355448));
#10879 = CARTESIAN_POINT('',(11.294501088194,6.169301639642));
#10880 = CARTESIAN_POINT('',(11.198920546009,5.97879923992));
#10881 = CARTESIAN_POINT('',(11.108275901467,5.785901725645));
#10882 = CARTESIAN_POINT('',(10.944182031799,5.413294607607));
#10883 = CARTESIAN_POINT('',(10.869925213451,5.233968610843));
#10884 = CARTESIAN_POINT('',(10.799460761121,5.053052628808));
#10885 = CARTESIAN_POINT('',(10.732662836045,4.870711329157));
#10886 = CARTESIAN_POINT('',(10.669419464735,4.687088489218));
#10887 = CARTESIAN_POINT('',(10.609629826796,4.502308178425));
#10888 = CARTESIAN_POINT('',(10.371718545385,3.718807730972));
#10889 = CARTESIAN_POINT('',(10.225092090389,3.110546564904));
#10890 = CARTESIAN_POINT('',(10.110102360418,2.494830710777));
#10891 = CARTESIAN_POINT('',(10.025067053282,1.874125161341));
#10892 = CARTESIAN_POINT('',(9.968778447043,1.250453623771));
#10893 = CARTESIAN_POINT('',(9.940614636862,0.625372232799));
#10894 = CARTESIAN_POINT('',(9.940614636862,-0.581767930177));
#10895 = CARTESIAN_POINT('',(9.964988300087,-1.163345733432));
#10896 = CARTESIAN_POINT('',(10.013711192913,-1.743769569095));
#10897 = CARTESIAN_POINT('',(10.087246167627,-2.321778739071));
#10898 = CARTESIAN_POINT('',(10.186483465679,-2.895801036116));
#10899 = CARTESIAN_POINT('',(10.312702897215,-3.46395981127));
#10900 = CARTESIAN_POINT('',(10.518917490338,-4.206557220476));
#10901 = CARTESIAN_POINT('',(10.572735660016,-4.388278005176));
#10902 = CARTESIAN_POINT('',(10.629739195473,-4.569021107798));
#10903 = CARTESIAN_POINT('',(10.690012337669,-4.748683976741));
#10904 = CARTESIAN_POINT('',(10.753648812723,-4.927149129365));
#10905 = CARTESIAN_POINT('',(10.820753915463,-5.104283319585));
#10906 = CARTESIAN_POINT('',(10.970241916737,-5.475723113575));
#10907 = CARTESIAN_POINT('',(11.053489707673,-5.669657740968));
#10908 = CARTESIAN_POINT('',(11.141357920173,-5.861542738963));
#10909 = CARTESIAN_POINT('',(11.234029778401,-6.051129920454));
#10910 = CARTESIAN_POINT('',(11.331703827471,-6.238120637983));
#10911 = CARTESIAN_POINT('',(11.434600050931,-6.422162347733));
#10912 = CARTESIAN_POINT('',(11.655989404528,-6.791266165731));
#10913 = CARTESIAN_POINT('',(11.77493870234,-6.975994649287));
#10914 = CARTESIAN_POINT('',(11.900120846011,-7.156591320004));
#10915 = CARTESIAN_POINT('',(12.031837861553,-7.332467130682));
#10916 = CARTESIAN_POINT('',(12.170384890065,-7.502885928301));
#10917 = CARTESIAN_POINT('',(12.31605237641,-7.666961660511));
#10918 = CARTESIAN_POINT('',(12.591783018809,-7.949174802215));
#10919 = CARTESIAN_POINT('',(12.719159728461,-8.069929192962));
#10920 = CARTESIAN_POINT('',(12.851416335933,-8.185372604568));
#10921 = CARTESIAN_POINT('',(12.988644647602,-8.294844175301));
#10922 = CARTESIAN_POINT('',(13.13086811557,-8.397574658256));
#10923 = CARTESIAN_POINT('',(13.27802063583,-8.492714247991));
#10924 = CARTESIAN_POINT('',(13.498582890697,-8.618548340737));
#10925 = CARTESIAN_POINT('',(13.56821353522,-8.655987521785));
#10926 = CARTESIAN_POINT('',(13.638787334008,-8.691607044845));
#10927 = CARTESIAN_POINT('',(13.710276158358,-8.725321048625));
#10928 = CARTESIAN_POINT('',(13.782644068459,-8.757043361312));
#10929 = CARTESIAN_POINT('',(13.855846473675,-8.786689390833));
#10930 = CARTESIAN_POINT('',(14.133195212223,-8.889739468606));
#10931 = CARTESIAN_POINT('',(14.342761870394,-8.949112912158));
#10932 = CARTESIAN_POINT('',(14.556975440025,-8.990355614058));
#10933 = CARTESIAN_POINT('',(14.774098573415,-9.012114981056));
#10934 = CARTESIAN_POINT('',(14.992206098234,-9.013712910726));
#10935 = CARTESIAN_POINT('',(15.209178051332,-8.995298759148));
#10936 = CARTESIAN_POINT('',(15.422690050592,-8.958070923884));
#10937 = ( GEOMETRIC_REPRESENTATION_CONTEXT(2) 
PARAMETRIC_REPRESENTATION_CONTEXT() REPRESENTATION_CONTEXT('2D SPACE',''
  ) );
#10938 = PCURVE('',#8029,#10939);
#10939 = DEFINITIONAL_REPRESENTATION('',(#10940),#11033);
#10940 = B_SPLINE_CURVE_WITH_KNOTS('',7,(#10941,#10942,#10943,#10944,
    #10945,#10946,#10947,#10948,#10949,#10950,#10951,#10952,#10953,
    #10954,#10955,#10956,#10957,#10958,#10959,#10960,#10961,#10962,
    #10963,#10964,#10965,#10966,#10967,#10968,#10969,#10970,#10971,
    #10972,#10973,#10974,#10975,#10976,#10977,#10978,#10979,#10980,
    #10981,#10982,#10983,#10984,#10985,#10986,#10987,#10988,#10989,
    #10990,#10991,#10992,#10993,#10994,#10995,#10996,#10997,#10998,
    #10999,#11000,#11001,#11002,#11003,#11004,#11005,#11006,#11007,
    #11008,#11009,#11010,#11011,#11012,#11013,#11014,#11015,#11016,
    #11017,#11018,#11019,#11020,#11021,#11022,#11023,#11024,#11025,
    #11026,#11027,#11028,#11029,#11030,#11031,#11032),.UNSPECIFIED.,.F.,
  .F.,(8,6,6,6,6,6,6,6,6,6,6,6,6,6,6,8),(0.,2.091102099608E-02,
    6.165161133933E-02,8.291669191605E-02,0.126060205999,0.1923848895,
    0.255977014649,0.313861050807,0.500025995593,0.673210523012,
    0.729685417277,0.792633345332,0.858279524936,0.910871808998,
    0.934646767811,1.),.UNSPECIFIED.);
#10941 = CARTESIAN_POINT('',(6.379750395253,-2.7));
#10942 = CARTESIAN_POINT('',(6.366025953522,-2.7));
#10943 = CARTESIAN_POINT('',(6.352256759299,-2.7));
#10944 = CARTESIAN_POINT('',(6.338451235648,-2.7));
#10945 = CARTESIAN_POINT('',(6.324618020789,-2.7));
#10946 = CARTESIAN_POINT('',(6.310766044037,-2.7));
#10947 = CARTESIAN_POINT('',(6.296904601736,-2.7));
#10948 = CARTESIAN_POINT('',(6.256037951753,-2.7));
#10949 = CARTESIAN_POINT('',(6.229028565178,-2.7));
#10950 = CARTESIAN_POINT('',(6.202093194431,-2.7));
#10951 = CARTESIAN_POINT('',(6.175297987984,-2.7));
#10952 = CARTESIAN_POINT('',(6.148700539858,-2.7));
#10953 = CARTESIAN_POINT('',(6.122352125392,-2.7));
#10954 = CARTESIAN_POINT('',(6.082700163721,-2.7));
#10955 = CARTESIAN_POINT('',(6.069180334503,-2.7));
#10956 = CARTESIAN_POINT('',(6.055744962866,-2.7));
#10957 = CARTESIAN_POINT('',(6.042398600392,-2.7));
#10958 = CARTESIAN_POINT('',(6.02914493992,-2.7));
#10959 = CARTESIAN_POINT('',(6.015986901026,-2.7));
#10960 = CARTESIAN_POINT('',(5.976429646909,-2.7));
#10961 = CARTESIAN_POINT('',(5.950337198429,-2.7));
#10962 = CARTESIAN_POINT('',(5.924664633602,-2.7));
#10963 = CARTESIAN_POINT('',(5.899417772141,-2.7));
#10964 = CARTESIAN_POINT('',(5.874595182729,-2.7));
#10965 = CARTESIAN_POINT('',(5.8501892914,-2.7));
#10966 = CARTESIAN_POINT('',(5.789286680422,-2.7));
#10967 = CARTESIAN_POINT('',(5.753350495534,-2.7));
#10968 = CARTESIAN_POINT('',(5.718318281618,-2.7));
#10969 = CARTESIAN_POINT('',(5.684134503313,-2.7));
#10970 = CARTESIAN_POINT('',(5.650742770196,-2.7));
#10971 = CARTESIAN_POINT('',(5.618082389682,-2.7));
#10972 = CARTESIAN_POINT('',(5.555408561242,-2.7));
#10973 = CARTESIAN_POINT('',(5.525349371207,-2.7));
#10974 = CARTESIAN_POINT('',(5.495854896891,-2.7));
#10975 = CARTESIAN_POINT('',(5.466879671555,-2.7));
#10976 = CARTESIAN_POINT('',(5.438382695085,-2.7));
#10977 = CARTESIAN_POINT('',(5.41032493204,-2.7));
#10978 = CARTESIAN_POINT('',(5.357494094368,-2.7));
#10979 = CARTESIAN_POINT('',(5.332654061898,-2.7));
#10980 = CARTESIAN_POINT('',(5.308120743023,-2.7));
#10981 = CARTESIAN_POINT('',(5.283869808468,-2.7));
#10982 = CARTESIAN_POINT('',(5.259879213891,-2.7));
#10983 = CARTESIAN_POINT('',(5.236128385363,-2.7));
#10984 = CARTESIAN_POINT('',(5.13691775326,-2.7));
#10985 = CARTESIAN_POINT('',(5.063548671471,-2.7));
#10986 = CARTESIAN_POINT('',(4.991780415883,-2.7));
#10987 = CARTESIAN_POINT('',(4.921173858372,-2.7));
#10988 = CARTESIAN_POINT('',(4.851328080302,-2.7));
#10989 = CARTESIAN_POINT('',(4.781874784029,-2.7));
#10990 = CARTESIAN_POINT('',(4.647748099254,-2.7));
#10991 = CARTESIAN_POINT('',(4.583128437994,-2.7));
#10992 = CARTESIAN_POINT('',(4.518195263086,-2.7));
#10993 = CARTESIAN_POINT('',(4.452651017048,-2.7));
#10994 = CARTESIAN_POINT('',(4.386177522587,-2.7));
#10995 = CARTESIAN_POINT('',(4.318423287895,-2.7));
#10996 = CARTESIAN_POINT('',(4.226178969429,-2.7));
#10997 = CARTESIAN_POINT('',(4.203305854796,-2.7));
#10998 = CARTESIAN_POINT('',(4.180225971262,-2.7));
#10999 = CARTESIAN_POINT('',(4.156921532693,-2.7));
#11000 = CARTESIAN_POINT('',(4.133373538547,-2.7));
#11001 = CARTESIAN_POINT('',(4.10956115372,-2.7));
#11002 = CARTESIAN_POINT('',(4.058598724187,-2.7));
#11003 = CARTESIAN_POINT('',(4.031380563791,-2.7));
#11004 = CARTESIAN_POINT('',(4.003773074075,-2.7));
#11005 = CARTESIAN_POINT('',(3.975741588182,-2.7));
#11006 = CARTESIAN_POINT('',(3.947249402942,-2.7));
#11007 = CARTESIAN_POINT('',(3.918255721544,-2.7));
#11008 = CARTESIAN_POINT('',(3.857902793977,-2.7));
#11009 = CARTESIAN_POINT('',(3.826501786856,-2.7));
#11010 = CARTESIAN_POINT('',(3.79445048593,-2.7));
#11011 = CARTESIAN_POINT('',(3.761692886232,-2.7));
#11012 = CARTESIAN_POINT('',(3.728174251438,-2.7));
#11013 = CARTESIAN_POINT('',(3.693837346891,-2.7));
#11014 = CARTESIAN_POINT('',(3.630399519669,-2.7));
#11015 = CARTESIAN_POINT('',(3.6016219292,-2.7));
#11016 = CARTESIAN_POINT('',(3.572250877816,-2.7));
#11017 = CARTESIAN_POINT('',(3.542263552993,-2.7));
#11018 = CARTESIAN_POINT('',(3.51164659426,-2.7));
#11019 = CARTESIAN_POINT('',(3.480397633497,-2.7));
#11020 = CARTESIAN_POINT('',(3.434122451004,-2.7));
#11021 = CARTESIAN_POINT('',(3.419590301703,-2.7));
#11022 = CARTESIAN_POINT('',(3.404934549952,-2.7));
#11023 = CARTESIAN_POINT('',(3.390158160892,-2.7));
#11024 = CARTESIAN_POINT('',(3.375265231574,-2.7));
#11025 = CARTESIAN_POINT('',(3.360261127672,-2.7));
#11026 = CARTESIAN_POINT('',(3.303621957402,-2.7));
#11027 = CARTESIAN_POINT('',(3.26124039519,-2.7));
#11028 = CARTESIAN_POINT('',(3.218238758368,-2.7));
#11029 = CARTESIAN_POINT('',(3.174849527993,-2.7));
#11030 = CARTESIAN_POINT('',(3.13131930733,-2.7));
#11031 = CARTESIAN_POINT('',(3.087929837884,-2.7));
#11032 = CARTESIAN_POINT('',(3.045027565516,-2.7));
#11033 = ( GEOMETRIC_REPRESENTATION_CONTEXT(2) 
PARAMETRIC_REPRESENTATION_CONTEXT() REPRESENTATION_CONTEXT('2D SPACE',''
  ) );
#11034 = FACE_BOUND('',#11035,.F.);
#11035 = EDGE_LOOP('',(#11036));
#11036 = ORIENTED_EDGE('',*,*,#11037,.F.);
#11037 = EDGE_CURVE('',#11038,#11038,#11040,.T.);
#11038 = VERTEX_POINT('',#11039);
#11039 = CARTESIAN_POINT('',(21.,23.954188125842,86.140232537919));
#11040 = SURFACE_CURVE('',#11041,(#11200,#11362),.PCURVE_S1.);
#11041 = B_SPLINE_CURVE_WITH_KNOTS('',7,(#11042,#11043,#11044,#11045,
    #11046,#11047,#11048,#11049,#11050,#11051,#11052,#11053,#11054,
    #11055,#11056,#11057,#11058,#11059,#11060,#11061,#11062,#11063,
    #11064,#11065,#11066,#11067,#11068,#11069,#11070,#11071,#11072,
    #11073,#11074,#11075,#11076,#11077,#11078,#11079,#11080,#11081,
    #11082,#11083,#11084,#11085,#11086,#11087,#11088,#11089,#11090,
    #11091,#11092,#11093,#11094,#11095,#11096,#11097,#11098,#11099,
    #11100,#11101,#11102,#11103,#11104,#11105,#11106,#11107,#11108,
    #11109,#11110,#11111,#11112,#11113,#11114,#11115,#11116,#11117,
    #11118,#11119,#11120,#11121,#11122,#11123,#11124,#11125,#11126,
    #11127,#11128,#11129,#11130,#11131,#11132,#11133,#11134,#11135,
    #11136,#11137,#11138,#11139,#11140,#11141,#11142,#11143,#11144,
    #11145,#11146,#11147,#11148,#11149,#11150,#11151,#11152,#11153,
    #11154,#11155,#11156,#11157,#11158,#11159,#11160,#11161,#11162,
    #11163,#11164,#11165,#11166,#11167,#11168,#11169,#11170,#11171,
    #11172,#11173,#11174,#11175,#11176,#11177,#11178,#11179,#11180,
    #11181,#11182,#11183,#11184,#11185,#11186,#11187,#11188,#11189,
    #11190,#11191,#11192,#11193,#11194,#11195,#11196,#11197,#11198,
    #11199),.UNSPECIFIED.,.T.,.F.,(8,6,6,6,6,6,6,6,6,6,6,6,6,6,6,6,6,6,6
    ,6,6,6,6,6,6,6,8),(0.,3.783865788274E-02,6.40037005762E-02,
    0.101644374154,0.136121615001,0.165203984298,0.24999692509,
    0.33478986588,0.363872235178,0.398349476025,0.435990149602,
    0.462155192295,0.482564365837,0.500000809499,0.525160983313,
    0.53784536643,0.564010377491,0.601651005563,0.636128204728,
    0.665210538866,0.750003377146,0.834796215426,0.863878549565,
    0.89835574873,0.935996376802,0.962161387863,1.),.UNSPECIFIED.);
#11042 = CARTESIAN_POINT('',(21.,23.954188125842,86.140232537919));
#11043 = CARTESIAN_POINT('',(21.234248906788,23.954188209428,
    86.14023276757));
#11044 = CARTESIAN_POINT('',(21.468677641945,23.947304988253,
    86.121321272816));
#11045 = CARTESIAN_POINT('',(21.700901796471,23.933521253876,
    86.083450773862));
#11046 = CARTESIAN_POINT('',(21.929029174862,23.913132306278,
    86.027432600729));
#11047 = CARTESIAN_POINT('',(22.151580910915,23.886613668042,
    85.95457324098));
#11048 = CARTESIAN_POINT('',(22.367433736333,23.85453082893,
    85.86642636497));
#11049 = CARTESIAN_POINT('',(22.71985507692,23.791878411615,
    85.694290263122));
#11050 = CARTESIAN_POINT('',(22.860384448519,23.763886817334,
    85.6173839899));
#11051 = CARTESIAN_POINT('',(22.997163511196,23.733703895192,
    85.534457092863));
#11052 = CARTESIAN_POINT('',(23.130063362923,23.701514773585,
    85.446018208093));
#11053 = CARTESIAN_POINT('',(23.259021534774,23.667495714116,
    85.352551610372));
#11054 = CARTESIAN_POINT('',(23.384029320372,23.63180777362,
    85.254499799713));
#11055 = CARTESIAN_POINT('',(23.679317133495,23.541050273209,
    85.005145616688));
#11056 = CARTESIAN_POINT('',(23.845365400229,23.484358953047,
    84.849387494663));
#11057 = CARTESIAN_POINT('',(24.00339380178,23.424929229241,
    84.686105670461));
#11058 = CARTESIAN_POINT('',(24.153588657979,23.3631234075,
    84.516295570837));
#11059 = CARTESIAN_POINT('',(24.296181447677,23.299250393601,
    84.340805907437));
#11060 = CARTESIAN_POINT('',(24.431437544208,23.233562711298,
    84.160330483574));
#11061 = CARTESIAN_POINT('',(24.677077332868,23.104601061228,
    83.80601126203));
#11062 = CARTESIAN_POINT('',(24.788573434926,23.04160024579,
    83.632917944208));
#11063 = CARTESIAN_POINT('',(24.894341140681,22.977407703857,
    83.456550384748));
#11064 = CARTESIAN_POINT('',(24.994571140576,22.912160286127,
    83.277284577859));
#11065 = CARTESIAN_POINT('',(25.089440125029,22.845975755061,
    83.095444073238));
#11066 = CARTESIAN_POINT('',(25.179113977658,22.778953475871,
    82.911301874562));
#11067 = CARTESIAN_POINT('',(25.335144203137,22.654002363507,
    82.568001514806));
#11068 = CARTESIAN_POINT('',(25.402949781294,22.596294374348,
    82.409450117669));
#11069 = CARTESIAN_POINT('',(25.467259818947,22.538101843396,
    82.249567452898));
#11070 = CARTESIAN_POINT('',(25.528157435461,22.479470606919,
    82.088479454602));
#11071 = CARTESIAN_POINT('',(25.585717924349,22.420441800039,
    81.926299140603));
#11072 = CARTESIAN_POINT('',(25.640009924053,22.361052022683,
    81.763127068369));
#11073 = CARTESIAN_POINT('',(25.840045411631,22.127217310971,
    81.120671478058));
#11074 = CARTESIAN_POINT('',(25.961695962255,21.950365161847,
    80.634774191757));
#11075 = CARTESIAN_POINT('',(26.057699129397,21.771502003105,
    80.143351701942));
#11076 = CARTESIAN_POINT('',(26.12902098688,21.591244340663,
    79.648097844698));
#11077 = CARTESIAN_POINT('',(26.176334155313,21.410125214168,
    79.150477134423));
#11078 = CARTESIAN_POINT('',(26.199999902777,21.2285941635,
    78.651724671782));
#11079 = CARTESIAN_POINT('',(26.199999902778,20.86543965165,
    77.6539658507));
#11080 = CARTESIAN_POINT('',(26.176334155311,20.683908600977,
    77.155213388048));
#11081 = CARTESIAN_POINT('',(26.129020986885,20.502789474491,
    76.657592677796));
#11082 = CARTESIAN_POINT('',(26.057699129392,20.322531812038,
    76.162338820523));
#11083 = CARTESIAN_POINT('',(25.961695962259,20.143668653305,
    75.67091633073));
#11084 = CARTESIAN_POINT('',(25.84004541163,19.966816504177,
    75.185019044419));
#11085 = CARTESIAN_POINT('',(25.640009924053,19.732981792466,
    74.54256345411));
#11086 = CARTESIAN_POINT('',(25.585717924349,19.67359201511,
    74.379391381877));
#11087 = CARTESIAN_POINT('',(25.528157435461,19.61456320823,
    74.217211067877));
#11088 = CARTESIAN_POINT('',(25.467259818948,19.555931971753,
    74.056123069581));
#11089 = CARTESIAN_POINT('',(25.402949781294,19.497739440801,
    73.89624040481));
#11090 = CARTESIAN_POINT('',(25.335144203138,19.440031451642,
    73.737689007673));
#11091 = CARTESIAN_POINT('',(25.179113977658,19.315080339278,
    73.394388647917));
#11092 = CARTESIAN_POINT('',(25.08944012503,19.248058060088,
    73.210246449241));
#11093 = CARTESIAN_POINT('',(24.994571140577,19.181873529021,
    73.02840594462));
#11094 = CARTESIAN_POINT('',(24.894341140682,19.116626111292,
    72.84914013773));
#11095 = CARTESIAN_POINT('',(24.788573434926,19.052433569358,
    72.67277257827));
#11096 = CARTESIAN_POINT('',(24.677077332869,18.989432753921,
    72.499679260449));
#11097 = CARTESIAN_POINT('',(24.431437544209,18.860471103851,
    72.145360038905));
#11098 = CARTESIAN_POINT('',(24.296181447678,18.794783421548,
    71.964884615041));
#11099 = CARTESIAN_POINT('',(24.153588657979,18.730910407649,
    71.789394951641));
#11100 = CARTESIAN_POINT('',(24.003393801781,18.669104585908,
    71.619584852018));
#11101 = CARTESIAN_POINT('',(23.845365400229,18.609674862102,
    71.456303027816));
#11102 = CARTESIAN_POINT('',(23.679317133496,18.552983541939,
    71.30054490579));
#11103 = CARTESIAN_POINT('',(23.384029320373,18.462226041528,
    71.051190722765));
#11104 = CARTESIAN_POINT('',(23.259021534775,18.426538101032,
    70.953138912106));
#11105 = CARTESIAN_POINT('',(23.130063362924,18.392519041564,
    70.859672314385));
#11106 = CARTESIAN_POINT('',(22.997163511197,18.360329919956,
    70.771233429616));
#11107 = CARTESIAN_POINT('',(22.86038444852,18.330146997814,
    70.688306532578));
#11108 = CARTESIAN_POINT('',(22.71985507692,18.302155403533,
    70.611400259356));
#11109 = CARTESIAN_POINT('',(22.463404985287,18.256564389931,
    70.486139978953));
#11110 = CARTESIAN_POINT('',(22.348872832928,18.23803359901,
    70.435227049333));
#11111 = CARTESIAN_POINT('',(22.232294313958,18.221039879924,
    70.388537189874));
#11112 = CARTESIAN_POINT('',(22.113808121425,18.205673162255,
    70.346317480064));
#11113 = CARTESIAN_POINT('',(21.993588833182,18.192019480865,
    70.308804298753));
#11114 = CARTESIAN_POINT('',(21.871851472601,18.180156609984,
    70.276211328879));
#11115 = CARTESIAN_POINT('',(21.643775695401,18.161600307579,
    70.225228307031));
#11116 = CARTESIAN_POINT('',(21.537769700062,18.154404889424,
    70.205459058129));
#11117 = CARTESIAN_POINT('',(21.431003287323,18.148604272529,
    70.189521994191));
#11118 = CARTESIAN_POINT('',(21.323651833779,18.144230844424,
    70.177506099226));
#11119 = CARTESIAN_POINT('',(21.215901194167,18.141307348263,
    70.169473859537));
#11120 = CARTESIAN_POINT('',(21.107948006964,18.139845680623,
    70.165457960703));
#11121 = CARTESIAN_POINT('',(20.84423497662,18.139845595415,
    70.165457726596));
#11122 = CARTESIAN_POINT('',(20.68844065468,18.142889253572,
    70.173820108654));
#11123 = CARTESIAN_POINT('',(20.533267198732,18.148977628377,
    70.190547780952));
#11124 = CARTESIAN_POINT('',(20.379297481204,18.158057714412,
    70.2154951123));
#11125 = CARTESIAN_POINT('',(20.227051098249,18.170032347303,
    70.248395145775));
#11126 = CARTESIAN_POINT('',(20.076988385595,18.184770014787,
    70.288886554401));
#11127 = CARTESIAN_POINT('',(19.855166216745,18.210858834707,
    70.360564998033));
#11128 = CARTESIAN_POINT('',(19.78146974567,18.220266240472,
    70.386411632946));
#11129 = CARTESIAN_POINT('',(19.708472547074,18.230317468854,
    70.414027155965));
#11130 = CARTESIAN_POINT('',(19.636215859152,18.240992033188,
    70.443355280436));
#11131 = CARTESIAN_POINT('',(19.56473509297,18.252268756157,
    70.474337822159));
#11132 = CARTESIAN_POINT('',(19.494060293041,18.264126149599,
    70.506915742893));
#11133 = CARTESIAN_POINT('',(19.280144923081,18.302155403533,
    70.611400259355));
#11134 = CARTESIAN_POINT('',(19.139615551482,18.330146997814,
    70.688306532578));
#11135 = CARTESIAN_POINT('',(19.002836488804,18.360329919956,
    70.771233429615));
#11136 = CARTESIAN_POINT('',(18.869936637078,18.392519041564,
    70.859672314384));
#11137 = CARTESIAN_POINT('',(18.740978465227,18.426538101032,
    70.953138912105));
#11138 = CARTESIAN_POINT('',(18.615970679629,18.462226041528,
    71.051190722764));
#11139 = CARTESIAN_POINT('',(18.320682866506,18.552983541939,
    71.300544905789));
#11140 = CARTESIAN_POINT('',(18.154634599772,18.609674862101,
    71.456303027815));
#11141 = CARTESIAN_POINT('',(17.99660619822,18.669104585908,
    71.619584852017));
#11142 = CARTESIAN_POINT('',(17.846411342022,18.730910407648,
    71.78939495164));
#11143 = CARTESIAN_POINT('',(17.703818552323,18.794783421547,
    71.96488461504));
#11144 = CARTESIAN_POINT('',(17.568562455792,18.86047110385,
    72.145360038904));
#11145 = CARTESIAN_POINT('',(17.322922667132,18.98943275392,
    72.499679260447));
#11146 = CARTESIAN_POINT('',(17.211426565075,19.052433569358,
    72.672772578269));
#11147 = CARTESIAN_POINT('',(17.105658859319,19.116626111291,
    72.849140137729));
#11148 = CARTESIAN_POINT('',(17.005428859424,19.181873529021,
    73.028405944618));
#11149 = CARTESIAN_POINT('',(16.910559874971,19.248058060087,
    73.210246449239));
#11150 = CARTESIAN_POINT('',(16.820886022343,19.315080339277,
    73.394388647915));
#11151 = CARTESIAN_POINT('',(16.664855796863,19.440031451641,
    73.737689007671));
#11152 = CARTESIAN_POINT('',(16.597050218706,19.4977394408,
    73.896240404808));
#11153 = CARTESIAN_POINT('',(16.532740181053,19.555931971752,
    74.056123069579));
#11154 = CARTESIAN_POINT('',(16.471842564539,19.61456320823,
    74.217211067875));
#11155 = CARTESIAN_POINT('',(16.414282075651,19.673592015109,
    74.379391381875));
#11156 = CARTESIAN_POINT('',(16.359990075947,19.732981792466,
    74.542563454108));
#11157 = CARTESIAN_POINT('',(16.15995458837,19.966816504176,
    75.185019044417));
#11158 = CARTESIAN_POINT('',(16.038304037743,20.143668653305,
    75.670916330731));
#11159 = CARTESIAN_POINT('',(15.942300870606,20.322531812036,
    76.162338820518));
#11160 = CARTESIAN_POINT('',(15.870979013117,20.502789474492,
    76.657592677797));
#11161 = CARTESIAN_POINT('',(15.823665844688,20.683908600976,
    77.155213388045));
#11162 = CARTESIAN_POINT('',(15.800000097222,20.865439651649,
    77.653965850699));
#11163 = CARTESIAN_POINT('',(15.800000097223,21.228594163499,
    78.65172467178));
#11164 = CARTESIAN_POINT('',(15.823665844688,21.410125214168,
    79.150477134421));
#11165 = CARTESIAN_POINT('',(15.870979013119,21.591244340662,
    79.648097844696));
#11166 = CARTESIAN_POINT('',(15.942300870604,21.771502003105,
    80.143351701942));
#11167 = CARTESIAN_POINT('',(16.038304037743,21.950365161846,
    80.634774191754));
#11168 = CARTESIAN_POINT('',(16.159954588369,22.127217310971,
    81.120671478057));
#11169 = CARTESIAN_POINT('',(16.359990075947,22.361052022682,
    81.763127068368));
#11170 = CARTESIAN_POINT('',(16.414282075651,22.420441800038,
    81.926299140601));
#11171 = CARTESIAN_POINT('',(16.471842564539,22.479470606918,
    82.088479454601));
#11172 = CARTESIAN_POINT('',(16.532740181052,22.538101843395,
    82.249567452897));
#11173 = CARTESIAN_POINT('',(16.597050218706,22.596294374347,
    82.409450117668));
#11174 = CARTESIAN_POINT('',(16.664855796862,22.654002363507,
    82.568001514805));
#11175 = CARTESIAN_POINT('',(16.820886022342,22.778953475871,
    82.911301874561));
#11176 = CARTESIAN_POINT('',(16.91055987497,22.845975755061,
    83.095444073237));
#11177 = CARTESIAN_POINT('',(17.005428859424,22.912160286127,
    83.277284577858));
#11178 = CARTESIAN_POINT('',(17.105658859318,22.977407703856,
    83.456550384747));
#11179 = CARTESIAN_POINT('',(17.211426565074,23.04160024579,
    83.632917944207));
#11180 = CARTESIAN_POINT('',(17.322922667131,23.104601061228,
    83.806011262029));
#11181 = CARTESIAN_POINT('',(17.568562455791,23.233562711298,
    84.160330483573));
#11182 = CARTESIAN_POINT('',(17.703818552322,23.299250393601,
    84.340805907437));
#11183 = CARTESIAN_POINT('',(17.846411342021,23.3631234075,
    84.516295570836));
#11184 = CARTESIAN_POINT('',(17.996606198219,23.424929229241,
    84.68610567046));
#11185 = CARTESIAN_POINT('',(18.154634599771,23.484358953047,
    84.849387494662));
#11186 = CARTESIAN_POINT('',(18.320682866504,23.541050273209,
    85.005145616688));
#11187 = CARTESIAN_POINT('',(18.615970679627,23.63180777362,
    85.254499799712));
#11188 = CARTESIAN_POINT('',(18.740978465225,23.667495714116,
    85.352551610372));
#11189 = CARTESIAN_POINT('',(18.869936637077,23.701514773584,
    85.446018208093));
#11190 = CARTESIAN_POINT('',(19.002836488803,23.733703895192,
    85.534457092862));
#11191 = CARTESIAN_POINT('',(19.139615551481,23.763886817334,
    85.6173839899));
#11192 = CARTESIAN_POINT('',(19.28014492308,23.791878411615,
    85.694290263122));
#11193 = CARTESIAN_POINT('',(19.632566263667,23.85453082893,
    85.866426364968));
#11194 = CARTESIAN_POINT('',(19.848419089084,23.886613668043,
    85.954573240984));
#11195 = CARTESIAN_POINT('',(20.070970825138,23.913132306277,
    86.027432600726));
#11196 = CARTESIAN_POINT('',(20.299098203528,23.933521253876,
    86.083450773859));
#11197 = CARTESIAN_POINT('',(20.531322358055,23.947304988254,
    86.12132127282));
#11198 = CARTESIAN_POINT('',(20.765751093211,23.954188209428,
    86.140232767568));
#11199 = CARTESIAN_POINT('',(21.,23.954188125842,86.140232537919));
#11200 = PCURVE('',#5221,#11201);
#11201 = DEFINITIONAL_REPRESENTATION('',(#11202),#11361);
#11202 = B_SPLINE_CURVE_WITH_KNOTS('',7,(#11203,#11204,#11205,#11206,
    #11207,#11208,#11209,#11210,#11211,#11212,#11213,#11214,#11215,
    #11216,#11217,#11218,#11219,#11220,#11221,#11222,#11223,#11224,
    #11225,#11226,#11227,#11228,#11229,#11230,#11231,#11232,#11233,
    #11234,#11235,#11236,#11237,#11238,#11239,#11240,#11241,#11242,
    #11243,#11244,#11245,#11246,#11247,#11248,#11249,#11250,#11251,
    #11252,#11253,#11254,#11255,#11256,#11257,#11258,#11259,#11260,
    #11261,#11262,#11263,#11264,#11265,#11266,#11267,#11268,#11269,
    #11270,#11271,#11272,#11273,#11274,#11275,#11276,#11277,#11278,
    #11279,#11280,#11281,#11282,#11283,#11284,#11285,#11286,#11287,
    #11288,#11289,#11290,#11291,#11292,#11293,#11294,#11295,#11296,
    #11297,#11298,#11299,#11300,#11301,#11302,#11303,#11304,#11305,
    #11306,#11307,#11308,#11309,#11310,#11311,#11312,#11313,#11314,
    #11315,#11316,#11317,#11318,#11319,#11320,#11321,#11322,#11323,
    #11324,#11325,#11326,#11327,#11328,#11329,#11330,#11331,#11332,
    #11333,#11334,#11335,#11336,#11337,#11338,#11339,#11340,#11341,
    #11342,#11343,#11344,#11345,#11346,#11347,#11348,#11349,#11350,
    #11351,#11352,#11353,#11354,#11355,#11356,#11357,#11358,#11359,
    #11360),.UNSPECIFIED.,.F.,.F.,(8,6,6,6,6,6,6,6,6,6,6,6,6,6,6,6,6,6,6
    ,6,6,6,6,6,6,6,8),(0.,3.783865788274E-02,6.40037005762E-02,
    0.101644374154,0.136121615001,0.165203984298,0.24999692509,
    0.33478986588,0.363872235178,0.398349476025,0.435990149602,
    0.462155192295,0.482564365837,0.500000809499,0.525160983313,
    0.53784536643,0.564010377491,0.601651005563,0.636128204728,
    0.665210538866,0.750003377146,0.834796215426,0.863878549565,
    0.89835574873,0.935996376802,0.962161387863,1.),.UNSPECIFIED.);
#11203 = CARTESIAN_POINT('',(34.440614636862,21.));
#11204 = CARTESIAN_POINT('',(34.440614881251,21.234248906788));
#11205 = CARTESIAN_POINT('',(34.42048968889,21.468677641945));
#11206 = CARTESIAN_POINT('',(34.38018874567,21.700901796471));
#11207 = CARTESIAN_POINT('',(34.320575450967,21.929029174862));
#11208 = CARTESIAN_POINT('',(34.243040139806,22.151580910915));
#11209 = CARTESIAN_POINT('',(34.149236193642,22.367433736333));
#11210 = CARTESIAN_POINT('',(33.966052780216,22.71985507692));
#11211 = CARTESIAN_POINT('',(33.884210833688,22.860384448519));
#11212 = CARTESIAN_POINT('',(33.795961873121,22.997163511196));
#11213 = CARTESIAN_POINT('',(33.701847177727,23.130063362923));
#11214 = CARTESIAN_POINT('',(33.602382101963,23.259021534774));
#11215 = CARTESIAN_POINT('',(33.498037544509,23.384029320372));
#11216 = CARTESIAN_POINT('',(33.23268036546,23.679317133495));
#11217 = CARTESIAN_POINT('',(33.066926034118,23.845365400229));
#11218 = CARTESIAN_POINT('',(32.893165146152,24.00339380178));
#11219 = CARTESIAN_POINT('',(32.712457012591,24.153588657979));
#11220 = CARTESIAN_POINT('',(32.525704813502,24.296181447677));
#11221 = CARTESIAN_POINT('',(32.333646878948,24.431437544208));
#11222 = CARTESIAN_POINT('',(31.95658823902,24.677077332868));
#11223 = CARTESIAN_POINT('',(31.77238617763,24.788573434926));
#11224 = CARTESIAN_POINT('',(31.584699741067,24.894341140681));
#11225 = CARTESIAN_POINT('',(31.39392905401,24.994571140576));
#11226 = CARTESIAN_POINT('',(31.200418430857,25.089440125029));
#11227 = CARTESIAN_POINT('',(31.004458396051,25.179113977658));
#11228 = CARTESIAN_POINT('',(30.639125783916,25.335144203137));
#11229 = CARTESIAN_POINT('',(30.470398911288,25.402949781294));
#11230 = CARTESIAN_POINT('',(30.300255333234,25.467259818947));
#11231 = CARTESIAN_POINT('',(30.128829066035,25.528157435461));
#11232 = CARTESIAN_POINT('',(29.956240380743,25.585717924349));
#11233 = CARTESIAN_POINT('',(29.782596288384,25.640009924053));
#11234 = CARTESIAN_POINT('',(29.098909329372,25.840045411631));
#11235 = CARTESIAN_POINT('',(28.581828237584,25.961695962255));
#11236 = CARTESIAN_POINT('',(28.058867347028,26.057699129397));
#11237 = CARTESIAN_POINT('',(27.531829200417,26.12902098688));
#11238 = CARTESIAN_POINT('',(27.002272301417,26.176334155313));
#11239 = CARTESIAN_POINT('',(26.471511016707,26.199999902777));
#11240 = CARTESIAN_POINT('',(25.40971825702,26.199999902778));
#11241 = CARTESIAN_POINT('',(24.878956972298,26.176334155311));
#11242 = CARTESIAN_POINT('',(24.349400073325,26.129020986885));
#11243 = CARTESIAN_POINT('',(23.822361926682,26.057699129392));
#11244 = CARTESIAN_POINT('',(23.299401036149,25.961695962259));
#11245 = CARTESIAN_POINT('',(22.782319944351,25.84004541163));
#11246 = CARTESIAN_POINT('',(22.098632985341,25.640009924053));
#11247 = CARTESIAN_POINT('',(21.924988892981,25.585717924349));
#11248 = CARTESIAN_POINT('',(21.75240020769,25.528157435461));
#11249 = CARTESIAN_POINT('',(21.580973940491,25.467259818948));
#11250 = CARTESIAN_POINT('',(21.410830362437,25.402949781294));
#11251 = CARTESIAN_POINT('',(21.242103489809,25.335144203138));
#11252 = CARTESIAN_POINT('',(20.876770877673,25.179113977658));
#11253 = CARTESIAN_POINT('',(20.680810842868,25.08944012503));
#11254 = CARTESIAN_POINT('',(20.487300219714,24.994571140577));
#11255 = CARTESIAN_POINT('',(20.296529532657,24.894341140682));
#11256 = CARTESIAN_POINT('',(20.108843096094,24.788573434926));
#11257 = CARTESIAN_POINT('',(19.924641034704,24.677077332869));
#11258 = CARTESIAN_POINT('',(19.547582394777,24.431437544209));
#11259 = CARTESIAN_POINT('',(19.355524460222,24.296181447678));
#11260 = CARTESIAN_POINT('',(19.168772261133,24.153588657979));
#11261 = CARTESIAN_POINT('',(18.988064127572,24.003393801781));
#11262 = CARTESIAN_POINT('',(18.814303239607,23.845365400229));
#11263 = CARTESIAN_POINT('',(18.648548908264,23.679317133496));
#11264 = CARTESIAN_POINT('',(18.383191729215,23.384029320373));
#11265 = CARTESIAN_POINT('',(18.278847171761,23.259021534775));
#11266 = CARTESIAN_POINT('',(18.179382095997,23.130063362924));
#11267 = CARTESIAN_POINT('',(18.085267400603,22.997163511197));
#11268 = CARTESIAN_POINT('',(17.997018440035,22.86038444852));
#11269 = CARTESIAN_POINT('',(17.915176493508,22.71985507692));
#11270 = CARTESIAN_POINT('',(17.78187728733,22.463404985287));
#11271 = CARTESIAN_POINT('',(17.727696879297,22.348872832928));
#11272 = CARTESIAN_POINT('',(17.678010568659,22.232294313958));
#11273 = CARTESIAN_POINT('',(17.63308129192,22.113808121425));
#11274 = CARTESIAN_POINT('',(17.593160598194,21.993588833182));
#11275 = CARTESIAN_POINT('',(17.558475884115,21.871851472601));
#11276 = CARTESIAN_POINT('',(17.504220885491,21.643775695401));
#11277 = CARTESIAN_POINT('',(17.483182890231,21.537769700062));
#11278 = CARTESIAN_POINT('',(17.466223021029,21.431003287323));
#11279 = CARTESIAN_POINT('',(17.453435972691,21.323651833779));
#11280 = CARTESIAN_POINT('',(17.444888241751,21.215901194167));
#11281 = CARTESIAN_POINT('',(17.440614611476,21.107948006964));
#11282 = CARTESIAN_POINT('',(17.440614362344,20.84423497662));
#11283 = CARTESIAN_POINT('',(17.449513423454,20.68844065468));
#11284 = CARTESIAN_POINT('',(17.467314640499,20.533267198732));
#11285 = CARTESIAN_POINT('',(17.493863036002,20.379297481204));
#11286 = CARTESIAN_POINT('',(17.52887452034,20.227051098249));
#11287 = CARTESIAN_POINT('',(17.571964577376,20.076988385595));
#11288 = CARTESIAN_POINT('',(17.648243183856,19.855166216745));
#11289 = CARTESIAN_POINT('',(17.675748598223,19.78146974567));
#11290 = CARTESIAN_POINT('',(17.705136423995,19.708472547074));
#11291 = CARTESIAN_POINT('',(17.736346762166,19.636215859152));
#11292 = CARTESIAN_POINT('',(17.769317694402,19.56473509297));
#11293 = CARTESIAN_POINT('',(17.80398639352,19.494060293041));
#11294 = CARTESIAN_POINT('',(17.915176493508,19.280144923081));
#11295 = CARTESIAN_POINT('',(17.997018440035,19.139615551482));
#11296 = CARTESIAN_POINT('',(18.085267400602,19.002836488804));
#11297 = CARTESIAN_POINT('',(18.179382095996,18.869936637078));
#11298 = CARTESIAN_POINT('',(18.27884717176,18.740978465227));
#11299 = CARTESIAN_POINT('',(18.383191729214,18.615970679629));
#11300 = CARTESIAN_POINT('',(18.648548908263,18.320682866506));
#11301 = CARTESIAN_POINT('',(18.814303239605,18.154634599772));
#11302 = CARTESIAN_POINT('',(18.988064127571,17.99660619822));
#11303 = CARTESIAN_POINT('',(19.168772261132,17.846411342022));
#11304 = CARTESIAN_POINT('',(19.355524460221,17.703818552323));
#11305 = CARTESIAN_POINT('',(19.547582394775,17.568562455792));
#11306 = CARTESIAN_POINT('',(19.924641034703,17.322922667132));
#11307 = CARTESIAN_POINT('',(20.108843096093,17.211426565075));
#11308 = CARTESIAN_POINT('',(20.296529532656,17.105658859319));
#11309 = CARTESIAN_POINT('',(20.487300219712,17.005428859424));
#11310 = CARTESIAN_POINT('',(20.680810842866,16.910559874971));
#11311 = CARTESIAN_POINT('',(20.876770877672,16.820886022343));
#11312 = CARTESIAN_POINT('',(21.242103489807,16.664855796863));
#11313 = CARTESIAN_POINT('',(21.410830362435,16.597050218706));
#11314 = CARTESIAN_POINT('',(21.580973940489,16.532740181053));
#11315 = CARTESIAN_POINT('',(21.752400207688,16.471842564539));
#11316 = CARTESIAN_POINT('',(21.92498889298,16.414282075651));
#11317 = CARTESIAN_POINT('',(22.098632985339,16.359990075947));
#11318 = CARTESIAN_POINT('',(22.782319944348,16.15995458837));
#11319 = CARTESIAN_POINT('',(23.29940103615,16.038304037743));
#11320 = CARTESIAN_POINT('',(23.822361926676,15.942300870606));
#11321 = CARTESIAN_POINT('',(24.349400073326,15.870979013117));
#11322 = CARTESIAN_POINT('',(24.878956972295,15.823665844688));
#11323 = CARTESIAN_POINT('',(25.409718257019,15.800000097222));
#11324 = CARTESIAN_POINT('',(26.471511016705,15.800000097223));
#11325 = CARTESIAN_POINT('',(27.002272301416,15.823665844688));
#11326 = CARTESIAN_POINT('',(27.531829200414,15.870979013119));
#11327 = CARTESIAN_POINT('',(28.058867347028,15.942300870604));
#11328 = CARTESIAN_POINT('',(28.581828237581,16.038304037743));
#11329 = CARTESIAN_POINT('',(29.098909329371,16.159954588369));
#11330 = CARTESIAN_POINT('',(29.782596288383,16.359990075947));
#11331 = CARTESIAN_POINT('',(29.956240380742,16.414282075651));
#11332 = CARTESIAN_POINT('',(30.128829066034,16.471842564539));
#11333 = CARTESIAN_POINT('',(30.300255333233,16.532740181052));
#11334 = CARTESIAN_POINT('',(30.470398911286,16.597050218706));
#11335 = CARTESIAN_POINT('',(30.639125783915,16.664855796862));
#11336 = CARTESIAN_POINT('',(31.00445839605,16.820886022342));
#11337 = CARTESIAN_POINT('',(31.200418430856,16.91055987497));
#11338 = CARTESIAN_POINT('',(31.393929054009,17.005428859424));
#11339 = CARTESIAN_POINT('',(31.584699741066,17.105658859318));
#11340 = CARTESIAN_POINT('',(31.772386177629,17.211426565074));
#11341 = CARTESIAN_POINT('',(31.956588239019,17.322922667131));
#11342 = CARTESIAN_POINT('',(32.333646878947,17.568562455791));
#11343 = CARTESIAN_POINT('',(32.525704813501,17.703818552322));
#11344 = CARTESIAN_POINT('',(32.71245701259,17.846411342021));
#11345 = CARTESIAN_POINT('',(32.893165146152,17.996606198219));
#11346 = CARTESIAN_POINT('',(33.066926034117,18.154634599771));
#11347 = CARTESIAN_POINT('',(33.232680365459,18.320682866504));
#11348 = CARTESIAN_POINT('',(33.498037544508,18.615970679627));
#11349 = CARTESIAN_POINT('',(33.602382101963,18.740978465225));
#11350 = CARTESIAN_POINT('',(33.701847177726,18.869936637077));
#11351 = CARTESIAN_POINT('',(33.79596187312,19.002836488803));
#11352 = CARTESIAN_POINT('',(33.884210833688,19.139615551481));
#11353 = CARTESIAN_POINT('',(33.966052780215,19.28014492308));
#11354 = CARTESIAN_POINT('',(34.14923619364,19.632566263667));
#11355 = CARTESIAN_POINT('',(34.243040139809,19.848419089084));
#11356 = CARTESIAN_POINT('',(34.320575450964,20.070970825138));
#11357 = CARTESIAN_POINT('',(34.380188745667,20.299098203528));
#11358 = CARTESIAN_POINT('',(34.420489688893,20.531322358055));
#11359 = CARTESIAN_POINT('',(34.440614881249,20.765751093211));
#11360 = CARTESIAN_POINT('',(34.440614636862,21.));
#11361 = ( GEOMETRIC_REPRESENTATION_CONTEXT(2) 
PARAMETRIC_REPRESENTATION_CONTEXT() REPRESENTATION_CONTEXT('2D SPACE',''
  ) );
#11362 = PCURVE('',#8461,#11363);
#11363 = DEFINITIONAL_REPRESENTATION('',(#11364),#11523);
#11364 = B_SPLINE_CURVE_WITH_KNOTS('',7,(#11365,#11366,#11367,#11368,
    #11369,#11370,#11371,#11372,#11373,#11374,#11375,#11376,#11377,
    #11378,#11379,#11380,#11381,#11382,#11383,#11384,#11385,#11386,
    #11387,#11388,#11389,#11390,#11391,#11392,#11393,#11394,#11395,
    #11396,#11397,#11398,#11399,#11400,#11401,#11402,#11403,#11404,
    #11405,#11406,#11407,#11408,#11409,#11410,#11411,#11412,#11413,
    #11414,#11415,#11416,#11417,#11418,#11419,#11420,#11421,#11422,
    #11423,#11424,#11425,#11426,#11427,#11428,#11429,#11430,#11431,
    #11432,#11433,#11434,#11435,#11436,#11437,#11438,#11439,#11440,
    #11441,#11442,#11443,#11444,#11445,#11446,#11447,#11448,#11449,
    #11450,#11451,#11452,#11453,#11454,#11455,#11456,#11457,#11458,
    #11459,#11460,#11461,#11462,#11463,#11464,#11465,#11466,#11467,
    #11468,#11469,#11470,#11471,#11472,#11473,#11474,#11475,#11476,
    #11477,#11478,#11479,#11480,#11481,#11482,#11483,#11484,#11485,
    #11486,#11487,#11488,#11489,#11490,#11491,#11492,#11493,#11494,
    #11495,#11496,#11497,#11498,#11499,#11500,#11501,#11502,#11503,
    #11504,#11505,#11506,#11507,#11508,#11509,#11510,#11511,#11512,
    #11513,#11514,#11515,#11516,#11517,#11518,#11519,#11520,#11521,
    #11522),.UNSPECIFIED.,.F.,.F.,(8,6,6,6,6,6,6,6,6,6,6,6,6,6,6,6,6,6,6
    ,6,6,6,6,6,6,6,8),(0.,3.783865788274E-02,6.40037005762E-02,
    0.101644374154,0.136121615001,0.165203984298,0.24999692509,
    0.33478986588,0.363872235178,0.398349476025,0.435990149602,
    0.462155192295,0.482564365837,0.500000809499,0.525160983313,
    0.53784536643,0.564010377491,0.601651005563,0.636128204728,
    0.665210538866,0.750003377146,0.834796215426,0.863878549565,
    0.89835574873,0.935996376802,0.962161387863,1.),.UNSPECIFIED.);
#11365 = CARTESIAN_POINT('',(6.28318530718,-2.6));
#11366 = CARTESIAN_POINT('',(6.238137415481,-2.6));
#11367 = CARTESIAN_POINT('',(6.193055091147,-2.6));
#11368 = CARTESIAN_POINT('',(6.148246998552,-2.6));
#11369 = CARTESIAN_POINT('',(6.10392778032,-2.6));
#11370 = CARTESIAN_POINT('',(6.060255834181,-2.6));
#11371 = CARTESIAN_POINT('',(6.017353438596,-2.6));
#11372 = CARTESIAN_POINT('',(5.946236087391,-2.6));
#11373 = CARTESIAN_POINT('',(5.917564245634,-2.6));
#11374 = CARTESIAN_POINT('',(5.889310984408,-2.6));
#11375 = CARTESIAN_POINT('',(5.861484351323,-2.6));
#11376 = CARTESIAN_POINT('',(5.834084316653,-2.6));
#11377 = CARTESIAN_POINT('',(5.807103930942,-2.6));
#11378 = CARTESIAN_POINT('',(5.742302282239,-2.6));
#11379 = CARTESIAN_POINT('',(5.704925287539,-2.6));
#11380 = CARTESIAN_POINT('',(5.668354806705,-2.6));
#11381 = CARTESIAN_POINT('',(5.632546428488,-2.6));
#11382 = CARTESIAN_POINT('',(5.597453596715,-2.6));
#11383 = CARTESIAN_POINT('',(5.563025184811,-2.6));
#11384 = CARTESIAN_POINT('',(5.498223465638,-2.6));
#11385 = CARTESIAN_POINT('',(5.467758493782,-2.6));
#11386 = CARTESIAN_POINT('',(5.437767489894,-2.6));
#11387 = CARTESIAN_POINT('',(5.408214461701,-2.6));
#11388 = CARTESIAN_POINT('',(5.37906640179,-2.6));
#11389 = CARTESIAN_POINT('',(5.350291599896,-2.6));
#11390 = CARTESIAN_POINT('',(5.297873502372,-2.6));
#11391 = CARTESIAN_POINT('',(5.27413301421,-2.6));
#11392 = CARTESIAN_POINT('',(5.250618150399,-2.6));
#11393 = CARTESIAN_POINT('',(5.227312178435,-2.6));
#11394 = CARTESIAN_POINT('',(5.20419953226,-2.6));
#11395 = CARTESIAN_POINT('',(5.181265370915,-2.6));
#11396 = CARTESIAN_POINT('',(5.092105942424,-2.6));
#11397 = CARTESIAN_POINT('',(5.027132672585,-2.6));
#11398 = CARTESIAN_POINT('',(4.963185761907,-2.6));
#11399 = CARTESIAN_POINT('',(4.899988863489,-2.6));
#11400 = CARTESIAN_POINT('',(4.837289808834,-2.6));
#11401 = CARTESIAN_POINT('',(4.774847391738,-2.6));
#11402 = CARTESIAN_POINT('',(4.649930569032,-2.6));
#11403 = CARTESIAN_POINT('',(4.587488151933,-2.6));
#11404 = CARTESIAN_POINT('',(4.524789097285,-2.6));
#11405 = CARTESIAN_POINT('',(4.461592198859,-2.6));
#11406 = CARTESIAN_POINT('',(4.397645288187,-2.6));
#11407 = CARTESIAN_POINT('',(4.332672018345,-2.6));
#11408 = CARTESIAN_POINT('',(4.243512589854,-2.6));
#11409 = CARTESIAN_POINT('',(4.22057842851,-2.6));
#11410 = CARTESIAN_POINT('',(4.197465782335,-2.6));
#11411 = CARTESIAN_POINT('',(4.174159810371,-2.6));
#11412 = CARTESIAN_POINT('',(4.15064494656,-2.6));
#11413 = CARTESIAN_POINT('',(4.126904458397,-2.6));
#11414 = CARTESIAN_POINT('',(4.074486360873,-2.6));
#11415 = CARTESIAN_POINT('',(4.04571155898,-2.6));
#11416 = CARTESIAN_POINT('',(4.016563499069,-2.6));
#11417 = CARTESIAN_POINT('',(3.987010470875,-2.6));
#11418 = CARTESIAN_POINT('',(3.957019466988,-2.6));
#11419 = CARTESIAN_POINT('',(3.926554495132,-2.6));
#11420 = CARTESIAN_POINT('',(3.861752775958,-2.6));
#11421 = CARTESIAN_POINT('',(3.827324364054,-2.6));
#11422 = CARTESIAN_POINT('',(3.792231532282,-2.6));
#11423 = CARTESIAN_POINT('',(3.756423154065,-2.6));
#11424 = CARTESIAN_POINT('',(3.71985267323,-2.6));
#11425 = CARTESIAN_POINT('',(3.68247567853,-2.6));
#11426 = CARTESIAN_POINT('',(3.617674029828,-2.6));
#11427 = CARTESIAN_POINT('',(3.590693644117,-2.6));
#11428 = CARTESIAN_POINT('',(3.563293609447,-2.6));
#11429 = CARTESIAN_POINT('',(3.535466976362,-2.6));
#11430 = CARTESIAN_POINT('',(3.507213715135,-2.6));
#11431 = CARTESIAN_POINT('',(3.478541873378,-2.6));
#11432 = CARTESIAN_POINT('',(3.426791195477,-2.6));
#11433 = CARTESIAN_POINT('',(3.40386978999,-2.6));
#11434 = CARTESIAN_POINT('',(3.380714618362,-2.6));
#11435 = CARTESIAN_POINT('',(3.35733945067,-2.6));
#11436 = CARTESIAN_POINT('',(3.33376264066,-2.6));
#11437 = CARTESIAN_POINT('',(3.310008040521,-2.6));
#11438 = CARTESIAN_POINT('',(3.26568529192,-2.6));
#11439 = CARTESIAN_POINT('',(3.245155577203,-2.6));
#11440 = CARTESIAN_POINT('',(3.224536358641,-2.6));
#11441 = CARTESIAN_POINT('',(3.203848007108,-2.6));
#11442 = CARTESIAN_POINT('',(3.183112107409,-2.6));
#11443 = CARTESIAN_POINT('',(3.16235188848,-2.6));
#11444 = CARTESIAN_POINT('',(3.111637809117,-2.6));
#11445 = CARTESIAN_POINT('',(3.081677472137,-2.6));
#11446 = CARTESIAN_POINT('',(3.051792392634,-2.6));
#11447 = CARTESIAN_POINT('',(3.022051070867,-2.6));
#11448 = CARTESIAN_POINT('',(2.992512454023,-2.6));
#11449 = CARTESIAN_POINT('',(2.96322863288,-2.6));
#11450 = CARTESIAN_POINT('',(2.919636856207,-2.6));
#11451 = CARTESIAN_POINT('',(2.905101862913,-2.6));
#11452 = CARTESIAN_POINT('',(2.890647775185,-2.6));
#11453 = CARTESIAN_POINT('',(2.876278955245,-2.6));
#11454 = CARTESIAN_POINT('',(2.861998990217,-2.6));
#11455 = CARTESIAN_POINT('',(2.847810771396,-2.6));
#11456 = CARTESIAN_POINT('',(2.804643433802,-2.6));
#11457 = CARTESIAN_POINT('',(2.775971592045,-2.6));
#11458 = CARTESIAN_POINT('',(2.747718330818,-2.6));
#11459 = CARTESIAN_POINT('',(2.719891697733,-2.6));
#11460 = CARTESIAN_POINT('',(2.692491663063,-2.6));
#11461 = CARTESIAN_POINT('',(2.665511277352,-2.6));
#11462 = CARTESIAN_POINT('',(2.60070962865,-2.6));
#11463 = CARTESIAN_POINT('',(2.563332633949,-2.6));
#11464 = CARTESIAN_POINT('',(2.526762153115,-2.6));
#11465 = CARTESIAN_POINT('',(2.490953774898,-2.6));
#11466 = CARTESIAN_POINT('',(2.455860943126,-2.6));
#11467 = CARTESIAN_POINT('',(2.421432531221,-2.6));
#11468 = CARTESIAN_POINT('',(2.356630812048,-2.6));
#11469 = CARTESIAN_POINT('',(2.326165840192,-2.6));
#11470 = CARTESIAN_POINT('',(2.296174836304,-2.6));
#11471 = CARTESIAN_POINT('',(2.266621808111,-2.6));
#11472 = CARTESIAN_POINT('',(2.2374737482,-2.6));
#11473 = CARTESIAN_POINT('',(2.208698946307,-2.6));
#11474 = CARTESIAN_POINT('',(2.156280848782,-2.6));
#11475 = CARTESIAN_POINT('',(2.13254036062,-2.6));
#11476 = CARTESIAN_POINT('',(2.109025496809,-2.6));
#11477 = CARTESIAN_POINT('',(2.085719524845,-2.6));
#11478 = CARTESIAN_POINT('',(2.06260687867,-2.6));
#11479 = CARTESIAN_POINT('',(2.039672717326,-2.6));
#11480 = CARTESIAN_POINT('',(1.950513288834,-2.6));
#11481 = CARTESIAN_POINT('',(1.885540018993,-2.6));
#11482 = CARTESIAN_POINT('',(1.82159310832,-2.6));
#11483 = CARTESIAN_POINT('',(1.758396209896,-2.6));
#11484 = CARTESIAN_POINT('',(1.695697155247,-2.6));
#11485 = CARTESIAN_POINT('',(1.633254738148,-2.6));
#11486 = CARTESIAN_POINT('',(1.508337915442,-2.6));
#11487 = CARTESIAN_POINT('',(1.445895498343,-2.6));
#11488 = CARTESIAN_POINT('',(1.383196443694,-2.6));
#11489 = CARTESIAN_POINT('',(1.31999954527,-2.6));
#11490 = CARTESIAN_POINT('',(1.256052634597,-2.6));
#11491 = CARTESIAN_POINT('',(1.191079364756,-2.6));
#11492 = CARTESIAN_POINT('',(1.101919936264,-2.6));
#11493 = CARTESIAN_POINT('',(1.07898577492,-2.6));
#11494 = CARTESIAN_POINT('',(1.055873128745,-2.6));
#11495 = CARTESIAN_POINT('',(1.032567156781,-2.6));
#11496 = CARTESIAN_POINT('',(1.00905229297,-2.6));
#11497 = CARTESIAN_POINT('',(0.985311804808,-2.6));
#11498 = CARTESIAN_POINT('',(0.932893707283,-2.6));
#11499 = CARTESIAN_POINT('',(0.90411890539,-2.6));
#11500 = CARTESIAN_POINT('',(0.874970845479,-2.6));
#11501 = CARTESIAN_POINT('',(0.845417817286,-2.6));
#11502 = CARTESIAN_POINT('',(0.815426813398,-2.6));
#11503 = CARTESIAN_POINT('',(0.784961841542,-2.6));
#11504 = CARTESIAN_POINT('',(0.720160122369,-2.6));
#11505 = CARTESIAN_POINT('',(0.685731710464,-2.6));
#11506 = CARTESIAN_POINT('',(0.650638878692,-2.6));
#11507 = CARTESIAN_POINT('',(0.614830500475,-2.6));
#11508 = CARTESIAN_POINT('',(0.578260019641,-2.6));
#11509 = CARTESIAN_POINT('',(0.54088302494,-2.6));
#11510 = CARTESIAN_POINT('',(0.476081376238,-2.6));
#11511 = CARTESIAN_POINT('',(0.449100990527,-2.6));
#11512 = CARTESIAN_POINT('',(0.421700955857,-2.6));
#11513 = CARTESIAN_POINT('',(0.393874322772,-2.6));
#11514 = CARTESIAN_POINT('',(0.365621061545,-2.6));
#11515 = CARTESIAN_POINT('',(0.336949219788,-2.6));
#11516 = CARTESIAN_POINT('',(0.265831868584,-2.6));
#11517 = CARTESIAN_POINT('',(0.222929472998,-2.6));
#11518 = CARTESIAN_POINT('',(0.179257526861,-2.6));
#11519 = CARTESIAN_POINT('',(0.134938308628,-2.6));
#11520 = CARTESIAN_POINT('',(9.013021603211E-02,-2.6));
#11521 = CARTESIAN_POINT('',(4.504789169882E-02,-2.6));
#11522 = CARTESIAN_POINT('',(0.,-2.6));
#11523 = ( GEOMETRIC_REPRESENTATION_CONTEXT(2) 
PARAMETRIC_REPRESENTATION_CONTEXT() REPRESENTATION_CONTEXT('2D SPACE',''
  ) );
#11524 = ADVANCED_FACE('',(#11525),#5308,.T.);
#11525 = FACE_BOUND('',#11526,.T.);
#11526 = EDGE_LOOP('',(#11527,#11548,#11549,#11550));
#11527 = ORIENTED_EDGE('',*,*,#11528,.T.);
#11528 = EDGE_CURVE('',#6448,#9500,#11529,.T.);
#11529 = SURFACE_CURVE('',#11530,(#11534,#11541),.PCURVE_S1.);
#11530 = LINE('',#11531,#11532);
#11531 = CARTESIAN_POINT('',(-29.14444444444,-3.176835849395,
    4.581226238882));
#11532 = VECTOR('',#11533,1.);
#11533 = DIRECTION('',(0.,-0.939692620786,0.342020143326));
#11534 = PCURVE('',#5308,#11535);
#11535 = DEFINITIONAL_REPRESENTATION('',(#11536),#11540);
#11536 = LINE('',#11537,#11538);
#11537 = CARTESIAN_POINT('',(0.,0.));
#11538 = VECTOR('',#11539,1.);
#11539 = DIRECTION('',(0.,-1.));
#11540 = ( GEOMETRIC_REPRESENTATION_CONTEXT(2) 
PARAMETRIC_REPRESENTATION_CONTEXT() REPRESENTATION_CONTEXT('2D SPACE',''
  ) );
#11541 = PCURVE('',#6463,#11542);
#11542 = DEFINITIONAL_REPRESENTATION('',(#11543),#11547);
#11543 = LINE('',#11544,#11545);
#11544 = CARTESIAN_POINT('',(11.678260085918,-2.775557561563E-17));
#11545 = VECTOR('',#11546,1.);
#11546 = DIRECTION('',(0.,-1.));
#11547 = ( GEOMETRIC_REPRESENTATION_CONTEXT(2) 
PARAMETRIC_REPRESENTATION_CONTEXT() REPRESENTATION_CONTEXT('2D SPACE',''
  ) );
#11548 = ORIENTED_EDGE('',*,*,#9522,.T.);
#11549 = ORIENTED_EDGE('',*,*,#5290,.F.);
#11550 = ORIENTED_EDGE('',*,*,#6475,.F.);
#11551 = ADVANCED_FACE('',(#11552),#5406,.T.);
#11552 = FACE_BOUND('',#11553,.T.);
#11553 = EDGE_LOOP('',(#11554,#11555,#11556,#11577));
#11554 = ORIENTED_EDGE('',*,*,#5390,.T.);
#11555 = ORIENTED_EDGE('',*,*,#8671,.T.);
#11556 = ORIENTED_EDGE('',*,*,#11557,.F.);
#11557 = EDGE_CURVE('',#5445,#8672,#11558,.T.);
#11558 = SURFACE_CURVE('',#11559,(#11563,#11570),.PCURVE_S1.);
#11559 = LINE('',#11560,#11561);
#11560 = CARTESIAN_POINT('',(-55.52936035156,5.837678566506,
    29.348401043918));
#11561 = VECTOR('',#11562,1.);
#11562 = DIRECTION('',(0.,-0.939692620786,0.342020143326));
#11563 = PCURVE('',#5406,#11564);
#11564 = DEFINITIONAL_REPRESENTATION('',(#11565),#11569);
#11565 = LINE('',#11566,#11567);
#11566 = CARTESIAN_POINT('',(8.497285358871,1.33226762955E-15));
#11567 = VECTOR('',#11568,1.);
#11568 = DIRECTION('',(0.,-1.));
#11569 = ( GEOMETRIC_REPRESENTATION_CONTEXT(2) 
PARAMETRIC_REPRESENTATION_CONTEXT() REPRESENTATION_CONTEXT('2D SPACE',''
  ) );
#11570 = PCURVE('',#5483,#11571);
#11571 = DEFINITIONAL_REPRESENTATION('',(#11572),#11576);
#11572 = LINE('',#11573,#11574);
#11573 = CARTESIAN_POINT('',(0.,0.));
#11574 = VECTOR('',#11575,1.);
#11575 = DIRECTION('',(0.,-1.));
#11576 = ( GEOMETRIC_REPRESENTATION_CONTEXT(2) 
PARAMETRIC_REPRESENTATION_CONTEXT() REPRESENTATION_CONTEXT('2D SPACE',''
  ) );
#11577 = ORIENTED_EDGE('',*,*,#5444,.F.);
#11578 = ADVANCED_FACE('',(#11579),#6463,.T.);
#11579 = FACE_BOUND('',#11580,.T.);
#11580 = EDGE_LOOP('',(#11581,#11602,#11603,#11604));
#11581 = ORIENTED_EDGE('',*,*,#11582,.T.);
#11582 = EDGE_CURVE('',#6420,#9477,#11583,.T.);
#11583 = SURFACE_CURVE('',#11584,(#11588,#11595),.PCURVE_S1.);
#11584 = LINE('',#11585,#11586);
#11585 = CARTESIAN_POINT('',(-17.48666666666,-3.413294220089,
    3.931562204758));
#11586 = VECTOR('',#11587,1.);
#11587 = DIRECTION('',(0.,-0.939692620786,0.342020143326));
#11588 = PCURVE('',#6463,#11589);
#11589 = DEFINITIONAL_REPRESENTATION('',(#11590),#11594);
#11590 = LINE('',#11591,#11592);
#11591 = CARTESIAN_POINT('',(0.,0.));
#11592 = VECTOR('',#11593,1.);
#11593 = DIRECTION('',(0.,-1.));
#11594 = ( GEOMETRIC_REPRESENTATION_CONTEXT(2) 
PARAMETRIC_REPRESENTATION_CONTEXT() REPRESENTATION_CONTEXT('2D SPACE',''
  ) );
#11595 = PCURVE('',#6435,#11596);
#11596 = DEFINITIONAL_REPRESENTATION('',(#11597),#11601);
#11597 = LINE('',#11598,#11599);
#11598 = CARTESIAN_POINT('',(11.662901727084,-1.665334536938E-16));
#11599 = VECTOR('',#11600,1.);
#11600 = DIRECTION('',(-1.734723475977E-18,-1.));
#11601 = ( GEOMETRIC_REPRESENTATION_CONTEXT(2) 
PARAMETRIC_REPRESENTATION_CONTEXT() REPRESENTATION_CONTEXT('2D SPACE',''
  ) );
#11602 = ORIENTED_EDGE('',*,*,#9499,.T.);
#11603 = ORIENTED_EDGE('',*,*,#11528,.F.);
#11604 = ORIENTED_EDGE('',*,*,#6447,.F.);
#11605 = ADVANCED_FACE('',(#11606),#5483,.T.);
#11606 = FACE_BOUND('',#11607,.T.);
#11607 = EDGE_LOOP('',(#11608,#11609,#11610,#11631));
#11608 = ORIENTED_EDGE('',*,*,#11557,.T.);
#11609 = ORIENTED_EDGE('',*,*,#8694,.T.);
#11610 = ORIENTED_EDGE('',*,*,#11611,.F.);
#11611 = EDGE_CURVE('',#5468,#8695,#11612,.T.);
#11612 = SURFACE_CURVE('',#11613,(#11617,#11624),.PCURVE_S1.);
#11613 = LINE('',#11614,#11615);
#11614 = CARTESIAN_POINT('',(-54.7284375,8.868815386528,37.676381012204)
  );
#11615 = VECTOR('',#11616,1.);
#11616 = DIRECTION('',(0.,-0.939692620786,0.342020143326));
#11617 = PCURVE('',#5483,#11618);
#11618 = DEFINITIONAL_REPRESENTATION('',(#11619),#11623);
#11619 = LINE('',#11620,#11621);
#11620 = CARTESIAN_POINT('',(8.898568322378,-4.440892098501E-16));
#11621 = VECTOR('',#11622,1.);
#11622 = DIRECTION('',(0.,-1.));
#11623 = ( GEOMETRIC_REPRESENTATION_CONTEXT(2) 
PARAMETRIC_REPRESENTATION_CONTEXT() REPRESENTATION_CONTEXT('2D SPACE',''
  ) );
#11624 = PCURVE('',#5511,#11625);
#11625 = DEFINITIONAL_REPRESENTATION('',(#11626),#11630);
#11626 = LINE('',#11627,#11628);
#11627 = CARTESIAN_POINT('',(0.,0.));
#11628 = VECTOR('',#11629,1.);
#11629 = DIRECTION('',(0.,-1.));
#11630 = ( GEOMETRIC_REPRESENTATION_CONTEXT(2) 
PARAMETRIC_REPRESENTATION_CONTEXT() REPRESENTATION_CONTEXT('2D SPACE',''
  ) );
#11631 = ORIENTED_EDGE('',*,*,#5467,.F.);
#11632 = ADVANCED_FACE('',(#11633),#6435,.T.);
#11633 = FACE_BOUND('',#11634,.T.);
#11634 = EDGE_LOOP('',(#11635,#11656,#11657,#11658));
#11635 = ORIENTED_EDGE('',*,*,#11636,.T.);
#11636 = EDGE_CURVE('',#6392,#9454,#11637,.T.);
#11637 = SURFACE_CURVE('',#11638,(#11642,#11649),.PCURVE_S1.);
#11638 = LINE('',#11639,#11640);
#11639 = CARTESIAN_POINT('',(-5.828888888889,-3.531523405436,
    3.606730187696));
#11640 = VECTOR('',#11641,1.);
#11641 = DIRECTION('',(0.,-0.939692620786,0.342020143326));
#11642 = PCURVE('',#6435,#11643);
#11643 = DEFINITIONAL_REPRESENTATION('',(#11644),#11648);
#11644 = LINE('',#11645,#11646);
#11645 = CARTESIAN_POINT('',(0.,0.));
#11646 = VECTOR('',#11647,1.);
#11647 = DIRECTION('',(-1.734723475977E-18,-1.));
#11648 = ( GEOMETRIC_REPRESENTATION_CONTEXT(2) 
PARAMETRIC_REPRESENTATION_CONTEXT() REPRESENTATION_CONTEXT('2D SPACE',''
  ) );
#11649 = PCURVE('',#6407,#11650);
#11650 = DEFINITIONAL_REPRESENTATION('',(#11651),#11655);
#11651 = LINE('',#11652,#11653);
#11652 = CARTESIAN_POINT('',(11.657777777778,1.518874552023E-16));
#11653 = VECTOR('',#11654,1.);
#11654 = DIRECTION('',(1.54074395551E-33,-1.));
#11655 = ( GEOMETRIC_REPRESENTATION_CONTEXT(2) 
PARAMETRIC_REPRESENTATION_CONTEXT() REPRESENTATION_CONTEXT('2D SPACE',''
  ) );
#11656 = ORIENTED_EDGE('',*,*,#9476,.T.);
#11657 = ORIENTED_EDGE('',*,*,#11582,.F.);
#11658 = ORIENTED_EDGE('',*,*,#6419,.F.);
#11659 = ADVANCED_FACE('',(#11660),#5511,.T.);
#11660 = FACE_BOUND('',#11661,.T.);
#11661 = EDGE_LOOP('',(#11662,#11663,#11664,#11685));
#11662 = ORIENTED_EDGE('',*,*,#11611,.T.);
#11663 = ORIENTED_EDGE('',*,*,#8717,.T.);
#11664 = ORIENTED_EDGE('',*,*,#11665,.F.);
#11665 = EDGE_CURVE('',#5496,#8718,#11666,.T.);
#11666 = SURFACE_CURVE('',#11667,(#11671,#11678),.PCURVE_S1.);
#11667 = LINE('',#11668,#11669);
#11668 = CARTESIAN_POINT('',(-53.11974121093,11.985804606588,
    46.240238511005));
#11669 = VECTOR('',#11670,1.);
#11670 = DIRECTION('',(0.,-0.939692620786,0.342020143326));
#11671 = PCURVE('',#5511,#11672);
#11672 = DEFINITIONAL_REPRESENTATION('',(#11673),#11677);
#11673 = LINE('',#11674,#11675);
#11674 = CARTESIAN_POINT('',(9.254360097175,8.881784197001E-16));
#11675 = VECTOR('',#11676,1.);
#11676 = DIRECTION('',(0.,-1.));
#11677 = ( GEOMETRIC_REPRESENTATION_CONTEXT(2) 
PARAMETRIC_REPRESENTATION_CONTEXT() REPRESENTATION_CONTEXT('2D SPACE',''
  ) );
#11678 = PCURVE('',#5539,#11679);
#11679 = DEFINITIONAL_REPRESENTATION('',(#11680),#11684);
#11680 = LINE('',#11681,#11682);
#11681 = CARTESIAN_POINT('',(0.,0.));
#11682 = VECTOR('',#11683,1.);
#11683 = DIRECTION('',(0.,-1.));
#11684 = ( GEOMETRIC_REPRESENTATION_CONTEXT(2) 
PARAMETRIC_REPRESENTATION_CONTEXT() REPRESENTATION_CONTEXT('2D SPACE',''
  ) );
#11685 = ORIENTED_EDGE('',*,*,#5495,.F.);
#11686 = ADVANCED_FACE('',(#11687),#6407,.T.);
#11687 = FACE_BOUND('',#11688,.T.);
#11688 = EDGE_LOOP('',(#11689,#11710,#11711,#11712));
#11689 = ORIENTED_EDGE('',*,*,#11690,.T.);
#11690 = EDGE_CURVE('',#6364,#9431,#11691,.T.);
#11691 = SURFACE_CURVE('',#11692,(#11696,#11703),.PCURVE_S1.);
#11692 = LINE('',#11693,#11694);
#11693 = CARTESIAN_POINT('',(5.828888888889,-3.531523405436,
    3.606730187696));
#11694 = VECTOR('',#11695,1.);
#11695 = DIRECTION('',(0.,-0.939692620786,0.342020143326));
#11696 = PCURVE('',#6407,#11697);
#11697 = DEFINITIONAL_REPRESENTATION('',(#11698),#11702);
#11698 = LINE('',#11699,#11700);
#11699 = CARTESIAN_POINT('',(-0.,0.));
#11700 = VECTOR('',#11701,1.);
#11701 = DIRECTION('',(1.54074395551E-33,-1.));
#11702 = ( GEOMETRIC_REPRESENTATION_CONTEXT(2) 
PARAMETRIC_REPRESENTATION_CONTEXT() REPRESENTATION_CONTEXT('2D SPACE',''
  ) );
#11703 = PCURVE('',#6379,#11704);
#11704 = DEFINITIONAL_REPRESENTATION('',(#11705),#11709);
#11705 = LINE('',#11706,#11707);
#11706 = CARTESIAN_POINT('',(11.662901727084,1.387778780781E-17));
#11707 = VECTOR('',#11708,1.);
#11708 = DIRECTION('',(0.,-1.));
#11709 = ( GEOMETRIC_REPRESENTATION_CONTEXT(2) 
PARAMETRIC_REPRESENTATION_CONTEXT() REPRESENTATION_CONTEXT('2D SPACE',''
  ) );
#11710 = ORIENTED_EDGE('',*,*,#9453,.T.);
#11711 = ORIENTED_EDGE('',*,*,#11636,.F.);
#11712 = ORIENTED_EDGE('',*,*,#6391,.F.);
#11713 = ADVANCED_FACE('',(#11714),#5539,.T.);
#11714 = FACE_BOUND('',#11715,.T.);
#11715 = EDGE_LOOP('',(#11716,#11717,#11718,#11739));
#11716 = ORIENTED_EDGE('',*,*,#11665,.T.);
#11717 = ORIENTED_EDGE('',*,*,#8740,.T.);
#11718 = ORIENTED_EDGE('',*,*,#11719,.F.);
#11719 = EDGE_CURVE('',#5524,#8741,#11720,.T.);
#11720 = SURFACE_CURVE('',#11721,(#11725,#11732),.PCURVE_S1.);
#11721 = LINE('',#11722,#11723);
#11722 = CARTESIAN_POINT('',(-50.7658203125,15.149507632553,
    54.932441136703));
#11723 = VECTOR('',#11724,1.);
#11724 = DIRECTION('',(0.,-0.939692620786,0.342020143326));
#11725 = PCURVE('',#5539,#11726);
#11726 = DEFINITIONAL_REPRESENTATION('',(#11727),#11731);
#11727 = LINE('',#11728,#11729);
#11728 = CARTESIAN_POINT('',(9.544859711845,1.33226762955E-15));
#11729 = VECTOR('',#11730,1.);
#11730 = DIRECTION('',(0.,-1.));
#11731 = ( GEOMETRIC_REPRESENTATION_CONTEXT(2) 
PARAMETRIC_REPRESENTATION_CONTEXT() REPRESENTATION_CONTEXT('2D SPACE',''
  ) );
#11732 = PCURVE('',#5567,#11733);
#11733 = DEFINITIONAL_REPRESENTATION('',(#11734),#11738);
#11734 = LINE('',#11735,#11736);
#11735 = CARTESIAN_POINT('',(0.,0.));
#11736 = VECTOR('',#11737,1.);
#11737 = DIRECTION('',(-5.551115123126E-17,-1.));
#11738 = ( GEOMETRIC_REPRESENTATION_CONTEXT(2) 
PARAMETRIC_REPRESENTATION_CONTEXT() REPRESENTATION_CONTEXT('2D SPACE',''
  ) );
#11739 = ORIENTED_EDGE('',*,*,#5523,.F.);
#11740 = ADVANCED_FACE('',(#11741),#6379,.T.);
#11741 = FACE_BOUND('',#11742,.T.);
#11742 = EDGE_LOOP('',(#11743,#11764,#11765,#11766));
#11743 = ORIENTED_EDGE('',*,*,#11744,.T.);
#11744 = EDGE_CURVE('',#6336,#9408,#11745,.T.);
#11745 = SURFACE_CURVE('',#11746,(#11750,#11757),.PCURVE_S1.);
#11746 = LINE('',#11747,#11748);
#11747 = CARTESIAN_POINT('',(17.486666666667,-3.413294220089,
    3.931562204758));
#11748 = VECTOR('',#11749,1.);
#11749 = DIRECTION('',(0.,-0.939692620786,0.342020143326));
#11750 = PCURVE('',#6379,#11751);
#11751 = DEFINITIONAL_REPRESENTATION('',(#11752),#11756);
#11752 = LINE('',#11753,#11754);
#11753 = CARTESIAN_POINT('',(-0.,0.));
#11754 = VECTOR('',#11755,1.);
#11755 = DIRECTION('',(0.,-1.));
#11756 = ( GEOMETRIC_REPRESENTATION_CONTEXT(2) 
PARAMETRIC_REPRESENTATION_CONTEXT() REPRESENTATION_CONTEXT('2D SPACE',''
  ) );
#11757 = PCURVE('',#6351,#11758);
#11758 = DEFINITIONAL_REPRESENTATION('',(#11759),#11763);
#11759 = LINE('',#11760,#11761);
#11760 = CARTESIAN_POINT('',(11.678260085918,-8.326672684689E-17));
#11761 = VECTOR('',#11762,1.);
#11762 = DIRECTION('',(0.,-1.));
#11763 = ( GEOMETRIC_REPRESENTATION_CONTEXT(2) 
PARAMETRIC_REPRESENTATION_CONTEXT() REPRESENTATION_CONTEXT('2D SPACE',''
  ) );
#11764 = ORIENTED_EDGE('',*,*,#9430,.T.);
#11765 = ORIENTED_EDGE('',*,*,#11690,.F.);
#11766 = ORIENTED_EDGE('',*,*,#6363,.F.);
#11767 = ADVANCED_FACE('',(#11768),#5567,.T.);
#11768 = FACE_BOUND('',#11769,.T.);
#11769 = EDGE_LOOP('',(#11770,#11771,#11772,#11793));
#11770 = ORIENTED_EDGE('',*,*,#11719,.T.);
#11771 = ORIENTED_EDGE('',*,*,#8763,.T.);
#11772 = ORIENTED_EDGE('',*,*,#11773,.F.);
#11773 = EDGE_CURVE('',#5552,#8764,#11774,.T.);
#11774 = SURFACE_CURVE('',#11775,(#11779,#11786),.PCURVE_S1.);
#11775 = LINE('',#11776,#11777);
#11776 = CARTESIAN_POINT('',(-47.72922363281,18.320785870286,
    63.645456485682));
#11777 = VECTOR('',#11778,1.);
#11778 = DIRECTION('',(0.,-0.939692620786,0.342020143326));
#11779 = PCURVE('',#5567,#11780);
#11780 = DEFINITIONAL_REPRESENTATION('',(#11781),#11785);
#11781 = LINE('',#11782,#11783);
#11782 = CARTESIAN_POINT('',(9.756770035609,-1.7763568394E-15));
#11783 = VECTOR('',#11784,1.);
#11784 = DIRECTION('',(-5.551115123126E-17,-1.));
#11785 = ( GEOMETRIC_REPRESENTATION_CONTEXT(2) 
PARAMETRIC_REPRESENTATION_CONTEXT() REPRESENTATION_CONTEXT('2D SPACE',''
  ) );
#11786 = PCURVE('',#5595,#11787);
#11787 = DEFINITIONAL_REPRESENTATION('',(#11788),#11792);
#11788 = LINE('',#11789,#11790);
#11789 = CARTESIAN_POINT('',(0.,0.));
#11790 = VECTOR('',#11791,1.);
#11791 = DIRECTION('',(0.,-1.));
#11792 = ( GEOMETRIC_REPRESENTATION_CONTEXT(2) 
PARAMETRIC_REPRESENTATION_CONTEXT() REPRESENTATION_CONTEXT('2D SPACE',''
  ) );
#11793 = ORIENTED_EDGE('',*,*,#5551,.F.);
#11794 = ADVANCED_FACE('',(#11795),#6351,.T.);
#11795 = FACE_BOUND('',#11796,.T.);
#11796 = EDGE_LOOP('',(#11797,#11818,#11819,#11820));
#11797 = ORIENTED_EDGE('',*,*,#11798,.T.);
#11798 = EDGE_CURVE('',#6308,#9385,#11799,.T.);
#11799 = SURFACE_CURVE('',#11800,(#11804,#11811),.PCURVE_S1.);
#11800 = LINE('',#11801,#11802);
#11801 = CARTESIAN_POINT('',(29.144444444444,-3.176835849395,
    4.581226238882));
#11802 = VECTOR('',#11803,1.);
#11803 = DIRECTION('',(0.,-0.939692620786,0.342020143326));
#11804 = PCURVE('',#6351,#11805);
#11805 = DEFINITIONAL_REPRESENTATION('',(#11806),#11810);
#11806 = LINE('',#11807,#11808);
#11807 = CARTESIAN_POINT('',(-0.,0.));
#11808 = VECTOR('',#11809,1.);
#11809 = DIRECTION('',(0.,-1.));
#11810 = ( GEOMETRIC_REPRESENTATION_CONTEXT(2) 
PARAMETRIC_REPRESENTATION_CONTEXT() REPRESENTATION_CONTEXT('2D SPACE',''
  ) );
#11811 = PCURVE('',#6323,#11812);
#11812 = DEFINITIONAL_REPRESENTATION('',(#11813),#11817);
#11813 = LINE('',#11814,#11815);
#11814 = CARTESIAN_POINT('',(11.703812563957,3.330669073875E-16));
#11815 = VECTOR('',#11816,1.);
#11816 = DIRECTION('',(-3.469446951954E-18,-1.));
#11817 = ( GEOMETRIC_REPRESENTATION_CONTEXT(2) 
PARAMETRIC_REPRESENTATION_CONTEXT() REPRESENTATION_CONTEXT('2D SPACE',''
  ) );
#11818 = ORIENTED_EDGE('',*,*,#9407,.T.);
#11819 = ORIENTED_EDGE('',*,*,#11744,.F.);
#11820 = ORIENTED_EDGE('',*,*,#6335,.F.);
#11821 = ADVANCED_FACE('',(#11822),#5595,.T.);
#11822 = FACE_BOUND('',#11823,.T.);
#11823 = EDGE_LOOP('',(#11824,#11825,#11826,#11847));
#11824 = ORIENTED_EDGE('',*,*,#11773,.T.);
#11825 = ORIENTED_EDGE('',*,*,#8786,.T.);
#11826 = ORIENTED_EDGE('',*,*,#11827,.F.);
#11827 = EDGE_CURVE('',#5580,#8787,#11828,.T.);
#11828 = SURFACE_CURVE('',#11829,(#11833,#11840),.PCURVE_S1.);
#11829 = LINE('',#11830,#11831);
#11830 = CARTESIAN_POINT('',(-44.0725,21.460500725652,72.271752154325));
#11831 = VECTOR('',#11832,1.);
#11832 = DIRECTION('',(0.,-0.939692620786,0.342020143326));
#11833 = PCURVE('',#5595,#11834);
#11834 = DEFINITIONAL_REPRESENTATION('',(#11835),#11839);
#11835 = LINE('',#11836,#11837);
#11836 = CARTESIAN_POINT('',(9.881417614018,4.440892098501E-16));
#11837 = VECTOR('',#11838,1.);
#11838 = DIRECTION('',(0.,-1.));
#11839 = ( GEOMETRIC_REPRESENTATION_CONTEXT(2) 
PARAMETRIC_REPRESENTATION_CONTEXT() REPRESENTATION_CONTEXT('2D SPACE',''
  ) );
#11840 = PCURVE('',#5623,#11841);
#11841 = DEFINITIONAL_REPRESENTATION('',(#11842),#11846);
#11842 = LINE('',#11843,#11844);
#11843 = CARTESIAN_POINT('',(0.,0.));
#11844 = VECTOR('',#11845,1.);
#11845 = DIRECTION('',(0.,-1.));
#11846 = ( GEOMETRIC_REPRESENTATION_CONTEXT(2) 
PARAMETRIC_REPRESENTATION_CONTEXT() REPRESENTATION_CONTEXT('2D SPACE',''
  ) );
#11847 = ORIENTED_EDGE('',*,*,#5579,.F.);
#11848 = ADVANCED_FACE('',(#11849),#6323,.T.);
#11849 = FACE_BOUND('',#11850,.T.);
#11850 = EDGE_LOOP('',(#11851,#11872,#11873,#11874));
#11851 = ORIENTED_EDGE('',*,*,#11852,.T.);
#11852 = EDGE_CURVE('',#6280,#9362,#11853,.T.);
#11853 = SURFACE_CURVE('',#11854,(#11858,#11865),.PCURVE_S1.);
#11854 = LINE('',#11855,#11856);
#11855 = CARTESIAN_POINT('',(40.802222222222,-2.822148293353,
    5.555722290067));
#11856 = VECTOR('',#11857,1.);
#11857 = DIRECTION('',(0.,-0.939692620786,0.342020143326));
#11858 = PCURVE('',#6323,#11859);
#11859 = DEFINITIONAL_REPRESENTATION('',(#11860),#11864);
#11860 = LINE('',#11861,#11862);
#11861 = CARTESIAN_POINT('',(-0.,0.));
#11862 = VECTOR('',#11863,1.);
#11863 = DIRECTION('',(-3.469446951954E-18,-1.));
#11864 = ( GEOMETRIC_REPRESENTATION_CONTEXT(2) 
PARAMETRIC_REPRESENTATION_CONTEXT() REPRESENTATION_CONTEXT('2D SPACE',''
  ) );
#11865 = PCURVE('',#6295,#11866);
#11866 = DEFINITIONAL_REPRESENTATION('',(#11867),#11871);
#11867 = LINE('',#11868,#11869);
#11868 = CARTESIAN_POINT('',(11.739492595052,5.551115123126E-17));
#11869 = VECTOR('',#11870,1.);
#11870 = DIRECTION('',(0.,-1.));
#11871 = ( GEOMETRIC_REPRESENTATION_CONTEXT(2) 
PARAMETRIC_REPRESENTATION_CONTEXT() REPRESENTATION_CONTEXT('2D SPACE',''
  ) );
#11872 = ORIENTED_EDGE('',*,*,#9384,.T.);
#11873 = ORIENTED_EDGE('',*,*,#11798,.F.);
#11874 = ORIENTED_EDGE('',*,*,#6307,.F.);
#11875 = ADVANCED_FACE('',(#11876),#5623,.T.);
#11876 = FACE_BOUND('',#11877,.T.);
#11877 = EDGE_LOOP('',(#11878,#11879,#11880,#11901));
#11878 = ORIENTED_EDGE('',*,*,#11827,.T.);
#11879 = ORIENTED_EDGE('',*,*,#8809,.T.);
#11880 = ORIENTED_EDGE('',*,*,#11881,.F.);
#11881 = EDGE_CURVE('',#5608,#8810,#11882,.T.);
#11882 = SURFACE_CURVE('',#11883,(#11887,#11894),.PCURVE_S1.);
#11883 = LINE('',#11884,#11885);
#11884 = CARTESIAN_POINT('',(-39.85819824218,24.529513604514,
    80.703795739015));
#11885 = VECTOR('',#11886,1.);
#11886 = DIRECTION('',(0.,-0.939692620786,0.342020143326));
#11887 = PCURVE('',#5623,#11888);
#11888 = DEFINITIONAL_REPRESENTATION('',(#11889),#11893);
#11889 = LINE('',#11890,#11891);
#11890 = CARTESIAN_POINT('',(9.913553266646,0.));
#11891 = VECTOR('',#11892,1.);
#11892 = DIRECTION('',(0.,-1.));
#11893 = ( GEOMETRIC_REPRESENTATION_CONTEXT(2) 
PARAMETRIC_REPRESENTATION_CONTEXT() REPRESENTATION_CONTEXT('2D SPACE',''
  ) );
#11894 = PCURVE('',#5651,#11895);
#11895 = DEFINITIONAL_REPRESENTATION('',(#11896),#11900);
#11896 = LINE('',#11897,#11898);
#11897 = CARTESIAN_POINT('',(0.,0.));
#11898 = VECTOR('',#11899,1.);
#11899 = DIRECTION('',(0.,-1.));
#11900 = ( GEOMETRIC_REPRESENTATION_CONTEXT(2) 
PARAMETRIC_REPRESENTATION_CONTEXT() REPRESENTATION_CONTEXT('2D SPACE',''
  ) );
#11901 = ORIENTED_EDGE('',*,*,#5607,.F.);
#11902 = ADVANCED_FACE('',(#11903),#6295,.T.);
#11903 = FACE_BOUND('',#11904,.T.);
#11904 = EDGE_LOOP('',(#11905,#11926,#11927,#11928));
#11905 = ORIENTED_EDGE('',*,*,#11906,.T.);
#11906 = EDGE_CURVE('',#6252,#9339,#11907,.T.);
#11907 = SURFACE_CURVE('',#11908,(#11912,#11919),.PCURVE_S1.);
#11908 = LINE('',#11909,#11910);
#11909 = CARTESIAN_POINT('',(52.46,-2.349231551965,6.855050358314));
#11910 = VECTOR('',#11911,1.);
#11911 = DIRECTION('',(0.,-0.939692620786,0.342020143326));
#11912 = PCURVE('',#6295,#11913);
#11913 = DEFINITIONAL_REPRESENTATION('',(#11914),#11918);
#11914 = LINE('',#11915,#11916);
#11915 = CARTESIAN_POINT('',(-0.,0.));
#11916 = VECTOR('',#11917,1.);
#11917 = DIRECTION('',(0.,-1.));
#11918 = ( GEOMETRIC_REPRESENTATION_CONTEXT(2) 
PARAMETRIC_REPRESENTATION_CONTEXT() REPRESENTATION_CONTEXT('2D SPACE',''
  ) );
#11919 = PCURVE('',#6267,#11920);
#11920 = DEFINITIONAL_REPRESENTATION('',(#11921),#11925);
#11921 = LINE('',#11922,#11923);
#11922 = CARTESIAN_POINT('',(7.686921847288,-4.440892098501E-16));
#11923 = VECTOR('',#11924,1.);
#11924 = DIRECTION('',(0.,-1.));
#11925 = ( GEOMETRIC_REPRESENTATION_CONTEXT(2) 
PARAMETRIC_REPRESENTATION_CONTEXT() REPRESENTATION_CONTEXT('2D SPACE',''
  ) );
#11926 = ORIENTED_EDGE('',*,*,#9361,.T.);
#11927 = ORIENTED_EDGE('',*,*,#11852,.F.);
#11928 = ORIENTED_EDGE('',*,*,#6279,.F.);
#11929 = ADVANCED_FACE('',(#11930),#5651,.T.);
#11930 = FACE_BOUND('',#11931,.T.);
#11931 = EDGE_LOOP('',(#11932,#11933,#11934,#11955));
#11932 = ORIENTED_EDGE('',*,*,#11881,.T.);
#11933 = ORIENTED_EDGE('',*,*,#8832,.T.);
#11934 = ORIENTED_EDGE('',*,*,#11935,.F.);
#11935 = EDGE_CURVE('',#5636,#8833,#11936,.T.);
#11936 = SURFACE_CURVE('',#11937,(#11941,#11948),.PCURVE_S1.);
#11937 = LINE('',#11938,#11939);
#11938 = CARTESIAN_POINT('',(-35.1488671875,27.488685912738,
    88.834054836135));
#11939 = VECTOR('',#11940,1.);
#11940 = DIRECTION('',(0.,-0.939692620786,0.342020143326));
#11941 = PCURVE('',#5651,#11942);
#11942 = DEFINITIONAL_REPRESENTATION('',(#11943),#11947);
#11943 = LINE('',#11944,#11945);
#11944 = CARTESIAN_POINT('',(9.85066559775,4.440892098501E-16));
#11945 = VECTOR('',#11946,1.);
#11946 = DIRECTION('',(0.,-1.));
#11947 = ( GEOMETRIC_REPRESENTATION_CONTEXT(2) 
PARAMETRIC_REPRESENTATION_CONTEXT() REPRESENTATION_CONTEXT('2D SPACE',''
  ) );
#11948 = PCURVE('',#5679,#11949);
#11949 = DEFINITIONAL_REPRESENTATION('',(#11950),#11954);
#11950 = LINE('',#11951,#11952);
#11951 = CARTESIAN_POINT('',(0.,0.));
#11952 = VECTOR('',#11953,1.);
#11953 = DIRECTION('',(0.,-1.));
#11954 = ( GEOMETRIC_REPRESENTATION_CONTEXT(2) 
PARAMETRIC_REPRESENTATION_CONTEXT() REPRESENTATION_CONTEXT('2D SPACE',''
  ) );
#11955 = ORIENTED_EDGE('',*,*,#5635,.F.);
#11956 = ADVANCED_FACE('',(#11957),#6267,.T.);
#11957 = FACE_BOUND('',#11958,.T.);
#11958 = EDGE_LOOP('',(#11959,#11980,#11981,#11982));
#11959 = ORIENTED_EDGE('',*,*,#11960,.T.);
#11960 = EDGE_CURVE('',#6224,#9316,#11961,.T.);
#11961 = SURFACE_CURVE('',#11962,(#11966,#11973),.PCURVE_S1.);
#11962 = LINE('',#11963,#11964);
#11963 = CARTESIAN_POINT('',(54.457690429688,0.189516503124,
    13.830203313356));
#11964 = VECTOR('',#11965,1.);
#11965 = DIRECTION('',(0.,-0.939692620786,0.342020143326));
#11966 = PCURVE('',#6267,#11967);
#11967 = DEFINITIONAL_REPRESENTATION('',(#11968),#11972);
#11968 = LINE('',#11969,#11970);
#11969 = CARTESIAN_POINT('',(-0.,0.));
#11970 = VECTOR('',#11971,1.);
#11971 = DIRECTION('',(0.,-1.));
#11972 = ( GEOMETRIC_REPRESENTATION_CONTEXT(2) 
PARAMETRIC_REPRESENTATION_CONTEXT() REPRESENTATION_CONTEXT('2D SPACE',''
  ) );
#11973 = PCURVE('',#6239,#11974);
#11974 = DEFINITIONAL_REPRESENTATION('',(#11975),#11979);
#11975 = LINE('',#11976,#11977);
#11976 = CARTESIAN_POINT('',(8.079526315683,2.22044604925E-15));
#11977 = VECTOR('',#11978,1.);
#11978 = DIRECTION('',(0.,-1.));
#11979 = ( GEOMETRIC_REPRESENTATION_CONTEXT(2) 
PARAMETRIC_REPRESENTATION_CONTEXT() REPRESENTATION_CONTEXT('2D SPACE',''
  ) );
#11980 = ORIENTED_EDGE('',*,*,#9338,.T.);
#11981 = ORIENTED_EDGE('',*,*,#11906,.F.);
#11982 = ORIENTED_EDGE('',*,*,#6251,.F.);
#11983 = ADVANCED_FACE('',(#11984),#5679,.T.);
#11984 = FACE_BOUND('',#11985,.T.);
#11985 = EDGE_LOOP('',(#11986,#11987,#11988,#12009));
#11986 = ORIENTED_EDGE('',*,*,#11935,.T.);
#11987 = ORIENTED_EDGE('',*,*,#8855,.T.);
#11988 = ORIENTED_EDGE('',*,*,#11989,.F.);
#11989 = EDGE_CURVE('',#5664,#8856,#11990,.T.);
#11990 = SURFACE_CURVE('',#11991,(#11995,#12002),.PCURVE_S1.);
#11991 = LINE('',#11992,#11993);
#11992 = CARTESIAN_POINT('',(-30.00705566406,30.298879056187,
    96.554997042068));
#11993 = VECTOR('',#11994,1.);
#11994 = DIRECTION('',(0.,-0.939692620786,0.342020143326));
#11995 = PCURVE('',#5679,#11996);
#11996 = DEFINITIONAL_REPRESENTATION('',(#11997),#12001);
#11997 = LINE('',#11998,#11999);
#11998 = CARTESIAN_POINT('',(9.692696208661,-1.33226762955E-15));
#11999 = VECTOR('',#12000,1.);
#12000 = DIRECTION('',(0.,-1.));
#12001 = ( GEOMETRIC_REPRESENTATION_CONTEXT(2) 
PARAMETRIC_REPRESENTATION_CONTEXT() REPRESENTATION_CONTEXT('2D SPACE',''
  ) );
#12002 = PCURVE('',#5707,#12003);
#12003 = DEFINITIONAL_REPRESENTATION('',(#12004),#12008);
#12004 = LINE('',#12005,#12006);
#12005 = CARTESIAN_POINT('',(0.,0.));
#12006 = VECTOR('',#12007,1.);
#12007 = DIRECTION('',(0.,-1.));
#12008 = ( GEOMETRIC_REPRESENTATION_CONTEXT(2) 
PARAMETRIC_REPRESENTATION_CONTEXT() REPRESENTATION_CONTEXT('2D SPACE',''
  ) );
#12009 = ORIENTED_EDGE('',*,*,#5663,.F.);
#12010 = ADVANCED_FACE('',(#12011),#6239,.T.);
#12011 = FACE_BOUND('',#12012,.T.);
#12012 = EDGE_LOOP('',(#12013,#12034,#12035,#12036));
#12013 = ORIENTED_EDGE('',*,*,#12014,.T.);
#12014 = EDGE_CURVE('',#6196,#9293,#12015,.T.);
#12015 = SURFACE_CURVE('',#12016,(#12020,#12027),.PCURVE_S1.);
#12016 = LINE('',#12017,#12018);
#12017 = CARTESIAN_POINT('',(55.4599609375,2.93153274066,21.363831009763
    ));
#12018 = VECTOR('',#12019,1.);
#12019 = DIRECTION('',(0.,-0.939692620786,0.342020143326));
#12020 = PCURVE('',#6239,#12021);
#12021 = DEFINITIONAL_REPRESENTATION('',(#12022),#12026);
#12022 = LINE('',#12023,#12024);
#12023 = CARTESIAN_POINT('',(-0.,0.));
#12024 = VECTOR('',#12025,1.);
#12025 = DIRECTION('',(0.,-1.));
#12026 = ( GEOMETRIC_REPRESENTATION_CONTEXT(2) 
PARAMETRIC_REPRESENTATION_CONTEXT() REPRESENTATION_CONTEXT('2D SPACE',''
  ) );
#12027 = PCURVE('',#6211,#12028);
#12028 = DEFINITIONAL_REPRESENTATION('',(#12029),#12033);
#12029 = LINE('',#12030,#12031);
#12030 = CARTESIAN_POINT('',(8.497285358871,-1.33226762955E-15));
#12031 = VECTOR('',#12032,1.);
#12032 = DIRECTION('',(0.,-1.));
#12033 = ( GEOMETRIC_REPRESENTATION_CONTEXT(2) 
PARAMETRIC_REPRESENTATION_CONTEXT() REPRESENTATION_CONTEXT('2D SPACE',''
  ) );
#12034 = ORIENTED_EDGE('',*,*,#9315,.T.);
#12035 = ORIENTED_EDGE('',*,*,#11960,.F.);
#12036 = ORIENTED_EDGE('',*,*,#6223,.F.);
#12037 = ADVANCED_FACE('',(#12038),#5707,.T.);
#12038 = FACE_BOUND('',#12039,.T.);
#12039 = EDGE_LOOP('',(#12040,#12041,#12042,#12063));
#12040 = ORIENTED_EDGE('',*,*,#11989,.T.);
#12041 = ORIENTED_EDGE('',*,*,#8878,.T.);
#12042 = ORIENTED_EDGE('',*,*,#12043,.F.);
#12043 = EDGE_CURVE('',#5692,#8879,#12044,.T.);
#12044 = SURFACE_CURVE('',#12045,(#12049,#12056),.PCURVE_S1.);
#12045 = LINE('',#12046,#12047);
#12046 = CARTESIAN_POINT('',(-24.4953125,32.920954440726,103.75908995319
    ));
#12047 = VECTOR('',#12048,1.);
#12048 = DIRECTION('',(0.,-0.939692620786,0.342020143326));
#12049 = PCURVE('',#5707,#12050);
#12050 = DEFINITIONAL_REPRESENTATION('',(#12051),#12055);
#12051 = LINE('',#12052,#12053);
#12052 = CARTESIAN_POINT('',(9.442115583966,-4.440892098501E-16));
#12053 = VECTOR('',#12054,1.);
#12054 = DIRECTION('',(0.,-1.));
#12055 = ( GEOMETRIC_REPRESENTATION_CONTEXT(2) 
PARAMETRIC_REPRESENTATION_CONTEXT() REPRESENTATION_CONTEXT('2D SPACE',''
  ) );
#12056 = PCURVE('',#5735,#12057);
#12057 = DEFINITIONAL_REPRESENTATION('',(#12058),#12062);
#12058 = LINE('',#12059,#12060);
#12059 = CARTESIAN_POINT('',(0.,0.));
#12060 = VECTOR('',#12061,1.);
#12061 = DIRECTION('',(2.775557561563E-17,-1.));
#12062 = ( GEOMETRIC_REPRESENTATION_CONTEXT(2) 
PARAMETRIC_REPRESENTATION_CONTEXT() REPRESENTATION_CONTEXT('2D SPACE',''
  ) );
#12063 = ORIENTED_EDGE('',*,*,#5691,.F.);
#12064 = ADVANCED_FACE('',(#12065),#6211,.T.);
#12065 = FACE_BOUND('',#12066,.T.);
#12066 = EDGE_LOOP('',(#12067,#12088,#12089,#12090));
#12067 = ORIENTED_EDGE('',*,*,#12068,.T.);
#12068 = EDGE_CURVE('',#6168,#9270,#12069,.T.);
#12069 = SURFACE_CURVE('',#12070,(#12074,#12081),.PCURVE_S1.);
#12070 = LINE('',#12071,#12072);
#12071 = CARTESIAN_POINT('',(55.529360351563,5.837678566506,
    29.348401043918));
#12072 = VECTOR('',#12073,1.);
#12073 = DIRECTION('',(0.,-0.939692620786,0.342020143326));
#12074 = PCURVE('',#6211,#12075);
#12075 = DEFINITIONAL_REPRESENTATION('',(#12076),#12080);
#12076 = LINE('',#12077,#12078);
#12077 = CARTESIAN_POINT('',(-0.,0.));
#12078 = VECTOR('',#12079,1.);
#12079 = DIRECTION('',(0.,-1.));
#12080 = ( GEOMETRIC_REPRESENTATION_CONTEXT(2) 
PARAMETRIC_REPRESENTATION_CONTEXT() REPRESENTATION_CONTEXT('2D SPACE',''
  ) );
#12081 = PCURVE('',#6183,#12082);
#12082 = DEFINITIONAL_REPRESENTATION('',(#12083),#12087);
#12083 = LINE('',#12084,#12085);
#12084 = CARTESIAN_POINT('',(8.898568322378,4.440892098501E-16));
#12085 = VECTOR('',#12086,1.);
#12086 = DIRECTION('',(0.,-1.));
#12087 = ( GEOMETRIC_REPRESENTATION_CONTEXT(2) 
PARAMETRIC_REPRESENTATION_CONTEXT() REPRESENTATION_CONTEXT('2D SPACE',''
  ) );
#12088 = ORIENTED_EDGE('',*,*,#9292,.T.);
#12089 = ORIENTED_EDGE('',*,*,#12014,.F.);
#12090 = ORIENTED_EDGE('',*,*,#6195,.F.);
#12091 = ADVANCED_FACE('',(#12092),#5735,.T.);
#12092 = FACE_BOUND('',#12093,.T.);
#12093 = EDGE_LOOP('',(#12094,#12095,#12096,#12117));
#12094 = ORIENTED_EDGE('',*,*,#12043,.T.);
#12095 = ORIENTED_EDGE('',*,*,#8901,.T.);
#12096 = ORIENTED_EDGE('',*,*,#12097,.F.);
#12097 = EDGE_CURVE('',#5720,#8902,#12098,.T.);
#12098 = SURFACE_CURVE('',#12099,(#12103,#12110),.PCURVE_S1.);
#12099 = LINE('',#12100,#12101);
#12100 = CARTESIAN_POINT('',(-18.67618652343,35.31577347222,
    110.3388011659));
#12101 = VECTOR('',#12102,1.);
#12102 = DIRECTION('',(0.,-0.939692620786,0.342020143326));
#12103 = PCURVE('',#5735,#12104);
#12104 = DEFINITIONAL_REPRESENTATION('',(#12105),#12109);
#12105 = LINE('',#12106,#12107);
#12106 = CARTESIAN_POINT('',(9.104393717725,0.));
#12107 = VECTOR('',#12108,1.);
#12108 = DIRECTION('',(2.775557561563E-17,-1.));
#12109 = ( GEOMETRIC_REPRESENTATION_CONTEXT(2) 
PARAMETRIC_REPRESENTATION_CONTEXT() REPRESENTATION_CONTEXT('2D SPACE',''
  ) );
#12110 = PCURVE('',#5763,#12111);
#12111 = DEFINITIONAL_REPRESENTATION('',(#12112),#12116);
#12112 = LINE('',#12113,#12114);
#12113 = CARTESIAN_POINT('',(0.,0.));
#12114 = VECTOR('',#12115,1.);
#12115 = DIRECTION('',(2.775557561563E-17,-1.));
#12116 = ( GEOMETRIC_REPRESENTATION_CONTEXT(2) 
PARAMETRIC_REPRESENTATION_CONTEXT() REPRESENTATION_CONTEXT('2D SPACE',''
  ) );
#12117 = ORIENTED_EDGE('',*,*,#5719,.F.);
#12118 = ADVANCED_FACE('',(#12119),#6183,.T.);
#12119 = FACE_BOUND('',#12120,.T.);
#12120 = EDGE_LOOP('',(#12121,#12142,#12143,#12144));
#12121 = ORIENTED_EDGE('',*,*,#12122,.T.);
#12122 = EDGE_CURVE('',#6140,#9247,#12123,.T.);
#12123 = SURFACE_CURVE('',#12124,(#12128,#12135),.PCURVE_S1.);
#12124 = LINE('',#12125,#12126);
#12125 = CARTESIAN_POINT('',(54.7284375,8.868815386528,37.676381012204)
  );
#12126 = VECTOR('',#12127,1.);
#12127 = DIRECTION('',(0.,-0.939692620786,0.342020143326));
#12128 = PCURVE('',#6183,#12129);
#12129 = DEFINITIONAL_REPRESENTATION('',(#12130),#12134);
#12130 = LINE('',#12131,#12132);
#12131 = CARTESIAN_POINT('',(0.,0.));
#12132 = VECTOR('',#12133,1.);
#12133 = DIRECTION('',(0.,-1.));
#12134 = ( GEOMETRIC_REPRESENTATION_CONTEXT(2) 
PARAMETRIC_REPRESENTATION_CONTEXT() REPRESENTATION_CONTEXT('2D SPACE',''
  ) );
#12135 = PCURVE('',#6155,#12136);
#12136 = DEFINITIONAL_REPRESENTATION('',(#12137),#12141);
#12137 = LINE('',#12138,#12139);
#12138 = CARTESIAN_POINT('',(9.254360097175,-8.881784197001E-16));
#12139 = VECTOR('',#12140,1.);
#12140 = DIRECTION('',(0.,-1.));
#12141 = ( GEOMETRIC_REPRESENTATION_CONTEXT(2) 
PARAMETRIC_REPRESENTATION_CONTEXT() REPRESENTATION_CONTEXT('2D SPACE',''
  ) );
#12142 = ORIENTED_EDGE('',*,*,#9269,.T.);
#12143 = ORIENTED_EDGE('',*,*,#12068,.F.);
#12144 = ORIENTED_EDGE('',*,*,#6167,.F.);
#12145 = ADVANCED_FACE('',(#12146),#5763,.T.);
#12146 = FACE_BOUND('',#12147,.T.);
#12147 = EDGE_LOOP('',(#12148,#12149,#12150,#12171));
#12148 = ORIENTED_EDGE('',*,*,#12097,.T.);
#12149 = ORIENTED_EDGE('',*,*,#8924,.T.);
#12150 = ORIENTED_EDGE('',*,*,#12151,.F.);
#12151 = EDGE_CURVE('',#5748,#8925,#12152,.T.);
#12152 = SURFACE_CURVE('',#12153,(#12157,#12164),.PCURVE_S1.);
#12153 = LINE('',#12154,#12155);
#12154 = CARTESIAN_POINT('',(-12.6122265625,37.444197556532,
    116.18659827657));
#12155 = VECTOR('',#12156,1.);
#12156 = DIRECTION('',(0.,-0.939692620786,0.342020143326));
#12157 = PCURVE('',#5763,#12158);
#12158 = DEFINITIONAL_REPRESENTATION('',(#12159),#12163);
#12159 = LINE('',#12160,#12161);
#12160 = CARTESIAN_POINT('',(8.68898904005,2.6645352591E-15));
#12161 = VECTOR('',#12162,1.);
#12162 = DIRECTION('',(2.775557561563E-17,-1.));
#12163 = ( GEOMETRIC_REPRESENTATION_CONTEXT(2) 
PARAMETRIC_REPRESENTATION_CONTEXT() REPRESENTATION_CONTEXT('2D SPACE',''
  ) );
#12164 = PCURVE('',#5791,#12165);
#12165 = DEFINITIONAL_REPRESENTATION('',(#12166),#12170);
#12166 = LINE('',#12167,#12168);
#12167 = CARTESIAN_POINT('',(0.,0.));
#12168 = VECTOR('',#12169,1.);
#12169 = DIRECTION('',(-2.775557561563E-17,-1.));
#12170 = ( GEOMETRIC_REPRESENTATION_CONTEXT(2) 
PARAMETRIC_REPRESENTATION_CONTEXT() REPRESENTATION_CONTEXT('2D SPACE',''
  ) );
#12171 = ORIENTED_EDGE('',*,*,#5747,.F.);
#12172 = ADVANCED_FACE('',(#12173),#6155,.T.);
#12173 = FACE_BOUND('',#12174,.T.);
#12174 = EDGE_LOOP('',(#12175,#12196,#12197,#12198));
#12175 = ORIENTED_EDGE('',*,*,#12176,.T.);
#12176 = EDGE_CURVE('',#6112,#9224,#12177,.T.);
#12177 = SURFACE_CURVE('',#12178,(#12182,#12189),.PCURVE_S1.);
#12178 = LINE('',#12179,#12180);
#12179 = CARTESIAN_POINT('',(53.119741210938,11.985804606588,
    46.240238511005));
#12180 = VECTOR('',#12181,1.);
#12181 = DIRECTION('',(0.,-0.939692620786,0.342020143326));
#12182 = PCURVE('',#6155,#12183);
#12183 = DEFINITIONAL_REPRESENTATION('',(#12184),#12188);
#12184 = LINE('',#12185,#12186);
#12185 = CARTESIAN_POINT('',(0.,0.));
#12186 = VECTOR('',#12187,1.);
#12187 = DIRECTION('',(0.,-1.));
#12188 = ( GEOMETRIC_REPRESENTATION_CONTEXT(2) 
PARAMETRIC_REPRESENTATION_CONTEXT() REPRESENTATION_CONTEXT('2D SPACE',''
  ) );
#12189 = PCURVE('',#6127,#12190);
#12190 = DEFINITIONAL_REPRESENTATION('',(#12191),#12195);
#12191 = LINE('',#12192,#12193);
#12192 = CARTESIAN_POINT('',(9.544859711845,-1.33226762955E-15));
#12193 = VECTOR('',#12194,1.);
#12194 = DIRECTION('',(0.,-1.));
#12195 = ( GEOMETRIC_REPRESENTATION_CONTEXT(2) 
PARAMETRIC_REPRESENTATION_CONTEXT() REPRESENTATION_CONTEXT('2D SPACE',''
  ) );
#12196 = ORIENTED_EDGE('',*,*,#9246,.T.);
#12197 = ORIENTED_EDGE('',*,*,#12122,.F.);
#12198 = ORIENTED_EDGE('',*,*,#6139,.F.);
#12199 = ADVANCED_FACE('',(#12200),#5791,.T.);
#12200 = FACE_BOUND('',#12201,.T.);
#12201 = EDGE_LOOP('',(#12202,#12203,#12204,#12225));
#12202 = ORIENTED_EDGE('',*,*,#12151,.T.);
#12203 = ORIENTED_EDGE('',*,*,#8947,.T.);
#12204 = ORIENTED_EDGE('',*,*,#12205,.F.);
#12205 = EDGE_CURVE('',#5776,#8948,#12206,.T.);
#12206 = SURFACE_CURVE('',#12207,(#12211,#12218),.PCURVE_S1.);
#12207 = LINE('',#12208,#12209);
#12208 = CARTESIAN_POINT('',(-6.365981445313,39.267088099527,
    121.19494888159));
#12209 = VECTOR('',#12210,1.);
#12210 = DIRECTION('',(0.,-0.939692620786,0.342020143326));
#12211 = PCURVE('',#5791,#12212);
#12212 = DEFINITIONAL_REPRESENTATION('',(#12213),#12217);
#12213 = LINE('',#12214,#12215);
#12214 = CARTESIAN_POINT('',(8.211095163162,-1.998401444325E-15));
#12215 = VECTOR('',#12216,1.);
#12216 = DIRECTION('',(-2.775557561563E-17,-1.));
#12217 = ( GEOMETRIC_REPRESENTATION_CONTEXT(2) 
PARAMETRIC_REPRESENTATION_CONTEXT() REPRESENTATION_CONTEXT('2D SPACE',''
  ) );
#12218 = PCURVE('',#5819,#12219);
#12219 = DEFINITIONAL_REPRESENTATION('',(#12220),#12224);
#12220 = LINE('',#12221,#12222);
#12221 = CARTESIAN_POINT('',(0.,0.));
#12222 = VECTOR('',#12223,1.);
#12223 = DIRECTION('',(0.,-1.));
#12224 = ( GEOMETRIC_REPRESENTATION_CONTEXT(2) 
PARAMETRIC_REPRESENTATION_CONTEXT() REPRESENTATION_CONTEXT('2D SPACE',''
  ) );
#12225 = ORIENTED_EDGE('',*,*,#5775,.F.);
#12226 = ADVANCED_FACE('',(#12227),#6127,.T.);
#12227 = FACE_BOUND('',#12228,.T.);
#12228 = EDGE_LOOP('',(#12229,#12250,#12251,#12252));
#12229 = ORIENTED_EDGE('',*,*,#12230,.T.);
#12230 = EDGE_CURVE('',#6084,#9201,#12231,.T.);
#12231 = SURFACE_CURVE('',#12232,(#12236,#12243),.PCURVE_S1.);
#12232 = LINE('',#12233,#12234);
#12233 = CARTESIAN_POINT('',(50.7658203125,15.149507632553,
    54.932441136703));
#12234 = VECTOR('',#12235,1.);
#12235 = DIRECTION('',(0.,-0.939692620786,0.342020143326));
#12236 = PCURVE('',#6127,#12237);
#12237 = DEFINITIONAL_REPRESENTATION('',(#12238),#12242);
#12238 = LINE('',#12239,#12240);
#12239 = CARTESIAN_POINT('',(0.,0.));
#12240 = VECTOR('',#12241,1.);
#12241 = DIRECTION('',(0.,-1.));
#12242 = ( GEOMETRIC_REPRESENTATION_CONTEXT(2) 
PARAMETRIC_REPRESENTATION_CONTEXT() REPRESENTATION_CONTEXT('2D SPACE',''
  ) );
#12243 = PCURVE('',#6099,#12244);
#12244 = DEFINITIONAL_REPRESENTATION('',(#12245),#12249);
#12245 = LINE('',#12246,#12247);
#12246 = CARTESIAN_POINT('',(9.756770035609,1.7763568394E-15));
#12247 = VECTOR('',#12248,1.);
#12248 = DIRECTION('',(5.551115123126E-17,-1.));
#12249 = ( GEOMETRIC_REPRESENTATION_CONTEXT(2) 
PARAMETRIC_REPRESENTATION_CONTEXT() REPRESENTATION_CONTEXT('2D SPACE',''
  ) );
#12250 = ORIENTED_EDGE('',*,*,#9223,.T.);
#12251 = ORIENTED_EDGE('',*,*,#12176,.F.);
#12252 = ORIENTED_EDGE('',*,*,#6111,.F.);
#12253 = ADVANCED_FACE('',(#12254),#5819,.T.);
#12254 = FACE_BOUND('',#12255,.T.);
#12255 = EDGE_LOOP('',(#12256,#12257,#12258,#12279));
#12256 = ORIENTED_EDGE('',*,*,#12205,.T.);
#12257 = ORIENTED_EDGE('',*,*,#8970,.T.);
#12258 = ORIENTED_EDGE('',*,*,#12259,.F.);
#12259 = EDGE_CURVE('',#5804,#8971,#12260,.T.);
#12260 = SURFACE_CURVE('',#12261,(#12265,#12272),.PCURVE_S1.);
#12261 = LINE('',#12262,#12263);
#12262 = CARTESIAN_POINT('',(0.,40.745306507069,125.25632057733));
#12263 = VECTOR('',#12264,1.);
#12264 = DIRECTION('',(0.,-0.939692620786,0.342020143326));
#12265 = PCURVE('',#5819,#12266);
#12266 = DEFINITIONAL_REPRESENTATION('',(#12267),#12271);
#12267 = LINE('',#12268,#12269);
#12268 = CARTESIAN_POINT('',(7.694516844706,-2.22044604925E-15));
#12269 = VECTOR('',#12270,1.);
#12270 = DIRECTION('',(0.,-1.));
#12271 = ( GEOMETRIC_REPRESENTATION_CONTEXT(2) 
PARAMETRIC_REPRESENTATION_CONTEXT() REPRESENTATION_CONTEXT('2D SPACE',''
  ) );
#12272 = PCURVE('',#5847,#12273);
#12273 = DEFINITIONAL_REPRESENTATION('',(#12274),#12278);
#12274 = LINE('',#12275,#12276);
#12275 = CARTESIAN_POINT('',(0.,0.));
#12276 = VECTOR('',#12277,1.);
#12277 = DIRECTION('',(0.,-1.));
#12278 = ( GEOMETRIC_REPRESENTATION_CONTEXT(2) 
PARAMETRIC_REPRESENTATION_CONTEXT() REPRESENTATION_CONTEXT('2D SPACE',''
  ) );
#12279 = ORIENTED_EDGE('',*,*,#5803,.F.);
#12280 = ADVANCED_FACE('',(#12281),#6099,.T.);
#12281 = FACE_BOUND('',#12282,.T.);
#12282 = EDGE_LOOP('',(#12283,#12304,#12305,#12306));
#12283 = ORIENTED_EDGE('',*,*,#12284,.T.);
#12284 = EDGE_CURVE('',#6056,#9178,#12285,.T.);
#12285 = SURFACE_CURVE('',#12286,(#12290,#12297),.PCURVE_S1.);
#12286 = LINE('',#12287,#12288);
#12287 = CARTESIAN_POINT('',(47.729223632813,18.320785870286,
    63.645456485682));
#12288 = VECTOR('',#12289,1.);
#12289 = DIRECTION('',(0.,-0.939692620786,0.342020143326));
#12290 = PCURVE('',#6099,#12291);
#12291 = DEFINITIONAL_REPRESENTATION('',(#12292),#12296);
#12292 = LINE('',#12293,#12294);
#12293 = CARTESIAN_POINT('',(0.,0.));
#12294 = VECTOR('',#12295,1.);
#12295 = DIRECTION('',(5.551115123126E-17,-1.));
#12296 = ( GEOMETRIC_REPRESENTATION_CONTEXT(2) 
PARAMETRIC_REPRESENTATION_CONTEXT() REPRESENTATION_CONTEXT('2D SPACE',''
  ) );
#12297 = PCURVE('',#6071,#12298);
#12298 = DEFINITIONAL_REPRESENTATION('',(#12299),#12303);
#12299 = LINE('',#12300,#12301);
#12300 = CARTESIAN_POINT('',(9.881417614018,-4.440892098501E-16));
#12301 = VECTOR('',#12302,1.);
#12302 = DIRECTION('',(0.,-1.));
#12303 = ( GEOMETRIC_REPRESENTATION_CONTEXT(2) 
PARAMETRIC_REPRESENTATION_CONTEXT() REPRESENTATION_CONTEXT('2D SPACE',''
  ) );
#12304 = ORIENTED_EDGE('',*,*,#9200,.T.);
#12305 = ORIENTED_EDGE('',*,*,#12230,.F.);
#12306 = ORIENTED_EDGE('',*,*,#6083,.F.);
#12307 = ADVANCED_FACE('',(#12308),#5847,.T.);
#12308 = FACE_BOUND('',#12309,.T.);
#12309 = EDGE_LOOP('',(#12310,#12311,#12312,#12333));
#12310 = ORIENTED_EDGE('',*,*,#12259,.T.);
#12311 = ORIENTED_EDGE('',*,*,#8993,.T.);
#12312 = ORIENTED_EDGE('',*,*,#12313,.F.);
#12313 = EDGE_CURVE('',#5832,#8994,#12314,.T.);
#12314 = SURFACE_CURVE('',#12315,(#12319,#12326),.PCURVE_S1.);
#12315 = LINE('',#12316,#12317);
#12316 = CARTESIAN_POINT('',(6.365981445313,39.267088099527,
    121.19494888159));
#12317 = VECTOR('',#12318,1.);
#12318 = DIRECTION('',(0.,-0.939692620786,0.342020143326));
#12319 = PCURVE('',#5847,#12320);
#12320 = DEFINITIONAL_REPRESENTATION('',(#12321),#12325);
#12321 = LINE('',#12322,#12323);
#12322 = CARTESIAN_POINT('',(7.694516844706,2.22044604925E-15));
#12323 = VECTOR('',#12324,1.);
#12324 = DIRECTION('',(0.,-1.));
#12325 = ( GEOMETRIC_REPRESENTATION_CONTEXT(2) 
PARAMETRIC_REPRESENTATION_CONTEXT() REPRESENTATION_CONTEXT('2D SPACE',''
  ) );
#12326 = PCURVE('',#5875,#12327);
#12327 = DEFINITIONAL_REPRESENTATION('',(#12328),#12332);
#12328 = LINE('',#12329,#12330);
#12329 = CARTESIAN_POINT('',(0.,0.));
#12330 = VECTOR('',#12331,1.);
#12331 = DIRECTION('',(2.775557561563E-17,-1.));
#12332 = ( GEOMETRIC_REPRESENTATION_CONTEXT(2) 
PARAMETRIC_REPRESENTATION_CONTEXT() REPRESENTATION_CONTEXT('2D SPACE',''
  ) );
#12333 = ORIENTED_EDGE('',*,*,#5831,.F.);
#12334 = ADVANCED_FACE('',(#12335),#6071,.T.);
#12335 = FACE_BOUND('',#12336,.T.);
#12336 = EDGE_LOOP('',(#12337,#12358,#12359,#12360));
#12337 = ORIENTED_EDGE('',*,*,#12338,.T.);
#12338 = EDGE_CURVE('',#6028,#9155,#12339,.T.);
#12339 = SURFACE_CURVE('',#12340,(#12344,#12351),.PCURVE_S1.);
#12340 = LINE('',#12341,#12342);
#12341 = CARTESIAN_POINT('',(44.0725,21.460500725652,72.271752154325));
#12342 = VECTOR('',#12343,1.);
#12343 = DIRECTION('',(0.,-0.939692620786,0.342020143326));
#12344 = PCURVE('',#6071,#12345);
#12345 = DEFINITIONAL_REPRESENTATION('',(#12346),#12350);
#12346 = LINE('',#12347,#12348);
#12347 = CARTESIAN_POINT('',(0.,0.));
#12348 = VECTOR('',#12349,1.);
#12349 = DIRECTION('',(0.,-1.));
#12350 = ( GEOMETRIC_REPRESENTATION_CONTEXT(2) 
PARAMETRIC_REPRESENTATION_CONTEXT() REPRESENTATION_CONTEXT('2D SPACE',''
  ) );
#12351 = PCURVE('',#6043,#12352);
#12352 = DEFINITIONAL_REPRESENTATION('',(#12353),#12357);
#12353 = LINE('',#12354,#12355);
#12354 = CARTESIAN_POINT('',(9.913553266646,0.));
#12355 = VECTOR('',#12356,1.);
#12356 = DIRECTION('',(0.,-1.));
#12357 = ( GEOMETRIC_REPRESENTATION_CONTEXT(2) 
PARAMETRIC_REPRESENTATION_CONTEXT() REPRESENTATION_CONTEXT('2D SPACE',''
  ) );
#12358 = ORIENTED_EDGE('',*,*,#9177,.T.);
#12359 = ORIENTED_EDGE('',*,*,#12284,.F.);
#12360 = ORIENTED_EDGE('',*,*,#6055,.F.);
#12361 = ADVANCED_FACE('',(#12362),#5875,.T.);
#12362 = FACE_BOUND('',#12363,.T.);
#12363 = EDGE_LOOP('',(#12364,#12365,#12366,#12387));
#12364 = ORIENTED_EDGE('',*,*,#12313,.T.);
#12365 = ORIENTED_EDGE('',*,*,#9016,.T.);
#12366 = ORIENTED_EDGE('',*,*,#12367,.F.);
#12367 = EDGE_CURVE('',#5860,#9017,#12368,.T.);
#12368 = SURFACE_CURVE('',#12369,(#12373,#12380),.PCURVE_S1.);
#12369 = LINE('',#12370,#12371);
#12370 = CARTESIAN_POINT('',(12.6122265625,37.444197556532,
    116.18659827657));
#12371 = VECTOR('',#12372,1.);
#12372 = DIRECTION('',(0.,-0.939692620786,0.342020143326));
#12373 = PCURVE('',#5875,#12374);
#12374 = DEFINITIONAL_REPRESENTATION('',(#12375),#12379);
#12375 = LINE('',#12376,#12377);
#12376 = CARTESIAN_POINT('',(8.211095163162,1.998401444325E-15));
#12377 = VECTOR('',#12378,1.);
#12378 = DIRECTION('',(2.775557561563E-17,-1.));
#12379 = ( GEOMETRIC_REPRESENTATION_CONTEXT(2) 
PARAMETRIC_REPRESENTATION_CONTEXT() REPRESENTATION_CONTEXT('2D SPACE',''
  ) );
#12380 = PCURVE('',#5903,#12381);
#12381 = DEFINITIONAL_REPRESENTATION('',(#12382),#12386);
#12382 = LINE('',#12383,#12384);
#12383 = CARTESIAN_POINT('',(0.,0.));
#12384 = VECTOR('',#12385,1.);
#12385 = DIRECTION('',(-2.775557561563E-17,-1.));
#12386 = ( GEOMETRIC_REPRESENTATION_CONTEXT(2) 
PARAMETRIC_REPRESENTATION_CONTEXT() REPRESENTATION_CONTEXT('2D SPACE',''
  ) );
#12387 = ORIENTED_EDGE('',*,*,#5859,.F.);
#12388 = ADVANCED_FACE('',(#12389),#6043,.T.);
#12389 = FACE_BOUND('',#12390,.T.);
#12390 = EDGE_LOOP('',(#12391,#12412,#12413,#12414));
#12391 = ORIENTED_EDGE('',*,*,#12392,.T.);
#12392 = EDGE_CURVE('',#6000,#9132,#12393,.T.);
#12393 = SURFACE_CURVE('',#12394,(#12398,#12405),.PCURVE_S1.);
#12394 = LINE('',#12395,#12396);
#12395 = CARTESIAN_POINT('',(39.858198242188,24.529513604514,
    80.703795739015));
#12396 = VECTOR('',#12397,1.);
#12397 = DIRECTION('',(0.,-0.939692620786,0.342020143326));
#12398 = PCURVE('',#6043,#12399);
#12399 = DEFINITIONAL_REPRESENTATION('',(#12400),#12404);
#12400 = LINE('',#12401,#12402);
#12401 = CARTESIAN_POINT('',(0.,0.));
#12402 = VECTOR('',#12403,1.);
#12403 = DIRECTION('',(0.,-1.));
#12404 = ( GEOMETRIC_REPRESENTATION_CONTEXT(2) 
PARAMETRIC_REPRESENTATION_CONTEXT() REPRESENTATION_CONTEXT('2D SPACE',''
  ) );
#12405 = PCURVE('',#6015,#12406);
#12406 = DEFINITIONAL_REPRESENTATION('',(#12407),#12411);
#12407 = LINE('',#12408,#12409);
#12408 = CARTESIAN_POINT('',(9.85066559775,-4.440892098501E-16));
#12409 = VECTOR('',#12410,1.);
#12410 = DIRECTION('',(0.,-1.));
#12411 = ( GEOMETRIC_REPRESENTATION_CONTEXT(2) 
PARAMETRIC_REPRESENTATION_CONTEXT() REPRESENTATION_CONTEXT('2D SPACE',''
  ) );
#12412 = ORIENTED_EDGE('',*,*,#9154,.T.);
#12413 = ORIENTED_EDGE('',*,*,#12338,.F.);
#12414 = ORIENTED_EDGE('',*,*,#6027,.F.);
#12415 = ADVANCED_FACE('',(#12416),#5903,.T.);
#12416 = FACE_BOUND('',#12417,.T.);
#12417 = EDGE_LOOP('',(#12418,#12419,#12420,#12441));
#12418 = ORIENTED_EDGE('',*,*,#12367,.T.);
#12419 = ORIENTED_EDGE('',*,*,#9039,.T.);
#12420 = ORIENTED_EDGE('',*,*,#12421,.F.);
#12421 = EDGE_CURVE('',#5888,#9040,#12422,.T.);
#12422 = SURFACE_CURVE('',#12423,(#12427,#12434),.PCURVE_S1.);
#12423 = LINE('',#12424,#12425);
#12424 = CARTESIAN_POINT('',(18.676186523438,35.31577347222,
    110.3388011659));
#12425 = VECTOR('',#12426,1.);
#12426 = DIRECTION('',(0.,-0.939692620786,0.342020143326));
#12427 = PCURVE('',#5903,#12428);
#12428 = DEFINITIONAL_REPRESENTATION('',(#12429),#12433);
#12429 = LINE('',#12430,#12431);
#12430 = CARTESIAN_POINT('',(8.68898904005,-2.6645352591E-15));
#12431 = VECTOR('',#12432,1.);
#12432 = DIRECTION('',(-2.775557561563E-17,-1.));
#12433 = ( GEOMETRIC_REPRESENTATION_CONTEXT(2) 
PARAMETRIC_REPRESENTATION_CONTEXT() REPRESENTATION_CONTEXT('2D SPACE',''
  ) );
#12434 = PCURVE('',#5931,#12435);
#12435 = DEFINITIONAL_REPRESENTATION('',(#12436),#12440);
#12436 = LINE('',#12437,#12438);
#12437 = CARTESIAN_POINT('',(0.,0.));
#12438 = VECTOR('',#12439,1.);
#12439 = DIRECTION('',(-2.775557561563E-17,-1.));
#12440 = ( GEOMETRIC_REPRESENTATION_CONTEXT(2) 
PARAMETRIC_REPRESENTATION_CONTEXT() REPRESENTATION_CONTEXT('2D SPACE',''
  ) );
#12441 = ORIENTED_EDGE('',*,*,#5887,.F.);
#12442 = ADVANCED_FACE('',(#12443),#6015,.T.);
#12443 = FACE_BOUND('',#12444,.T.);
#12444 = EDGE_LOOP('',(#12445,#12466,#12467,#12468));
#12445 = ORIENTED_EDGE('',*,*,#12446,.T.);
#12446 = EDGE_CURVE('',#5972,#9109,#12447,.T.);
#12447 = SURFACE_CURVE('',#12448,(#12452,#12459),.PCURVE_S1.);
#12448 = LINE('',#12449,#12450);
#12449 = CARTESIAN_POINT('',(35.1488671875,27.488685912738,
    88.834054836135));
#12450 = VECTOR('',#12451,1.);
#12451 = DIRECTION('',(0.,-0.939692620786,0.342020143326));
#12452 = PCURVE('',#6015,#12453);
#12453 = DEFINITIONAL_REPRESENTATION('',(#12454),#12458);
#12454 = LINE('',#12455,#12456);
#12455 = CARTESIAN_POINT('',(0.,0.));
#12456 = VECTOR('',#12457,1.);
#12457 = DIRECTION('',(0.,-1.));
#12458 = ( GEOMETRIC_REPRESENTATION_CONTEXT(2) 
PARAMETRIC_REPRESENTATION_CONTEXT() REPRESENTATION_CONTEXT('2D SPACE',''
  ) );
#12459 = PCURVE('',#5987,#12460);
#12460 = DEFINITIONAL_REPRESENTATION('',(#12461),#12465);
#12461 = LINE('',#12462,#12463);
#12462 = CARTESIAN_POINT('',(9.692696208661,1.33226762955E-15));
#12463 = VECTOR('',#12464,1.);
#12464 = DIRECTION('',(0.,-1.));
#12465 = ( GEOMETRIC_REPRESENTATION_CONTEXT(2) 
PARAMETRIC_REPRESENTATION_CONTEXT() REPRESENTATION_CONTEXT('2D SPACE',''
  ) );
#12466 = ORIENTED_EDGE('',*,*,#9131,.T.);
#12467 = ORIENTED_EDGE('',*,*,#12392,.F.);
#12468 = ORIENTED_EDGE('',*,*,#5999,.F.);
#12469 = ADVANCED_FACE('',(#12470),#5931,.T.);
#12470 = FACE_BOUND('',#12471,.T.);
#12471 = EDGE_LOOP('',(#12472,#12473,#12474,#12495));
#12472 = ORIENTED_EDGE('',*,*,#12421,.T.);
#12473 = ORIENTED_EDGE('',*,*,#9062,.T.);
#12474 = ORIENTED_EDGE('',*,*,#12475,.F.);
#12475 = EDGE_CURVE('',#5916,#9063,#12476,.T.);
#12476 = SURFACE_CURVE('',#12477,(#12481,#12488),.PCURVE_S1.);
#12477 = LINE('',#12478,#12479);
#12478 = CARTESIAN_POINT('',(24.4953125,32.920954440726,103.75908995319)
  );
#12479 = VECTOR('',#12480,1.);
#12480 = DIRECTION('',(0.,-0.939692620786,0.342020143326));
#12481 = PCURVE('',#5931,#12482);
#12482 = DEFINITIONAL_REPRESENTATION('',(#12483),#12487);
#12483 = LINE('',#12484,#12485);
#12484 = CARTESIAN_POINT('',(9.104393717725,0.));
#12485 = VECTOR('',#12486,1.);
#12486 = DIRECTION('',(-2.775557561563E-17,-1.));
#12487 = ( GEOMETRIC_REPRESENTATION_CONTEXT(2) 
PARAMETRIC_REPRESENTATION_CONTEXT() REPRESENTATION_CONTEXT('2D SPACE',''
  ) );
#12488 = PCURVE('',#5959,#12489);
#12489 = DEFINITIONAL_REPRESENTATION('',(#12490),#12494);
#12490 = LINE('',#12491,#12492);
#12491 = CARTESIAN_POINT('',(0.,0.));
#12492 = VECTOR('',#12493,1.);
#12493 = DIRECTION('',(0.,-1.));
#12494 = ( GEOMETRIC_REPRESENTATION_CONTEXT(2) 
PARAMETRIC_REPRESENTATION_CONTEXT() REPRESENTATION_CONTEXT('2D SPACE',''
  ) );
#12495 = ORIENTED_EDGE('',*,*,#5915,.F.);
#12496 = ADVANCED_FACE('',(#12497),#5987,.T.);
#12497 = FACE_BOUND('',#12498,.T.);
#12498 = EDGE_LOOP('',(#12499,#12520,#12521,#12522));
#12499 = ORIENTED_EDGE('',*,*,#12500,.T.);
#12500 = EDGE_CURVE('',#5944,#9086,#12501,.T.);
#12501 = SURFACE_CURVE('',#12502,(#12506,#12513),.PCURVE_S1.);
#12502 = LINE('',#12503,#12504);
#12503 = CARTESIAN_POINT('',(30.007055664063,30.298879056187,
    96.554997042068));
#12504 = VECTOR('',#12505,1.);
#12505 = DIRECTION('',(0.,-0.939692620786,0.342020143326));
#12506 = PCURVE('',#5987,#12507);
#12507 = DEFINITIONAL_REPRESENTATION('',(#12508),#12512);
#12508 = LINE('',#12509,#12510);
#12509 = CARTESIAN_POINT('',(0.,0.));
#12510 = VECTOR('',#12511,1.);
#12511 = DIRECTION('',(0.,-1.));
#12512 = ( GEOMETRIC_REPRESENTATION_CONTEXT(2) 
PARAMETRIC_REPRESENTATION_CONTEXT() REPRESENTATION_CONTEXT('2D SPACE',''
  ) );
#12513 = PCURVE('',#5959,#12514);
#12514 = DEFINITIONAL_REPRESENTATION('',(#12515),#12519);
#12515 = LINE('',#12516,#12517);
#12516 = CARTESIAN_POINT('',(9.442115583966,4.440892098501E-16));
#12517 = VECTOR('',#12518,1.);
#12518 = DIRECTION('',(0.,-1.));
#12519 = ( GEOMETRIC_REPRESENTATION_CONTEXT(2) 
PARAMETRIC_REPRESENTATION_CONTEXT() REPRESENTATION_CONTEXT('2D SPACE',''
  ) );
#12520 = ORIENTED_EDGE('',*,*,#9108,.T.);
#12521 = ORIENTED_EDGE('',*,*,#12446,.F.);
#12522 = ORIENTED_EDGE('',*,*,#5971,.F.);
#12523 = ADVANCED_FACE('',(#12524),#5959,.T.);
#12524 = FACE_BOUND('',#12525,.T.);
#12525 = EDGE_LOOP('',(#12526,#12527,#12528,#12529));
#12526 = ORIENTED_EDGE('',*,*,#12475,.T.);
#12527 = ORIENTED_EDGE('',*,*,#9085,.T.);
#12528 = ORIENTED_EDGE('',*,*,#12500,.F.);
#12529 = ORIENTED_EDGE('',*,*,#5943,.F.);
#12530 = ADVANCED_FACE('',(#12531),#6825,.T.);
#12531 = FACE_BOUND('',#12532,.T.);
#12532 = EDGE_LOOP('',(#12533,#12534,#12555,#12556));
#12533 = ORIENTED_EDGE('',*,*,#6499,.T.);
#12534 = ORIENTED_EDGE('',*,*,#12535,.T.);
#12535 = EDGE_CURVE('',#6500,#9547,#12536,.T.);
#12536 = SEAM_CURVE('',#12537,(#12541,#12548),.PCURVE_S1.);
#12537 = LINE('',#12538,#12539);
#12538 = CARTESIAN_POINT('',(-21.,26.397388939886,85.250980165272));
#12539 = VECTOR('',#12540,1.);
#12540 = DIRECTION('',(0.,-0.939692620786,0.342020143326));
#12541 = PCURVE('',#6825,#12542);
#12542 = DEFINITIONAL_REPRESENTATION('',(#12543),#12547);
#12543 = LINE('',#12544,#12545);
#12544 = CARTESIAN_POINT('',(6.28318530718,0.));
#12545 = VECTOR('',#12546,1.);
#12546 = DIRECTION('',(0.,-1.));
#12547 = ( GEOMETRIC_REPRESENTATION_CONTEXT(2) 
PARAMETRIC_REPRESENTATION_CONTEXT() REPRESENTATION_CONTEXT('2D SPACE',''
  ) );
#12548 = PCURVE('',#6825,#12549);
#12549 = DEFINITIONAL_REPRESENTATION('',(#12550),#12554);
#12550 = LINE('',#12551,#12552);
#12551 = CARTESIAN_POINT('',(0.,0.));
#12552 = VECTOR('',#12553,1.);
#12553 = DIRECTION('',(0.,-1.));
#12554 = ( GEOMETRIC_REPRESENTATION_CONTEXT(2) 
PARAMETRIC_REPRESENTATION_CONTEXT() REPRESENTATION_CONTEXT('2D SPACE',''
  ) );
#12555 = ORIENTED_EDGE('',*,*,#9546,.F.);
#12556 = ORIENTED_EDGE('',*,*,#12535,.F.);
#12557 = ADVANCED_FACE('',(#12558),#7018,.T.);
#12558 = FACE_BOUND('',#12559,.T.);
#12559 = EDGE_LOOP('',(#12560,#12583,#12610,#12611));
#12560 = ORIENTED_EDGE('',*,*,#12561,.T.);
#12561 = EDGE_CURVE('',#6998,#12562,#12564,.T.);
#12562 = VERTEX_POINT('',#12563);
#12563 = CARTESIAN_POINT('',(-28.,31.507311543838,88.179920414171));
#12564 = SEAM_CURVE('',#12565,(#12569,#12576),.PCURVE_S1.);
#12565 = LINE('',#12566,#12567);
#12566 = CARTESIAN_POINT('',(-28.,27.748541060694,89.548000987474));
#12567 = VECTOR('',#12568,1.);
#12568 = DIRECTION('',(0.,0.939692620786,-0.342020143326));
#12569 = PCURVE('',#7018,#12570);
#12570 = DEFINITIONAL_REPRESENTATION('',(#12571),#12575);
#12571 = LINE('',#12572,#12573);
#12572 = CARTESIAN_POINT('',(0.,0.));
#12573 = VECTOR('',#12574,1.);
#12574 = DIRECTION('',(0.,-1.));
#12575 = ( GEOMETRIC_REPRESENTATION_CONTEXT(2) 
PARAMETRIC_REPRESENTATION_CONTEXT() REPRESENTATION_CONTEXT('2D SPACE',''
  ) );
#12576 = PCURVE('',#7018,#12577);
#12577 = DEFINITIONAL_REPRESENTATION('',(#12578),#12582);
#12578 = LINE('',#12579,#12580);
#12579 = CARTESIAN_POINT('',(6.28318530718,0.));
#12580 = VECTOR('',#12581,1.);
#12581 = DIRECTION('',(0.,-1.));
#12582 = ( GEOMETRIC_REPRESENTATION_CONTEXT(2) 
PARAMETRIC_REPRESENTATION_CONTEXT() REPRESENTATION_CONTEXT('2D SPACE',''
  ) );
#12583 = ORIENTED_EDGE('',*,*,#12584,.T.);
#12584 = EDGE_CURVE('',#12562,#12562,#12585,.T.);
#12585 = SURFACE_CURVE('',#12586,(#12591,#12598),.PCURVE_S1.);
#12586 = CIRCLE('',#12587,2.);
#12587 = AXIS2_PLACEMENT_3D('',#12588,#12589,#12590);
#12588 = CARTESIAN_POINT('',(-30.,31.507311543838,88.179920414171));
#12589 = DIRECTION('',(0.,-0.939692620786,0.342020143326));
#12590 = DIRECTION('',(1.,0.,0.));
#12591 = PCURVE('',#7018,#12592);
#12592 = DEFINITIONAL_REPRESENTATION('',(#12593),#12597);
#12593 = LINE('',#12594,#12595);
#12594 = CARTESIAN_POINT('',(0.,-4.));
#12595 = VECTOR('',#12596,1.);
#12596 = DIRECTION('',(1.,0.));
#12597 = ( GEOMETRIC_REPRESENTATION_CONTEXT(2) 
PARAMETRIC_REPRESENTATION_CONTEXT() REPRESENTATION_CONTEXT('2D SPACE',''
  ) );
#12598 = PCURVE('',#12599,#12604);
#12599 = PLANE('',#12600);
#12600 = AXIS2_PLACEMENT_3D('',#12601,#12602,#12603);
#12601 = CARTESIAN_POINT('',(-30.,31.507311543838,88.179920414171));
#12602 = DIRECTION('',(-0.,-0.939692620786,0.342020143326));
#12603 = DIRECTION('',(0.,-0.342020143326,-0.939692620786));
#12604 = DEFINITIONAL_REPRESENTATION('',(#12605),#12609);
#12605 = CIRCLE('',#12606,2.);
#12606 = AXIS2_PLACEMENT_2D('',#12607,#12608);
#12607 = CARTESIAN_POINT('',(0.,-3.552713678801E-15));
#12608 = DIRECTION('',(0.,1.));
#12609 = ( GEOMETRIC_REPRESENTATION_CONTEXT(2) 
PARAMETRIC_REPRESENTATION_CONTEXT() REPRESENTATION_CONTEXT('2D SPACE',''
  ) );
#12610 = ORIENTED_EDGE('',*,*,#12561,.F.);
#12611 = ORIENTED_EDGE('',*,*,#6997,.F.);
#12612 = ADVANCED_FACE('',(#12613),#7055,.F.);
#12613 = FACE_BOUND('',#12614,.T.);
#12614 = EDGE_LOOP('',(#12615,#12636,#12637,#12658));
#12615 = ORIENTED_EDGE('',*,*,#12616,.F.);
#12616 = EDGE_CURVE('',#7035,#10039,#12617,.T.);
#12617 = SURFACE_CURVE('',#12618,(#12622,#12629),.PCURVE_S1.);
#12618 = LINE('',#12619,#12620);
#12619 = CARTESIAN_POINT('',(-32.,-1.819272884482,7.726338950435));
#12620 = VECTOR('',#12621,1.);
#12621 = DIRECTION('',(0.,-0.939692620786,0.342020143326));
#12622 = PCURVE('',#7055,#12623);
#12623 = DEFINITIONAL_REPRESENTATION('',(#12624),#12628);
#12624 = LINE('',#12625,#12626);
#12625 = CARTESIAN_POINT('',(-0.,0.));
#12626 = VECTOR('',#12627,1.);
#12627 = DIRECTION('',(-0.,1.));
#12628 = ( GEOMETRIC_REPRESENTATION_CONTEXT(2) 
PARAMETRIC_REPRESENTATION_CONTEXT() REPRESENTATION_CONTEXT('2D SPACE',''
  ) );
#12629 = PCURVE('',#7083,#12630);
#12630 = DEFINITIONAL_REPRESENTATION('',(#12631),#12635);
#12631 = LINE('',#12632,#12633);
#12632 = CARTESIAN_POINT('',(8.,0.));
#12633 = VECTOR('',#12634,1.);
#12634 = DIRECTION('',(0.,-1.));
#12635 = ( GEOMETRIC_REPRESENTATION_CONTEXT(2) 
PARAMETRIC_REPRESENTATION_CONTEXT() REPRESENTATION_CONTEXT('2D SPACE',''
  ) );
#12636 = ORIENTED_EDGE('',*,*,#7032,.F.);
#12637 = ORIENTED_EDGE('',*,*,#12638,.T.);
#12638 = EDGE_CURVE('',#7033,#10037,#12639,.T.);
#12639 = SURFACE_CURVE('',#12640,(#12644,#12651),.PCURVE_S1.);
#12640 = LINE('',#12641,#12642);
#12641 = CARTESIAN_POINT('',(-40.,0.916888262123,15.243879916722));
#12642 = VECTOR('',#12643,1.);
#12643 = DIRECTION('',(0.,-0.939692620786,0.342020143326));
#12644 = PCURVE('',#7055,#12645);
#12645 = DEFINITIONAL_REPRESENTATION('',(#12646),#12650);
#12646 = LINE('',#12647,#12648);
#12647 = CARTESIAN_POINT('',(-1.570796326795,0.));
#12648 = VECTOR('',#12649,1.);
#12649 = DIRECTION('',(-0.,1.));
#12650 = ( GEOMETRIC_REPRESENTATION_CONTEXT(2) 
PARAMETRIC_REPRESENTATION_CONTEXT() REPRESENTATION_CONTEXT('2D SPACE',''
  ) );
#12651 = PCURVE('',#7289,#12652);
#12652 = DEFINITIONAL_REPRESENTATION('',(#12653),#12657);
#12653 = LINE('',#12654,#12655);
#12654 = CARTESIAN_POINT('',(40.,-1.7763568394E-15));
#12655 = VECTOR('',#12656,1.);
#12656 = DIRECTION('',(0.,-1.));
#12657 = ( GEOMETRIC_REPRESENTATION_CONTEXT(2) 
PARAMETRIC_REPRESENTATION_CONTEXT() REPRESENTATION_CONTEXT('2D SPACE',''
  ) );
#12658 = ORIENTED_EDGE('',*,*,#10036,.T.);
#12659 = ADVANCED_FACE('',(#12660),#7289,.T.);
#12660 = FACE_BOUND('',#12661,.T.);
#12661 = EDGE_LOOP('',(#12662,#12663,#12684,#12685,#12686));
#12662 = ORIENTED_EDGE('',*,*,#7273,.F.);
#12663 = ORIENTED_EDGE('',*,*,#12664,.T.);
#12664 = EDGE_CURVE('',#7241,#10192,#12665,.T.);
#12665 = SURFACE_CURVE('',#12666,(#12670,#12677),.PCURVE_S1.);
#12666 = LINE('',#12667,#12668);
#12667 = CARTESIAN_POINT('',(-40.,11.861532848545,45.314043781871));
#12668 = VECTOR('',#12669,1.);
#12669 = DIRECTION('',(0.,-0.939692620786,0.342020143326));
#12670 = PCURVE('',#7289,#12671);
#12671 = DEFINITIONAL_REPRESENTATION('',(#12672),#12676);
#12672 = LINE('',#12673,#12674);
#12673 = CARTESIAN_POINT('',(8.,-3.996802888651E-15));
#12674 = VECTOR('',#12675,1.);
#12675 = DIRECTION('',(0.,-1.));
#12676 = ( GEOMETRIC_REPRESENTATION_CONTEXT(2) 
PARAMETRIC_REPRESENTATION_CONTEXT() REPRESENTATION_CONTEXT('2D SPACE',''
  ) );
#12677 = PCURVE('',#7261,#12678);
#12678 = DEFINITIONAL_REPRESENTATION('',(#12679),#12683);
#12679 = LINE('',#12680,#12681);
#12680 = CARTESIAN_POINT('',(1.570796326795,0.));
#12681 = VECTOR('',#12682,1.);
#12682 = DIRECTION('',(0.,1.));
#12683 = ( GEOMETRIC_REPRESENTATION_CONTEXT(2) 
PARAMETRIC_REPRESENTATION_CONTEXT() REPRESENTATION_CONTEXT('2D SPACE',''
  ) );
#12684 = ORIENTED_EDGE('',*,*,#10219,.T.);
#12685 = ORIENTED_EDGE('',*,*,#12638,.F.);
#12686 = ORIENTED_EDGE('',*,*,#7301,.F.);
#12687 = ADVANCED_FACE('',(#12688),#7083,.T.);
#12688 = FACE_BOUND('',#12689,.T.);
#12689 = EDGE_LOOP('',(#12690,#12691,#12692,#12693));
#12690 = ORIENTED_EDGE('',*,*,#7067,.F.);
#12691 = ORIENTED_EDGE('',*,*,#12616,.T.);
#12692 = ORIENTED_EDGE('',*,*,#10066,.T.);
#12693 = ORIENTED_EDGE('',*,*,#12694,.F.);
#12694 = EDGE_CURVE('',#7068,#10067,#12695,.T.);
#12695 = SURFACE_CURVE('',#12696,(#12700,#12707),.PCURVE_S1.);
#12696 = LINE('',#12697,#12698);
#12697 = CARTESIAN_POINT('',(32.,-1.819272884482,7.726338950435));
#12698 = VECTOR('',#12699,1.);
#12699 = DIRECTION('',(0.,-0.939692620786,0.342020143326));
#12700 = PCURVE('',#7083,#12701);
#12701 = DEFINITIONAL_REPRESENTATION('',(#12702),#12706);
#12702 = LINE('',#12703,#12704);
#12703 = CARTESIAN_POINT('',(72.,0.));
#12704 = VECTOR('',#12705,1.);
#12705 = DIRECTION('',(0.,-1.));
#12706 = ( GEOMETRIC_REPRESENTATION_CONTEXT(2) 
PARAMETRIC_REPRESENTATION_CONTEXT() REPRESENTATION_CONTEXT('2D SPACE',''
  ) );
#12707 = PCURVE('',#7116,#12708);
#12708 = DEFINITIONAL_REPRESENTATION('',(#12709),#12713);
#12709 = LINE('',#12710,#12711);
#12710 = CARTESIAN_POINT('',(0.,0.));
#12711 = VECTOR('',#12712,1.);
#12712 = DIRECTION('',(0.,1.));
#12713 = ( GEOMETRIC_REPRESENTATION_CONTEXT(2) 
PARAMETRIC_REPRESENTATION_CONTEXT() REPRESENTATION_CONTEXT('2D SPACE',''
  ) );
#12714 = ADVANCED_FACE('',(#12715),#7116,.F.);
#12715 = FACE_BOUND('',#12716,.F.);
#12716 = EDGE_LOOP('',(#12717,#12718,#12719,#12740));
#12717 = ORIENTED_EDGE('',*,*,#12694,.F.);
#12718 = ORIENTED_EDGE('',*,*,#7095,.T.);
#12719 = ORIENTED_EDGE('',*,*,#12720,.T.);
#12720 = EDGE_CURVE('',#7096,#10090,#12721,.T.);
#12721 = SURFACE_CURVE('',#12722,(#12726,#12733),.PCURVE_S1.);
#12722 = LINE('',#12723,#12724);
#12723 = CARTESIAN_POINT('',(40.,0.916888262123,15.243879916722));
#12724 = VECTOR('',#12725,1.);
#12725 = DIRECTION('',(0.,-0.939692620786,0.342020143326));
#12726 = PCURVE('',#7116,#12727);
#12727 = DEFINITIONAL_REPRESENTATION('',(#12728),#12732);
#12728 = LINE('',#12729,#12730);
#12729 = CARTESIAN_POINT('',(1.570796326795,0.));
#12730 = VECTOR('',#12731,1.);
#12731 = DIRECTION('',(0.,1.));
#12732 = ( GEOMETRIC_REPRESENTATION_CONTEXT(2) 
PARAMETRIC_REPRESENTATION_CONTEXT() REPRESENTATION_CONTEXT('2D SPACE',''
  ) );
#12733 = PCURVE('',#7144,#12734);
#12734 = DEFINITIONAL_REPRESENTATION('',(#12735),#12739);
#12735 = LINE('',#12736,#12737);
#12736 = CARTESIAN_POINT('',(8.,4.440892098501E-16));
#12737 = VECTOR('',#12738,1.);
#12738 = DIRECTION('',(0.,-1.));
#12739 = ( GEOMETRIC_REPRESENTATION_CONTEXT(2) 
PARAMETRIC_REPRESENTATION_CONTEXT() REPRESENTATION_CONTEXT('2D SPACE',''
  ) );
#12740 = ORIENTED_EDGE('',*,*,#10089,.F.);
#12741 = ADVANCED_FACE('',(#12742),#7261,.F.);
#12742 = FACE_BOUND('',#12743,.F.);
#12743 = EDGE_LOOP('',(#12744,#12765,#12766,#12767));
#12744 = ORIENTED_EDGE('',*,*,#12745,.F.);
#12745 = EDGE_CURVE('',#7213,#10169,#12746,.T.);
#12746 = SURFACE_CURVE('',#12747,(#12751,#12758),.PCURVE_S1.);
#12747 = LINE('',#12748,#12749);
#12748 = CARTESIAN_POINT('',(-32.,14.59769399515,52.831584748159));
#12749 = VECTOR('',#12750,1.);
#12750 = DIRECTION('',(0.,-0.939692620786,0.342020143326));
#12751 = PCURVE('',#7261,#12752);
#12752 = DEFINITIONAL_REPRESENTATION('',(#12753),#12757);
#12753 = LINE('',#12754,#12755);
#12754 = CARTESIAN_POINT('',(0.,0.));
#12755 = VECTOR('',#12756,1.);
#12756 = DIRECTION('',(0.,1.));
#12757 = ( GEOMETRIC_REPRESENTATION_CONTEXT(2) 
PARAMETRIC_REPRESENTATION_CONTEXT() REPRESENTATION_CONTEXT('2D SPACE',''
  ) );
#12758 = PCURVE('',#7228,#12759);
#12759 = DEFINITIONAL_REPRESENTATION('',(#12760),#12764);
#12760 = LINE('',#12761,#12762);
#12761 = CARTESIAN_POINT('',(72.,0.));
#12762 = VECTOR('',#12763,1.);
#12763 = DIRECTION('',(0.,-1.));
#12764 = ( GEOMETRIC_REPRESENTATION_CONTEXT(2) 
PARAMETRIC_REPRESENTATION_CONTEXT() REPRESENTATION_CONTEXT('2D SPACE',''
  ) );
#12765 = ORIENTED_EDGE('',*,*,#7240,.T.);
#12766 = ORIENTED_EDGE('',*,*,#12664,.T.);
#12767 = ORIENTED_EDGE('',*,*,#10191,.F.);
#12768 = ADVANCED_FACE('',(#12769),#7144,.T.);
#12769 = FACE_BOUND('',#12770,.T.);
#12770 = EDGE_LOOP('',(#12771,#12772,#12773,#12774,#12795));
#12771 = ORIENTED_EDGE('',*,*,#7128,.F.);
#12772 = ORIENTED_EDGE('',*,*,#12720,.T.);
#12773 = ORIENTED_EDGE('',*,*,#10117,.T.);
#12774 = ORIENTED_EDGE('',*,*,#12775,.F.);
#12775 = EDGE_CURVE('',#7157,#10118,#12776,.T.);
#12776 = SURFACE_CURVE('',#12777,(#12781,#12788),.PCURVE_S1.);
#12777 = LINE('',#12778,#12779);
#12778 = CARTESIAN_POINT('',(40.,11.861532848545,45.314043781871));
#12779 = VECTOR('',#12780,1.);
#12780 = DIRECTION('',(0.,-0.939692620786,0.342020143326));
#12781 = PCURVE('',#7144,#12782);
#12782 = DEFINITIONAL_REPRESENTATION('',(#12783),#12787);
#12783 = LINE('',#12784,#12785);
#12784 = CARTESIAN_POINT('',(40.,0.));
#12785 = VECTOR('',#12786,1.);
#12786 = DIRECTION('',(0.,-1.));
#12787 = ( GEOMETRIC_REPRESENTATION_CONTEXT(2) 
PARAMETRIC_REPRESENTATION_CONTEXT() REPRESENTATION_CONTEXT('2D SPACE',''
  ) );
#12788 = PCURVE('',#7200,#12789);
#12789 = DEFINITIONAL_REPRESENTATION('',(#12790),#12794);
#12790 = LINE('',#12791,#12792);
#12791 = CARTESIAN_POINT('',(0.,0.));
#12792 = VECTOR('',#12793,1.);
#12793 = DIRECTION('',(0.,1.));
#12794 = ( GEOMETRIC_REPRESENTATION_CONTEXT(2) 
PARAMETRIC_REPRESENTATION_CONTEXT() REPRESENTATION_CONTEXT('2D SPACE',''
  ) );
#12795 = ORIENTED_EDGE('',*,*,#7156,.F.);
#12796 = ADVANCED_FACE('',(#12797),#7228,.T.);
#12797 = FACE_BOUND('',#12798,.T.);
#12798 = EDGE_LOOP('',(#12799,#12800,#12821,#12822));
#12799 = ORIENTED_EDGE('',*,*,#7212,.F.);
#12800 = ORIENTED_EDGE('',*,*,#12801,.T.);
#12801 = EDGE_CURVE('',#7180,#10141,#12802,.T.);
#12802 = SURFACE_CURVE('',#12803,(#12807,#12814),.PCURVE_S1.);
#12803 = LINE('',#12804,#12805);
#12804 = CARTESIAN_POINT('',(32.,14.59769399515,52.831584748159));
#12805 = VECTOR('',#12806,1.);
#12806 = DIRECTION('',(0.,-0.939692620786,0.342020143326));
#12807 = PCURVE('',#7228,#12808);
#12808 = DEFINITIONAL_REPRESENTATION('',(#12809),#12813);
#12809 = LINE('',#12810,#12811);
#12810 = CARTESIAN_POINT('',(8.,0.));
#12811 = VECTOR('',#12812,1.);
#12812 = DIRECTION('',(0.,-1.));
#12813 = ( GEOMETRIC_REPRESENTATION_CONTEXT(2) 
PARAMETRIC_REPRESENTATION_CONTEXT() REPRESENTATION_CONTEXT('2D SPACE',''
  ) );
#12814 = PCURVE('',#7200,#12815);
#12815 = DEFINITIONAL_REPRESENTATION('',(#12816),#12820);
#12816 = LINE('',#12817,#12818);
#12817 = CARTESIAN_POINT('',(1.570796326795,0.));
#12818 = VECTOR('',#12819,1.);
#12819 = DIRECTION('',(0.,1.));
#12820 = ( GEOMETRIC_REPRESENTATION_CONTEXT(2) 
PARAMETRIC_REPRESENTATION_CONTEXT() REPRESENTATION_CONTEXT('2D SPACE',''
  ) );
#12821 = ORIENTED_EDGE('',*,*,#10168,.T.);
#12822 = ORIENTED_EDGE('',*,*,#12745,.F.);
#12823 = ADVANCED_FACE('',(#12824),#7200,.F.);
#12824 = FACE_BOUND('',#12825,.F.);
#12825 = EDGE_LOOP('',(#12826,#12827,#12828,#12829));
#12826 = ORIENTED_EDGE('',*,*,#12775,.F.);
#12827 = ORIENTED_EDGE('',*,*,#7179,.T.);
#12828 = ORIENTED_EDGE('',*,*,#12801,.T.);
#12829 = ORIENTED_EDGE('',*,*,#10140,.F.);
#12830 = ADVANCED_FACE('',(#12831),#7662,.T.);
#12831 = FACE_BOUND('',#12832,.T.);
#12832 = EDGE_LOOP('',(#12833,#12863,#12864,#12894));
#12833 = ORIENTED_EDGE('',*,*,#12834,.F.);
#12834 = EDGE_CURVE('',#7325,#10243,#12835,.T.);
#12835 = SURFACE_CURVE('',#12836,(#12843,#12853),.PCURVE_S1.);
#12836 = B_SPLINE_CURVE_WITH_KNOTS('',5,(#12837,#12838,#12839,#12840,
    #12841,#12842),.UNSPECIFIED.,.F.,.F.,(6,6),(0.,1.),
  .PIECEWISE_BEZIER_KNOTS.);
#12837 = CARTESIAN_POINT('',(8.958070923884,19.892876210949,
    67.37997656368));
#12838 = CARTESIAN_POINT('',(8.958070923884,19.374002749053,
    67.568831059161));
#12839 = CARTESIAN_POINT('',(8.958070923884,18.810561787441,
    67.773906797954));
#12840 = CARTESIAN_POINT('',(8.958070923884,18.253348592865,
    67.97671581492));
#12841 = CARTESIAN_POINT('',(8.958070923884,17.714524124745,
    68.17283188281));
#12842 = CARTESIAN_POINT('',(8.958070923884,17.167766483038,
    68.371835389748));
#12843 = PCURVE('',#7662,#12844);
#12844 = DEFINITIONAL_REPRESENTATION('',(#12845),#12852);
#12845 = B_SPLINE_CURVE_WITH_KNOTS('',5,(#12846,#12847,#12848,#12849,
    #12850,#12851),.UNSPECIFIED.,.F.,.F.,(6,6),(0.,1.),
  .PIECEWISE_BEZIER_KNOTS.);
#12846 = CARTESIAN_POINT('',(6.902338681876,5.999999999062E-07));
#12847 = CARTESIAN_POINT('',(6.902338681876,-0.552173004877));
#12848 = CARTESIAN_POINT('',(6.902338681876,-1.151774352327));
#12849 = CARTESIAN_POINT('',(6.902338681876,-1.744748248525));
#12850 = CARTESIAN_POINT('',(6.902338681876,-2.318153270764));
#12851 = CARTESIAN_POINT('',(6.902338681876,-2.9000006));
#12852 = ( GEOMETRIC_REPRESENTATION_CONTEXT(2) 
PARAMETRIC_REPRESENTATION_CONTEXT() REPRESENTATION_CONTEXT('2D SPACE',''
  ) );
#12853 = PCURVE('',#8029,#12854);
#12854 = DEFINITIONAL_REPRESENTATION('',(#12855),#12862);
#12855 = B_SPLINE_CURVE_WITH_KNOTS('',5,(#12856,#12857,#12858,#12859,
    #12860,#12861),.UNSPECIFIED.,.F.,.F.,(6,6),(0.,1.),
  .PIECEWISE_BEZIER_KNOTS.);
#12856 = CARTESIAN_POINT('',(6.379750395253,-9.999940000006E-02));
#12857 = CARTESIAN_POINT('',(6.379750395253,-0.652173004877));
#12858 = CARTESIAN_POINT('',(6.379750395253,-1.25177435216));
#12859 = CARTESIAN_POINT('',(6.379750395253,-1.844748248821));
#12860 = CARTESIAN_POINT('',(6.379750395253,-2.418153270648));
#12861 = CARTESIAN_POINT('',(6.379750395253,-3.000000599884));
#12862 = ( GEOMETRIC_REPRESENTATION_CONTEXT(2) 
PARAMETRIC_REPRESENTATION_CONTEXT() REPRESENTATION_CONTEXT('2D SPACE',''
  ) );
#12863 = ORIENTED_EDGE('',*,*,#7324,.T.);
#12864 = ORIENTED_EDGE('',*,*,#12865,.F.);
#12865 = EDGE_CURVE('',#10245,#7327,#12866,.T.);
#12866 = SURFACE_CURVE('',#12867,(#12874,#12884),.PCURVE_S1.);
#12867 = B_SPLINE_CURVE_WITH_KNOTS('',5,(#12868,#12869,#12870,#12871,
    #12872,#12873),.UNSPECIFIED.,.F.,.F.,(6,6),(0.,1.),
  .PIECEWISE_BEZIER_KNOTS.);
#12868 = CARTESIAN_POINT('',(-8.958070923884,17.167766483038,
    68.371835389748));
#12869 = CARTESIAN_POINT('',(-8.958070923884,17.718738014657,
    68.171298152311));
#12870 = CARTESIAN_POINT('',(-8.958070923884,18.263027939622,
    67.973192820813));
#12871 = CARTESIAN_POINT('',(-8.958070923884,18.801954126932,
    67.777039730166));
#12872 = CARTESIAN_POINT('',(-8.958070923884,19.341611361265,
    67.580620560162));
#12873 = CARTESIAN_POINT('',(-8.958070923884,19.892876210949,
    67.37997656368));
#12874 = PCURVE('',#7662,#12875);
#12875 = DEFINITIONAL_REPRESENTATION('',(#12876),#12883);
#12876 = B_SPLINE_CURVE_WITH_KNOTS('',5,(#12877,#12878,#12879,#12880,
    #12881,#12882),.UNSPECIFIED.,.F.,.F.,(6,6),(0.,1.),
  .PIECEWISE_BEZIER_KNOTS.);
#12877 = CARTESIAN_POINT('',(2.522439278894,-2.9000006));
#12878 = CARTESIAN_POINT('',(2.522439278894,-2.313668942784));
#12879 = CARTESIAN_POINT('',(2.522439278894,-1.734447702854));
#12880 = CARTESIAN_POINT('',(2.522439278894,-1.160934433314));
#12881 = CARTESIAN_POINT('',(2.522439278894,-0.586643199781));
#12882 = CARTESIAN_POINT('',(2.522439278894,5.999999999062E-07));
#12883 = ( GEOMETRIC_REPRESENTATION_CONTEXT(2) 
PARAMETRIC_REPRESENTATION_CONTEXT() REPRESENTATION_CONTEXT('2D SPACE',''
  ) );
#12884 = PCURVE('',#8029,#12885);
#12885 = DEFINITIONAL_REPRESENTATION('',(#12886),#12893);
#12886 = B_SPLINE_CURVE_WITH_KNOTS('',5,(#12887,#12888,#12889,#12890,
    #12891,#12892),.UNSPECIFIED.,.F.,.F.,(6,6),(0.,1.),
  .PIECEWISE_BEZIER_KNOTS.);
#12887 = CARTESIAN_POINT('',(3.045027565516,-3.000000599884));
#12888 = CARTESIAN_POINT('',(3.045027565516,-2.413668942668));
#12889 = CARTESIAN_POINT('',(3.045027565516,-1.83444770315));
#12890 = CARTESIAN_POINT('',(3.045027565516,-1.260934433145));
#12891 = CARTESIAN_POINT('',(3.045027565516,-0.686643199781));
#12892 = CARTESIAN_POINT('',(3.045027565516,-9.999940000006E-02));
#12893 = ( GEOMETRIC_REPRESENTATION_CONTEXT(2) 
PARAMETRIC_REPRESENTATION_CONTEXT() REPRESENTATION_CONTEXT('2D SPACE',''
  ) );
#12894 = ORIENTED_EDGE('',*,*,#10242,.F.);
#12895 = ADVANCED_FACE('',(#12896),#8029,.F.);
#12896 = FACE_BOUND('',#12897,.F.);
#12897 = EDGE_LOOP('',(#12898,#12899,#12900,#12901));
#12898 = ORIENTED_EDGE('',*,*,#7837,.T.);
#12899 = ORIENTED_EDGE('',*,*,#12865,.F.);
#12900 = ORIENTED_EDGE('',*,*,#10747,.F.);
#12901 = ORIENTED_EDGE('',*,*,#12834,.F.);
#12902 = ADVANCED_FACE('',(#12903),#8461,.T.);
#12903 = FACE_BOUND('',#12904,.T.);
#12904 = EDGE_LOOP('',(#12905,#12906,#12927,#12928));
#12905 = ORIENTED_EDGE('',*,*,#8135,.T.);
#12906 = ORIENTED_EDGE('',*,*,#12907,.T.);
#12907 = EDGE_CURVE('',#8136,#11038,#12908,.T.);
#12908 = SEAM_CURVE('',#12909,(#12913,#12920),.PCURVE_S1.);
#12909 = LINE('',#12910,#12911);
#12910 = CARTESIAN_POINT('',(21.,26.397388939886,85.250980165272));
#12911 = VECTOR('',#12912,1.);
#12912 = DIRECTION('',(0.,-0.939692620786,0.342020143326));
#12913 = PCURVE('',#8461,#12914);
#12914 = DEFINITIONAL_REPRESENTATION('',(#12915),#12919);
#12915 = LINE('',#12916,#12917);
#12916 = CARTESIAN_POINT('',(6.28318530718,0.));
#12917 = VECTOR('',#12918,1.);
#12918 = DIRECTION('',(0.,-1.));
#12919 = ( GEOMETRIC_REPRESENTATION_CONTEXT(2) 
PARAMETRIC_REPRESENTATION_CONTEXT() REPRESENTATION_CONTEXT('2D SPACE',''
  ) );
#12920 = PCURVE('',#8461,#12921);
#12921 = DEFINITIONAL_REPRESENTATION('',(#12922),#12926);
#12922 = LINE('',#12923,#12924);
#12923 = CARTESIAN_POINT('',(0.,0.));
#12924 = VECTOR('',#12925,1.);
#12925 = DIRECTION('',(0.,-1.));
#12926 = ( GEOMETRIC_REPRESENTATION_CONTEXT(2) 
PARAMETRIC_REPRESENTATION_CONTEXT() REPRESENTATION_CONTEXT('2D SPACE',''
  ) );
#12927 = ORIENTED_EDGE('',*,*,#11037,.F.);
#12928 = ORIENTED_EDGE('',*,*,#12907,.F.);
#12929 = ADVANCED_FACE('',(#12930),#8654,.T.);
#12930 = FACE_BOUND('',#12931,.T.);
#12931 = EDGE_LOOP('',(#12932,#12955,#12982,#12983));
#12932 = ORIENTED_EDGE('',*,*,#12933,.T.);
#12933 = EDGE_CURVE('',#8634,#12934,#12936,.T.);
#12934 = VERTEX_POINT('',#12935);
#12935 = CARTESIAN_POINT('',(32.,31.507311543838,88.179920414171));
#12936 = SEAM_CURVE('',#12937,(#12941,#12948),.PCURVE_S1.);
#12937 = LINE('',#12938,#12939);
#12938 = CARTESIAN_POINT('',(32.,27.748541060694,89.548000987474));
#12939 = VECTOR('',#12940,1.);
#12940 = DIRECTION('',(0.,0.939692620786,-0.342020143326));
#12941 = PCURVE('',#8654,#12942);
#12942 = DEFINITIONAL_REPRESENTATION('',(#12943),#12947);
#12943 = LINE('',#12944,#12945);
#12944 = CARTESIAN_POINT('',(0.,0.));
#12945 = VECTOR('',#12946,1.);
#12946 = DIRECTION('',(0.,-1.));
#12947 = ( GEOMETRIC_REPRESENTATION_CONTEXT(2) 
PARAMETRIC_REPRESENTATION_CONTEXT() REPRESENTATION_CONTEXT('2D SPACE',''
  ) );
#12948 = PCURVE('',#8654,#12949);
#12949 = DEFINITIONAL_REPRESENTATION('',(#12950),#12954);
#12950 = LINE('',#12951,#12952);
#12951 = CARTESIAN_POINT('',(6.28318530718,0.));
#12952 = VECTOR('',#12953,1.);
#12953 = DIRECTION('',(0.,-1.));
#12954 = ( GEOMETRIC_REPRESENTATION_CONTEXT(2) 
PARAMETRIC_REPRESENTATION_CONTEXT() REPRESENTATION_CONTEXT('2D SPACE',''
  ) );
#12955 = ORIENTED_EDGE('',*,*,#12956,.T.);
#12956 = EDGE_CURVE('',#12934,#12934,#12957,.T.);
#12957 = SURFACE_CURVE('',#12958,(#12963,#12970),.PCURVE_S1.);
#12958 = CIRCLE('',#12959,2.);
#12959 = AXIS2_PLACEMENT_3D('',#12960,#12961,#12962);
#12960 = CARTESIAN_POINT('',(30.,31.507311543838,88.179920414171));
#12961 = DIRECTION('',(0.,-0.939692620786,0.342020143326));
#12962 = DIRECTION('',(1.,0.,0.));
#12963 = PCURVE('',#8654,#12964);
#12964 = DEFINITIONAL_REPRESENTATION('',(#12965),#12969);
#12965 = LINE('',#12966,#12967);
#12966 = CARTESIAN_POINT('',(0.,-4.));
#12967 = VECTOR('',#12968,1.);
#12968 = DIRECTION('',(1.,0.));
#12969 = ( GEOMETRIC_REPRESENTATION_CONTEXT(2) 
PARAMETRIC_REPRESENTATION_CONTEXT() REPRESENTATION_CONTEXT('2D SPACE',''
  ) );
#12970 = PCURVE('',#12971,#12976);
#12971 = PLANE('',#12972);
#12972 = AXIS2_PLACEMENT_3D('',#12973,#12974,#12975);
#12973 = CARTESIAN_POINT('',(30.,31.507311543838,88.179920414171));
#12974 = DIRECTION('',(-0.,-0.939692620786,0.342020143326));
#12975 = DIRECTION('',(0.,-0.342020143326,-0.939692620786));
#12976 = DEFINITIONAL_REPRESENTATION('',(#12977),#12981);
#12977 = CIRCLE('',#12978,2.);
#12978 = AXIS2_PLACEMENT_2D('',#12979,#12980);
#12979 = CARTESIAN_POINT('',(0.,-3.552713678801E-15));
#12980 = DIRECTION('',(0.,1.));
#12981 = ( GEOMETRIC_REPRESENTATION_CONTEXT(2) 
PARAMETRIC_REPRESENTATION_CONTEXT() REPRESENTATION_CONTEXT('2D SPACE',''
  ) );
#12982 = ORIENTED_EDGE('',*,*,#12933,.F.);
#12983 = ORIENTED_EDGE('',*,*,#8633,.F.);
#12984 = ADVANCED_FACE('',(#12985,#12988),#12599,.F.);
#12985 = FACE_BOUND('',#12986,.F.);
#12986 = EDGE_LOOP('',(#12987));
#12987 = ORIENTED_EDGE('',*,*,#12584,.T.);
#12988 = FACE_BOUND('',#12989,.F.);
#12989 = EDGE_LOOP('',(#12990));
#12990 = ORIENTED_EDGE('',*,*,#12991,.F.);
#12991 = EDGE_CURVE('',#12992,#12992,#12994,.T.);
#12992 = VERTEX_POINT('',#12993);
#12993 = CARTESIAN_POINT('',(-28.35,31.507311543838,88.179920414171));
#12994 = SURFACE_CURVE('',#12995,(#13000,#13007),.PCURVE_S1.);
#12995 = CIRCLE('',#12996,1.65);
#12996 = AXIS2_PLACEMENT_3D('',#12997,#12998,#12999);
#12997 = CARTESIAN_POINT('',(-30.,31.507311543838,88.179920414171));
#12998 = DIRECTION('',(0.,-0.939692620786,0.342020143326));
#12999 = DIRECTION('',(1.,0.,0.));
#13000 = PCURVE('',#12599,#13001);
#13001 = DEFINITIONAL_REPRESENTATION('',(#13002),#13006);
#13002 = CIRCLE('',#13003,1.65);
#13003 = AXIS2_PLACEMENT_2D('',#13004,#13005);
#13004 = CARTESIAN_POINT('',(0.,-3.552713678801E-15));
#13005 = DIRECTION('',(0.,1.));
#13006 = ( GEOMETRIC_REPRESENTATION_CONTEXT(2) 
PARAMETRIC_REPRESENTATION_CONTEXT() REPRESENTATION_CONTEXT('2D SPACE',''
  ) );
#13007 = PCURVE('',#13008,#13013);
#13008 = CYLINDRICAL_SURFACE('',#13009,1.65);
#13009 = AXIS2_PLACEMENT_3D('',#13010,#13011,#13012);
#13010 = CARTESIAN_POINT('',(-30.,31.507311543838,88.179920414171));
#13011 = DIRECTION('',(0.,-0.939692620786,0.342020143326));
#13012 = DIRECTION('',(1.,0.,0.));
#13013 = DEFINITIONAL_REPRESENTATION('',(#13014),#13018);
#13014 = LINE('',#13015,#13016);
#13015 = CARTESIAN_POINT('',(0.,0.));
#13016 = VECTOR('',#13017,1.);
#13017 = DIRECTION('',(1.,0.));
#13018 = ( GEOMETRIC_REPRESENTATION_CONTEXT(2) 
PARAMETRIC_REPRESENTATION_CONTEXT() REPRESENTATION_CONTEXT('2D SPACE',''
  ) );
#13019 = ADVANCED_FACE('',(#13020,#13023),#12971,.F.);
#13020 = FACE_BOUND('',#13021,.F.);
#13021 = EDGE_LOOP('',(#13022));
#13022 = ORIENTED_EDGE('',*,*,#12956,.T.);
#13023 = FACE_BOUND('',#13024,.F.);
#13024 = EDGE_LOOP('',(#13025));
#13025 = ORIENTED_EDGE('',*,*,#13026,.F.);
#13026 = EDGE_CURVE('',#13027,#13027,#13029,.T.);
#13027 = VERTEX_POINT('',#13028);
#13028 = CARTESIAN_POINT('',(31.65,31.507311543838,88.179920414171));
#13029 = SURFACE_CURVE('',#13030,(#13035,#13042),.PCURVE_S1.);
#13030 = CIRCLE('',#13031,1.65);
#13031 = AXIS2_PLACEMENT_3D('',#13032,#13033,#13034);
#13032 = CARTESIAN_POINT('',(30.,31.507311543838,88.179920414171));
#13033 = DIRECTION('',(0.,-0.939692620786,0.342020143326));
#13034 = DIRECTION('',(1.,0.,0.));
#13035 = PCURVE('',#12971,#13036);
#13036 = DEFINITIONAL_REPRESENTATION('',(#13037),#13041);
#13037 = CIRCLE('',#13038,1.65);
#13038 = AXIS2_PLACEMENT_2D('',#13039,#13040);
#13039 = CARTESIAN_POINT('',(0.,-3.552713678801E-15));
#13040 = DIRECTION('',(0.,1.));
#13041 = ( GEOMETRIC_REPRESENTATION_CONTEXT(2) 
PARAMETRIC_REPRESENTATION_CONTEXT() REPRESENTATION_CONTEXT('2D SPACE',''
  ) );
#13042 = PCURVE('',#13043,#13048);
#13043 = CYLINDRICAL_SURFACE('',#13044,1.65);
#13044 = AXIS2_PLACEMENT_3D('',#13045,#13046,#13047);
#13045 = CARTESIAN_POINT('',(30.,31.507311543838,88.179920414171));
#13046 = DIRECTION('',(0.,-0.939692620786,0.342020143326));
#13047 = DIRECTION('',(1.,0.,0.));
#13048 = DEFINITIONAL_REPRESENTATION('',(#13049),#13053);
#13049 = LINE('',#13050,#13051);
#13050 = CARTESIAN_POINT('',(0.,0.));
#13051 = VECTOR('',#13052,1.);
#13052 = DIRECTION('',(1.,0.));
#13053 = ( GEOMETRIC_REPRESENTATION_CONTEXT(2) 
PARAMETRIC_REPRESENTATION_CONTEXT() REPRESENTATION_CONTEXT('2D SPACE',''
  ) );
#13054 = ADVANCED_FACE('',(#13055),#13008,.T.);
#13055 = FACE_BOUND('',#13056,.T.);
#13056 = EDGE_LOOP('',(#13057,#13080,#13107,#13108));
#13057 = ORIENTED_EDGE('',*,*,#13058,.T.);
#13058 = EDGE_CURVE('',#12992,#13059,#13061,.T.);
#13059 = VERTEX_POINT('',#13060);
#13060 = CARTESIAN_POINT('',(-28.35,32.071127116309,87.974708328176));
#13061 = SEAM_CURVE('',#13062,(#13066,#13073),.PCURVE_S1.);
#13062 = LINE('',#13063,#13064);
#13063 = CARTESIAN_POINT('',(-28.35,31.507311543838,88.179920414171));
#13064 = VECTOR('',#13065,1.);
#13065 = DIRECTION('',(0.,0.939692620786,-0.342020143326));
#13066 = PCURVE('',#13008,#13067);
#13067 = DEFINITIONAL_REPRESENTATION('',(#13068),#13072);
#13068 = LINE('',#13069,#13070);
#13069 = CARTESIAN_POINT('',(0.,0.));
#13070 = VECTOR('',#13071,1.);
#13071 = DIRECTION('',(0.,-1.));
#13072 = ( GEOMETRIC_REPRESENTATION_CONTEXT(2) 
PARAMETRIC_REPRESENTATION_CONTEXT() REPRESENTATION_CONTEXT('2D SPACE',''
  ) );
#13073 = PCURVE('',#13008,#13074);
#13074 = DEFINITIONAL_REPRESENTATION('',(#13075),#13079);
#13075 = LINE('',#13076,#13077);
#13076 = CARTESIAN_POINT('',(6.28318530718,0.));
#13077 = VECTOR('',#13078,1.);
#13078 = DIRECTION('',(0.,-1.));
#13079 = ( GEOMETRIC_REPRESENTATION_CONTEXT(2) 
PARAMETRIC_REPRESENTATION_CONTEXT() REPRESENTATION_CONTEXT('2D SPACE',''
  ) );
#13080 = ORIENTED_EDGE('',*,*,#13081,.T.);
#13081 = EDGE_CURVE('',#13059,#13059,#13082,.T.);
#13082 = SURFACE_CURVE('',#13083,(#13088,#13095),.PCURVE_S1.);
#13083 = CIRCLE('',#13084,1.65);
#13084 = AXIS2_PLACEMENT_3D('',#13085,#13086,#13087);
#13085 = CARTESIAN_POINT('',(-30.,32.071127116309,87.974708328176));
#13086 = DIRECTION('',(0.,-0.939692620786,0.342020143326));
#13087 = DIRECTION('',(1.,0.,0.));
#13088 = PCURVE('',#13008,#13089);
#13089 = DEFINITIONAL_REPRESENTATION('',(#13090),#13094);
#13090 = LINE('',#13091,#13092);
#13091 = CARTESIAN_POINT('',(0.,-0.6));
#13092 = VECTOR('',#13093,1.);
#13093 = DIRECTION('',(1.,0.));
#13094 = ( GEOMETRIC_REPRESENTATION_CONTEXT(2) 
PARAMETRIC_REPRESENTATION_CONTEXT() REPRESENTATION_CONTEXT('2D SPACE',''
  ) );
#13095 = PCURVE('',#13096,#13101);
#13096 = PLANE('',#13097);
#13097 = AXIS2_PLACEMENT_3D('',#13098,#13099,#13100);
#13098 = CARTESIAN_POINT('',(-30.,32.071127116309,87.974708328176));
#13099 = DIRECTION('',(-0.,-0.939692620786,0.342020143326));
#13100 = DIRECTION('',(0.,-0.342020143326,-0.939692620786));
#13101 = DEFINITIONAL_REPRESENTATION('',(#13102),#13106);
#13102 = CIRCLE('',#13103,1.65);
#13103 = AXIS2_PLACEMENT_2D('',#13104,#13105);
#13104 = CARTESIAN_POINT('',(0.,3.552713678801E-15));
#13105 = DIRECTION('',(0.,1.));
#13106 = ( GEOMETRIC_REPRESENTATION_CONTEXT(2) 
PARAMETRIC_REPRESENTATION_CONTEXT() REPRESENTATION_CONTEXT('2D SPACE',''
  ) );
#13107 = ORIENTED_EDGE('',*,*,#13058,.F.);
#13108 = ORIENTED_EDGE('',*,*,#12991,.F.);
#13109 = ADVANCED_FACE('',(#13110),#13043,.T.);
#13110 = FACE_BOUND('',#13111,.T.);
#13111 = EDGE_LOOP('',(#13112,#13135,#13162,#13163));
#13112 = ORIENTED_EDGE('',*,*,#13113,.T.);
#13113 = EDGE_CURVE('',#13027,#13114,#13116,.T.);
#13114 = VERTEX_POINT('',#13115);
#13115 = CARTESIAN_POINT('',(31.65,32.071127116309,87.974708328176));
#13116 = SEAM_CURVE('',#13117,(#13121,#13128),.PCURVE_S1.);
#13117 = LINE('',#13118,#13119);
#13118 = CARTESIAN_POINT('',(31.65,31.507311543838,88.179920414171));
#13119 = VECTOR('',#13120,1.);
#13120 = DIRECTION('',(0.,0.939692620786,-0.342020143326));
#13121 = PCURVE('',#13043,#13122);
#13122 = DEFINITIONAL_REPRESENTATION('',(#13123),#13127);
#13123 = LINE('',#13124,#13125);
#13124 = CARTESIAN_POINT('',(0.,0.));
#13125 = VECTOR('',#13126,1.);
#13126 = DIRECTION('',(0.,-1.));
#13127 = ( GEOMETRIC_REPRESENTATION_CONTEXT(2) 
PARAMETRIC_REPRESENTATION_CONTEXT() REPRESENTATION_CONTEXT('2D SPACE',''
  ) );
#13128 = PCURVE('',#13043,#13129);
#13129 = DEFINITIONAL_REPRESENTATION('',(#13130),#13134);
#13130 = LINE('',#13131,#13132);
#13131 = CARTESIAN_POINT('',(6.28318530718,0.));
#13132 = VECTOR('',#13133,1.);
#13133 = DIRECTION('',(0.,-1.));
#13134 = ( GEOMETRIC_REPRESENTATION_CONTEXT(2) 
PARAMETRIC_REPRESENTATION_CONTEXT() REPRESENTATION_CONTEXT('2D SPACE',''
  ) );
#13135 = ORIENTED_EDGE('',*,*,#13136,.T.);
#13136 = EDGE_CURVE('',#13114,#13114,#13137,.T.);
#13137 = SURFACE_CURVE('',#13138,(#13143,#13150),.PCURVE_S1.);
#13138 = CIRCLE('',#13139,1.65);
#13139 = AXIS2_PLACEMENT_3D('',#13140,#13141,#13142);
#13140 = CARTESIAN_POINT('',(30.,32.071127116309,87.974708328176));
#13141 = DIRECTION('',(0.,-0.939692620786,0.342020143326));
#13142 = DIRECTION('',(1.,0.,0.));
#13143 = PCURVE('',#13043,#13144);
#13144 = DEFINITIONAL_REPRESENTATION('',(#13145),#13149);
#13145 = LINE('',#13146,#13147);
#13146 = CARTESIAN_POINT('',(0.,-0.6));
#13147 = VECTOR('',#13148,1.);
#13148 = DIRECTION('',(1.,0.));
#13149 = ( GEOMETRIC_REPRESENTATION_CONTEXT(2) 
PARAMETRIC_REPRESENTATION_CONTEXT() REPRESENTATION_CONTEXT('2D SPACE',''
  ) );
#13150 = PCURVE('',#13151,#13156);
#13151 = PLANE('',#13152);
#13152 = AXIS2_PLACEMENT_3D('',#13153,#13154,#13155);
#13153 = CARTESIAN_POINT('',(30.,32.071127116309,87.974708328176));
#13154 = DIRECTION('',(-0.,-0.939692620786,0.342020143326));
#13155 = DIRECTION('',(0.,-0.342020143326,-0.939692620786));
#13156 = DEFINITIONAL_REPRESENTATION('',(#13157),#13161);
#13157 = CIRCLE('',#13158,1.65);
#13158 = AXIS2_PLACEMENT_2D('',#13159,#13160);
#13159 = CARTESIAN_POINT('',(0.,3.552713678801E-15));
#13160 = DIRECTION('',(0.,1.));
#13161 = ( GEOMETRIC_REPRESENTATION_CONTEXT(2) 
PARAMETRIC_REPRESENTATION_CONTEXT() REPRESENTATION_CONTEXT('2D SPACE',''
  ) );
#13162 = ORIENTED_EDGE('',*,*,#13113,.F.);
#13163 = ORIENTED_EDGE('',*,*,#13026,.F.);
#13164 = ADVANCED_FACE('',(#13165),#13096,.F.);
#13165 = FACE_BOUND('',#13166,.F.);
#13166 = EDGE_LOOP('',(#13167));
#13167 = ORIENTED_EDGE('',*,*,#13081,.T.);
#13168 = ADVANCED_FACE('',(#13169),#13151,.F.);
#13169 = FACE_BOUND('',#13170,.F.);
#13170 = EDGE_LOOP('',(#13171));
#13171 = ORIENTED_EDGE('',*,*,#13136,.T.);
#13172 = MANIFOLD_SOLID_BREP('',#13173);
#13173 = CLOSED_SHELL('',(#13174,#13262,#13266,#13301,#13356));
#13174 = ADVANCED_FACE('',(#13175),#13189,.T.);
#13175 = FACE_BOUND('',#13176,.T.);
#13176 = EDGE_LOOP('',(#13177,#13207,#13234,#13235));
#13177 = ORIENTED_EDGE('',*,*,#13178,.T.);
#13178 = EDGE_CURVE('',#13179,#13181,#13183,.T.);
#13179 = VERTEX_POINT('',#13180);
#13180 = CARTESIAN_POINT('',(40.,10.647533894411,42.563369948179));
#13181 = VERTEX_POINT('',#13182);
#13182 = CARTESIAN_POINT('',(40.,14.406304377554,41.195289374876));
#13183 = SEAM_CURVE('',#13184,(#13188,#13200),.PCURVE_S1.);
#13184 = LINE('',#13185,#13186);
#13185 = CARTESIAN_POINT('',(40.,10.647533894411,42.563369948179));
#13186 = VECTOR('',#13187,1.);
#13187 = DIRECTION('',(0.,0.939692620786,-0.342020143326));
#13188 = PCURVE('',#13189,#13194);
#13189 = CYLINDRICAL_SURFACE('',#13190,2.);
#13190 = AXIS2_PLACEMENT_3D('',#13191,#13192,#13193);
#13191 = CARTESIAN_POINT('',(38.,10.647533894411,42.563369948179));
#13192 = DIRECTION('',(0.,-0.939692620786,0.342020143326));
#13193 = DIRECTION('',(1.,0.,0.));
#13194 = DEFINITIONAL_REPRESENTATION('',(#13195),#13199);
#13195 = LINE('',#13196,#13197);
#13196 = CARTESIAN_POINT('',(0.,0.));
#13197 = VECTOR('',#13198,1.);
#13198 = DIRECTION('',(0.,-1.));
#13199 = ( GEOMETRIC_REPRESENTATION_CONTEXT(2) 
PARAMETRIC_REPRESENTATION_CONTEXT() REPRESENTATION_CONTEXT('2D SPACE',''
  ) );
#13200 = PCURVE('',#13189,#13201);
#13201 = DEFINITIONAL_REPRESENTATION('',(#13202),#13206);
#13202 = LINE('',#13203,#13204);
#13203 = CARTESIAN_POINT('',(6.28318530718,0.));
#13204 = VECTOR('',#13205,1.);
#13205 = DIRECTION('',(0.,-1.));
#13206 = ( GEOMETRIC_REPRESENTATION_CONTEXT(2) 
PARAMETRIC_REPRESENTATION_CONTEXT() REPRESENTATION_CONTEXT('2D SPACE',''
  ) );
#13207 = ORIENTED_EDGE('',*,*,#13208,.T.);
#13208 = EDGE_CURVE('',#13181,#13181,#13209,.T.);
#13209 = SURFACE_CURVE('',#13210,(#13215,#13222),.PCURVE_S1.);
#13210 = CIRCLE('',#13211,2.);
#13211 = AXIS2_PLACEMENT_3D('',#13212,#13213,#13214);
#13212 = CARTESIAN_POINT('',(38.,14.406304377554,41.195289374876));
#13213 = DIRECTION('',(0.,-0.939692620786,0.342020143326));
#13214 = DIRECTION('',(1.,0.,0.));
#13215 = PCURVE('',#13189,#13216);
#13216 = DEFINITIONAL_REPRESENTATION('',(#13217),#13221);
#13217 = LINE('',#13218,#13219);
#13218 = CARTESIAN_POINT('',(0.,-4.));
#13219 = VECTOR('',#13220,1.);
#13220 = DIRECTION('',(1.,0.));
#13221 = ( GEOMETRIC_REPRESENTATION_CONTEXT(2) 
PARAMETRIC_REPRESENTATION_CONTEXT() REPRESENTATION_CONTEXT('2D SPACE',''
  ) );
#13222 = PCURVE('',#13223,#13228);
#13223 = PLANE('',#13224);
#13224 = AXIS2_PLACEMENT_3D('',#13225,#13226,#13227);
#13225 = CARTESIAN_POINT('',(38.,14.406304377554,41.195289374876));
#13226 = DIRECTION('',(-0.,-0.939692620786,0.342020143326));
#13227 = DIRECTION('',(0.,-0.342020143326,-0.939692620786));
#13228 = DEFINITIONAL_REPRESENTATION('',(#13229),#13233);
#13229 = CIRCLE('',#13230,2.);
#13230 = AXIS2_PLACEMENT_2D('',#13231,#13232);
#13231 = CARTESIAN_POINT('',(0.,-7.105427357601E-15));
#13232 = DIRECTION('',(0.,1.));
#13233 = ( GEOMETRIC_REPRESENTATION_CONTEXT(2) 
PARAMETRIC_REPRESENTATION_CONTEXT() REPRESENTATION_CONTEXT('2D SPACE',''
  ) );
#13234 = ORIENTED_EDGE('',*,*,#13178,.F.);
#13235 = ORIENTED_EDGE('',*,*,#13236,.F.);
#13236 = EDGE_CURVE('',#13179,#13179,#13237,.T.);
#13237 = SURFACE_CURVE('',#13238,(#13243,#13250),.PCURVE_S1.);
#13238 = CIRCLE('',#13239,2.);
#13239 = AXIS2_PLACEMENT_3D('',#13240,#13241,#13242);
#13240 = CARTESIAN_POINT('',(38.,10.647533894411,42.563369948179));
#13241 = DIRECTION('',(0.,-0.939692620786,0.342020143326));
#13242 = DIRECTION('',(1.,0.,0.));
#13243 = PCURVE('',#13189,#13244);
#13244 = DEFINITIONAL_REPRESENTATION('',(#13245),#13249);
#13245 = LINE('',#13246,#13247);
#13246 = CARTESIAN_POINT('',(0.,0.));
#13247 = VECTOR('',#13248,1.);
#13248 = DIRECTION('',(1.,0.));
#13249 = ( GEOMETRIC_REPRESENTATION_CONTEXT(2) 
PARAMETRIC_REPRESENTATION_CONTEXT() REPRESENTATION_CONTEXT('2D SPACE',''
  ) );
#13250 = PCURVE('',#13251,#13256);
#13251 = PLANE('',#13252);
#13252 = AXIS2_PLACEMENT_3D('',#13253,#13254,#13255);
#13253 = CARTESIAN_POINT('',(38.,10.647533894411,42.563369948179));
#13254 = DIRECTION('',(-0.,-0.939692620786,0.342020143326));
#13255 = DIRECTION('',(0.,-0.342020143326,-0.939692620786));
#13256 = DEFINITIONAL_REPRESENTATION('',(#13257),#13261);
#13257 = CIRCLE('',#13258,2.);
#13258 = AXIS2_PLACEMENT_2D('',#13259,#13260);
#13259 = CARTESIAN_POINT('',(0.,-7.105427357601E-15));
#13260 = DIRECTION('',(0.,1.));
#13261 = ( GEOMETRIC_REPRESENTATION_CONTEXT(2) 
PARAMETRIC_REPRESENTATION_CONTEXT() REPRESENTATION_CONTEXT('2D SPACE',''
  ) );
#13262 = ADVANCED_FACE('',(#13263),#13251,.T.);
#13263 = FACE_BOUND('',#13264,.T.);
#13264 = EDGE_LOOP('',(#13265));
#13265 = ORIENTED_EDGE('',*,*,#13236,.T.);
#13266 = ADVANCED_FACE('',(#13267,#13270),#13223,.F.);
#13267 = FACE_BOUND('',#13268,.F.);
#13268 = EDGE_LOOP('',(#13269));
#13269 = ORIENTED_EDGE('',*,*,#13208,.T.);
#13270 = FACE_BOUND('',#13271,.F.);
#13271 = EDGE_LOOP('',(#13272));
#13272 = ORIENTED_EDGE('',*,*,#13273,.F.);
#13273 = EDGE_CURVE('',#13274,#13274,#13276,.T.);
#13274 = VERTEX_POINT('',#13275);
#13275 = CARTESIAN_POINT('',(39.65,14.406304377554,41.195289374876));
#13276 = SURFACE_CURVE('',#13277,(#13282,#13289),.PCURVE_S1.);
#13277 = CIRCLE('',#13278,1.65);
#13278 = AXIS2_PLACEMENT_3D('',#13279,#13280,#13281);
#13279 = CARTESIAN_POINT('',(38.,14.406304377554,41.195289374876));
#13280 = DIRECTION('',(0.,-0.939692620786,0.342020143326));
#13281 = DIRECTION('',(1.,0.,0.));
#13282 = PCURVE('',#13223,#13283);
#13283 = DEFINITIONAL_REPRESENTATION('',(#13284),#13288);
#13284 = CIRCLE('',#13285,1.65);
#13285 = AXIS2_PLACEMENT_2D('',#13286,#13287);
#13286 = CARTESIAN_POINT('',(0.,-7.105427357601E-15));
#13287 = DIRECTION('',(0.,1.));
#13288 = ( GEOMETRIC_REPRESENTATION_CONTEXT(2) 
PARAMETRIC_REPRESENTATION_CONTEXT() REPRESENTATION_CONTEXT('2D SPACE',''
  ) );
#13289 = PCURVE('',#13290,#13295);
#13290 = CYLINDRICAL_SURFACE('',#13291,1.65);
#13291 = AXIS2_PLACEMENT_3D('',#13292,#13293,#13294);
#13292 = CARTESIAN_POINT('',(38.,14.406304377554,41.195289374876));
#13293 = DIRECTION('',(0.,-0.939692620786,0.342020143326));
#13294 = DIRECTION('',(1.,0.,0.));
#13295 = DEFINITIONAL_REPRESENTATION('',(#13296),#13300);
#13296 = LINE('',#13297,#13298);
#13297 = CARTESIAN_POINT('',(0.,0.));
#13298 = VECTOR('',#13299,1.);
#13299 = DIRECTION('',(1.,0.));
#13300 = ( GEOMETRIC_REPRESENTATION_CONTEXT(2) 
PARAMETRIC_REPRESENTATION_CONTEXT() REPRESENTATION_CONTEXT('2D SPACE',''
  ) );
#13301 = ADVANCED_FACE('',(#13302),#13290,.T.);
#13302 = FACE_BOUND('',#13303,.T.);
#13303 = EDGE_LOOP('',(#13304,#13327,#13354,#13355));
#13304 = ORIENTED_EDGE('',*,*,#13305,.T.);
#13305 = EDGE_CURVE('',#13274,#13306,#13308,.T.);
#13306 = VERTEX_POINT('',#13307);
#13307 = CARTESIAN_POINT('',(39.65,14.970119950026,40.990077288881));
#13308 = SEAM_CURVE('',#13309,(#13313,#13320),.PCURVE_S1.);
#13309 = LINE('',#13310,#13311);
#13310 = CARTESIAN_POINT('',(39.65,14.406304377554,41.195289374876));
#13311 = VECTOR('',#13312,1.);
#13312 = DIRECTION('',(0.,0.939692620786,-0.342020143326));
#13313 = PCURVE('',#13290,#13314);
#13314 = DEFINITIONAL_REPRESENTATION('',(#13315),#13319);
#13315 = LINE('',#13316,#13317);
#13316 = CARTESIAN_POINT('',(0.,0.));
#13317 = VECTOR('',#13318,1.);
#13318 = DIRECTION('',(0.,-1.));
#13319 = ( GEOMETRIC_REPRESENTATION_CONTEXT(2) 
PARAMETRIC_REPRESENTATION_CONTEXT() REPRESENTATION_CONTEXT('2D SPACE',''
  ) );
#13320 = PCURVE('',#13290,#13321);
#13321 = DEFINITIONAL_REPRESENTATION('',(#13322),#13326);
#13322 = LINE('',#13323,#13324);
#13323 = CARTESIAN_POINT('',(6.28318530718,0.));
#13324 = VECTOR('',#13325,1.);
#13325 = DIRECTION('',(0.,-1.));
#13326 = ( GEOMETRIC_REPRESENTATION_CONTEXT(2) 
PARAMETRIC_REPRESENTATION_CONTEXT() REPRESENTATION_CONTEXT('2D SPACE',''
  ) );
#13327 = ORIENTED_EDGE('',*,*,#13328,.T.);
#13328 = EDGE_CURVE('',#13306,#13306,#13329,.T.);
#13329 = SURFACE_CURVE('',#13330,(#13335,#13342),.PCURVE_S1.);
#13330 = CIRCLE('',#13331,1.65);
#13331 = AXIS2_PLACEMENT_3D('',#13332,#13333,#13334);
#13332 = CARTESIAN_POINT('',(38.,14.970119950026,40.990077288881));
#13333 = DIRECTION('',(0.,-0.939692620786,0.342020143326));
#13334 = DIRECTION('',(1.,0.,0.));
#13335 = PCURVE('',#13290,#13336);
#13336 = DEFINITIONAL_REPRESENTATION('',(#13337),#13341);
#13337 = LINE('',#13338,#13339);
#13338 = CARTESIAN_POINT('',(0.,-0.6));
#13339 = VECTOR('',#13340,1.);
#13340 = DIRECTION('',(1.,0.));
#13341 = ( GEOMETRIC_REPRESENTATION_CONTEXT(2) 
PARAMETRIC_REPRESENTATION_CONTEXT() REPRESENTATION_CONTEXT('2D SPACE',''
  ) );
#13342 = PCURVE('',#13343,#13348);
#13343 = PLANE('',#13344);
#13344 = AXIS2_PLACEMENT_3D('',#13345,#13346,#13347);
#13345 = CARTESIAN_POINT('',(38.,14.970119950026,40.990077288881));
#13346 = DIRECTION('',(-0.,-0.939692620786,0.342020143326));
#13347 = DIRECTION('',(0.,-0.342020143326,-0.939692620786));
#13348 = DEFINITIONAL_REPRESENTATION('',(#13349),#13353);
#13349 = CIRCLE('',#13350,1.65);
#13350 = AXIS2_PLACEMENT_2D('',#13351,#13352);
#13351 = CARTESIAN_POINT('',(7.892017297086E-15,0.));
#13352 = DIRECTION('',(0.,1.));
#13353 = ( GEOMETRIC_REPRESENTATION_CONTEXT(2) 
PARAMETRIC_REPRESENTATION_CONTEXT() REPRESENTATION_CONTEXT('2D SPACE',''
  ) );
#13354 = ORIENTED_EDGE('',*,*,#13305,.F.);
#13355 = ORIENTED_EDGE('',*,*,#13273,.F.);
#13356 = ADVANCED_FACE('',(#13357),#13343,.F.);
#13357 = FACE_BOUND('',#13358,.F.);
#13358 = EDGE_LOOP('',(#13359));
#13359 = ORIENTED_EDGE('',*,*,#13328,.T.);
#13360 = MANIFOLD_SOLID_BREP('',#13361);
#13361 = CLOSED_SHELL('',(#13362,#13474,#13479,#13514,#13569));
#13362 = ADVANCED_FACE('',(#13363),#13378,.T.);
#13363 = FACE_BOUND('',#13364,.T.);
#13364 = EDGE_LOOP('',(#13365,#13401,#13424,#13451,#13452));
#13365 = ORIENTED_EDGE('',*,*,#13366,.F.);
#13366 = EDGE_CURVE('',#13367,#13369,#13371,.T.);
#13367 = VERTEX_POINT('',#13368);
#13368 = CARTESIAN_POINT('',(-36.,10.647533894411,42.563369948179));
#13369 = VERTEX_POINT('',#13370);
#13370 = CARTESIAN_POINT('',(-40.,10.647533894411,42.563369948179));
#13371 = SURFACE_CURVE('',#13372,(#13377,#13389),.PCURVE_S1.);
#13372 = CIRCLE('',#13373,2.);
#13373 = AXIS2_PLACEMENT_3D('',#13374,#13375,#13376);
#13374 = CARTESIAN_POINT('',(-38.,10.647533894411,42.563369948179));
#13375 = DIRECTION('',(0.,-0.939692620786,0.342020143326));
#13376 = DIRECTION('',(1.,0.,0.));
#13377 = PCURVE('',#13378,#13383);
#13378 = CYLINDRICAL_SURFACE('',#13379,2.);
#13379 = AXIS2_PLACEMENT_3D('',#13380,#13381,#13382);
#13380 = CARTESIAN_POINT('',(-38.,10.647533894411,42.563369948179));
#13381 = DIRECTION('',(0.,-0.939692620786,0.342020143326));
#13382 = DIRECTION('',(1.,0.,0.));
#13383 = DEFINITIONAL_REPRESENTATION('',(#13384),#13388);
#13384 = LINE('',#13385,#13386);
#13385 = CARTESIAN_POINT('',(0.,0.));
#13386 = VECTOR('',#13387,1.);
#13387 = DIRECTION('',(1.,0.));
#13388 = ( GEOMETRIC_REPRESENTATION_CONTEXT(2) 
PARAMETRIC_REPRESENTATION_CONTEXT() REPRESENTATION_CONTEXT('2D SPACE',''
  ) );
#13389 = PCURVE('',#13390,#13395);
#13390 = PLANE('',#13391);
#13391 = AXIS2_PLACEMENT_3D('',#13392,#13393,#13394);
#13392 = CARTESIAN_POINT('',(-38.,10.647533894411,42.563369948179));
#13393 = DIRECTION('',(-0.,-0.939692620786,0.342020143326));
#13394 = DIRECTION('',(0.,-0.342020143326,-0.939692620786));
#13395 = DEFINITIONAL_REPRESENTATION('',(#13396),#13400);
#13396 = CIRCLE('',#13397,2.);
#13397 = AXIS2_PLACEMENT_2D('',#13398,#13399);
#13398 = CARTESIAN_POINT('',(0.,7.105427357601E-15));
#13399 = DIRECTION('',(0.,1.));
#13400 = ( GEOMETRIC_REPRESENTATION_CONTEXT(2) 
PARAMETRIC_REPRESENTATION_CONTEXT() REPRESENTATION_CONTEXT('2D SPACE',''
  ) );
#13401 = ORIENTED_EDGE('',*,*,#13402,.T.);
#13402 = EDGE_CURVE('',#13367,#13403,#13405,.T.);
#13403 = VERTEX_POINT('',#13404);
#13404 = CARTESIAN_POINT('',(-36.,14.406304377554,41.195289374876));
#13405 = SEAM_CURVE('',#13406,(#13410,#13417),.PCURVE_S1.);
#13406 = LINE('',#13407,#13408);
#13407 = CARTESIAN_POINT('',(-36.,10.647533894411,42.563369948179));
#13408 = VECTOR('',#13409,1.);
#13409 = DIRECTION('',(0.,0.939692620786,-0.342020143326));
#13410 = PCURVE('',#13378,#13411);
#13411 = DEFINITIONAL_REPRESENTATION('',(#13412),#13416);
#13412 = LINE('',#13413,#13414);
#13413 = CARTESIAN_POINT('',(6.28318530718,0.));
#13414 = VECTOR('',#13415,1.);
#13415 = DIRECTION('',(0.,-1.));
#13416 = ( GEOMETRIC_REPRESENTATION_CONTEXT(2) 
PARAMETRIC_REPRESENTATION_CONTEXT() REPRESENTATION_CONTEXT('2D SPACE',''
  ) );
#13417 = PCURVE('',#13378,#13418);
#13418 = DEFINITIONAL_REPRESENTATION('',(#13419),#13423);
#13419 = LINE('',#13420,#13421);
#13420 = CARTESIAN_POINT('',(0.,0.));
#13421 = VECTOR('',#13422,1.);
#13422 = DIRECTION('',(0.,-1.));
#13423 = ( GEOMETRIC_REPRESENTATION_CONTEXT(2) 
PARAMETRIC_REPRESENTATION_CONTEXT() REPRESENTATION_CONTEXT('2D SPACE',''
  ) );
#13424 = ORIENTED_EDGE('',*,*,#13425,.T.);
#13425 = EDGE_CURVE('',#13403,#13403,#13426,.T.);
#13426 = SURFACE_CURVE('',#13427,(#13432,#13439),.PCURVE_S1.);
#13427 = CIRCLE('',#13428,2.);
#13428 = AXIS2_PLACEMENT_3D('',#13429,#13430,#13431);
#13429 = CARTESIAN_POINT('',(-38.,14.406304377554,41.195289374876));
#13430 = DIRECTION('',(0.,-0.939692620786,0.342020143326));
#13431 = DIRECTION('',(1.,0.,0.));
#13432 = PCURVE('',#13378,#13433);
#13433 = DEFINITIONAL_REPRESENTATION('',(#13434),#13438);
#13434 = LINE('',#13435,#13436);
#13435 = CARTESIAN_POINT('',(0.,-4.));
#13436 = VECTOR('',#13437,1.);
#13437 = DIRECTION('',(1.,0.));
#13438 = ( GEOMETRIC_REPRESENTATION_CONTEXT(2) 
PARAMETRIC_REPRESENTATION_CONTEXT() REPRESENTATION_CONTEXT('2D SPACE',''
  ) );
#13439 = PCURVE('',#13440,#13445);
#13440 = PLANE('',#13441);
#13441 = AXIS2_PLACEMENT_3D('',#13442,#13443,#13444);
#13442 = CARTESIAN_POINT('',(-38.,14.406304377554,41.195289374876));
#13443 = DIRECTION('',(-0.,-0.939692620786,0.342020143326));
#13444 = DIRECTION('',(0.,-0.342020143326,-0.939692620786));
#13445 = DEFINITIONAL_REPRESENTATION('',(#13446),#13450);
#13446 = CIRCLE('',#13447,2.);
#13447 = AXIS2_PLACEMENT_2D('',#13448,#13449);
#13448 = CARTESIAN_POINT('',(0.,7.105427357601E-15));
#13449 = DIRECTION('',(0.,1.));
#13450 = ( GEOMETRIC_REPRESENTATION_CONTEXT(2) 
PARAMETRIC_REPRESENTATION_CONTEXT() REPRESENTATION_CONTEXT('2D SPACE',''
  ) );
#13451 = ORIENTED_EDGE('',*,*,#13402,.F.);
#13452 = ORIENTED_EDGE('',*,*,#13453,.F.);
#13453 = EDGE_CURVE('',#13369,#13367,#13454,.T.);
#13454 = SURFACE_CURVE('',#13455,(#13460,#13467),.PCURVE_S1.);
#13455 = CIRCLE('',#13456,2.);
#13456 = AXIS2_PLACEMENT_3D('',#13457,#13458,#13459);
#13457 = CARTESIAN_POINT('',(-38.,10.647533894411,42.563369948179));
#13458 = DIRECTION('',(0.,-0.939692620786,0.342020143326));
#13459 = DIRECTION('',(1.,0.,0.));
#13460 = PCURVE('',#13378,#13461);
#13461 = DEFINITIONAL_REPRESENTATION('',(#13462),#13466);
#13462 = LINE('',#13463,#13464);
#13463 = CARTESIAN_POINT('',(0.,0.));
#13464 = VECTOR('',#13465,1.);
#13465 = DIRECTION('',(1.,0.));
#13466 = ( GEOMETRIC_REPRESENTATION_CONTEXT(2) 
PARAMETRIC_REPRESENTATION_CONTEXT() REPRESENTATION_CONTEXT('2D SPACE',''
  ) );
#13467 = PCURVE('',#13390,#13468);
#13468 = DEFINITIONAL_REPRESENTATION('',(#13469),#13473);
#13469 = CIRCLE('',#13470,2.);
#13470 = AXIS2_PLACEMENT_2D('',#13471,#13472);
#13471 = CARTESIAN_POINT('',(0.,7.105427357601E-15));
#13472 = DIRECTION('',(0.,1.));
#13473 = ( GEOMETRIC_REPRESENTATION_CONTEXT(2) 
PARAMETRIC_REPRESENTATION_CONTEXT() REPRESENTATION_CONTEXT('2D SPACE',''
  ) );
#13474 = ADVANCED_FACE('',(#13475),#13390,.T.);
#13475 = FACE_BOUND('',#13476,.T.);
#13476 = EDGE_LOOP('',(#13477,#13478));
#13477 = ORIENTED_EDGE('',*,*,#13366,.T.);
#13478 = ORIENTED_EDGE('',*,*,#13453,.T.);
#13479 = ADVANCED_FACE('',(#13480,#13483),#13440,.F.);
#13480 = FACE_BOUND('',#13481,.F.);
#13481 = EDGE_LOOP('',(#13482));
#13482 = ORIENTED_EDGE('',*,*,#13425,.T.);
#13483 = FACE_BOUND('',#13484,.F.);
#13484 = EDGE_LOOP('',(#13485));
#13485 = ORIENTED_EDGE('',*,*,#13486,.F.);
#13486 = EDGE_CURVE('',#13487,#13487,#13489,.T.);
#13487 = VERTEX_POINT('',#13488);
#13488 = CARTESIAN_POINT('',(-36.35,14.406304377554,41.195289374876));
#13489 = SURFACE_CURVE('',#13490,(#13495,#13502),.PCURVE_S1.);
#13490 = CIRCLE('',#13491,1.65);
#13491 = AXIS2_PLACEMENT_3D('',#13492,#13493,#13494);
#13492 = CARTESIAN_POINT('',(-38.,14.406304377554,41.195289374876));
#13493 = DIRECTION('',(0.,-0.939692620786,0.342020143326));
#13494 = DIRECTION('',(1.,0.,0.));
#13495 = PCURVE('',#13440,#13496);
#13496 = DEFINITIONAL_REPRESENTATION('',(#13497),#13501);
#13497 = CIRCLE('',#13498,1.65);
#13498 = AXIS2_PLACEMENT_2D('',#13499,#13500);
#13499 = CARTESIAN_POINT('',(0.,7.105427357601E-15));
#13500 = DIRECTION('',(0.,1.));
#13501 = ( GEOMETRIC_REPRESENTATION_CONTEXT(2) 
PARAMETRIC_REPRESENTATION_CONTEXT() REPRESENTATION_CONTEXT('2D SPACE',''
  ) );
#13502 = PCURVE('',#13503,#13508);
#13503 = CYLINDRICAL_SURFACE('',#13504,1.65);
#13504 = AXIS2_PLACEMENT_3D('',#13505,#13506,#13507);
#13505 = CARTESIAN_POINT('',(-38.,14.406304377554,41.195289374876));
#13506 = DIRECTION('',(0.,-0.939692620786,0.342020143326));
#13507 = DIRECTION('',(1.,0.,0.));
#13508 = DEFINITIONAL_REPRESENTATION('',(#13509),#13513);
#13509 = LINE('',#13510,#13511);
#13510 = CARTESIAN_POINT('',(0.,0.));
#13511 = VECTOR('',#13512,1.);
#13512 = DIRECTION('',(1.,0.));
#13513 = ( GEOMETRIC_REPRESENTATION_CONTEXT(2) 
PARAMETRIC_REPRESENTATION_CONTEXT() REPRESENTATION_CONTEXT('2D SPACE',''
  ) );
#13514 = ADVANCED_FACE('',(#13515),#13503,.T.);
#13515 = FACE_BOUND('',#13516,.T.);
#13516 = EDGE_LOOP('',(#13517,#13540,#13567,#13568));
#13517 = ORIENTED_EDGE('',*,*,#13518,.T.);
#13518 = EDGE_CURVE('',#13487,#13519,#13521,.T.);
#13519 = VERTEX_POINT('',#13520);
#13520 = CARTESIAN_POINT('',(-36.35,14.970119950026,40.990077288881));
#13521 = SEAM_CURVE('',#13522,(#13526,#13533),.PCURVE_S1.);
#13522 = LINE('',#13523,#13524);
#13523 = CARTESIAN_POINT('',(-36.35,14.406304377554,41.195289374876));
#13524 = VECTOR('',#13525,1.);
#13525 = DIRECTION('',(0.,0.939692620786,-0.342020143326));
#13526 = PCURVE('',#13503,#13527);
#13527 = DEFINITIONAL_REPRESENTATION('',(#13528),#13532);
#13528 = LINE('',#13529,#13530);
#13529 = CARTESIAN_POINT('',(0.,0.));
#13530 = VECTOR('',#13531,1.);
#13531 = DIRECTION('',(0.,-1.));
#13532 = ( GEOMETRIC_REPRESENTATION_CONTEXT(2) 
PARAMETRIC_REPRESENTATION_CONTEXT() REPRESENTATION_CONTEXT('2D SPACE',''
  ) );
#13533 = PCURVE('',#13503,#13534);
#13534 = DEFINITIONAL_REPRESENTATION('',(#13535),#13539);
#13535 = LINE('',#13536,#13537);
#13536 = CARTESIAN_POINT('',(6.28318530718,0.));
#13537 = VECTOR('',#13538,1.);
#13538 = DIRECTION('',(0.,-1.));
#13539 = ( GEOMETRIC_REPRESENTATION_CONTEXT(2) 
PARAMETRIC_REPRESENTATION_CONTEXT() REPRESENTATION_CONTEXT('2D SPACE',''
  ) );
#13540 = ORIENTED_EDGE('',*,*,#13541,.T.);
#13541 = EDGE_CURVE('',#13519,#13519,#13542,.T.);
#13542 = SURFACE_CURVE('',#13543,(#13548,#13555),.PCURVE_S1.);
#13543 = CIRCLE('',#13544,1.65);
#13544 = AXIS2_PLACEMENT_3D('',#13545,#13546,#13547);
#13545 = CARTESIAN_POINT('',(-38.,14.970119950026,40.990077288881));
#13546 = DIRECTION('',(0.,-0.939692620786,0.342020143326));
#13547 = DIRECTION('',(1.,0.,0.));
#13548 = PCURVE('',#13503,#13549);
#13549 = DEFINITIONAL_REPRESENTATION('',(#13550),#13554);
#13550 = LINE('',#13551,#13552);
#13551 = CARTESIAN_POINT('',(0.,-0.6));
#13552 = VECTOR('',#13553,1.);
#13553 = DIRECTION('',(1.,0.));
#13554 = ( GEOMETRIC_REPRESENTATION_CONTEXT(2) 
PARAMETRIC_REPRESENTATION_CONTEXT() REPRESENTATION_CONTEXT('2D SPACE',''
  ) );
#13555 = PCURVE('',#13556,#13561);
#13556 = PLANE('',#13557);
#13557 = AXIS2_PLACEMENT_3D('',#13558,#13559,#13560);
#13558 = CARTESIAN_POINT('',(-38.,14.970119950026,40.990077288881));
#13559 = DIRECTION('',(-0.,-0.939692620786,0.342020143326));
#13560 = DIRECTION('',(0.,-0.342020143326,-0.939692620786));
#13561 = DEFINITIONAL_REPRESENTATION('',(#13562),#13566);
#13562 = CIRCLE('',#13563,1.65);
#13563 = AXIS2_PLACEMENT_2D('',#13564,#13565);
#13564 = CARTESIAN_POINT('',(7.892017297086E-15,7.105427357601E-15));
#13565 = DIRECTION('',(0.,1.));
#13566 = ( GEOMETRIC_REPRESENTATION_CONTEXT(2) 
PARAMETRIC_REPRESENTATION_CONTEXT() REPRESENTATION_CONTEXT('2D SPACE',''
  ) );
#13567 = ORIENTED_EDGE('',*,*,#13518,.F.);
#13568 = ORIENTED_EDGE('',*,*,#13486,.F.);
#13569 = ADVANCED_FACE('',(#13570),#13556,.F.);
#13570 = FACE_BOUND('',#13571,.F.);
#13571 = EDGE_LOOP('',(#13572));
#13572 = ORIENTED_EDGE('',*,*,#13541,.T.);
#13573 = ( GEOMETRIC_REPRESENTATION_CONTEXT(3) 
GLOBAL_UNCERTAINTY_ASSIGNED_CONTEXT((#13577)) 
GLOBAL_UNIT_ASSIGNED_CONTEXT((#13574,#13575,#13576)) 
REPRESENTATION_CONTEXT('Context #1',
  '3D Context with UNIT and UNCERTAINTY') );
#13574 = ( LENGTH_UNIT() NAMED_UNIT(*) SI_UNIT(.MILLI.,.METRE.) );
#13575 = ( NAMED_UNIT(*) PLANE_ANGLE_UNIT() SI_UNIT($,.RADIAN.) );
#13576 = ( NAMED_UNIT(*) SI_UNIT($,.STERADIAN.) SOLID_ANGLE_UNIT() );
#13577 = UNCERTAINTY_MEASURE_WITH_UNIT(LENGTH_MEASURE(5.E-07),#13574,
  'distance_accuracy_value','confusion accuracy');
#13578 = CONTEXT_DEPENDENT_SHAPE_REPRESENTATION(#13579,#13581);
#13579 = ( REPRESENTATION_RELATIONSHIP('','',#5163,#10) 
REPRESENTATION_RELATIONSHIP_WITH_TRANSFORMATION(#13580) 
SHAPE_REPRESENTATION_RELATIONSHIP() );
#13580 = ITEM_DEFINED_TRANSFORMATION('','',#11,#19);
#13581 = PRODUCT_DEFINITION_SHAPE('Placement','Placement of an item',
  #13582);
#13582 = NEXT_ASSEMBLY_USAGE_OCCURRENCE('5','White snap-on rice shell',
  '',#5,#5158,$);
#13583 = PRODUCT_RELATED_PRODUCT_CATEGORY('part',$,(#5160));
#13584 = MECHANICAL_DESIGN_GEOMETRIC_PRESENTATION_REPRESENTATION('',(
    #13585),#5145);
#13585 = STYLED_ITEM('color',(#13586),#37);
#13586 = PRESENTATION_STYLE_ASSIGNMENT((#13587));
#13587 = SURFACE_STYLE_USAGE(.BOTH.,#13588);
#13588 = SURFACE_SIDE_STYLE('',(#13589));
#13589 = SURFACE_STYLE_FILL_AREA(#13590);
#13590 = FILL_AREA_STYLE('',(#13591));
#13591 = FILL_AREA_STYLE_COLOUR('',#13592);
#13592 = COLOUR_RGB('',3.999999888241E-02,3.999999888241E-02,
  3.999999888241E-02);
#13593 = MECHANICAL_DESIGN_GEOMETRIC_PRESENTATION_REPRESENTATION('',(
    #13594,#13602,#13609),#13573);
#13594 = STYLED_ITEM('color',(#13595),#5164);
#13595 = PRESENTATION_STYLE_ASSIGNMENT((#13596));
#13596 = SURFACE_STYLE_USAGE(.BOTH.,#13597);
#13597 = SURFACE_SIDE_STYLE('',(#13598));
#13598 = SURFACE_STYLE_FILL_AREA(#13599);
#13599 = FILL_AREA_STYLE('',(#13600));
#13600 = FILL_AREA_STYLE_COLOUR('',#13601);
#13601 = COLOUR_RGB('',0.950000001282,0.950000001282,0.920000012397);
#13602 = STYLED_ITEM('color',(#13603),#13172);
#13603 = PRESENTATION_STYLE_ASSIGNMENT((#13604));
#13604 = SURFACE_STYLE_USAGE(.BOTH.,#13605);
#13605 = SURFACE_SIDE_STYLE('',(#13606));
#13606 = SURFACE_STYLE_FILL_AREA(#13607);
#13607 = FILL_AREA_STYLE('',(#13608));
#13608 = FILL_AREA_STYLE_COLOUR('',#13601);
#13609 = STYLED_ITEM('color',(#13610),#13360);
#13610 = PRESENTATION_STYLE_ASSIGNMENT((#13611));
#13611 = SURFACE_STYLE_USAGE(.BOTH.,#13612);
#13612 = SURFACE_SIDE_STYLE('',(#13613));
#13613 = SURFACE_STYLE_FILL_AREA(#13614);
#13614 = FILL_AREA_STYLE('',(#13615));
#13615 = FILL_AREA_STYLE_COLOUR('',#13601);
ENDSEC;
END-ISO-10303-21;
