ISO-10303-21;
HEADER;
FILE_DESCRIPTION(('Open CASCADE Model'),'2;1');
FILE_NAME('Open CASCADE Shape Model','2026-08-27T18:36:28',('Author'),(
    'Open CASCADE'),'Open CASCADE STEP processor 7.9','Open CASCADE 7.9'
  ,'Unknown');
FILE_SCHEMA(('AUTOMOTIVE_DESIGN { 1 0 10303 214 1 1 1 1 }'));
ENDSEC;
DATA;
#1 = APPLICATION_PROTOCOL_DEFINITION('international standard',
  'automotive_design',2000,#2);
#2 = APPLICATION_CONTEXT(
  'core data for automotive mechanical design processes');
#3 = SHAPE_DEFINITION_REPRESENTATION(#4,#10);
#4 = PRODUCT_DEFINITION_SHAPE('','',#5);
#5 = PRODUCT_DEFINITION('design','',#6,#9);
#6 = PRODUCT_DEFINITION_FORMATION('','',#7);
#7 = PRODUCT('Open CASCADE STEP translator 7.9 2',
  'Open CASCADE STEP translator 7.9 2','',(#8));
#8 = PRODUCT_CONTEXT('',#2,'mechanical');
#9 = PRODUCT_DEFINITION_CONTEXT('part definition',#2,'design');
#10 = SHAPE_REPRESENTATION('',(#11,#15,#19,#23),#27);
#11 = AXIS2_PLACEMENT_3D('',#12,#13,#14);
#12 = CARTESIAN_POINT('',(0.,0.,0.));
#13 = DIRECTION('',(0.,0.,1.));
#14 = DIRECTION('',(1.,0.,-0.));
#15 = AXIS2_PLACEMENT_3D('',#16,#17,#18);
#16 = CARTESIAN_POINT('',(0.,0.,0.));
#17 = DIRECTION('',(0.,0.,1.));
#18 = DIRECTION('',(1.,0.,-0.));
#19 = AXIS2_PLACEMENT_3D('',#20,#21,#22);
#20 = CARTESIAN_POINT('',(0.,0.,0.));
#21 = DIRECTION('',(0.,0.,1.));
#22 = DIRECTION('',(1.,0.,-0.));
#23 = AXIS2_PLACEMENT_3D('',#24,#25,#26);
#24 = CARTESIAN_POINT('',(0.,0.,0.));
#25 = DIRECTION('',(0.,0.,1.));
#26 = DIRECTION('',(1.,0.,-0.));
#27 = ( GEOMETRIC_REPRESENTATION_CONTEXT(3) 
GLOBAL_UNCERTAINTY_ASSIGNED_CONTEXT((#31)) GLOBAL_UNIT_ASSIGNED_CONTEXT(
(#28,#29,#30)) REPRESENTATION_CONTEXT('Context #1',
  '3D Context with UNIT and UNCERTAINTY') );
#28 = ( LENGTH_UNIT() NAMED_UNIT(*) SI_UNIT(.MILLI.,.METRE.) );
#29 = ( NAMED_UNIT(*) PLANE_ANGLE_UNIT() SI_UNIT($,.RADIAN.) );
#30 = ( NAMED_UNIT(*) SI_UNIT($,.STERADIAN.) SOLID_ANGLE_UNIT() );
#31 = UNCERTAINTY_MEASURE_WITH_UNIT(LENGTH_MEASURE(5.E-07),#28,
  'distance_accuracy_value','confusion accuracy');
#32 = PRODUCT_RELATED_PRODUCT_CATEGORY('part',$,(#7));
#33 = SHAPE_DEFINITION_REPRESENTATION(#34,#40);
#34 = PRODUCT_DEFINITION_SHAPE('','',#35);
#35 = PRODUCT_DEFINITION('design','',#36,#39);
#36 = PRODUCT_DEFINITION_FORMATION('','',#37);
#37 = PRODUCT('Open CASCADE STEP translator 7.9 2.1',
  'Open CASCADE STEP translator 7.9 2.1','',(#38));
#38 = PRODUCT_CONTEXT('',#2,'mechanical');
#39 = PRODUCT_DEFINITION_CONTEXT('part definition',#2,'design');
#40 = ADVANCED_BREP_SHAPE_REPRESENTATION('',(#11,#41),#8049);
#41 = MANIFOLD_SOLID_BREP('',#42);
#42 = CLOSED_SHELL('',(#43,#163,#239,#315,#3542,#6401,#6428,#6455,#6482,
    #6509,#6536,#6563,#6590,#6617,#6644,#6671,#6698,#6725,#6752,#6779,
    #6806,#6833,#6860,#6887,#6914,#6941,#6968,#6995,#7022,#7049,#7076,
    #7103,#7130,#7157,#7184,#7211,#7238,#7265,#7292,#7319,#7346,#7373,
    #7400,#7407,#7434,#7489,#7536,#7564,#7591,#7618,#7645,#7673,#7700,
    #7707,#7772,#7779,#7806,#7861,#7896,#7931,#7986,#8041,#8045));
#43 = ADVANCED_FACE('',(#44),#58,.T.);
#44 = FACE_BOUND('',#45,.T.);
#45 = EDGE_LOOP('',(#46,#81,#109,#137));
#46 = ORIENTED_EDGE('',*,*,#47,.T.);
#47 = EDGE_CURVE('',#48,#50,#52,.T.);
#48 = VERTEX_POINT('',#49);
#49 = CARTESIAN_POINT('',(-52.46,-2.349231551965,6.855050358314));
#50 = VERTEX_POINT('',#51);
#51 = CARTESIAN_POINT('',(-52.46,-4.604493841851,7.675898702296));
#52 = SURFACE_CURVE('',#53,(#57,#69),.PCURVE_S1.);
#53 = LINE('',#54,#55);
#54 = CARTESIAN_POINT('',(-52.46,-2.349231551965,6.855050358314));
#55 = VECTOR('',#56,1.);
#56 = DIRECTION('',(0.,-0.939692620786,0.342020143326));
#57 = PCURVE('',#58,#63);
#58 = PLANE('',#59);
#59 = AXIS2_PLACEMENT_3D('',#60,#61,#62);
#60 = CARTESIAN_POINT('',(-52.46,-2.349231551965,6.855050358314));
#61 = DIRECTION('',(-0.96564045815,-8.888478127602E-02,-0.244208929489)
  );
#62 = DIRECTION('',(-0.259881714602,0.330268487897,0.907405212855));
#63 = DEFINITIONAL_REPRESENTATION('',(#64),#68);
#64 = LINE('',#65,#66);
#65 = CARTESIAN_POINT('',(0.,0.));
#66 = VECTOR('',#67,1.);
#67 = DIRECTION('',(0.,-1.));
#68 = ( GEOMETRIC_REPRESENTATION_CONTEXT(2) 
PARAMETRIC_REPRESENTATION_CONTEXT() REPRESENTATION_CONTEXT('2D SPACE',''
  ) );
#69 = PCURVE('',#70,#75);
#70 = PLANE('',#71);
#71 = AXIS2_PLACEMENT_3D('',#72,#73,#74);
#72 = CARTESIAN_POINT('',(-40.80222222222,-2.822148293353,5.555722290067
    ));
#73 = DIRECTION('',(-0.11778328903,-0.339639451546,-0.933151723879));
#74 = DIRECTION('',(-0.9930393229,4.028425739524E-02,0.110680087553));
#75 = DEFINITIONAL_REPRESENTATION('',(#76),#80);
#76 = LINE('',#77,#78);
#77 = CARTESIAN_POINT('',(11.739492595052,1.110223024625E-16));
#78 = VECTOR('',#79,1.);
#79 = DIRECTION('',(0.,-1.));
#80 = ( GEOMETRIC_REPRESENTATION_CONTEXT(2) 
PARAMETRIC_REPRESENTATION_CONTEXT() REPRESENTATION_CONTEXT('2D SPACE',''
  ) );
#81 = ORIENTED_EDGE('',*,*,#82,.T.);
#82 = EDGE_CURVE('',#50,#83,#85,.T.);
#83 = VERTEX_POINT('',#84);
#84 = CARTESIAN_POINT('',(-54.45769042968,-2.065745786762,
    14.651051657337));
#85 = SURFACE_CURVE('',#86,(#90,#97),.PCURVE_S1.);
#86 = LINE('',#87,#88);
#87 = CARTESIAN_POINT('',(-52.46,-4.604493841851,7.675898702296));
#88 = VECTOR('',#89,1.);
#89 = DIRECTION('',(-0.259881714602,0.330268487897,0.907405212855));
#90 = PCURVE('',#58,#91);
#91 = DEFINITIONAL_REPRESENTATION('',(#92),#96);
#92 = LINE('',#93,#94);
#93 = CARTESIAN_POINT('',(-1.110223024625E-16,-2.4));
#94 = VECTOR('',#95,1.);
#95 = DIRECTION('',(1.,0.));
#96 = ( GEOMETRIC_REPRESENTATION_CONTEXT(2) 
PARAMETRIC_REPRESENTATION_CONTEXT() REPRESENTATION_CONTEXT('2D SPACE',''
  ) );
#97 = PCURVE('',#98,#103);
#98 = PLANE('',#99);
#99 = AXIS2_PLACEMENT_3D('',#100,#101,#102);
#100 = CARTESIAN_POINT('',(-1.155288936034E-15,12.174804171519,
    53.776641108329));
#101 = DIRECTION('',(0.,0.939692620786,-0.342020143326));
#102 = DIRECTION('',(0.,0.342020143326,0.939692620786));
#103 = DEFINITIONAL_REPRESENTATION('',(#104),#108);
#104 = LINE('',#105,#106);
#105 = CARTESIAN_POINT('',(-49.05938536313,-52.46));
#106 = VECTOR('',#107,1.);
#107 = DIRECTION('',(0.96564045815,-0.259881714602));
#108 = ( GEOMETRIC_REPRESENTATION_CONTEXT(2) 
PARAMETRIC_REPRESENTATION_CONTEXT() REPRESENTATION_CONTEXT('2D SPACE',''
  ) );
#109 = ORIENTED_EDGE('',*,*,#110,.F.);
#110 = EDGE_CURVE('',#111,#83,#113,.T.);
#111 = VERTEX_POINT('',#112);
#112 = CARTESIAN_POINT('',(-54.45769042968,0.189516503124,
    13.830203313356));
#113 = SURFACE_CURVE('',#114,(#118,#125),.PCURVE_S1.);
#114 = LINE('',#115,#116);
#115 = CARTESIAN_POINT('',(-54.45769042968,0.189516503124,
    13.830203313356));
#116 = VECTOR('',#117,1.);
#117 = DIRECTION('',(0.,-0.939692620786,0.342020143326));
#118 = PCURVE('',#58,#119);
#119 = DEFINITIONAL_REPRESENTATION('',(#120),#124);
#120 = LINE('',#121,#122);
#121 = CARTESIAN_POINT('',(7.686921847288,4.440892098501E-16));
#122 = VECTOR('',#123,1.);
#123 = DIRECTION('',(0.,-1.));
#124 = ( GEOMETRIC_REPRESENTATION_CONTEXT(2) 
PARAMETRIC_REPRESENTATION_CONTEXT() REPRESENTATION_CONTEXT('2D SPACE',''
  ) );
#125 = PCURVE('',#126,#131);
#126 = PLANE('',#127);
#127 = AXIS2_PLACEMENT_3D('',#128,#129,#130);
#128 = CARTESIAN_POINT('',(-54.45769042968,0.189516503124,
    13.830203313356));
#129 = DIRECTION('',(-0.9922758869,-4.242782179789E-02,-0.116569482346)
  );
#130 = DIRECTION('',(-0.124050652062,0.339378341056,0.932434328704));
#131 = DEFINITIONAL_REPRESENTATION('',(#132),#136);
#132 = LINE('',#133,#134);
#133 = CARTESIAN_POINT('',(0.,0.));
#134 = VECTOR('',#135,1.);
#135 = DIRECTION('',(0.,-1.));
#136 = ( GEOMETRIC_REPRESENTATION_CONTEXT(2) 
PARAMETRIC_REPRESENTATION_CONTEXT() REPRESENTATION_CONTEXT('2D SPACE',''
  ) );
#137 = ORIENTED_EDGE('',*,*,#138,.F.);
#138 = EDGE_CURVE('',#48,#111,#139,.T.);
#139 = SURFACE_CURVE('',#140,(#144,#151),.PCURVE_S1.);
#140 = LINE('',#141,#142);
#141 = CARTESIAN_POINT('',(-52.46,-2.349231551965,6.855050358314));
#142 = VECTOR('',#143,1.);
#143 = DIRECTION('',(-0.259881714602,0.330268487897,0.907405212855));
#144 = PCURVE('',#58,#145);
#145 = DEFINITIONAL_REPRESENTATION('',(#146),#150);
#146 = LINE('',#147,#148);
#147 = CARTESIAN_POINT('',(0.,0.));
#148 = VECTOR('',#149,1.);
#149 = DIRECTION('',(1.,0.));
#150 = ( GEOMETRIC_REPRESENTATION_CONTEXT(2) 
PARAMETRIC_REPRESENTATION_CONTEXT() REPRESENTATION_CONTEXT('2D SPACE',''
  ) );
#151 = PCURVE('',#152,#157);
#152 = PLANE('',#153);
#153 = AXIS2_PLACEMENT_3D('',#154,#155,#156);
#154 = CARTESIAN_POINT('',(-1.155288936034E-15,14.430066461405,
    52.955792764347));
#155 = DIRECTION('',(0.,0.939692620786,-0.342020143326));
#156 = DIRECTION('',(0.,0.342020143326,0.939692620786));
#157 = DEFINITIONAL_REPRESENTATION('',(#158),#162);
#158 = LINE('',#159,#160);
#159 = CARTESIAN_POINT('',(-49.05938536313,-52.46));
#160 = VECTOR('',#161,1.);
#161 = DIRECTION('',(0.96564045815,-0.259881714602));
#162 = ( GEOMETRIC_REPRESENTATION_CONTEXT(2) 
PARAMETRIC_REPRESENTATION_CONTEXT() REPRESENTATION_CONTEXT('2D SPACE',''
  ) );
#163 = ADVANCED_FACE('',(#164),#70,.T.);
#164 = FACE_BOUND('',#165,.T.);
#165 = EDGE_LOOP('',(#166,#196,#217,#218));
#166 = ORIENTED_EDGE('',*,*,#167,.T.);
#167 = EDGE_CURVE('',#168,#170,#172,.T.);
#168 = VERTEX_POINT('',#169);
#169 = CARTESIAN_POINT('',(-40.80222222222,-2.822148293353,
    5.555722290067));
#170 = VERTEX_POINT('',#171);
#171 = CARTESIAN_POINT('',(-40.80222222222,-5.07741058324,6.376570634049
    ));
#172 = SURFACE_CURVE('',#173,(#177,#184),.PCURVE_S1.);
#173 = LINE('',#174,#175);
#174 = CARTESIAN_POINT('',(-40.80222222222,-2.822148293353,
    5.555722290067));
#175 = VECTOR('',#176,1.);
#176 = DIRECTION('',(0.,-0.939692620786,0.342020143326));
#177 = PCURVE('',#70,#178);
#178 = DEFINITIONAL_REPRESENTATION('',(#179),#183);
#179 = LINE('',#180,#181);
#180 = CARTESIAN_POINT('',(0.,0.));
#181 = VECTOR('',#182,1.);
#182 = DIRECTION('',(0.,-1.));
#183 = ( GEOMETRIC_REPRESENTATION_CONTEXT(2) 
PARAMETRIC_REPRESENTATION_CONTEXT() REPRESENTATION_CONTEXT('2D SPACE',''
  ) );
#184 = PCURVE('',#185,#190);
#185 = PLANE('',#186);
#186 = AXIS2_PLACEMENT_3D('',#187,#188,#189);
#187 = CARTESIAN_POINT('',(-29.14444444444,-3.176835849395,
    4.581226238882));
#188 = DIRECTION('',(-8.860677077406E-02,-0.340674870229,-0.935996513331
    ));
#189 = DIRECTION('',(-0.996066684601,3.030530043977E-02,
    8.326312864805E-02));
#190 = DEFINITIONAL_REPRESENTATION('',(#191),#195);
#191 = LINE('',#192,#193);
#192 = CARTESIAN_POINT('',(11.703812563957,-5.551115123126E-17));
#193 = VECTOR('',#194,1.);
#194 = DIRECTION('',(0.,-1.));
#195 = ( GEOMETRIC_REPRESENTATION_CONTEXT(2) 
PARAMETRIC_REPRESENTATION_CONTEXT() REPRESENTATION_CONTEXT('2D SPACE',''
  ) );
#196 = ORIENTED_EDGE('',*,*,#197,.T.);
#197 = EDGE_CURVE('',#170,#50,#198,.T.);
#198 = SURFACE_CURVE('',#199,(#203,#210),.PCURVE_S1.);
#199 = LINE('',#200,#201);
#200 = CARTESIAN_POINT('',(-40.80222222222,-5.07741058324,6.376570634049
    ));
#201 = VECTOR('',#202,1.);
#202 = DIRECTION('',(-0.9930393229,4.028425739524E-02,0.110680087553));
#203 = PCURVE('',#70,#204);
#204 = DEFINITIONAL_REPRESENTATION('',(#205),#209);
#205 = LINE('',#206,#207);
#206 = CARTESIAN_POINT('',(0.,-2.4));
#207 = VECTOR('',#208,1.);
#208 = DIRECTION('',(1.,0.));
#209 = ( GEOMETRIC_REPRESENTATION_CONTEXT(2) 
PARAMETRIC_REPRESENTATION_CONTEXT() REPRESENTATION_CONTEXT('2D SPACE',''
  ) );
#210 = PCURVE('',#98,#211);
#211 = DEFINITIONAL_REPRESENTATION('',(#212),#216);
#212 = LINE('',#213,#214);
#213 = CARTESIAN_POINT('',(-50.44210141252,-40.80222222222));
#214 = VECTOR('',#215,1.);
#215 = DIRECTION('',(0.11778328903,-0.9930393229));
#216 = ( GEOMETRIC_REPRESENTATION_CONTEXT(2) 
PARAMETRIC_REPRESENTATION_CONTEXT() REPRESENTATION_CONTEXT('2D SPACE',''
  ) );
#217 = ORIENTED_EDGE('',*,*,#47,.F.);
#218 = ORIENTED_EDGE('',*,*,#219,.F.);
#219 = EDGE_CURVE('',#168,#48,#220,.T.);
#220 = SURFACE_CURVE('',#221,(#225,#232),.PCURVE_S1.);
#221 = LINE('',#222,#223);
#222 = CARTESIAN_POINT('',(-40.80222222222,-2.822148293353,
    5.555722290067));
#223 = VECTOR('',#224,1.);
#224 = DIRECTION('',(-0.9930393229,4.028425739524E-02,0.110680087553));
#225 = PCURVE('',#70,#226);
#226 = DEFINITIONAL_REPRESENTATION('',(#227),#231);
#227 = LINE('',#228,#229);
#228 = CARTESIAN_POINT('',(0.,0.));
#229 = VECTOR('',#230,1.);
#230 = DIRECTION('',(1.,0.));
#231 = ( GEOMETRIC_REPRESENTATION_CONTEXT(2) 
PARAMETRIC_REPRESENTATION_CONTEXT() REPRESENTATION_CONTEXT('2D SPACE',''
  ) );
#232 = PCURVE('',#152,#233);
#233 = DEFINITIONAL_REPRESENTATION('',(#234),#238);
#234 = LINE('',#235,#236);
#235 = CARTESIAN_POINT('',(-50.44210141252,-40.80222222222));
#236 = VECTOR('',#237,1.);
#237 = DIRECTION('',(0.11778328903,-0.9930393229));
#238 = ( GEOMETRIC_REPRESENTATION_CONTEXT(2) 
PARAMETRIC_REPRESENTATION_CONTEXT() REPRESENTATION_CONTEXT('2D SPACE',''
  ) );
#239 = ADVANCED_FACE('',(#240),#126,.T.);
#240 = FACE_BOUND('',#241,.T.);
#241 = EDGE_LOOP('',(#242,#243,#266,#294));
#242 = ORIENTED_EDGE('',*,*,#110,.T.);
#243 = ORIENTED_EDGE('',*,*,#244,.T.);
#244 = EDGE_CURVE('',#83,#245,#247,.T.);
#245 = VERTEX_POINT('',#246);
#246 = CARTESIAN_POINT('',(-55.4599609375,0.676270450774,22.184679353744
    ));
#247 = SURFACE_CURVE('',#248,(#252,#259),.PCURVE_S1.);
#248 = LINE('',#249,#250);
#249 = CARTESIAN_POINT('',(-54.45769042968,-2.065745786762,
    14.651051657337));
#250 = VECTOR('',#251,1.);
#251 = DIRECTION('',(-0.124050652062,0.339378341056,0.932434328704));
#252 = PCURVE('',#126,#253);
#253 = DEFINITIONAL_REPRESENTATION('',(#254),#258);
#254 = LINE('',#255,#256);
#255 = CARTESIAN_POINT('',(8.881784197001E-16,-2.4));
#256 = VECTOR('',#257,1.);
#257 = DIRECTION('',(1.,0.));
#258 = ( GEOMETRIC_REPRESENTATION_CONTEXT(2) 
PARAMETRIC_REPRESENTATION_CONTEXT() REPRESENTATION_CONTEXT('2D SPACE',''
  ) );
#259 = PCURVE('',#98,#260);
#260 = DEFINITIONAL_REPRESENTATION('',(#261),#265);
#261 = LINE('',#262,#263);
#262 = CARTESIAN_POINT('',(-41.63658262876,-54.45769042968));
#263 = VECTOR('',#264,1.);
#264 = DIRECTION('',(0.9922758869,-0.124050652062));
#265 = ( GEOMETRIC_REPRESENTATION_CONTEXT(2) 
PARAMETRIC_REPRESENTATION_CONTEXT() REPRESENTATION_CONTEXT('2D SPACE',''
  ) );
#266 = ORIENTED_EDGE('',*,*,#267,.F.);
#267 = EDGE_CURVE('',#268,#245,#270,.T.);
#268 = VERTEX_POINT('',#269);
#269 = CARTESIAN_POINT('',(-55.4599609375,2.93153274066,21.363831009763)
  );
#270 = SURFACE_CURVE('',#271,(#275,#282),.PCURVE_S1.);
#271 = LINE('',#272,#273);
#272 = CARTESIAN_POINT('',(-55.4599609375,2.93153274066,21.363831009763)
  );
#273 = VECTOR('',#274,1.);
#274 = DIRECTION('',(0.,-0.939692620786,0.342020143326));
#275 = PCURVE('',#126,#276);
#276 = DEFINITIONAL_REPRESENTATION('',(#277),#281);
#277 = LINE('',#278,#279);
#278 = CARTESIAN_POINT('',(8.079526315683,-2.22044604925E-15));
#279 = VECTOR('',#280,1.);
#280 = DIRECTION('',(0.,-1.));
#281 = ( GEOMETRIC_REPRESENTATION_CONTEXT(2) 
PARAMETRIC_REPRESENTATION_CONTEXT() REPRESENTATION_CONTEXT('2D SPACE',''
  ) );
#282 = PCURVE('',#283,#288);
#283 = PLANE('',#284);
#284 = AXIS2_PLACEMENT_3D('',#285,#286,#287);
#285 = CARTESIAN_POINT('',(-55.4599609375,2.93153274066,21.363831009763)
  );
#286 = DIRECTION('',(-0.999966647496,-2.79336241422E-03,
    -7.674700157424E-03));
#287 = DIRECTION('',(-8.167245317947E-03,0.342008736097,0.939661279684)
  );
#288 = DEFINITIONAL_REPRESENTATION('',(#289),#293);
#289 = LINE('',#290,#291);
#290 = CARTESIAN_POINT('',(0.,0.));
#291 = VECTOR('',#292,1.);
#292 = DIRECTION('',(0.,-1.));
#293 = ( GEOMETRIC_REPRESENTATION_CONTEXT(2) 
PARAMETRIC_REPRESENTATION_CONTEXT() REPRESENTATION_CONTEXT('2D SPACE',''
  ) );
#294 = ORIENTED_EDGE('',*,*,#295,.F.);
#295 = EDGE_CURVE('',#111,#268,#296,.T.);
#296 = SURFACE_CURVE('',#297,(#301,#308),.PCURVE_S1.);
#297 = LINE('',#298,#299);
#298 = CARTESIAN_POINT('',(-54.45769042968,0.189516503124,
    13.830203313356));
#299 = VECTOR('',#300,1.);
#300 = DIRECTION('',(-0.124050652062,0.339378341056,0.932434328704));
#301 = PCURVE('',#126,#302);
#302 = DEFINITIONAL_REPRESENTATION('',(#303),#307);
#303 = LINE('',#304,#305);
#304 = CARTESIAN_POINT('',(0.,0.));
#305 = VECTOR('',#306,1.);
#306 = DIRECTION('',(1.,0.));
#307 = ( GEOMETRIC_REPRESENTATION_CONTEXT(2) 
PARAMETRIC_REPRESENTATION_CONTEXT() REPRESENTATION_CONTEXT('2D SPACE',''
  ) );
#308 = PCURVE('',#152,#309);
#309 = DEFINITIONAL_REPRESENTATION('',(#310),#314);
#310 = LINE('',#311,#312);
#311 = CARTESIAN_POINT('',(-41.63658262876,-54.45769042968));
#312 = VECTOR('',#313,1.);
#313 = DIRECTION('',(0.9922758869,-0.124050652062));
#314 = ( GEOMETRIC_REPRESENTATION_CONTEXT(2) 
PARAMETRIC_REPRESENTATION_CONTEXT() REPRESENTATION_CONTEXT('2D SPACE',''
  ) );
#315 = ADVANCED_FACE('',(#316,#1373,#1871,#1906,#2198,#3009,#3507),#152,
  .T.);
#316 = FACE_BOUND('',#317,.T.);
#317 = EDGE_LOOP('',(#318,#319,#320,#343,#371,#399,#427,#455,#483,#511,
    #539,#567,#595,#623,#651,#679,#707,#735,#763,#791,#819,#847,#875,
    #903,#931,#959,#987,#1015,#1043,#1071,#1099,#1127,#1155,#1183,#1211,
    #1239,#1267,#1295,#1323,#1351,#1372));
#318 = ORIENTED_EDGE('',*,*,#138,.T.);
#319 = ORIENTED_EDGE('',*,*,#295,.T.);
#320 = ORIENTED_EDGE('',*,*,#321,.T.);
#321 = EDGE_CURVE('',#268,#322,#324,.T.);
#322 = VERTEX_POINT('',#323);
#323 = CARTESIAN_POINT('',(-55.52936035156,5.837678566506,
    29.348401043918));
#324 = SURFACE_CURVE('',#325,(#329,#336),.PCURVE_S1.);
#325 = LINE('',#326,#327);
#326 = CARTESIAN_POINT('',(-55.4599609375,2.93153274066,21.363831009763)
  );
#327 = VECTOR('',#328,1.);
#328 = DIRECTION('',(-8.167245317947E-03,0.342008736097,0.939661279684)
  );
#329 = PCURVE('',#152,#330);
#330 = DEFINITIONAL_REPRESENTATION('',(#331),#335);
#331 = LINE('',#332,#333);
#332 = CARTESIAN_POINT('',(-33.61946348813,-55.4599609375));
#333 = VECTOR('',#334,1.);
#334 = DIRECTION('',(0.999966647496,-8.167245317947E-03));
#335 = ( GEOMETRIC_REPRESENTATION_CONTEXT(2) 
PARAMETRIC_REPRESENTATION_CONTEXT() REPRESENTATION_CONTEXT('2D SPACE',''
  ) );
#336 = PCURVE('',#283,#337);
#337 = DEFINITIONAL_REPRESENTATION('',(#338),#342);
#338 = LINE('',#339,#340);
#339 = CARTESIAN_POINT('',(0.,0.));
#340 = VECTOR('',#341,1.);
#341 = DIRECTION('',(1.,0.));
#342 = ( GEOMETRIC_REPRESENTATION_CONTEXT(2) 
PARAMETRIC_REPRESENTATION_CONTEXT() REPRESENTATION_CONTEXT('2D SPACE',''
  ) );
#343 = ORIENTED_EDGE('',*,*,#344,.T.);
#344 = EDGE_CURVE('',#322,#345,#347,.T.);
#345 = VERTEX_POINT('',#346);
#346 = CARTESIAN_POINT('',(-54.7284375,8.868815386528,37.676381012204));
#347 = SURFACE_CURVE('',#348,(#352,#359),.PCURVE_S1.);
#348 = LINE('',#349,#350);
#349 = CARTESIAN_POINT('',(-55.52936035156,5.837678566506,
    29.348401043918));
#350 = VECTOR('',#351,1.);
#351 = DIRECTION('',(9.000581020976E-02,0.340631965751,0.935878634245));
#352 = PCURVE('',#152,#353);
#353 = DEFINITIONAL_REPRESENTATION('',(#354),#358);
#354 = LINE('',#355,#356);
#355 = CARTESIAN_POINT('',(-25.12246153501,-55.52936035156));
#356 = VECTOR('',#357,1.);
#357 = DIRECTION('',(0.995941240299,9.000581020976E-02));
#358 = ( GEOMETRIC_REPRESENTATION_CONTEXT(2) 
PARAMETRIC_REPRESENTATION_CONTEXT() REPRESENTATION_CONTEXT('2D SPACE',''
  ) );
#359 = PCURVE('',#360,#365);
#360 = PLANE('',#361);
#361 = AXIS2_PLACEMENT_3D('',#362,#363,#364);
#362 = CARTESIAN_POINT('',(-55.52936035156,5.837678566506,
    29.348401043918));
#363 = DIRECTION('',(-0.995941240299,3.078380010808E-02,
    8.457779568197E-02));
#364 = DIRECTION('',(9.000581020976E-02,0.340631965751,0.935878634245));
#365 = DEFINITIONAL_REPRESENTATION('',(#366),#370);
#366 = LINE('',#367,#368);
#367 = CARTESIAN_POINT('',(0.,0.));
#368 = VECTOR('',#369,1.);
#369 = DIRECTION('',(1.,0.));
#370 = ( GEOMETRIC_REPRESENTATION_CONTEXT(2) 
PARAMETRIC_REPRESENTATION_CONTEXT() REPRESENTATION_CONTEXT('2D SPACE',''
  ) );
#371 = ORIENTED_EDGE('',*,*,#372,.T.);
#372 = EDGE_CURVE('',#345,#373,#375,.T.);
#373 = VERTEX_POINT('',#374);
#374 = CARTESIAN_POINT('',(-53.11974121093,11.985804606588,
    46.240238511005));
#375 = SURFACE_CURVE('',#376,(#380,#387),.PCURVE_S1.);
#376 = LINE('',#377,#378);
#377 = CARTESIAN_POINT('',(-54.7284375,8.868815386528,37.676381012204));
#378 = VECTOR('',#379,1.);
#379 = DIRECTION('',(0.173831174946,0.336813046751,0.925386240526));
#380 = PCURVE('',#152,#381);
#381 = DEFINITIONAL_REPRESENTATION('',(#382),#386);
#382 = LINE('',#383,#384);
#383 = CARTESIAN_POINT('',(-16.26001036313,-54.7284375));
#384 = VECTOR('',#385,1.);
#385 = DIRECTION('',(0.984775468123,0.173831174946));
#386 = ( GEOMETRIC_REPRESENTATION_CONTEXT(2) 
PARAMETRIC_REPRESENTATION_CONTEXT() REPRESENTATION_CONTEXT('2D SPACE',''
  ) );
#387 = PCURVE('',#388,#393);
#388 = PLANE('',#389);
#389 = AXIS2_PLACEMENT_3D('',#390,#391,#392);
#390 = CARTESIAN_POINT('',(-54.7284375,8.868815386528,37.676381012204));
#391 = DIRECTION('',(-0.984775468123,5.94537633694E-02,0.163347872359));
#392 = DIRECTION('',(0.173831174946,0.336813046751,0.925386240526));
#393 = DEFINITIONAL_REPRESENTATION('',(#394),#398);
#394 = LINE('',#395,#396);
#395 = CARTESIAN_POINT('',(0.,0.));
#396 = VECTOR('',#397,1.);
#397 = DIRECTION('',(1.,0.));
#398 = ( GEOMETRIC_REPRESENTATION_CONTEXT(2) 
PARAMETRIC_REPRESENTATION_CONTEXT() REPRESENTATION_CONTEXT('2D SPACE',''
  ) );
#399 = ORIENTED_EDGE('',*,*,#400,.T.);
#400 = EDGE_CURVE('',#373,#401,#403,.T.);
#401 = VERTEX_POINT('',#402);
#402 = CARTESIAN_POINT('',(-50.7658203125,15.149507632553,
    54.932441136703));
#403 = SURFACE_CURVE('',#404,(#408,#415),.PCURVE_S1.);
#404 = LINE('',#405,#406);
#405 = CARTESIAN_POINT('',(-53.11974121093,11.985804606588,
    46.240238511005));
#406 = VECTOR('',#407,1.);
#407 = DIRECTION('',(0.246616605115,0.331456210094,0.910668452771));
#408 = PCURVE('',#152,#409);
#409 = DEFINITIONAL_REPRESENTATION('',(#410),#414);
#410 = LINE('',#411,#412);
#411 = CARTESIAN_POINT('',(-7.146543566263,-53.11974121093));
#412 = VECTOR('',#413,1.);
#413 = DIRECTION('',(0.969113125534,0.246616605115));
#414 = ( GEOMETRIC_REPRESENTATION_CONTEXT(2) 
PARAMETRIC_REPRESENTATION_CONTEXT() REPRESENTATION_CONTEXT('2D SPACE',''
  ) );
#415 = PCURVE('',#416,#421);
#416 = PLANE('',#417);
#417 = AXIS2_PLACEMENT_3D('',#418,#419,#420);
#418 = CARTESIAN_POINT('',(-53.11974121093,11.985804606588,
    46.240238511005));
#419 = DIRECTION('',(-0.969113125534,8.434784662804E-02,0.23174380399));
#420 = DIRECTION('',(0.246616605115,0.331456210094,0.910668452771));
#421 = DEFINITIONAL_REPRESENTATION('',(#422),#426);
#422 = LINE('',#423,#424);
#423 = CARTESIAN_POINT('',(0.,0.));
#424 = VECTOR('',#425,1.);
#425 = DIRECTION('',(1.,0.));
#426 = ( GEOMETRIC_REPRESENTATION_CONTEXT(2) 
PARAMETRIC_REPRESENTATION_CONTEXT() REPRESENTATION_CONTEXT('2D SPACE',''
  ) );
#427 = ORIENTED_EDGE('',*,*,#428,.T.);
#428 = EDGE_CURVE('',#401,#429,#431,.T.);
#429 = VERTEX_POINT('',#430);
#430 = CARTESIAN_POINT('',(-47.72922363281,18.320785870286,
    63.645456485682));
#431 = SURFACE_CURVE('',#432,(#436,#443),.PCURVE_S1.);
#432 = LINE('',#433,#434);
#433 = CARTESIAN_POINT('',(-50.7658203125,15.149507632553,
    54.932441136703));
#434 = VECTOR('',#435,1.);
#435 = DIRECTION('',(0.311229707024,0.325033615239,0.893022518434));
#436 = PCURVE('',#152,#437);
#437 = DEFINITIONAL_REPRESENTATION('',(#438),#442);
#438 = LINE('',#439,#440);
#439 = CARTESIAN_POINT('',(2.103505261862,-50.7658203125));
#440 = VECTOR('',#441,1.);
#441 = DIRECTION('',(0.950334714438,0.311229707024));
#442 = ( GEOMETRIC_REPRESENTATION_CONTEXT(2) 
PARAMETRIC_REPRESENTATION_CONTEXT() REPRESENTATION_CONTEXT('2D SPACE',''
  ) );
#443 = PCURVE('',#444,#449);
#444 = PLANE('',#445);
#445 = AXIS2_PLACEMENT_3D('',#446,#447,#448);
#446 = CARTESIAN_POINT('',(-50.7658203125,15.149507632553,
    54.932441136703));
#447 = DIRECTION('',(-0.950334714438,0.106446829004,0.29246025906));
#448 = DIRECTION('',(0.311229707024,0.325033615239,0.893022518434));
#449 = DEFINITIONAL_REPRESENTATION('',(#450),#454);
#450 = LINE('',#451,#452);
#451 = CARTESIAN_POINT('',(0.,0.));
#452 = VECTOR('',#453,1.);
#453 = DIRECTION('',(1.,5.551115123126E-17));
#454 = ( GEOMETRIC_REPRESENTATION_CONTEXT(2) 
PARAMETRIC_REPRESENTATION_CONTEXT() REPRESENTATION_CONTEXT('2D SPACE',''
  ) );
#455 = ORIENTED_EDGE('',*,*,#456,.T.);
#456 = EDGE_CURVE('',#429,#457,#459,.T.);
#457 = VERTEX_POINT('',#458);
#458 = CARTESIAN_POINT('',(-44.0725,21.460500725652,72.271752154325));
#459 = SURFACE_CURVE('',#460,(#464,#471),.PCURVE_S1.);
#460 = LINE('',#461,#462);
#461 = CARTESIAN_POINT('',(-47.72922363281,18.320785870286,
    63.645456485682));
#462 = VECTOR('',#463,1.);
#463 = DIRECTION('',(0.370060630534,0.317739314136,0.872981590861));
#464 = PCURVE('',#152,#465);
#465 = DEFINITIONAL_REPRESENTATION('',(#466),#470);
#466 = LINE('',#467,#468);
#467 = CARTESIAN_POINT('',(11.375702527487,-47.72922363281));
#468 = VECTOR('',#469,1.);
#469 = DIRECTION('',(0.929007604774,0.370060630534));
#470 = ( GEOMETRIC_REPRESENTATION_CONTEXT(2) 
PARAMETRIC_REPRESENTATION_CONTEXT() REPRESENTATION_CONTEXT('2D SPACE',''
  ) );
#471 = PCURVE('',#472,#477);
#472 = PLANE('',#473);
#473 = AXIS2_PLACEMENT_3D('',#474,#475,#476);
#474 = CARTESIAN_POINT('',(-47.72922363281,18.320785870286,
    63.645456485682));
#475 = DIRECTION('',(-0.929007604774,0.126568189894,0.347743243756));
#476 = DIRECTION('',(0.370060630534,0.317739314136,0.872981590861));
#477 = DEFINITIONAL_REPRESENTATION('',(#478),#482);
#478 = LINE('',#479,#480);
#479 = CARTESIAN_POINT('',(0.,0.));
#480 = VECTOR('',#481,1.);
#481 = DIRECTION('',(1.,0.));
#482 = ( GEOMETRIC_REPRESENTATION_CONTEXT(2) 
PARAMETRIC_REPRESENTATION_CONTEXT() REPRESENTATION_CONTEXT('2D SPACE',''
  ) );
#483 = ORIENTED_EDGE('',*,*,#484,.T.);
#484 = EDGE_CURVE('',#457,#485,#487,.T.);
#485 = VERTEX_POINT('',#486);
#486 = CARTESIAN_POINT('',(-39.85819824218,24.529513604514,
    80.703795739015));
#487 = SURFACE_CURVE('',#488,(#492,#499),.PCURVE_S1.);
#488 = LINE('',#489,#490);
#489 = CARTESIAN_POINT('',(-44.0725,21.460500725652,72.271752154325));
#490 = VECTOR('',#491,1.);
#491 = DIRECTION('',(0.425105070247,0.309577484108,0.850557147159));
#492 = PCURVE('',#152,#493);
#493 = DEFINITIONAL_REPRESENTATION('',(#494),#498);
#494 = LINE('',#495,#496);
#495 = CARTESIAN_POINT('',(20.555614636862,-44.0725));
#496 = VECTOR('',#497,1.);
#497 = DIRECTION('',(0.905144010227,0.425105070247));
#498 = ( GEOMETRIC_REPRESENTATION_CONTEXT(2) 
PARAMETRIC_REPRESENTATION_CONTEXT() REPRESENTATION_CONTEXT('2D SPACE',''
  ) );
#499 = PCURVE('',#500,#505);
#500 = PLANE('',#501);
#501 = AXIS2_PLACEMENT_3D('',#502,#503,#504);
#502 = CARTESIAN_POINT('',(-44.0725,21.460500725652,72.271752154325));
#503 = DIRECTION('',(-0.905144010227,0.145394497054,0.39946809757));
#504 = DIRECTION('',(0.425105070247,0.309577484108,0.850557147159));
#505 = DEFINITIONAL_REPRESENTATION('',(#506),#510);
#506 = LINE('',#507,#508);
#507 = CARTESIAN_POINT('',(0.,0.));
#508 = VECTOR('',#509,1.);
#509 = DIRECTION('',(1.,0.));
#510 = ( GEOMETRIC_REPRESENTATION_CONTEXT(2) 
PARAMETRIC_REPRESENTATION_CONTEXT() REPRESENTATION_CONTEXT('2D SPACE',''
  ) );
#511 = ORIENTED_EDGE('',*,*,#512,.T.);
#512 = EDGE_CURVE('',#485,#513,#515,.T.);
#513 = VERTEX_POINT('',#514);
#514 = CARTESIAN_POINT('',(-35.1488671875,27.488685912738,
    88.834054836135));
#515 = SURFACE_CURVE('',#516,(#520,#527),.PCURVE_S1.);
#516 = LINE('',#517,#518);
#517 = CARTESIAN_POINT('',(-39.85819824218,24.529513604514,
    80.703795739015));
#518 = VECTOR('',#519,1.);
#519 = DIRECTION('',(0.478072370639,0.300403285327,0.825351243166));
#520 = PCURVE('',#152,#521);
#521 = DEFINITIONAL_REPRESENTATION('',(#522),#526);
#522 = LINE('',#523,#524);
#523 = CARTESIAN_POINT('',(29.528807996237,-39.85819824218));
#524 = VECTOR('',#525,1.);
#525 = DIRECTION('',(0.878320447463,0.478072370639));
#526 = ( GEOMETRIC_REPRESENTATION_CONTEXT(2) 
PARAMETRIC_REPRESENTATION_CONTEXT() REPRESENTATION_CONTEXT('2D SPACE',''
  ) );
#527 = PCURVE('',#528,#533);
#528 = PLANE('',#529);
#529 = AXIS2_PLACEMENT_3D('',#530,#531,#532);
#530 = CARTESIAN_POINT('',(-39.85819824218,24.529513604514,
    80.703795739015));
#531 = DIRECTION('',(-0.878320447463,0.163510380726,0.449241078891));
#532 = DIRECTION('',(0.478072370639,0.300403285327,0.825351243166));
#533 = DEFINITIONAL_REPRESENTATION('',(#534),#538);
#534 = LINE('',#535,#536);
#535 = CARTESIAN_POINT('',(0.,0.));
#536 = VECTOR('',#537,1.);
#537 = DIRECTION('',(1.,0.));
#538 = ( GEOMETRIC_REPRESENTATION_CONTEXT(2) 
PARAMETRIC_REPRESENTATION_CONTEXT() REPRESENTATION_CONTEXT('2D SPACE',''
  ) );
#539 = ORIENTED_EDGE('',*,*,#540,.T.);
#540 = EDGE_CURVE('',#513,#541,#543,.T.);
#541 = VERTEX_POINT('',#542);
#542 = CARTESIAN_POINT('',(-30.00705566406,30.298879056187,
    96.554997042068));
#543 = SURFACE_CURVE('',#544,(#548,#555),.PCURVE_S1.);
#544 = LINE('',#545,#546);
#545 = CARTESIAN_POINT('',(-35.1488671875,27.488685912738,
    88.834054836135));
#546 = VECTOR('',#547,1.);
#547 = DIRECTION('',(0.530483099103,0.289928940612,0.796573217577));
#548 = PCURVE('',#152,#549);
#549 = DEFINITIONAL_REPRESENTATION('',(#550),#554);
#550 = LINE('',#551,#552);
#551 = CARTESIAN_POINT('',(38.180849011862,-35.1488671875));
#552 = VECTOR('',#553,1.);
#553 = DIRECTION('',(0.847695512295,0.530483099103));
#554 = ( GEOMETRIC_REPRESENTATION_CONTEXT(2) 
PARAMETRIC_REPRESENTATION_CONTEXT() REPRESENTATION_CONTEXT('2D SPACE',''
  ) );
#555 = PCURVE('',#556,#561);
#556 = PLANE('',#557);
#557 = AXIS2_PLACEMENT_3D('',#558,#559,#560);
#558 = CARTESIAN_POINT('',(-35.1488671875,27.488685912738,
    88.834054836135));
#559 = DIRECTION('',(-0.847695512295,0.181435905587,0.498491053679));
#560 = DIRECTION('',(0.530483099103,0.289928940612,0.796573217577));
#561 = DEFINITIONAL_REPRESENTATION('',(#562),#566);
#562 = LINE('',#563,#564);
#563 = CARTESIAN_POINT('',(0.,0.));
#564 = VECTOR('',#565,1.);
#565 = DIRECTION('',(1.,0.));
#566 = ( GEOMETRIC_REPRESENTATION_CONTEXT(2) 
PARAMETRIC_REPRESENTATION_CONTEXT() REPRESENTATION_CONTEXT('2D SPACE',''
  ) );
#567 = ORIENTED_EDGE('',*,*,#568,.T.);
#568 = EDGE_CURVE('',#541,#569,#571,.T.);
#569 = VERTEX_POINT('',#570);
#570 = CARTESIAN_POINT('',(-24.4953125,32.920954440726,103.75908995319)
  );
#571 = SURFACE_CURVE('',#572,(#576,#583),.PCURVE_S1.);
#572 = LINE('',#573,#574);
#573 = CARTESIAN_POINT('',(-30.00705566406,30.298879056187,
    96.554997042068));
#574 = VECTOR('',#575,1.);
#575 = DIRECTION('',(0.583740276747,0.277699988019,0.762974446464));
#576 = PCURVE('',#152,#577);
#577 = DEFINITIONAL_REPRESENTATION('',(#578),#582);
#578 = LINE('',#579,#580);
#579 = CARTESIAN_POINT('',(46.397304089987,-30.00705566406));
#580 = VECTOR('',#581,1.);
#581 = DIRECTION('',(0.811940446894,0.583740276747));
#582 = ( GEOMETRIC_REPRESENTATION_CONTEXT(2) 
PARAMETRIC_REPRESENTATION_CONTEXT() REPRESENTATION_CONTEXT('2D SPACE',''
  ) );
#583 = PCURVE('',#584,#589);
#584 = PLANE('',#585);
#585 = AXIS2_PLACEMENT_3D('',#586,#587,#588);
#586 = CARTESIAN_POINT('',(-30.00705566406,30.298879056187,
    96.554997042068));
#587 = DIRECTION('',(-0.811940446894,0.199650933118,0.548536430515));
#588 = DIRECTION('',(0.583740276747,0.277699988019,0.762974446464));
#589 = DEFINITIONAL_REPRESENTATION('',(#590),#594);
#590 = LINE('',#591,#592);
#591 = CARTESIAN_POINT('',(0.,0.));
#592 = VECTOR('',#593,1.);
#593 = DIRECTION('',(1.,0.));
#594 = ( GEOMETRIC_REPRESENTATION_CONTEXT(2) 
PARAMETRIC_REPRESENTATION_CONTEXT() REPRESENTATION_CONTEXT('2D SPACE',''
  ) );
#595 = ORIENTED_EDGE('',*,*,#596,.T.);
#596 = EDGE_CURVE('',#569,#597,#599,.T.);
#597 = VERTEX_POINT('',#598);
#598 = CARTESIAN_POINT('',(-18.67618652343,35.31577347222,110.3388011659
    ));
#599 = SURFACE_CURVE('',#600,(#604,#611),.PCURVE_S1.);
#600 = LINE('',#601,#602);
#601 = CARTESIAN_POINT('',(-24.4953125,32.920954440726,103.75908995319)
  );
#602 = VECTOR('',#603,1.);
#603 = DIRECTION('',(0.639155791915,0.263039923991,0.72269625158));
#604 = PCURVE('',#152,#605);
#605 = DEFINITIONAL_REPRESENTATION('',(#606),#610);
#606 = LINE('',#607,#608);
#607 = CARTESIAN_POINT('',(54.063739636862,-24.4953125));
#608 = VECTOR('',#609,1.);
#609 = DIRECTION('',(0.769077287183,0.639155791915));
#610 = ( GEOMETRIC_REPRESENTATION_CONTEXT(2) 
PARAMETRIC_REPRESENTATION_CONTEXT() REPRESENTATION_CONTEXT('2D SPACE',''
  ) );
#611 = PCURVE('',#612,#617);
#612 = PLANE('',#613);
#613 = AXIS2_PLACEMENT_3D('',#614,#615,#616);
#614 = CARTESIAN_POINT('',(-24.4953125,32.920954440726,103.75908995319)
  );
#615 = DIRECTION('',(-0.769077287183,0.218604155558,0.600609981196));
#616 = DIRECTION('',(0.639155791915,0.263039923991,0.72269625158));
#617 = DEFINITIONAL_REPRESENTATION('',(#618),#622);
#618 = LINE('',#619,#620);
#619 = CARTESIAN_POINT('',(0.,0.));
#620 = VECTOR('',#621,1.);
#621 = DIRECTION('',(1.,-2.775557561563E-17));
#622 = ( GEOMETRIC_REPRESENTATION_CONTEXT(2) 
PARAMETRIC_REPRESENTATION_CONTEXT() REPRESENTATION_CONTEXT('2D SPACE',''
  ) );
#623 = ORIENTED_EDGE('',*,*,#624,.T.);
#624 = EDGE_CURVE('',#597,#625,#627,.T.);
#625 = VERTEX_POINT('',#626);
#626 = CARTESIAN_POINT('',(-12.6122265625,37.444197556532,
    116.18659827657));
#627 = SURFACE_CURVE('',#628,(#632,#639),.PCURVE_S1.);
#628 = LINE('',#629,#630);
#629 = CARTESIAN_POINT('',(-18.67618652343,35.31577347222,110.3388011659
    ));
#630 = VECTOR('',#631,1.);
#631 = DIRECTION('',(0.697890161098,0.244956470137,0.673012370452));
#632 = PCURVE('',#152,#633);
#633 = DEFINITIONAL_REPRESENTATION('',(#634),#638);
#634 = LINE('',#635,#636);
#635 = CARTESIAN_POINT('',(61.065722058737,-18.67618652343));
#636 = VECTOR('',#637,1.);
#637 = DIRECTION('',(0.716204805236,0.697890161098));
#638 = ( GEOMETRIC_REPRESENTATION_CONTEXT(2) 
PARAMETRIC_REPRESENTATION_CONTEXT() REPRESENTATION_CONTEXT('2D SPACE',''
  ) );
#639 = PCURVE('',#640,#645);
#640 = PLANE('',#641);
#641 = AXIS2_PLACEMENT_3D('',#642,#643,#644);
#642 = CARTESIAN_POINT('',(-18.67618652343,35.31577347222,110.3388011659
    ));
#643 = DIRECTION('',(-0.716204805236,0.238692492924,0.655802234503));
#644 = DIRECTION('',(0.697890161098,0.244956470137,0.673012370452));
#645 = DEFINITIONAL_REPRESENTATION('',(#646),#650);
#646 = LINE('',#647,#648);
#647 = CARTESIAN_POINT('',(0.,0.));
#648 = VECTOR('',#649,1.);
#649 = DIRECTION('',(1.,-2.775557561563E-17));
#650 = ( GEOMETRIC_REPRESENTATION_CONTEXT(2) 
PARAMETRIC_REPRESENTATION_CONTEXT() REPRESENTATION_CONTEXT('2D SPACE',''
  ) );
#651 = ORIENTED_EDGE('',*,*,#652,.T.);
#652 = EDGE_CURVE('',#625,#653,#655,.T.);
#653 = VERTEX_POINT('',#654);
#654 = CARTESIAN_POINT('',(-6.365981445313,39.267088099527,
    121.19494888159));
#655 = SURFACE_CURVE('',#656,(#660,#667),.PCURVE_S1.);
#656 = LINE('',#657,#658);
#657 = CARTESIAN_POINT('',(-12.6122265625,37.444197556532,
    116.18659827657));
#658 = VECTOR('',#659,1.);
#659 = DIRECTION('',(0.760707919354,0.222003338991,0.609949160921));
#660 = PCURVE('',#152,#661);
#661 = DEFINITIONAL_REPRESENTATION('',(#662),#666);
#662 = LINE('',#663,#664);
#663 = CARTESIAN_POINT('',(67.288817761862,-12.6122265625));
#664 = VECTOR('',#665,1.);
#665 = DIRECTION('',(0.649094339393,0.760707919354));
#666 = ( GEOMETRIC_REPRESENTATION_CONTEXT(2) 
PARAMETRIC_REPRESENTATION_CONTEXT() REPRESENTATION_CONTEXT('2D SPACE',''
  ) );
#667 = PCURVE('',#668,#673);
#668 = PLANE('',#669);
#669 = AXIS2_PLACEMENT_3D('',#670,#671,#672);
#670 = CARTESIAN_POINT('',(-12.6122265625,37.444197556532,
    116.18659827657));
#671 = DIRECTION('',(-0.649094339393,0.260177431606,0.71483161839));
#672 = DIRECTION('',(0.760707919354,0.222003338991,0.609949160921));
#673 = DEFINITIONAL_REPRESENTATION('',(#674),#678);
#674 = LINE('',#675,#676);
#675 = CARTESIAN_POINT('',(0.,0.));
#676 = VECTOR('',#677,1.);
#677 = DIRECTION('',(1.,0.));
#678 = ( GEOMETRIC_REPRESENTATION_CONTEXT(2) 
PARAMETRIC_REPRESENTATION_CONTEXT() REPRESENTATION_CONTEXT('2D SPACE',''
  ) );
#679 = ORIENTED_EDGE('',*,*,#680,.T.);
#680 = EDGE_CURVE('',#653,#681,#683,.T.);
#681 = VERTEX_POINT('',#682);
#682 = CARTESIAN_POINT('',(0.,40.745306507069,125.25632057733));
#683 = SURFACE_CURVE('',#684,(#688,#695),.PCURVE_S1.);
#684 = LINE('',#685,#686);
#685 = CARTESIAN_POINT('',(-6.365981445313,39.267088099527,
    121.19494888159));
#686 = VECTOR('',#687,1.);
#687 = DIRECTION('',(0.827339984276,0.192113220021,0.527826733987));
#688 = PCURVE('',#152,#689);
#689 = DEFINITIONAL_REPRESENTATION('',(#690),#694);
#690 = LINE('',#691,#692);
#691 = CARTESIAN_POINT('',(72.618593152487,-6.365981445313));
#692 = VECTOR('',#693,1.);
#693 = DIRECTION('',(0.561701478027,0.827339984276));
#694 = ( GEOMETRIC_REPRESENTATION_CONTEXT(2) 
PARAMETRIC_REPRESENTATION_CONTEXT() REPRESENTATION_CONTEXT('2D SPACE',''
  ) );
#695 = PCURVE('',#696,#701);
#696 = PLANE('',#697);
#697 = AXIS2_PLACEMENT_3D('',#698,#699,#700);
#698 = CARTESIAN_POINT('',(-6.365981445313,39.267088099527,
    121.19494888159));
#699 = DIRECTION('',(-0.561701478027,0.282966940001,0.777445278106));
#700 = DIRECTION('',(0.827339984276,0.192113220021,0.527826733987));
#701 = DEFINITIONAL_REPRESENTATION('',(#702),#706);
#702 = LINE('',#703,#704);
#703 = CARTESIAN_POINT('',(0.,0.));
#704 = VECTOR('',#705,1.);
#705 = DIRECTION('',(1.,0.));
#706 = ( GEOMETRIC_REPRESENTATION_CONTEXT(2) 
PARAMETRIC_REPRESENTATION_CONTEXT() REPRESENTATION_CONTEXT('2D SPACE',''
  ) );
#707 = ORIENTED_EDGE('',*,*,#708,.T.);
#708 = EDGE_CURVE('',#681,#709,#711,.T.);
#709 = VERTEX_POINT('',#710);
#710 = CARTESIAN_POINT('',(6.365981445313,39.267088099527,
    121.19494888159));
#711 = SURFACE_CURVE('',#712,(#716,#723),.PCURVE_S1.);
#712 = LINE('',#713,#714);
#713 = CARTESIAN_POINT('',(0.,40.745306507069,125.25632057733));
#714 = VECTOR('',#715,1.);
#715 = DIRECTION('',(0.827339984276,-0.192113220021,-0.527826733987));
#716 = PCURVE('',#152,#717);
#717 = DEFINITIONAL_REPRESENTATION('',(#718),#722);
#718 = LINE('',#719,#720);
#719 = CARTESIAN_POINT('',(76.940614636862,1.155288936034E-15));
#720 = VECTOR('',#721,1.);
#721 = DIRECTION('',(-0.561701478027,0.827339984276));
#722 = ( GEOMETRIC_REPRESENTATION_CONTEXT(2) 
PARAMETRIC_REPRESENTATION_CONTEXT() REPRESENTATION_CONTEXT('2D SPACE',''
  ) );
#723 = PCURVE('',#724,#729);
#724 = PLANE('',#725);
#725 = AXIS2_PLACEMENT_3D('',#726,#727,#728);
#726 = CARTESIAN_POINT('',(0.,40.745306507069,125.25632057733));
#727 = DIRECTION('',(0.561701478027,0.282966940001,0.777445278106));
#728 = DIRECTION('',(0.827339984276,-0.192113220021,-0.527826733987));
#729 = DEFINITIONAL_REPRESENTATION('',(#730),#734);
#730 = LINE('',#731,#732);
#731 = CARTESIAN_POINT('',(0.,0.));
#732 = VECTOR('',#733,1.);
#733 = DIRECTION('',(1.,0.));
#734 = ( GEOMETRIC_REPRESENTATION_CONTEXT(2) 
PARAMETRIC_REPRESENTATION_CONTEXT() REPRESENTATION_CONTEXT('2D SPACE',''
  ) );
#735 = ORIENTED_EDGE('',*,*,#736,.T.);
#736 = EDGE_CURVE('',#709,#737,#739,.T.);
#737 = VERTEX_POINT('',#738);
#738 = CARTESIAN_POINT('',(12.6122265625,37.444197556532,116.18659827657
    ));
#739 = SURFACE_CURVE('',#740,(#744,#751),.PCURVE_S1.);
#740 = LINE('',#741,#742);
#741 = CARTESIAN_POINT('',(6.365981445313,39.267088099527,
    121.19494888159));
#742 = VECTOR('',#743,1.);
#743 = DIRECTION('',(0.760707919354,-0.222003338991,-0.609949160921));
#744 = PCURVE('',#152,#745);
#745 = DEFINITIONAL_REPRESENTATION('',(#746),#750);
#746 = LINE('',#747,#748);
#747 = CARTESIAN_POINT('',(72.618593152487,6.365981445313));
#748 = VECTOR('',#749,1.);
#749 = DIRECTION('',(-0.649094339393,0.760707919354));
#750 = ( GEOMETRIC_REPRESENTATION_CONTEXT(2) 
PARAMETRIC_REPRESENTATION_CONTEXT() REPRESENTATION_CONTEXT('2D SPACE',''
  ) );
#751 = PCURVE('',#752,#757);
#752 = PLANE('',#753);
#753 = AXIS2_PLACEMENT_3D('',#754,#755,#756);
#754 = CARTESIAN_POINT('',(6.365981445313,39.267088099527,
    121.19494888159));
#755 = DIRECTION('',(0.649094339393,0.260177431606,0.71483161839));
#756 = DIRECTION('',(0.760707919354,-0.222003338991,-0.609949160921));
#757 = DEFINITIONAL_REPRESENTATION('',(#758),#762);
#758 = LINE('',#759,#760);
#759 = CARTESIAN_POINT('',(0.,0.));
#760 = VECTOR('',#761,1.);
#761 = DIRECTION('',(1.,0.));
#762 = ( GEOMETRIC_REPRESENTATION_CONTEXT(2) 
PARAMETRIC_REPRESENTATION_CONTEXT() REPRESENTATION_CONTEXT('2D SPACE',''
  ) );
#763 = ORIENTED_EDGE('',*,*,#764,.T.);
#764 = EDGE_CURVE('',#737,#765,#767,.T.);
#765 = VERTEX_POINT('',#766);
#766 = CARTESIAN_POINT('',(18.676186523438,35.31577347222,110.3388011659
    ));
#767 = SURFACE_CURVE('',#768,(#772,#779),.PCURVE_S1.);
#768 = LINE('',#769,#770);
#769 = CARTESIAN_POINT('',(12.6122265625,37.444197556532,116.18659827657
    ));
#770 = VECTOR('',#771,1.);
#771 = DIRECTION('',(0.697890161098,-0.244956470137,-0.673012370452));
#772 = PCURVE('',#152,#773);
#773 = DEFINITIONAL_REPRESENTATION('',(#774),#778);
#774 = LINE('',#775,#776);
#775 = CARTESIAN_POINT('',(67.288817761862,12.6122265625));
#776 = VECTOR('',#777,1.);
#777 = DIRECTION('',(-0.716204805236,0.697890161098));
#778 = ( GEOMETRIC_REPRESENTATION_CONTEXT(2) 
PARAMETRIC_REPRESENTATION_CONTEXT() REPRESENTATION_CONTEXT('2D SPACE',''
  ) );
#779 = PCURVE('',#780,#785);
#780 = PLANE('',#781);
#781 = AXIS2_PLACEMENT_3D('',#782,#783,#784);
#782 = CARTESIAN_POINT('',(12.6122265625,37.444197556532,116.18659827657
    ));
#783 = DIRECTION('',(0.716204805236,0.238692492924,0.655802234503));
#784 = DIRECTION('',(0.697890161098,-0.244956470137,-0.673012370452));
#785 = DEFINITIONAL_REPRESENTATION('',(#786),#790);
#786 = LINE('',#787,#788);
#787 = CARTESIAN_POINT('',(0.,0.));
#788 = VECTOR('',#789,1.);
#789 = DIRECTION('',(1.,2.775557561563E-17));
#790 = ( GEOMETRIC_REPRESENTATION_CONTEXT(2) 
PARAMETRIC_REPRESENTATION_CONTEXT() REPRESENTATION_CONTEXT('2D SPACE',''
  ) );
#791 = ORIENTED_EDGE('',*,*,#792,.T.);
#792 = EDGE_CURVE('',#765,#793,#795,.T.);
#793 = VERTEX_POINT('',#794);
#794 = CARTESIAN_POINT('',(24.4953125,32.920954440726,103.75908995319));
#795 = SURFACE_CURVE('',#796,(#800,#807),.PCURVE_S1.);
#796 = LINE('',#797,#798);
#797 = CARTESIAN_POINT('',(18.676186523438,35.31577347222,110.3388011659
    ));
#798 = VECTOR('',#799,1.);
#799 = DIRECTION('',(0.639155791915,-0.263039923991,-0.72269625158));
#800 = PCURVE('',#152,#801);
#801 = DEFINITIONAL_REPRESENTATION('',(#802),#806);
#802 = LINE('',#803,#804);
#803 = CARTESIAN_POINT('',(61.065722058737,18.676186523438));
#804 = VECTOR('',#805,1.);
#805 = DIRECTION('',(-0.769077287183,0.639155791915));
#806 = ( GEOMETRIC_REPRESENTATION_CONTEXT(2) 
PARAMETRIC_REPRESENTATION_CONTEXT() REPRESENTATION_CONTEXT('2D SPACE',''
  ) );
#807 = PCURVE('',#808,#813);
#808 = PLANE('',#809);
#809 = AXIS2_PLACEMENT_3D('',#810,#811,#812);
#810 = CARTESIAN_POINT('',(18.676186523438,35.31577347222,110.3388011659
    ));
#811 = DIRECTION('',(0.769077287183,0.218604155558,0.600609981196));
#812 = DIRECTION('',(0.639155791915,-0.263039923991,-0.72269625158));
#813 = DEFINITIONAL_REPRESENTATION('',(#814),#818);
#814 = LINE('',#815,#816);
#815 = CARTESIAN_POINT('',(0.,0.));
#816 = VECTOR('',#817,1.);
#817 = DIRECTION('',(1.,2.775557561563E-17));
#818 = ( GEOMETRIC_REPRESENTATION_CONTEXT(2) 
PARAMETRIC_REPRESENTATION_CONTEXT() REPRESENTATION_CONTEXT('2D SPACE',''
  ) );
#819 = ORIENTED_EDGE('',*,*,#820,.T.);
#820 = EDGE_CURVE('',#793,#821,#823,.T.);
#821 = VERTEX_POINT('',#822);
#822 = CARTESIAN_POINT('',(30.007055664063,30.298879056187,
    96.554997042068));
#823 = SURFACE_CURVE('',#824,(#828,#835),.PCURVE_S1.);
#824 = LINE('',#825,#826);
#825 = CARTESIAN_POINT('',(24.4953125,32.920954440726,103.75908995319));
#826 = VECTOR('',#827,1.);
#827 = DIRECTION('',(0.583740276747,-0.277699988019,-0.762974446464));
#828 = PCURVE('',#152,#829);
#829 = DEFINITIONAL_REPRESENTATION('',(#830),#834);
#830 = LINE('',#831,#832);
#831 = CARTESIAN_POINT('',(54.063739636862,24.4953125));
#832 = VECTOR('',#833,1.);
#833 = DIRECTION('',(-0.811940446894,0.583740276747));
#834 = ( GEOMETRIC_REPRESENTATION_CONTEXT(2) 
PARAMETRIC_REPRESENTATION_CONTEXT() REPRESENTATION_CONTEXT('2D SPACE',''
  ) );
#835 = PCURVE('',#836,#841);
#836 = PLANE('',#837);
#837 = AXIS2_PLACEMENT_3D('',#838,#839,#840);
#838 = CARTESIAN_POINT('',(24.4953125,32.920954440726,103.75908995319));
#839 = DIRECTION('',(0.811940446894,0.199650933118,0.548536430515));
#840 = DIRECTION('',(0.583740276747,-0.277699988019,-0.762974446464));
#841 = DEFINITIONAL_REPRESENTATION('',(#842),#846);
#842 = LINE('',#843,#844);
#843 = CARTESIAN_POINT('',(0.,0.));
#844 = VECTOR('',#845,1.);
#845 = DIRECTION('',(1.,0.));
#846 = ( GEOMETRIC_REPRESENTATION_CONTEXT(2) 
PARAMETRIC_REPRESENTATION_CONTEXT() REPRESENTATION_CONTEXT('2D SPACE',''
  ) );
#847 = ORIENTED_EDGE('',*,*,#848,.T.);
#848 = EDGE_CURVE('',#821,#849,#851,.T.);
#849 = VERTEX_POINT('',#850);
#850 = CARTESIAN_POINT('',(35.1488671875,27.488685912738,88.834054836135
    ));
#851 = SURFACE_CURVE('',#852,(#856,#863),.PCURVE_S1.);
#852 = LINE('',#853,#854);
#853 = CARTESIAN_POINT('',(30.007055664063,30.298879056187,
    96.554997042068));
#854 = VECTOR('',#855,1.);
#855 = DIRECTION('',(0.530483099103,-0.289928940612,-0.796573217577));
#856 = PCURVE('',#152,#857);
#857 = DEFINITIONAL_REPRESENTATION('',(#858),#862);
#858 = LINE('',#859,#860);
#859 = CARTESIAN_POINT('',(46.397304089987,30.007055664063));
#860 = VECTOR('',#861,1.);
#861 = DIRECTION('',(-0.847695512295,0.530483099103));
#862 = ( GEOMETRIC_REPRESENTATION_CONTEXT(2) 
PARAMETRIC_REPRESENTATION_CONTEXT() REPRESENTATION_CONTEXT('2D SPACE',''
  ) );
#863 = PCURVE('',#864,#869);
#864 = PLANE('',#865);
#865 = AXIS2_PLACEMENT_3D('',#866,#867,#868);
#866 = CARTESIAN_POINT('',(30.007055664063,30.298879056187,
    96.554997042068));
#867 = DIRECTION('',(0.847695512295,0.181435905587,0.498491053679));
#868 = DIRECTION('',(0.530483099103,-0.289928940612,-0.796573217577));
#869 = DEFINITIONAL_REPRESENTATION('',(#870),#874);
#870 = LINE('',#871,#872);
#871 = CARTESIAN_POINT('',(0.,0.));
#872 = VECTOR('',#873,1.);
#873 = DIRECTION('',(1.,0.));
#874 = ( GEOMETRIC_REPRESENTATION_CONTEXT(2) 
PARAMETRIC_REPRESENTATION_CONTEXT() REPRESENTATION_CONTEXT('2D SPACE',''
  ) );
#875 = ORIENTED_EDGE('',*,*,#876,.T.);
#876 = EDGE_CURVE('',#849,#877,#879,.T.);
#877 = VERTEX_POINT('',#878);
#878 = CARTESIAN_POINT('',(39.858198242188,24.529513604514,
    80.703795739015));
#879 = SURFACE_CURVE('',#880,(#884,#891),.PCURVE_S1.);
#880 = LINE('',#881,#882);
#881 = CARTESIAN_POINT('',(35.1488671875,27.488685912738,88.834054836135
    ));
#882 = VECTOR('',#883,1.);
#883 = DIRECTION('',(0.478072370639,-0.300403285327,-0.825351243166));
#884 = PCURVE('',#152,#885);
#885 = DEFINITIONAL_REPRESENTATION('',(#886),#890);
#886 = LINE('',#887,#888);
#887 = CARTESIAN_POINT('',(38.180849011862,35.1488671875));
#888 = VECTOR('',#889,1.);
#889 = DIRECTION('',(-0.878320447463,0.478072370639));
#890 = ( GEOMETRIC_REPRESENTATION_CONTEXT(2) 
PARAMETRIC_REPRESENTATION_CONTEXT() REPRESENTATION_CONTEXT('2D SPACE',''
  ) );
#891 = PCURVE('',#892,#897);
#892 = PLANE('',#893);
#893 = AXIS2_PLACEMENT_3D('',#894,#895,#896);
#894 = CARTESIAN_POINT('',(35.1488671875,27.488685912738,88.834054836135
    ));
#895 = DIRECTION('',(0.878320447463,0.163510380726,0.449241078891));
#896 = DIRECTION('',(0.478072370639,-0.300403285327,-0.825351243166));
#897 = DEFINITIONAL_REPRESENTATION('',(#898),#902);
#898 = LINE('',#899,#900);
#899 = CARTESIAN_POINT('',(0.,0.));
#900 = VECTOR('',#901,1.);
#901 = DIRECTION('',(1.,0.));
#902 = ( GEOMETRIC_REPRESENTATION_CONTEXT(2) 
PARAMETRIC_REPRESENTATION_CONTEXT() REPRESENTATION_CONTEXT('2D SPACE',''
  ) );
#903 = ORIENTED_EDGE('',*,*,#904,.T.);
#904 = EDGE_CURVE('',#877,#905,#907,.T.);
#905 = VERTEX_POINT('',#906);
#906 = CARTESIAN_POINT('',(44.0725,21.460500725652,72.271752154325));
#907 = SURFACE_CURVE('',#908,(#912,#919),.PCURVE_S1.);
#908 = LINE('',#909,#910);
#909 = CARTESIAN_POINT('',(39.858198242188,24.529513604514,
    80.703795739015));
#910 = VECTOR('',#911,1.);
#911 = DIRECTION('',(0.425105070247,-0.309577484108,-0.850557147159));
#912 = PCURVE('',#152,#913);
#913 = DEFINITIONAL_REPRESENTATION('',(#914),#918);
#914 = LINE('',#915,#916);
#915 = CARTESIAN_POINT('',(29.528807996237,39.858198242188));
#916 = VECTOR('',#917,1.);
#917 = DIRECTION('',(-0.905144010227,0.425105070247));
#918 = ( GEOMETRIC_REPRESENTATION_CONTEXT(2) 
PARAMETRIC_REPRESENTATION_CONTEXT() REPRESENTATION_CONTEXT('2D SPACE',''
  ) );
#919 = PCURVE('',#920,#925);
#920 = PLANE('',#921);
#921 = AXIS2_PLACEMENT_3D('',#922,#923,#924);
#922 = CARTESIAN_POINT('',(39.858198242188,24.529513604514,
    80.703795739015));
#923 = DIRECTION('',(0.905144010227,0.145394497054,0.39946809757));
#924 = DIRECTION('',(0.425105070247,-0.309577484108,-0.850557147159));
#925 = DEFINITIONAL_REPRESENTATION('',(#926),#930);
#926 = LINE('',#927,#928);
#927 = CARTESIAN_POINT('',(0.,0.));
#928 = VECTOR('',#929,1.);
#929 = DIRECTION('',(1.,0.));
#930 = ( GEOMETRIC_REPRESENTATION_CONTEXT(2) 
PARAMETRIC_REPRESENTATION_CONTEXT() REPRESENTATION_CONTEXT('2D SPACE',''
  ) );
#931 = ORIENTED_EDGE('',*,*,#932,.T.);
#932 = EDGE_CURVE('',#905,#933,#935,.T.);
#933 = VERTEX_POINT('',#934);
#934 = CARTESIAN_POINT('',(47.729223632813,18.320785870286,
    63.645456485682));
#935 = SURFACE_CURVE('',#936,(#940,#947),.PCURVE_S1.);
#936 = LINE('',#937,#938);
#937 = CARTESIAN_POINT('',(44.0725,21.460500725652,72.271752154325));
#938 = VECTOR('',#939,1.);
#939 = DIRECTION('',(0.370060630534,-0.317739314136,-0.872981590861));
#940 = PCURVE('',#152,#941);
#941 = DEFINITIONAL_REPRESENTATION('',(#942),#946);
#942 = LINE('',#943,#944);
#943 = CARTESIAN_POINT('',(20.555614636862,44.0725));
#944 = VECTOR('',#945,1.);
#945 = DIRECTION('',(-0.929007604774,0.370060630534));
#946 = ( GEOMETRIC_REPRESENTATION_CONTEXT(2) 
PARAMETRIC_REPRESENTATION_CONTEXT() REPRESENTATION_CONTEXT('2D SPACE',''
  ) );
#947 = PCURVE('',#948,#953);
#948 = PLANE('',#949);
#949 = AXIS2_PLACEMENT_3D('',#950,#951,#952);
#950 = CARTESIAN_POINT('',(44.0725,21.460500725652,72.271752154325));
#951 = DIRECTION('',(0.929007604774,0.126568189894,0.347743243756));
#952 = DIRECTION('',(0.370060630534,-0.317739314136,-0.872981590861));
#953 = DEFINITIONAL_REPRESENTATION('',(#954),#958);
#954 = LINE('',#955,#956);
#955 = CARTESIAN_POINT('',(0.,0.));
#956 = VECTOR('',#957,1.);
#957 = DIRECTION('',(1.,0.));
#958 = ( GEOMETRIC_REPRESENTATION_CONTEXT(2) 
PARAMETRIC_REPRESENTATION_CONTEXT() REPRESENTATION_CONTEXT('2D SPACE',''
  ) );
#959 = ORIENTED_EDGE('',*,*,#960,.T.);
#960 = EDGE_CURVE('',#933,#961,#963,.T.);
#961 = VERTEX_POINT('',#962);
#962 = CARTESIAN_POINT('',(50.7658203125,15.149507632553,54.932441136703
    ));
#963 = SURFACE_CURVE('',#964,(#968,#975),.PCURVE_S1.);
#964 = LINE('',#965,#966);
#965 = CARTESIAN_POINT('',(47.729223632813,18.320785870286,
    63.645456485682));
#966 = VECTOR('',#967,1.);
#967 = DIRECTION('',(0.311229707024,-0.325033615239,-0.893022518434));
#968 = PCURVE('',#152,#969);
#969 = DEFINITIONAL_REPRESENTATION('',(#970),#974);
#970 = LINE('',#971,#972);
#971 = CARTESIAN_POINT('',(11.375702527487,47.729223632813));
#972 = VECTOR('',#973,1.);
#973 = DIRECTION('',(-0.950334714438,0.311229707024));
#974 = ( GEOMETRIC_REPRESENTATION_CONTEXT(2) 
PARAMETRIC_REPRESENTATION_CONTEXT() REPRESENTATION_CONTEXT('2D SPACE',''
  ) );
#975 = PCURVE('',#976,#981);
#976 = PLANE('',#977);
#977 = AXIS2_PLACEMENT_3D('',#978,#979,#980);
#978 = CARTESIAN_POINT('',(47.729223632813,18.320785870286,
    63.645456485682));
#979 = DIRECTION('',(0.950334714438,0.106446829004,0.29246025906));
#980 = DIRECTION('',(0.311229707024,-0.325033615239,-0.893022518434));
#981 = DEFINITIONAL_REPRESENTATION('',(#982),#986);
#982 = LINE('',#983,#984);
#983 = CARTESIAN_POINT('',(0.,0.));
#984 = VECTOR('',#985,1.);
#985 = DIRECTION('',(1.,-5.551115123126E-17));
#986 = ( GEOMETRIC_REPRESENTATION_CONTEXT(2) 
PARAMETRIC_REPRESENTATION_CONTEXT() REPRESENTATION_CONTEXT('2D SPACE',''
  ) );
#987 = ORIENTED_EDGE('',*,*,#988,.T.);
#988 = EDGE_CURVE('',#961,#989,#991,.T.);
#989 = VERTEX_POINT('',#990);
#990 = CARTESIAN_POINT('',(53.119741210938,11.985804606588,
    46.240238511005));
#991 = SURFACE_CURVE('',#992,(#996,#1003),.PCURVE_S1.);
#992 = LINE('',#993,#994);
#993 = CARTESIAN_POINT('',(50.7658203125,15.149507632553,54.932441136703
    ));
#994 = VECTOR('',#995,1.);
#995 = DIRECTION('',(0.246616605115,-0.331456210094,-0.910668452771));
#996 = PCURVE('',#152,#997);
#997 = DEFINITIONAL_REPRESENTATION('',(#998),#1002);
#998 = LINE('',#999,#1000);
#999 = CARTESIAN_POINT('',(2.103505261862,50.7658203125));
#1000 = VECTOR('',#1001,1.);
#1001 = DIRECTION('',(-0.969113125534,0.246616605115));
#1002 = ( GEOMETRIC_REPRESENTATION_CONTEXT(2) 
PARAMETRIC_REPRESENTATION_CONTEXT() REPRESENTATION_CONTEXT('2D SPACE',''
  ) );
#1003 = PCURVE('',#1004,#1009);
#1004 = PLANE('',#1005);
#1005 = AXIS2_PLACEMENT_3D('',#1006,#1007,#1008);
#1006 = CARTESIAN_POINT('',(50.7658203125,15.149507632553,
    54.932441136703));
#1007 = DIRECTION('',(0.969113125534,8.434784662804E-02,0.23174380399));
#1008 = DIRECTION('',(0.246616605115,-0.331456210094,-0.910668452771));
#1009 = DEFINITIONAL_REPRESENTATION('',(#1010),#1014);
#1010 = LINE('',#1011,#1012);
#1011 = CARTESIAN_POINT('',(0.,0.));
#1012 = VECTOR('',#1013,1.);
#1013 = DIRECTION('',(1.,0.));
#1014 = ( GEOMETRIC_REPRESENTATION_CONTEXT(2) 
PARAMETRIC_REPRESENTATION_CONTEXT() REPRESENTATION_CONTEXT('2D SPACE',''
  ) );
#1015 = ORIENTED_EDGE('',*,*,#1016,.T.);
#1016 = EDGE_CURVE('',#989,#1017,#1019,.T.);
#1017 = VERTEX_POINT('',#1018);
#1018 = CARTESIAN_POINT('',(54.7284375,8.868815386528,37.676381012204));
#1019 = SURFACE_CURVE('',#1020,(#1024,#1031),.PCURVE_S1.);
#1020 = LINE('',#1021,#1022);
#1021 = CARTESIAN_POINT('',(53.119741210938,11.985804606588,
    46.240238511005));
#1022 = VECTOR('',#1023,1.);
#1023 = DIRECTION('',(0.173831174946,-0.336813046751,-0.925386240526));
#1024 = PCURVE('',#152,#1025);
#1025 = DEFINITIONAL_REPRESENTATION('',(#1026),#1030);
#1026 = LINE('',#1027,#1028);
#1027 = CARTESIAN_POINT('',(-7.146543566263,53.119741210938));
#1028 = VECTOR('',#1029,1.);
#1029 = DIRECTION('',(-0.984775468123,0.173831174946));
#1030 = ( GEOMETRIC_REPRESENTATION_CONTEXT(2) 
PARAMETRIC_REPRESENTATION_CONTEXT() REPRESENTATION_CONTEXT('2D SPACE',''
  ) );
#1031 = PCURVE('',#1032,#1037);
#1032 = PLANE('',#1033);
#1033 = AXIS2_PLACEMENT_3D('',#1034,#1035,#1036);
#1034 = CARTESIAN_POINT('',(53.119741210938,11.985804606588,
    46.240238511005));
#1035 = DIRECTION('',(0.984775468123,5.94537633694E-02,0.163347872359));
#1036 = DIRECTION('',(0.173831174946,-0.336813046751,-0.925386240526));
#1037 = DEFINITIONAL_REPRESENTATION('',(#1038),#1042);
#1038 = LINE('',#1039,#1040);
#1039 = CARTESIAN_POINT('',(0.,0.));
#1040 = VECTOR('',#1041,1.);
#1041 = DIRECTION('',(1.,0.));
#1042 = ( GEOMETRIC_REPRESENTATION_CONTEXT(2) 
PARAMETRIC_REPRESENTATION_CONTEXT() REPRESENTATION_CONTEXT('2D SPACE',''
  ) );
#1043 = ORIENTED_EDGE('',*,*,#1044,.T.);
#1044 = EDGE_CURVE('',#1017,#1045,#1047,.T.);
#1045 = VERTEX_POINT('',#1046);
#1046 = CARTESIAN_POINT('',(55.529360351563,5.837678566506,
    29.348401043918));
#1047 = SURFACE_CURVE('',#1048,(#1052,#1059),.PCURVE_S1.);
#1048 = LINE('',#1049,#1050);
#1049 = CARTESIAN_POINT('',(54.7284375,8.868815386528,37.676381012204));
#1050 = VECTOR('',#1051,1.);
#1051 = DIRECTION('',(9.000581020976E-02,-0.340631965751,-0.935878634245
    ));
#1052 = PCURVE('',#152,#1053);
#1053 = DEFINITIONAL_REPRESENTATION('',(#1054),#1058);
#1054 = LINE('',#1055,#1056);
#1055 = CARTESIAN_POINT('',(-16.26001036313,54.7284375));
#1056 = VECTOR('',#1057,1.);
#1057 = DIRECTION('',(-0.995941240299,9.000581020976E-02));
#1058 = ( GEOMETRIC_REPRESENTATION_CONTEXT(2) 
PARAMETRIC_REPRESENTATION_CONTEXT() REPRESENTATION_CONTEXT('2D SPACE',''
  ) );
#1059 = PCURVE('',#1060,#1065);
#1060 = PLANE('',#1061);
#1061 = AXIS2_PLACEMENT_3D('',#1062,#1063,#1064);
#1062 = CARTESIAN_POINT('',(54.7284375,8.868815386528,37.676381012204));
#1063 = DIRECTION('',(0.995941240299,3.078380010808E-02,
    8.457779568197E-02));
#1064 = DIRECTION('',(9.000581020976E-02,-0.340631965751,-0.935878634245
    ));
#1065 = DEFINITIONAL_REPRESENTATION('',(#1066),#1070);
#1066 = LINE('',#1067,#1068);
#1067 = CARTESIAN_POINT('',(0.,0.));
#1068 = VECTOR('',#1069,1.);
#1069 = DIRECTION('',(1.,0.));
#1070 = ( GEOMETRIC_REPRESENTATION_CONTEXT(2) 
PARAMETRIC_REPRESENTATION_CONTEXT() REPRESENTATION_CONTEXT('2D SPACE',''
  ) );
#1071 = ORIENTED_EDGE('',*,*,#1072,.T.);
#1072 = EDGE_CURVE('',#1045,#1073,#1075,.T.);
#1073 = VERTEX_POINT('',#1074);
#1074 = CARTESIAN_POINT('',(55.4599609375,2.93153274066,21.363831009763)
  );
#1075 = SURFACE_CURVE('',#1076,(#1080,#1087),.PCURVE_S1.);
#1076 = LINE('',#1077,#1078);
#1077 = CARTESIAN_POINT('',(55.529360351563,5.837678566506,
    29.348401043918));
#1078 = VECTOR('',#1079,1.);
#1079 = DIRECTION('',(-8.167245317947E-03,-0.342008736097,
    -0.939661279684));
#1080 = PCURVE('',#152,#1081);
#1081 = DEFINITIONAL_REPRESENTATION('',(#1082),#1086);
#1082 = LINE('',#1083,#1084);
#1083 = CARTESIAN_POINT('',(-25.12246153501,55.529360351563));
#1084 = VECTOR('',#1085,1.);
#1085 = DIRECTION('',(-0.999966647496,-8.167245317947E-03));
#1086 = ( GEOMETRIC_REPRESENTATION_CONTEXT(2) 
PARAMETRIC_REPRESENTATION_CONTEXT() REPRESENTATION_CONTEXT('2D SPACE',''
  ) );
#1087 = PCURVE('',#1088,#1093);
#1088 = PLANE('',#1089);
#1089 = AXIS2_PLACEMENT_3D('',#1090,#1091,#1092);
#1090 = CARTESIAN_POINT('',(55.529360351563,5.837678566506,
    29.348401043918));
#1091 = DIRECTION('',(0.999966647496,-2.79336241422E-03,
    -7.674700157424E-03));
#1092 = DIRECTION('',(-8.167245317947E-03,-0.342008736097,
    -0.939661279684));
#1093 = DEFINITIONAL_REPRESENTATION('',(#1094),#1098);
#1094 = LINE('',#1095,#1096);
#1095 = CARTESIAN_POINT('',(-0.,0.));
#1096 = VECTOR('',#1097,1.);
#1097 = DIRECTION('',(1.,0.));
#1098 = ( GEOMETRIC_REPRESENTATION_CONTEXT(2) 
PARAMETRIC_REPRESENTATION_CONTEXT() REPRESENTATION_CONTEXT('2D SPACE',''
  ) );
#1099 = ORIENTED_EDGE('',*,*,#1100,.T.);
#1100 = EDGE_CURVE('',#1073,#1101,#1103,.T.);
#1101 = VERTEX_POINT('',#1102);
#1102 = CARTESIAN_POINT('',(54.457690429688,0.189516503124,
    13.830203313356));
#1103 = SURFACE_CURVE('',#1104,(#1108,#1115),.PCURVE_S1.);
#1104 = LINE('',#1105,#1106);
#1105 = CARTESIAN_POINT('',(55.4599609375,2.93153274066,21.363831009763)
  );
#1106 = VECTOR('',#1107,1.);
#1107 = DIRECTION('',(-0.124050652062,-0.339378341056,-0.932434328704));
#1108 = PCURVE('',#152,#1109);
#1109 = DEFINITIONAL_REPRESENTATION('',(#1110),#1114);
#1110 = LINE('',#1111,#1112);
#1111 = CARTESIAN_POINT('',(-33.61946348813,55.4599609375));
#1112 = VECTOR('',#1113,1.);
#1113 = DIRECTION('',(-0.9922758869,-0.124050652062));
#1114 = ( GEOMETRIC_REPRESENTATION_CONTEXT(2) 
PARAMETRIC_REPRESENTATION_CONTEXT() REPRESENTATION_CONTEXT('2D SPACE',''
  ) );
#1115 = PCURVE('',#1116,#1121);
#1116 = PLANE('',#1117);
#1117 = AXIS2_PLACEMENT_3D('',#1118,#1119,#1120);
#1118 = CARTESIAN_POINT('',(55.4599609375,2.93153274066,21.363831009763)
  );
#1119 = DIRECTION('',(0.9922758869,-4.242782179789E-02,-0.116569482346)
  );
#1120 = DIRECTION('',(-0.124050652062,-0.339378341056,-0.932434328704));
#1121 = DEFINITIONAL_REPRESENTATION('',(#1122),#1126);
#1122 = LINE('',#1123,#1124);
#1123 = CARTESIAN_POINT('',(-0.,0.));
#1124 = VECTOR('',#1125,1.);
#1125 = DIRECTION('',(1.,0.));
#1126 = ( GEOMETRIC_REPRESENTATION_CONTEXT(2) 
PARAMETRIC_REPRESENTATION_CONTEXT() REPRESENTATION_CONTEXT('2D SPACE',''
  ) );
#1127 = ORIENTED_EDGE('',*,*,#1128,.T.);
#1128 = EDGE_CURVE('',#1101,#1129,#1131,.T.);
#1129 = VERTEX_POINT('',#1130);
#1130 = CARTESIAN_POINT('',(52.46,-2.349231551965,6.855050358314));
#1131 = SURFACE_CURVE('',#1132,(#1136,#1143),.PCURVE_S1.);
#1132 = LINE('',#1133,#1134);
#1133 = CARTESIAN_POINT('',(54.457690429688,0.189516503124,
    13.830203313356));
#1134 = VECTOR('',#1135,1.);
#1135 = DIRECTION('',(-0.259881714602,-0.330268487897,-0.907405212855));
#1136 = PCURVE('',#152,#1137);
#1137 = DEFINITIONAL_REPRESENTATION('',(#1138),#1142);
#1138 = LINE('',#1139,#1140);
#1139 = CARTESIAN_POINT('',(-41.63658262876,54.457690429688));
#1140 = VECTOR('',#1141,1.);
#1141 = DIRECTION('',(-0.96564045815,-0.259881714602));
#1142 = ( GEOMETRIC_REPRESENTATION_CONTEXT(2) 
PARAMETRIC_REPRESENTATION_CONTEXT() REPRESENTATION_CONTEXT('2D SPACE',''
  ) );
#1143 = PCURVE('',#1144,#1149);
#1144 = PLANE('',#1145);
#1145 = AXIS2_PLACEMENT_3D('',#1146,#1147,#1148);
#1146 = CARTESIAN_POINT('',(54.457690429688,0.189516503124,
    13.830203313356));
#1147 = DIRECTION('',(0.96564045815,-8.888478127602E-02,-0.244208929489)
  );
#1148 = DIRECTION('',(-0.259881714602,-0.330268487897,-0.907405212855));
#1149 = DEFINITIONAL_REPRESENTATION('',(#1150),#1154);
#1150 = LINE('',#1151,#1152);
#1151 = CARTESIAN_POINT('',(-0.,0.));
#1152 = VECTOR('',#1153,1.);
#1153 = DIRECTION('',(1.,0.));
#1154 = ( GEOMETRIC_REPRESENTATION_CONTEXT(2) 
PARAMETRIC_REPRESENTATION_CONTEXT() REPRESENTATION_CONTEXT('2D SPACE',''
  ) );
#1155 = ORIENTED_EDGE('',*,*,#1156,.T.);
#1156 = EDGE_CURVE('',#1129,#1157,#1159,.T.);
#1157 = VERTEX_POINT('',#1158);
#1158 = CARTESIAN_POINT('',(40.802222222222,-2.822148293353,
    5.555722290067));
#1159 = SURFACE_CURVE('',#1160,(#1164,#1171),.PCURVE_S1.);
#1160 = LINE('',#1161,#1162);
#1161 = CARTESIAN_POINT('',(52.46,-2.349231551965,6.855050358314));
#1162 = VECTOR('',#1163,1.);
#1163 = DIRECTION('',(-0.9930393229,-4.028425739524E-02,-0.110680087553)
  );
#1164 = PCURVE('',#152,#1165);
#1165 = DEFINITIONAL_REPRESENTATION('',(#1166),#1170);
#1166 = LINE('',#1167,#1168);
#1167 = CARTESIAN_POINT('',(-49.05938536313,52.46));
#1168 = VECTOR('',#1169,1.);
#1169 = DIRECTION('',(-0.11778328903,-0.9930393229));
#1170 = ( GEOMETRIC_REPRESENTATION_CONTEXT(2) 
PARAMETRIC_REPRESENTATION_CONTEXT() REPRESENTATION_CONTEXT('2D SPACE',''
  ) );
#1171 = PCURVE('',#1172,#1177);
#1172 = PLANE('',#1173);
#1173 = AXIS2_PLACEMENT_3D('',#1174,#1175,#1176);
#1174 = CARTESIAN_POINT('',(52.46,-2.349231551965,6.855050358314));
#1175 = DIRECTION('',(0.11778328903,-0.339639451546,-0.933151723879));
#1176 = DIRECTION('',(-0.9930393229,-4.028425739524E-02,-0.110680087553)
  );
#1177 = DEFINITIONAL_REPRESENTATION('',(#1178),#1182);
#1178 = LINE('',#1179,#1180);
#1179 = CARTESIAN_POINT('',(-0.,0.));
#1180 = VECTOR('',#1181,1.);
#1181 = DIRECTION('',(1.,6.938893903907E-18));
#1182 = ( GEOMETRIC_REPRESENTATION_CONTEXT(2) 
PARAMETRIC_REPRESENTATION_CONTEXT() REPRESENTATION_CONTEXT('2D SPACE',''
  ) );
#1183 = ORIENTED_EDGE('',*,*,#1184,.T.);
#1184 = EDGE_CURVE('',#1157,#1185,#1187,.T.);
#1185 = VERTEX_POINT('',#1186);
#1186 = CARTESIAN_POINT('',(29.144444444444,-3.176835849395,
    4.581226238882));
#1187 = SURFACE_CURVE('',#1188,(#1192,#1199),.PCURVE_S1.);
#1188 = LINE('',#1189,#1190);
#1189 = CARTESIAN_POINT('',(40.802222222222,-2.822148293353,
    5.555722290067));
#1190 = VECTOR('',#1191,1.);
#1191 = DIRECTION('',(-0.996066684601,-3.030530043977E-02,
    -8.326312864805E-02));
#1192 = PCURVE('',#152,#1193);
#1193 = DEFINITIONAL_REPRESENTATION('',(#1194),#1198);
#1194 = LINE('',#1195,#1196);
#1195 = CARTESIAN_POINT('',(-50.44210141252,40.802222222222));
#1196 = VECTOR('',#1197,1.);
#1197 = DIRECTION('',(-8.860677077406E-02,-0.996066684601));
#1198 = ( GEOMETRIC_REPRESENTATION_CONTEXT(2) 
PARAMETRIC_REPRESENTATION_CONTEXT() REPRESENTATION_CONTEXT('2D SPACE',''
  ) );
#1199 = PCURVE('',#1200,#1205);
#1200 = PLANE('',#1201);
#1201 = AXIS2_PLACEMENT_3D('',#1202,#1203,#1204);
#1202 = CARTESIAN_POINT('',(40.802222222222,-2.822148293353,
    5.555722290067));
#1203 = DIRECTION('',(8.860677077406E-02,-0.340674870229,-0.935996513331
    ));
#1204 = DIRECTION('',(-0.996066684601,-3.030530043977E-02,
    -8.326312864805E-02));
#1205 = DEFINITIONAL_REPRESENTATION('',(#1206),#1210);
#1206 = LINE('',#1207,#1208);
#1207 = CARTESIAN_POINT('',(-0.,0.));
#1208 = VECTOR('',#1209,1.);
#1209 = DIRECTION('',(1.,0.));
#1210 = ( GEOMETRIC_REPRESENTATION_CONTEXT(2) 
PARAMETRIC_REPRESENTATION_CONTEXT() REPRESENTATION_CONTEXT('2D SPACE',''
  ) );
#1211 = ORIENTED_EDGE('',*,*,#1212,.T.);
#1212 = EDGE_CURVE('',#1185,#1213,#1215,.T.);
#1213 = VERTEX_POINT('',#1214);
#1214 = CARTESIAN_POINT('',(17.486666666667,-3.413294220089,
    3.931562204758));
#1215 = SURFACE_CURVE('',#1216,(#1220,#1227),.PCURVE_S1.);
#1216 = LINE('',#1217,#1218);
#1217 = CARTESIAN_POINT('',(29.144444444444,-3.176835849395,
    4.581226238882));
#1218 = VECTOR('',#1219,1.);
#1219 = DIRECTION('',(-0.99824611646,-2.024773972789E-02,
    -5.563020769737E-02));
#1220 = PCURVE('',#152,#1221);
#1221 = DEFINITIONAL_REPRESENTATION('',(#1222),#1226);
#1222 = LINE('',#1223,#1224);
#1223 = CARTESIAN_POINT('',(-51.47913844955,29.144444444444));
#1224 = VECTOR('',#1225,1.);
#1225 = DIRECTION('',(-5.920043050976E-02,-0.99824611646));
#1226 = ( GEOMETRIC_REPRESENTATION_CONTEXT(2) 
PARAMETRIC_REPRESENTATION_CONTEXT() REPRESENTATION_CONTEXT('2D SPACE',''
  ) );
#1227 = PCURVE('',#1228,#1233);
#1228 = PLANE('',#1229);
#1229 = AXIS2_PLACEMENT_3D('',#1230,#1231,#1232);
#1230 = CARTESIAN_POINT('',(29.144444444444,-3.176835849395,
    4.581226238882));
#1231 = DIRECTION('',(5.920043050976E-02,-0.341420279826,-0.938044509366
    ));
#1232 = DIRECTION('',(-0.99824611646,-2.024773972789E-02,
    -5.563020769737E-02));
#1233 = DEFINITIONAL_REPRESENTATION('',(#1234),#1238);
#1234 = LINE('',#1235,#1236);
#1235 = CARTESIAN_POINT('',(-0.,0.));
#1236 = VECTOR('',#1237,1.);
#1237 = DIRECTION('',(1.,3.469446951954E-18));
#1238 = ( GEOMETRIC_REPRESENTATION_CONTEXT(2) 
PARAMETRIC_REPRESENTATION_CONTEXT() REPRESENTATION_CONTEXT('2D SPACE',''
  ) );
#1239 = ORIENTED_EDGE('',*,*,#1240,.T.);
#1240 = EDGE_CURVE('',#1213,#1241,#1243,.T.);
#1241 = VERTEX_POINT('',#1242);
#1242 = CARTESIAN_POINT('',(5.828888888889,-3.531523405436,
    3.606730187696));
#1243 = SURFACE_CURVE('',#1244,(#1248,#1255),.PCURVE_S1.);
#1244 = LINE('',#1245,#1246);
#1245 = CARTESIAN_POINT('',(17.486666666667,-3.413294220089,
    3.931562204758));
#1246 = VECTOR('',#1247,1.);
#1247 = DIRECTION('',(-0.999560662567,-1.013720153987E-02,
    -2.785173232725E-02));
#1248 = PCURVE('',#152,#1249);
#1249 = DEFINITIONAL_REPRESENTATION('',(#1250),#1254);
#1250 = LINE('',#1251,#1252);
#1251 = CARTESIAN_POINT('',(-52.17049647424,17.486666666667));
#1252 = VECTOR('',#1253,1.);
#1253 = DIRECTION('',(-2.963919446761E-02,-0.999560662567));
#1254 = ( GEOMETRIC_REPRESENTATION_CONTEXT(2) 
PARAMETRIC_REPRESENTATION_CONTEXT() REPRESENTATION_CONTEXT('2D SPACE',''
  ) );
#1255 = PCURVE('',#1256,#1261);
#1256 = PLANE('',#1257);
#1257 = AXIS2_PLACEMENT_3D('',#1258,#1259,#1260);
#1258 = CARTESIAN_POINT('',(17.486666666667,-3.413294220089,
    3.931562204758));
#1259 = DIRECTION('',(2.963919446761E-02,-0.341869881074,-0.939279778642
    ));
#1260 = DIRECTION('',(-0.999560662567,-1.013720153987E-02,
    -2.785173232725E-02));
#1261 = DEFINITIONAL_REPRESENTATION('',(#1262),#1266);
#1262 = LINE('',#1263,#1264);
#1263 = CARTESIAN_POINT('',(-0.,0.));
#1264 = VECTOR('',#1265,1.);
#1265 = DIRECTION('',(1.,0.));
#1266 = ( GEOMETRIC_REPRESENTATION_CONTEXT(2) 
PARAMETRIC_REPRESENTATION_CONTEXT() REPRESENTATION_CONTEXT('2D SPACE',''
  ) );
#1267 = ORIENTED_EDGE('',*,*,#1268,.T.);
#1268 = EDGE_CURVE('',#1241,#1269,#1271,.T.);
#1269 = VERTEX_POINT('',#1270);
#1270 = CARTESIAN_POINT('',(-5.828888888889,-3.531523405436,
    3.606730187696));
#1271 = SURFACE_CURVE('',#1272,(#1276,#1283),.PCURVE_S1.);
#1272 = LINE('',#1273,#1274);
#1273 = CARTESIAN_POINT('',(5.828888888889,-3.531523405436,
    3.606730187696));
#1274 = VECTOR('',#1275,1.);
#1275 = DIRECTION('',(-1.,-1.302885147561E-17,-3.579647523066E-17));
#1276 = PCURVE('',#152,#1277);
#1277 = DEFINITIONAL_REPRESENTATION('',(#1278),#1282);
#1278 = LINE('',#1279,#1280);
#1279 = CARTESIAN_POINT('',(-52.51617548659,5.828888888889));
#1280 = VECTOR('',#1281,1.);
#1281 = DIRECTION('',(-3.809381327345E-17,-1.));
#1282 = ( GEOMETRIC_REPRESENTATION_CONTEXT(2) 
PARAMETRIC_REPRESENTATION_CONTEXT() REPRESENTATION_CONTEXT('2D SPACE',''
  ) );
#1283 = PCURVE('',#1284,#1289);
#1284 = PLANE('',#1285);
#1285 = AXIS2_PLACEMENT_3D('',#1286,#1287,#1288);
#1286 = CARTESIAN_POINT('',(5.828888888889,-3.531523405436,
    3.606730187696));
#1287 = DIRECTION('',(3.809381327345E-17,-0.342020143326,-0.939692620786
    ));
#1288 = DIRECTION('',(-1.,-1.302885147561E-17,-3.579647523066E-17));
#1289 = DEFINITIONAL_REPRESENTATION('',(#1290),#1294);
#1290 = LINE('',#1291,#1292);
#1291 = CARTESIAN_POINT('',(-0.,0.));
#1292 = VECTOR('',#1293,1.);
#1293 = DIRECTION('',(1.,-1.54074395551E-33));
#1294 = ( GEOMETRIC_REPRESENTATION_CONTEXT(2) 
PARAMETRIC_REPRESENTATION_CONTEXT() REPRESENTATION_CONTEXT('2D SPACE',''
  ) );
#1295 = ORIENTED_EDGE('',*,*,#1296,.T.);
#1296 = EDGE_CURVE('',#1269,#1297,#1299,.T.);
#1297 = VERTEX_POINT('',#1298);
#1298 = CARTESIAN_POINT('',(-17.48666666666,-3.413294220089,
    3.931562204758));
#1299 = SURFACE_CURVE('',#1300,(#1304,#1311),.PCURVE_S1.);
#1300 = LINE('',#1301,#1302);
#1301 = CARTESIAN_POINT('',(-5.828888888889,-3.531523405436,
    3.606730187696));
#1302 = VECTOR('',#1303,1.);
#1303 = DIRECTION('',(-0.999560662567,1.013720153987E-02,
    2.785173232725E-02));
#1304 = PCURVE('',#152,#1305);
#1305 = DEFINITIONAL_REPRESENTATION('',(#1306),#1310);
#1306 = LINE('',#1307,#1308);
#1307 = CARTESIAN_POINT('',(-52.51617548659,-5.828888888889));
#1308 = VECTOR('',#1309,1.);
#1309 = DIRECTION('',(2.963919446761E-02,-0.999560662567));
#1310 = ( GEOMETRIC_REPRESENTATION_CONTEXT(2) 
PARAMETRIC_REPRESENTATION_CONTEXT() REPRESENTATION_CONTEXT('2D SPACE',''
  ) );
#1311 = PCURVE('',#1312,#1317);
#1312 = PLANE('',#1313);
#1313 = AXIS2_PLACEMENT_3D('',#1314,#1315,#1316);
#1314 = CARTESIAN_POINT('',(-5.828888888889,-3.531523405436,
    3.606730187696));
#1315 = DIRECTION('',(-2.963919446761E-02,-0.341869881074,
    -0.939279778642));
#1316 = DIRECTION('',(-0.999560662567,1.013720153987E-02,
    2.785173232725E-02));
#1317 = DEFINITIONAL_REPRESENTATION('',(#1318),#1322);
#1318 = LINE('',#1319,#1320);
#1319 = CARTESIAN_POINT('',(0.,0.));
#1320 = VECTOR('',#1321,1.);
#1321 = DIRECTION('',(1.,0.));
#1322 = ( GEOMETRIC_REPRESENTATION_CONTEXT(2) 
PARAMETRIC_REPRESENTATION_CONTEXT() REPRESENTATION_CONTEXT('2D SPACE',''
  ) );
#1323 = ORIENTED_EDGE('',*,*,#1324,.T.);
#1324 = EDGE_CURVE('',#1297,#1325,#1327,.T.);
#1325 = VERTEX_POINT('',#1326);
#1326 = CARTESIAN_POINT('',(-29.14444444444,-3.176835849395,
    4.581226238882));
#1327 = SURFACE_CURVE('',#1328,(#1332,#1339),.PCURVE_S1.);
#1328 = LINE('',#1329,#1330);
#1329 = CARTESIAN_POINT('',(-17.48666666666,-3.413294220089,
    3.931562204758));
#1330 = VECTOR('',#1331,1.);
#1331 = DIRECTION('',(-0.99824611646,2.024773972789E-02,
    5.563020769737E-02));
#1332 = PCURVE('',#152,#1333);
#1333 = DEFINITIONAL_REPRESENTATION('',(#1334),#1338);
#1334 = LINE('',#1335,#1336);
#1335 = CARTESIAN_POINT('',(-52.17049647424,-17.48666666666));
#1336 = VECTOR('',#1337,1.);
#1337 = DIRECTION('',(5.920043050976E-02,-0.99824611646));
#1338 = ( GEOMETRIC_REPRESENTATION_CONTEXT(2) 
PARAMETRIC_REPRESENTATION_CONTEXT() REPRESENTATION_CONTEXT('2D SPACE',''
  ) );
#1339 = PCURVE('',#1340,#1345);
#1340 = PLANE('',#1341);
#1341 = AXIS2_PLACEMENT_3D('',#1342,#1343,#1344);
#1342 = CARTESIAN_POINT('',(-17.48666666666,-3.413294220089,
    3.931562204758));
#1343 = DIRECTION('',(-5.920043050976E-02,-0.341420279826,
    -0.938044509366));
#1344 = DIRECTION('',(-0.99824611646,2.024773972789E-02,
    5.563020769737E-02));
#1345 = DEFINITIONAL_REPRESENTATION('',(#1346),#1350);
#1346 = LINE('',#1347,#1348);
#1347 = CARTESIAN_POINT('',(0.,0.));
#1348 = VECTOR('',#1349,1.);
#1349 = DIRECTION('',(1.,0.));
#1350 = ( GEOMETRIC_REPRESENTATION_CONTEXT(2) 
PARAMETRIC_REPRESENTATION_CONTEXT() REPRESENTATION_CONTEXT('2D SPACE',''
  ) );
#1351 = ORIENTED_EDGE('',*,*,#1352,.T.);
#1352 = EDGE_CURVE('',#1325,#168,#1353,.T.);
#1353 = SURFACE_CURVE('',#1354,(#1358,#1365),.PCURVE_S1.);
#1354 = LINE('',#1355,#1356);
#1355 = CARTESIAN_POINT('',(-29.14444444444,-3.176835849395,
    4.581226238882));
#1356 = VECTOR('',#1357,1.);
#1357 = DIRECTION('',(-0.996066684601,3.030530043977E-02,
    8.326312864805E-02));
#1358 = PCURVE('',#152,#1359);
#1359 = DEFINITIONAL_REPRESENTATION('',(#1360),#1364);
#1360 = LINE('',#1361,#1362);
#1361 = CARTESIAN_POINT('',(-51.47913844955,-29.14444444444));
#1362 = VECTOR('',#1363,1.);
#1363 = DIRECTION('',(8.860677077406E-02,-0.996066684601));
#1364 = ( GEOMETRIC_REPRESENTATION_CONTEXT(2) 
PARAMETRIC_REPRESENTATION_CONTEXT() REPRESENTATION_CONTEXT('2D SPACE',''
  ) );
#1365 = PCURVE('',#185,#1366);
#1366 = DEFINITIONAL_REPRESENTATION('',(#1367),#1371);
#1367 = LINE('',#1368,#1369);
#1368 = CARTESIAN_POINT('',(0.,0.));
#1369 = VECTOR('',#1370,1.);
#1370 = DIRECTION('',(1.,0.));
#1371 = ( GEOMETRIC_REPRESENTATION_CONTEXT(2) 
PARAMETRIC_REPRESENTATION_CONTEXT() REPRESENTATION_CONTEXT('2D SPACE',''
  ) );
#1372 = ORIENTED_EDGE('',*,*,#219,.T.);
#1373 = FACE_BOUND('',#1374,.T.);
#1374 = EDGE_LOOP('',(#1375));
#1375 = ORIENTED_EDGE('',*,*,#1376,.F.);
#1376 = EDGE_CURVE('',#1377,#1377,#1379,.T.);
#1377 = VERTEX_POINT('',#1378);
#1378 = CARTESIAN_POINT('',(-21.,26.209450415729,85.319384193938));
#1379 = SURFACE_CURVE('',#1380,(#1539,#1701),.PCURVE_S1.);
#1380 = B_SPLINE_CURVE_WITH_KNOTS('',7,(#1381,#1382,#1383,#1384,#1385,
    #1386,#1387,#1388,#1389,#1390,#1391,#1392,#1393,#1394,#1395,#1396,
    #1397,#1398,#1399,#1400,#1401,#1402,#1403,#1404,#1405,#1406,#1407,
    #1408,#1409,#1410,#1411,#1412,#1413,#1414,#1415,#1416,#1417,#1418,
    #1419,#1420,#1421,#1422,#1423,#1424,#1425,#1426,#1427,#1428,#1429,
    #1430,#1431,#1432,#1433,#1434,#1435,#1436,#1437,#1438,#1439,#1440,
    #1441,#1442,#1443,#1444,#1445,#1446,#1447,#1448,#1449,#1450,#1451,
    #1452,#1453,#1454,#1455,#1456,#1457,#1458,#1459,#1460,#1461,#1462,
    #1463,#1464,#1465,#1466,#1467,#1468,#1469,#1470,#1471,#1472,#1473,
    #1474,#1475,#1476,#1477,#1478,#1479,#1480,#1481,#1482,#1483,#1484,
    #1485,#1486,#1487,#1488,#1489,#1490,#1491,#1492,#1493,#1494,#1495,
    #1496,#1497,#1498,#1499,#1500,#1501,#1502,#1503,#1504,#1505,#1506,
    #1507,#1508,#1509,#1510,#1511,#1512,#1513,#1514,#1515,#1516,#1517,
    #1518,#1519,#1520,#1521,#1522,#1523,#1524,#1525,#1526,#1527,#1528,
    #1529,#1530,#1531,#1532,#1533,#1534,#1535,#1536,#1537,#1538),
  .UNSPECIFIED.,.T.,.F.,(8,6,6,6,6,6,6,6,6,6,6,6,6,6,6,6,6,6,6,6,6,6,6,6
    ,6,6,8),(0.,3.783865788215E-02,6.400370057545E-02,0.101644374153,
    0.136121615,0.165203984297,0.249996925088,0.334789865879,
    0.363872235177,0.398349476024,0.435990149601,0.462155192295,
    0.482564365836,0.500000809499,0.525160983313,0.53784536643,
    0.564010377491,0.601651005562,0.636128204728,0.665210538866,
    0.750003377146,0.834796215426,0.863878549564,0.89835574873,
    0.935996376802,0.962161387863,1.),.UNSPECIFIED.);
#1381 = CARTESIAN_POINT('',(-21.,26.209450415729,85.319384193938));
#1382 = CARTESIAN_POINT('',(-20.76575109321,26.209450499315,
    85.319384423588));
#1383 = CARTESIAN_POINT('',(-20.53132235805,26.202567278138,
    85.300472928834));
#1384 = CARTESIAN_POINT('',(-20.29909820352,26.188783543763,
    85.262602429881));
#1385 = CARTESIAN_POINT('',(-20.07097082513,26.168394596164,
    85.206584256747));
#1386 = CARTESIAN_POINT('',(-19.84841908908,26.141875957928,
    85.133724896998));
#1387 = CARTESIAN_POINT('',(-19.63256626366,26.109793118817,
    85.045578020988));
#1388 = CARTESIAN_POINT('',(-19.28014492308,26.047140701502,
    84.873441919141));
#1389 = CARTESIAN_POINT('',(-19.13961555148,26.01914910722,
    84.796535645918));
#1390 = CARTESIAN_POINT('',(-19.0028364888,25.988966185079,
    84.713608748881));
#1391 = CARTESIAN_POINT('',(-18.86993663707,25.956777063471,
    84.625169864111));
#1392 = CARTESIAN_POINT('',(-18.74097846522,25.922758004002,
    84.531703266391));
#1393 = CARTESIAN_POINT('',(-18.61597067962,25.887070063506,
    84.433651455732));
#1394 = CARTESIAN_POINT('',(-18.3206828665,25.796312563096,
    84.184297272706));
#1395 = CARTESIAN_POINT('',(-18.15463459977,25.739621242933,
    84.028539150681));
#1396 = CARTESIAN_POINT('',(-17.99660619822,25.680191519127,
    83.865257326479));
#1397 = CARTESIAN_POINT('',(-17.84641134202,25.618385697386,
    83.695447226856));
#1398 = CARTESIAN_POINT('',(-17.70381855232,25.554512683487,
    83.519957563456));
#1399 = CARTESIAN_POINT('',(-17.56856245579,25.488825001184,
    83.339482139592));
#1400 = CARTESIAN_POINT('',(-17.32292266713,25.359863351114,
    82.985162918049));
#1401 = CARTESIAN_POINT('',(-17.21142656507,25.296862535677,
    82.812069600227));
#1402 = CARTESIAN_POINT('',(-17.10565885931,25.232669993743,
    82.635702040767));
#1403 = CARTESIAN_POINT('',(-17.00542885942,25.167422576014,
    82.456436233877));
#1404 = CARTESIAN_POINT('',(-16.91055987497,25.101238044948,
    82.274595729257));
#1405 = CARTESIAN_POINT('',(-16.82088602234,25.034215765757,
    82.090453530581));
#1406 = CARTESIAN_POINT('',(-16.66485579686,24.909264653393,
    81.747153170825));
#1407 = CARTESIAN_POINT('',(-16.5970502187,24.851556664234,
    81.588601773688));
#1408 = CARTESIAN_POINT('',(-16.53274018105,24.793364133282,
    81.428719108916));
#1409 = CARTESIAN_POINT('',(-16.47184256453,24.734732896805,
    81.26763111062));
#1410 = CARTESIAN_POINT('',(-16.41428207565,24.675704089925,
    81.105450796621));
#1411 = CARTESIAN_POINT('',(-16.35999007594,24.616314312569,
    80.942278724388));
#1412 = CARTESIAN_POINT('',(-16.15995458837,24.382479600857,
    80.299823134076));
#1413 = CARTESIAN_POINT('',(-16.03830403774,24.205627451733,
    79.813925847775));
#1414 = CARTESIAN_POINT('',(-15.9423008706,24.026764292992,
    79.322503357962));
#1415 = CARTESIAN_POINT('',(-15.87097901311,23.846506630548,
    78.827249500714));
#1416 = CARTESIAN_POINT('',(-15.82366584469,23.665387504055,
    78.329628790443));
#1417 = CARTESIAN_POINT('',(-15.80000009722,23.483856453386,
    77.8308763278));
#1418 = CARTESIAN_POINT('',(-15.80000009722,23.120701941536,
    76.833117506719));
#1419 = CARTESIAN_POINT('',(-15.82366584468,22.939170890863,
    76.334365044064));
#1420 = CARTESIAN_POINT('',(-15.87097901313,22.758051764379,
    75.836744333818));
#1421 = CARTESIAN_POINT('',(-15.94230087059,22.577794101923,
    75.341490476538));
#1422 = CARTESIAN_POINT('',(-16.03830403774,22.398930943192,
    74.850067986751));
#1423 = CARTESIAN_POINT('',(-16.15995458836,22.222078794063,
    74.364170700437));
#1424 = CARTESIAN_POINT('',(-16.35999007594,21.988244082353,
    73.721715110128));
#1425 = CARTESIAN_POINT('',(-16.41428207565,21.928854304996,
    73.558543037895));
#1426 = CARTESIAN_POINT('',(-16.47184256453,21.869825498116,
    73.396362723896));
#1427 = CARTESIAN_POINT('',(-16.53274018105,21.811194261639,
    73.235274725599));
#1428 = CARTESIAN_POINT('',(-16.5970502187,21.753001730687,
    73.075392060828));
#1429 = CARTESIAN_POINT('',(-16.66485579686,21.695293741528,
    72.916840663691));
#1430 = CARTESIAN_POINT('',(-16.82088602234,21.570342629164,
    72.573540303935));
#1431 = CARTESIAN_POINT('',(-16.91055987497,21.503320349974,
    72.389398105259));
#1432 = CARTESIAN_POINT('',(-17.00542885942,21.437135818908,
    72.207557600638));
#1433 = CARTESIAN_POINT('',(-17.10565885931,21.371888401178,
    72.028291793749));
#1434 = CARTESIAN_POINT('',(-17.21142656507,21.307695859245,
    71.851924234289));
#1435 = CARTESIAN_POINT('',(-17.32292266713,21.244695043807,
    71.678830916467));
#1436 = CARTESIAN_POINT('',(-17.56856245579,21.115733393737,
    71.324511694924));
#1437 = CARTESIAN_POINT('',(-17.70381855232,21.050045711434,
    71.14403627106));
#1438 = CARTESIAN_POINT('',(-17.84641134202,20.986172697535,
    70.96854660766));
#1439 = CARTESIAN_POINT('',(-17.99660619821,20.924366875794,
    70.798736508036));
#1440 = CARTESIAN_POINT('',(-18.15463459977,20.864937151988,
    70.635454683834));
#1441 = CARTESIAN_POINT('',(-18.3206828665,20.808245831825,
    70.479696561809));
#1442 = CARTESIAN_POINT('',(-18.61597067962,20.717488331415,
    70.230342378784));
#1443 = CARTESIAN_POINT('',(-18.74097846522,20.681800390919,
    70.132290568124));
#1444 = CARTESIAN_POINT('',(-18.86993663707,20.64778133145,
    70.038823970404));
#1445 = CARTESIAN_POINT('',(-19.0028364888,20.615592209842,
    69.950385085634));
#1446 = CARTESIAN_POINT('',(-19.13961555148,20.585409287701,
    69.867458188597));
#1447 = CARTESIAN_POINT('',(-19.28014492308,20.557417693419,
    69.790551915374));
#1448 = CARTESIAN_POINT('',(-19.53659501471,20.511826679817,
    69.665291634972));
#1449 = CARTESIAN_POINT('',(-19.65112716707,20.493295888896,
    69.614378705352));
#1450 = CARTESIAN_POINT('',(-19.76770568604,20.476302169811,
    69.567688845892));
#1451 = CARTESIAN_POINT('',(-19.88619187857,20.460935452141,
    69.525469136083));
#1452 = CARTESIAN_POINT('',(-20.00641116681,20.447281770751,
    69.487955954772));
#1453 = CARTESIAN_POINT('',(-20.12814852739,20.43541889987,
    69.455362984898));
#1454 = CARTESIAN_POINT('',(-20.35622430459,20.416862597465,
    69.40437996305));
#1455 = CARTESIAN_POINT('',(-20.46223029993,20.409667179311,
    69.384610714148));
#1456 = CARTESIAN_POINT('',(-20.56899671267,20.403866562416,
    69.36867365021));
#1457 = CARTESIAN_POINT('',(-20.67634816622,20.39949313431,
    69.356657755244));
#1458 = CARTESIAN_POINT('',(-20.78409880583,20.396569638149,
    69.348625515555));
#1459 = CARTESIAN_POINT('',(-20.89205199303,20.39510797051,
    69.344609616722));
#1460 = CARTESIAN_POINT('',(-21.15576502338,20.395107885302,
    69.344609382615));
#1461 = CARTESIAN_POINT('',(-21.31155934532,20.398151543458,
    69.352971764672));
#1462 = CARTESIAN_POINT('',(-21.46673280126,20.404239918263,
    69.36969943697));
#1463 = CARTESIAN_POINT('',(-21.62070251879,20.413320004298,
    69.394646768318));
#1464 = CARTESIAN_POINT('',(-21.77294890175,20.425294637189,
    69.427546801793));
#1465 = CARTESIAN_POINT('',(-21.9230116144,20.440032304673,
    69.468038210419));
#1466 = CARTESIAN_POINT('',(-22.14483378325,20.466121124594,
    69.539716654052));
#1467 = CARTESIAN_POINT('',(-22.21853025433,20.475528530358,
    69.565563288965));
#1468 = CARTESIAN_POINT('',(-22.29152745292,20.48557975874,
    69.593178811984));
#1469 = CARTESIAN_POINT('',(-22.36378414084,20.496254323075,
    69.622506936455));
#1470 = CARTESIAN_POINT('',(-22.43526490703,20.507531046044,
    69.653489478177));
#1471 = CARTESIAN_POINT('',(-22.50593970695,20.519388439485,
    69.686067398911));
#1472 = CARTESIAN_POINT('',(-22.71985507691,20.557417693419,
    69.790551915374));
#1473 = CARTESIAN_POINT('',(-22.86038444851,20.5854092877,
    69.867458188596));
#1474 = CARTESIAN_POINT('',(-22.99716351119,20.615592209842,
    69.950385085633));
#1475 = CARTESIAN_POINT('',(-23.13006336292,20.64778133145,
    70.038823970403));
#1476 = CARTESIAN_POINT('',(-23.25902153477,20.681800390918,
    70.132290568123));
#1477 = CARTESIAN_POINT('',(-23.38402932037,20.717488331414,
    70.230342378783));
#1478 = CARTESIAN_POINT('',(-23.67931713349,20.808245831825,
    70.479696561807));
#1479 = CARTESIAN_POINT('',(-23.84536540022,20.864937151987,
    70.635454683833));
#1480 = CARTESIAN_POINT('',(-24.00339380178,20.924366875794,
    70.798736508035));
#1481 = CARTESIAN_POINT('',(-24.15358865797,20.986172697534,
    70.968546607659));
#1482 = CARTESIAN_POINT('',(-24.29618144767,21.050045711433,
    71.144036271058));
#1483 = CARTESIAN_POINT('',(-24.4314375442,21.115733393736,
    71.324511694922));
#1484 = CARTESIAN_POINT('',(-24.67707733286,21.244695043807,
    71.678830916466));
#1485 = CARTESIAN_POINT('',(-24.78857343492,21.307695859244,
    71.851924234287));
#1486 = CARTESIAN_POINT('',(-24.89434114068,21.371888401178,
    72.028291793747));
#1487 = CARTESIAN_POINT('',(-24.99457114057,21.437135818907,
    72.207557600637));
#1488 = CARTESIAN_POINT('',(-25.08944012502,21.503320349973,
    72.389398105258));
#1489 = CARTESIAN_POINT('',(-25.17911397765,21.570342629163,
    72.573540303934));
#1490 = CARTESIAN_POINT('',(-25.33514420313,21.695293741527,
    72.91684066369));
#1491 = CARTESIAN_POINT('',(-25.40294978129,21.753001730687,
    73.075392060827));
#1492 = CARTESIAN_POINT('',(-25.46725981894,21.811194261638,
    73.235274725598));
#1493 = CARTESIAN_POINT('',(-25.52815743546,21.869825498116,
    73.396362723894));
#1494 = CARTESIAN_POINT('',(-25.58571792434,21.928854304996,
    73.558543037893));
#1495 = CARTESIAN_POINT('',(-25.64000992405,21.988244082352,
    73.721715110126));
#1496 = CARTESIAN_POINT('',(-25.84004541163,22.222078794063,
    74.364170700436));
#1497 = CARTESIAN_POINT('',(-25.96169596225,22.39893094319,
    74.850067986746));
#1498 = CARTESIAN_POINT('',(-26.05769912939,22.577794101925,
    75.341490476542));
#1499 = CARTESIAN_POINT('',(-26.12902098688,22.758051764376,
    75.83674433381));
#1500 = CARTESIAN_POINT('',(-26.17633415531,22.939170890864,
    76.334365044066));
#1501 = CARTESIAN_POINT('',(-26.19999990277,23.120701941535,
    76.833117506716));
#1502 = CARTESIAN_POINT('',(-26.19999990277,23.483856453385,
    77.830876327797));
#1503 = CARTESIAN_POINT('',(-26.17633415531,23.665387504056,
    78.329628790445));
#1504 = CARTESIAN_POINT('',(-26.12902098688,23.846506630545,
    78.827249500705));
#1505 = CARTESIAN_POINT('',(-26.05769912939,24.026764292995,
    79.32250335797));
#1506 = CARTESIAN_POINT('',(-25.96169596225,24.20562745173,
    79.813925847767));
#1507 = CARTESIAN_POINT('',(-25.84004541163,24.382479600858,
    80.299823134077));
#1508 = CARTESIAN_POINT('',(-25.64000992405,24.616314312568,
    80.942278724387));
#1509 = CARTESIAN_POINT('',(-25.58571792434,24.675704089925,
    81.105450796619));
#1510 = CARTESIAN_POINT('',(-25.52815743546,24.734732896804,
    81.267631110619));
#1511 = CARTESIAN_POINT('',(-25.46725981894,24.793364133282,
    81.428719108915));
#1512 = CARTESIAN_POINT('',(-25.40294978129,24.851556664234,
    81.588601773686));
#1513 = CARTESIAN_POINT('',(-25.33514420313,24.909264653393,
    81.747153170823));
#1514 = CARTESIAN_POINT('',(-25.17911397765,25.034215765757,
    82.090453530579));
#1515 = CARTESIAN_POINT('',(-25.08944012503,25.101238044947,
    82.274595729255));
#1516 = CARTESIAN_POINT('',(-24.99457114057,25.167422576013,
    82.456436233876));
#1517 = CARTESIAN_POINT('',(-24.89434114068,25.232669993743,
    82.635702040766));
#1518 = CARTESIAN_POINT('',(-24.78857343492,25.296862535676,
    82.812069600226));
#1519 = CARTESIAN_POINT('',(-24.67707733286,25.359863351114,
    82.985162918047));
#1520 = CARTESIAN_POINT('',(-24.4314375442,25.488825001184,
    83.339482139591));
#1521 = CARTESIAN_POINT('',(-24.29618144767,25.554512683487,
    83.519957563455));
#1522 = CARTESIAN_POINT('',(-24.15358865797,25.618385697386,
    83.695447226855));
#1523 = CARTESIAN_POINT('',(-24.00339380178,25.680191519127,
    83.865257326478));
#1524 = CARTESIAN_POINT('',(-23.84536540022,25.739621242933,
    84.02853915068));
#1525 = CARTESIAN_POINT('',(-23.67931713349,25.796312563096,
    84.184297272706));
#1526 = CARTESIAN_POINT('',(-23.38402932037,25.887070063506,
    84.433651455731));
#1527 = CARTESIAN_POINT('',(-23.25902153477,25.922758004002,
    84.53170326639));
#1528 = CARTESIAN_POINT('',(-23.13006336292,25.956777063471,
    84.625169864111));
#1529 = CARTESIAN_POINT('',(-22.99716351119,25.988966185079,
    84.713608748881));
#1530 = CARTESIAN_POINT('',(-22.86038444851,26.01914910722,
    84.796535645918));
#1531 = CARTESIAN_POINT('',(-22.71985507692,26.047140701501,
    84.87344191914));
#1532 = CARTESIAN_POINT('',(-22.36743373633,26.109793118816,
    85.045578020987));
#1533 = CARTESIAN_POINT('',(-22.15158091091,26.141875957928,
    85.133724896999));
#1534 = CARTESIAN_POINT('',(-21.92902917486,26.168394596164,
    85.206584256746));
#1535 = CARTESIAN_POINT('',(-21.70090179647,26.188783543762,
    85.262602429879));
#1536 = CARTESIAN_POINT('',(-21.46867764194,26.202567278139,
    85.300472928836));
#1537 = CARTESIAN_POINT('',(-21.23424890678,26.209450499314,
    85.319384423588));
#1538 = CARTESIAN_POINT('',(-21.,26.209450415729,85.319384193938));
#1539 = PCURVE('',#152,#1540);
#1540 = DEFINITIONAL_REPRESENTATION('',(#1541),#1700);
#1541 = B_SPLINE_CURVE_WITH_KNOTS('',7,(#1542,#1543,#1544,#1545,#1546,
    #1547,#1548,#1549,#1550,#1551,#1552,#1553,#1554,#1555,#1556,#1557,
    #1558,#1559,#1560,#1561,#1562,#1563,#1564,#1565,#1566,#1567,#1568,
    #1569,#1570,#1571,#1572,#1573,#1574,#1575,#1576,#1577,#1578,#1579,
    #1580,#1581,#1582,#1583,#1584,#1585,#1586,#1587,#1588,#1589,#1590,
    #1591,#1592,#1593,#1594,#1595,#1596,#1597,#1598,#1599,#1600,#1601,
    #1602,#1603,#1604,#1605,#1606,#1607,#1608,#1609,#1610,#1611,#1612,
    #1613,#1614,#1615,#1616,#1617,#1618,#1619,#1620,#1621,#1622,#1623,
    #1624,#1625,#1626,#1627,#1628,#1629,#1630,#1631,#1632,#1633,#1634,
    #1635,#1636,#1637,#1638,#1639,#1640,#1641,#1642,#1643,#1644,#1645,
    #1646,#1647,#1648,#1649,#1650,#1651,#1652,#1653,#1654,#1655,#1656,
    #1657,#1658,#1659,#1660,#1661,#1662,#1663,#1664,#1665,#1666,#1667,
    #1668,#1669,#1670,#1671,#1672,#1673,#1674,#1675,#1676,#1677,#1678,
    #1679,#1680,#1681,#1682,#1683,#1684,#1685,#1686,#1687,#1688,#1689,
    #1690,#1691,#1692,#1693,#1694,#1695,#1696,#1697,#1698,#1699),
  .UNSPECIFIED.,.F.,.F.,(8,6,6,6,6,6,6,6,6,6,6,6,6,6,6,6,6,6,6,6,6,6,6,6
    ,6,6,8),(0.,3.783865788215E-02,6.400370057545E-02,0.101644374153,
    0.136121615,0.165203984297,0.249996925088,0.334789865879,
    0.363872235177,0.398349476024,0.435990149601,0.462155192295,
    0.482564365836,0.500000809499,0.525160983313,0.53784536643,
    0.564010377491,0.601651005562,0.636128204728,0.665210538866,
    0.750003377146,0.834796215426,0.863878549564,0.89835574873,
    0.935996376802,0.962161387863,1.),.UNSPECIFIED.);
#1542 = CARTESIAN_POINT('',(34.440614636862,-21.));
#1543 = CARTESIAN_POINT('',(34.440614881251,-20.76575109321));
#1544 = CARTESIAN_POINT('',(34.420489688889,-20.53132235805));
#1545 = CARTESIAN_POINT('',(34.38018874567,-20.29909820352));
#1546 = CARTESIAN_POINT('',(34.320575450967,-20.07097082513));
#1547 = CARTESIAN_POINT('',(34.243040139805,-19.84841908908));
#1548 = CARTESIAN_POINT('',(34.149236193642,-19.63256626366));
#1549 = CARTESIAN_POINT('',(33.966052780215,-19.28014492308));
#1550 = CARTESIAN_POINT('',(33.884210833688,-19.13961555148));
#1551 = CARTESIAN_POINT('',(33.795961873121,-19.0028364888));
#1552 = CARTESIAN_POINT('',(33.701847177726,-18.86993663707));
#1553 = CARTESIAN_POINT('',(33.602382101963,-18.74097846522));
#1554 = CARTESIAN_POINT('',(33.498037544509,-18.61597067962));
#1555 = CARTESIAN_POINT('',(33.232680365459,-18.3206828665));
#1556 = CARTESIAN_POINT('',(33.066926034118,-18.15463459977));
#1557 = CARTESIAN_POINT('',(32.893165146152,-17.99660619822));
#1558 = CARTESIAN_POINT('',(32.712457012591,-17.84641134202));
#1559 = CARTESIAN_POINT('',(32.525704813502,-17.70381855232));
#1560 = CARTESIAN_POINT('',(32.333646878948,-17.56856245579));
#1561 = CARTESIAN_POINT('',(31.95658823902,-17.32292266713));
#1562 = CARTESIAN_POINT('',(31.77238617763,-17.21142656507));
#1563 = CARTESIAN_POINT('',(31.584699741067,-17.10565885931));
#1564 = CARTESIAN_POINT('',(31.39392905401,-17.00542885942));
#1565 = CARTESIAN_POINT('',(31.200418430857,-16.91055987497));
#1566 = CARTESIAN_POINT('',(31.004458396051,-16.82088602234));
#1567 = CARTESIAN_POINT('',(30.639125783916,-16.66485579686));
#1568 = CARTESIAN_POINT('',(30.470398911288,-16.5970502187));
#1569 = CARTESIAN_POINT('',(30.300255333234,-16.53274018105));
#1570 = CARTESIAN_POINT('',(30.128829066035,-16.47184256453));
#1571 = CARTESIAN_POINT('',(29.956240380743,-16.41428207565));
#1572 = CARTESIAN_POINT('',(29.782596288384,-16.35999007594));
#1573 = CARTESIAN_POINT('',(29.098909329372,-16.15995458837));
#1574 = CARTESIAN_POINT('',(28.581828237583,-16.03830403774));
#1575 = CARTESIAN_POINT('',(28.05886734703,-15.9423008706));
#1576 = CARTESIAN_POINT('',(27.531829200414,-15.87097901311));
#1577 = CARTESIAN_POINT('',(27.002272301419,-15.82366584469));
#1578 = CARTESIAN_POINT('',(26.471511016707,-15.80000009722));
#1579 = CARTESIAN_POINT('',(25.409718257021,-15.80000009722));
#1580 = CARTESIAN_POINT('',(24.878956972296,-15.82366584468));
#1581 = CARTESIAN_POINT('',(24.349400073328,-15.87097901313));
#1582 = CARTESIAN_POINT('',(23.822361926678,-15.94230087059));
#1583 = CARTESIAN_POINT('',(23.299401036151,-16.03830403774));
#1584 = CARTESIAN_POINT('',(22.78231994435,-16.15995458836));
#1585 = CARTESIAN_POINT('',(22.098632985341,-16.35999007594));
#1586 = CARTESIAN_POINT('',(21.924988892982,-16.41428207565));
#1587 = CARTESIAN_POINT('',(21.75240020769,-16.47184256453));
#1588 = CARTESIAN_POINT('',(21.580973940491,-16.53274018105));
#1589 = CARTESIAN_POINT('',(21.410830362437,-16.5970502187));
#1590 = CARTESIAN_POINT('',(21.242103489809,-16.66485579686));
#1591 = CARTESIAN_POINT('',(20.876770877673,-16.82088602234));
#1592 = CARTESIAN_POINT('',(20.680810842868,-16.91055987497));
#1593 = CARTESIAN_POINT('',(20.487300219714,-17.00542885942));
#1594 = CARTESIAN_POINT('',(20.296529532657,-17.10565885931));
#1595 = CARTESIAN_POINT('',(20.108843096094,-17.21142656507));
#1596 = CARTESIAN_POINT('',(19.924641034704,-17.32292266713));
#1597 = CARTESIAN_POINT('',(19.547582394777,-17.56856245579));
#1598 = CARTESIAN_POINT('',(19.355524460222,-17.70381855232));
#1599 = CARTESIAN_POINT('',(19.168772261133,-17.84641134202));
#1600 = CARTESIAN_POINT('',(18.988064127572,-17.99660619821));
#1601 = CARTESIAN_POINT('',(18.814303239607,-18.15463459977));
#1602 = CARTESIAN_POINT('',(18.648548908264,-18.3206828665));
#1603 = CARTESIAN_POINT('',(18.383191729215,-18.61597067962));
#1604 = CARTESIAN_POINT('',(18.278847171761,-18.74097846522));
#1605 = CARTESIAN_POINT('',(18.179382095997,-18.86993663707));
#1606 = CARTESIAN_POINT('',(18.085267400603,-19.0028364888));
#1607 = CARTESIAN_POINT('',(17.997018440035,-19.13961555148));
#1608 = CARTESIAN_POINT('',(17.915176493508,-19.28014492308));
#1609 = CARTESIAN_POINT('',(17.78187728733,-19.53659501471));
#1610 = CARTESIAN_POINT('',(17.727696879297,-19.65112716707));
#1611 = CARTESIAN_POINT('',(17.678010568659,-19.76770568604));
#1612 = CARTESIAN_POINT('',(17.63308129192,-19.88619187857));
#1613 = CARTESIAN_POINT('',(17.593160598194,-20.00641116681));
#1614 = CARTESIAN_POINT('',(17.558475884115,-20.12814852739));
#1615 = CARTESIAN_POINT('',(17.504220885491,-20.35622430459));
#1616 = CARTESIAN_POINT('',(17.48318289023,-20.46223029993));
#1617 = CARTESIAN_POINT('',(17.466223021029,-20.56899671267));
#1618 = CARTESIAN_POINT('',(17.453435972691,-20.67634816622));
#1619 = CARTESIAN_POINT('',(17.444888241751,-20.78409880583));
#1620 = CARTESIAN_POINT('',(17.440614611475,-20.89205199303));
#1621 = CARTESIAN_POINT('',(17.440614362344,-21.15576502338));
#1622 = CARTESIAN_POINT('',(17.449513423454,-21.31155934532));
#1623 = CARTESIAN_POINT('',(17.467314640499,-21.46673280126));
#1624 = CARTESIAN_POINT('',(17.493863036002,-21.62070251879));
#1625 = CARTESIAN_POINT('',(17.52887452034,-21.77294890175));
#1626 = CARTESIAN_POINT('',(17.571964577376,-21.9230116144));
#1627 = CARTESIAN_POINT('',(17.648243183856,-22.14483378325));
#1628 = CARTESIAN_POINT('',(17.675748598223,-22.21853025433));
#1629 = CARTESIAN_POINT('',(17.705136423995,-22.29152745292));
#1630 = CARTESIAN_POINT('',(17.736346762166,-22.36378414084));
#1631 = CARTESIAN_POINT('',(17.769317694401,-22.43526490703));
#1632 = CARTESIAN_POINT('',(17.80398639352,-22.50593970695));
#1633 = CARTESIAN_POINT('',(17.915176493508,-22.71985507691));
#1634 = CARTESIAN_POINT('',(17.997018440035,-22.86038444851));
#1635 = CARTESIAN_POINT('',(18.085267400602,-22.99716351119));
#1636 = CARTESIAN_POINT('',(18.179382095996,-23.13006336292));
#1637 = CARTESIAN_POINT('',(18.27884717176,-23.25902153477));
#1638 = CARTESIAN_POINT('',(18.383191729214,-23.38402932037));
#1639 = CARTESIAN_POINT('',(18.648548908263,-23.67931713349));
#1640 = CARTESIAN_POINT('',(18.814303239605,-23.84536540022));
#1641 = CARTESIAN_POINT('',(18.988064127571,-24.00339380178));
#1642 = CARTESIAN_POINT('',(19.168772261132,-24.15358865797));
#1643 = CARTESIAN_POINT('',(19.355524460221,-24.29618144767));
#1644 = CARTESIAN_POINT('',(19.547582394775,-24.4314375442));
#1645 = CARTESIAN_POINT('',(19.924641034703,-24.67707733286));
#1646 = CARTESIAN_POINT('',(20.108843096093,-24.78857343492));
#1647 = CARTESIAN_POINT('',(20.296529532656,-24.89434114068));
#1648 = CARTESIAN_POINT('',(20.487300219712,-24.99457114057));
#1649 = CARTESIAN_POINT('',(20.680810842866,-25.08944012502));
#1650 = CARTESIAN_POINT('',(20.876770877672,-25.17911397765));
#1651 = CARTESIAN_POINT('',(21.242103489807,-25.33514420313));
#1652 = CARTESIAN_POINT('',(21.410830362435,-25.40294978129));
#1653 = CARTESIAN_POINT('',(21.580973940489,-25.46725981894));
#1654 = CARTESIAN_POINT('',(21.752400207688,-25.52815743546));
#1655 = CARTESIAN_POINT('',(21.92498889298,-25.58571792434));
#1656 = CARTESIAN_POINT('',(22.098632985339,-25.64000992405));
#1657 = CARTESIAN_POINT('',(22.782319944349,-25.84004541163));
#1658 = CARTESIAN_POINT('',(23.299401036146,-25.96169596225));
#1659 = CARTESIAN_POINT('',(23.822361926682,-26.05769912939));
#1660 = CARTESIAN_POINT('',(24.34940007332,-26.12902098688));
#1661 = CARTESIAN_POINT('',(24.878956972298,-26.17633415531));
#1662 = CARTESIAN_POINT('',(25.409718257018,-26.19999990277));
#1663 = CARTESIAN_POINT('',(26.471511016704,-26.19999990277));
#1664 = CARTESIAN_POINT('',(27.002272301422,-26.17633415531));
#1665 = CARTESIAN_POINT('',(27.531829200404,-26.12902098688));
#1666 = CARTESIAN_POINT('',(28.058867347038,-26.05769912939));
#1667 = CARTESIAN_POINT('',(28.581828237575,-25.96169596225));
#1668 = CARTESIAN_POINT('',(29.098909329372,-25.84004541163));
#1669 = CARTESIAN_POINT('',(29.782596288383,-25.64000992405));
#1670 = CARTESIAN_POINT('',(29.956240380742,-25.58571792434));
#1671 = CARTESIAN_POINT('',(30.128829066033,-25.52815743546));
#1672 = CARTESIAN_POINT('',(30.300255333233,-25.46725981894));
#1673 = CARTESIAN_POINT('',(30.470398911286,-25.40294978129));
#1674 = CARTESIAN_POINT('',(30.639125783915,-25.33514420313));
#1675 = CARTESIAN_POINT('',(31.00445839605,-25.17911397765));
#1676 = CARTESIAN_POINT('',(31.200418430856,-25.08944012503));
#1677 = CARTESIAN_POINT('',(31.393929054009,-24.99457114057));
#1678 = CARTESIAN_POINT('',(31.584699741066,-24.89434114068));
#1679 = CARTESIAN_POINT('',(31.772386177629,-24.78857343492));
#1680 = CARTESIAN_POINT('',(31.956588239019,-24.67707733286));
#1681 = CARTESIAN_POINT('',(32.333646878947,-24.4314375442));
#1682 = CARTESIAN_POINT('',(32.525704813501,-24.29618144767));
#1683 = CARTESIAN_POINT('',(32.712457012591,-24.15358865797));
#1684 = CARTESIAN_POINT('',(32.893165146151,-24.00339380178));
#1685 = CARTESIAN_POINT('',(33.066926034117,-23.84536540022));
#1686 = CARTESIAN_POINT('',(33.232680365459,-23.67931713349));
#1687 = CARTESIAN_POINT('',(33.498037544508,-23.38402932037));
#1688 = CARTESIAN_POINT('',(33.602382101963,-23.25902153477));
#1689 = CARTESIAN_POINT('',(33.701847177726,-23.13006336292));
#1690 = CARTESIAN_POINT('',(33.795961873121,-22.99716351119));
#1691 = CARTESIAN_POINT('',(33.884210833688,-22.86038444851));
#1692 = CARTESIAN_POINT('',(33.966052780215,-22.71985507692));
#1693 = CARTESIAN_POINT('',(34.149236193641,-22.36743373633));
#1694 = CARTESIAN_POINT('',(34.243040139807,-22.15158091091));
#1695 = CARTESIAN_POINT('',(34.320575450966,-21.92902917486));
#1696 = CARTESIAN_POINT('',(34.380188745669,-21.70090179647));
#1697 = CARTESIAN_POINT('',(34.420489688891,-21.46867764194));
#1698 = CARTESIAN_POINT('',(34.44061488125,-21.23424890678));
#1699 = CARTESIAN_POINT('',(34.440614636862,-21.));
#1700 = ( GEOMETRIC_REPRESENTATION_CONTEXT(2) 
PARAMETRIC_REPRESENTATION_CONTEXT() REPRESENTATION_CONTEXT('2D SPACE',''
  ) );
#1701 = PCURVE('',#1702,#1710);
#1702 = SURFACE_OF_LINEAR_EXTRUSION('',#1703,#1708);
#1703 = ELLIPSE('',#1704,8.5,5.2);
#1704 = AXIS2_PLACEMENT_3D('',#1705,#1706,#1707);
#1705 = CARTESIAN_POINT('',(-21.,23.490217721618,77.263592888592));
#1706 = DIRECTION('',(0.,-0.939692620786,0.342020143326));
#1707 = DIRECTION('',(1.110223024625E-16,0.342020143326,0.939692620786)
  );
#1708 = VECTOR('',#1709,1.);
#1709 = DIRECTION('',(0.,0.939692620786,-0.342020143326));
#1710 = DEFINITIONAL_REPRESENTATION('',(#1711),#1870);
#1711 = B_SPLINE_CURVE_WITH_KNOTS('',7,(#1712,#1713,#1714,#1715,#1716,
    #1717,#1718,#1719,#1720,#1721,#1722,#1723,#1724,#1725,#1726,#1727,
    #1728,#1729,#1730,#1731,#1732,#1733,#1734,#1735,#1736,#1737,#1738,
    #1739,#1740,#1741,#1742,#1743,#1744,#1745,#1746,#1747,#1748,#1749,
    #1750,#1751,#1752,#1753,#1754,#1755,#1756,#1757,#1758,#1759,#1760,
    #1761,#1762,#1763,#1764,#1765,#1766,#1767,#1768,#1769,#1770,#1771,
    #1772,#1773,#1774,#1775,#1776,#1777,#1778,#1779,#1780,#1781,#1782,
    #1783,#1784,#1785,#1786,#1787,#1788,#1789,#1790,#1791,#1792,#1793,
    #1794,#1795,#1796,#1797,#1798,#1799,#1800,#1801,#1802,#1803,#1804,
    #1805,#1806,#1807,#1808,#1809,#1810,#1811,#1812,#1813,#1814,#1815,
    #1816,#1817,#1818,#1819,#1820,#1821,#1822,#1823,#1824,#1825,#1826,
    #1827,#1828,#1829,#1830,#1831,#1832,#1833,#1834,#1835,#1836,#1837,
    #1838,#1839,#1840,#1841,#1842,#1843,#1844,#1845,#1846,#1847,#1848,
    #1849,#1850,#1851,#1852,#1853,#1854,#1855,#1856,#1857,#1858,#1859,
    #1860,#1861,#1862,#1863,#1864,#1865,#1866,#1867,#1868,#1869),
  .UNSPECIFIED.,.F.,.F.,(8,6,6,6,6,6,6,6,6,6,6,6,6,6,6,6,6,6,6,6,6,6,6,6
    ,6,6,8),(0.,3.783865788215E-02,6.400370057545E-02,0.101644374153,
    0.136121615,0.165203984297,0.249996925088,0.334789865879,
    0.363872235177,0.398349476024,0.435990149601,0.462155192295,
    0.482564365836,0.500000809499,0.525160983313,0.53784536643,
    0.564010377491,0.601651005562,0.636128204728,0.665210538866,
    0.750003377146,0.834796215426,0.863878549564,0.89835574873,
    0.935996376802,0.962161387863,1.),.UNSPECIFIED.);
#1712 = CARTESIAN_POINT('',(6.28318530718,-0.2));
#1713 = CARTESIAN_POINT('',(6.238137415481,-0.2));
#1714 = CARTESIAN_POINT('',(6.193055091148,-0.2));
#1715 = CARTESIAN_POINT('',(6.148246998551,-0.2));
#1716 = CARTESIAN_POINT('',(6.103927780319,-0.2));
#1717 = CARTESIAN_POINT('',(6.060255834182,-0.2));
#1718 = CARTESIAN_POINT('',(6.017353438595,-0.2));
#1719 = CARTESIAN_POINT('',(5.946236087391,-0.2));
#1720 = CARTESIAN_POINT('',(5.917564245634,-0.2));
#1721 = CARTESIAN_POINT('',(5.889310984408,-0.2));
#1722 = CARTESIAN_POINT('',(5.861484351323,-0.2));
#1723 = CARTESIAN_POINT('',(5.834084316653,-0.2));
#1724 = CARTESIAN_POINT('',(5.807103930942,-0.2));
#1725 = CARTESIAN_POINT('',(5.74230228224,-0.2));
#1726 = CARTESIAN_POINT('',(5.704925287539,-0.2));
#1727 = CARTESIAN_POINT('',(5.668354806705,-0.2));
#1728 = CARTESIAN_POINT('',(5.632546428488,-0.2));
#1729 = CARTESIAN_POINT('',(5.597453596715,-0.2));
#1730 = CARTESIAN_POINT('',(5.563025184811,-0.2));
#1731 = CARTESIAN_POINT('',(5.498223465638,-0.2));
#1732 = CARTESIAN_POINT('',(5.467758493782,-0.2));
#1733 = CARTESIAN_POINT('',(5.437767489894,-0.2));
#1734 = CARTESIAN_POINT('',(5.408214461701,-0.2));
#1735 = CARTESIAN_POINT('',(5.37906640179,-0.2));
#1736 = CARTESIAN_POINT('',(5.350291599897,-0.2));
#1737 = CARTESIAN_POINT('',(5.297873502372,-0.2));
#1738 = CARTESIAN_POINT('',(5.27413301421,-0.2));
#1739 = CARTESIAN_POINT('',(5.250618150399,-0.2));
#1740 = CARTESIAN_POINT('',(5.227312178435,-0.2));
#1741 = CARTESIAN_POINT('',(5.20419953226,-0.2));
#1742 = CARTESIAN_POINT('',(5.181265370915,-0.2));
#1743 = CARTESIAN_POINT('',(5.092105942424,-0.2));
#1744 = CARTESIAN_POINT('',(5.027132672584,-0.2));
#1745 = CARTESIAN_POINT('',(4.963185761909,-0.2));
#1746 = CARTESIAN_POINT('',(4.899988863486,-0.2));
#1747 = CARTESIAN_POINT('',(4.837289808836,-0.2));
#1748 = CARTESIAN_POINT('',(4.774847391738,-0.2));
#1749 = CARTESIAN_POINT('',(4.649930569032,-0.2));
#1750 = CARTESIAN_POINT('',(4.587488151934,-0.2));
#1751 = CARTESIAN_POINT('',(4.524789097283,-0.2));
#1752 = CARTESIAN_POINT('',(4.461592198861,-0.2));
#1753 = CARTESIAN_POINT('',(4.397645288186,-0.2));
#1754 = CARTESIAN_POINT('',(4.332672018346,-0.2));
#1755 = CARTESIAN_POINT('',(4.243512589854,-0.2));
#1756 = CARTESIAN_POINT('',(4.22057842851,-0.2));
#1757 = CARTESIAN_POINT('',(4.197465782335,-0.2));
#1758 = CARTESIAN_POINT('',(4.174159810371,-0.2));
#1759 = CARTESIAN_POINT('',(4.150644946559,-0.2));
#1760 = CARTESIAN_POINT('',(4.126904458398,-0.2));
#1761 = CARTESIAN_POINT('',(4.074486360873,-0.2));
#1762 = CARTESIAN_POINT('',(4.045711558979,-0.2));
#1763 = CARTESIAN_POINT('',(4.016563499069,-0.2));
#1764 = CARTESIAN_POINT('',(3.987010470875,-0.2));
#1765 = CARTESIAN_POINT('',(3.957019466988,-0.2));
#1766 = CARTESIAN_POINT('',(3.926554495132,-0.2));
#1767 = CARTESIAN_POINT('',(3.861752775958,-0.2));
#1768 = CARTESIAN_POINT('',(3.827324364054,-0.2));
#1769 = CARTESIAN_POINT('',(3.792231532282,-0.2));
#1770 = CARTESIAN_POINT('',(3.756423154065,-0.2));
#1771 = CARTESIAN_POINT('',(3.71985267323,-0.2));
#1772 = CARTESIAN_POINT('',(3.68247567853,-0.2));
#1773 = CARTESIAN_POINT('',(3.617674029828,-0.2));
#1774 = CARTESIAN_POINT('',(3.590693644117,-0.2));
#1775 = CARTESIAN_POINT('',(3.563293609447,-0.2));
#1776 = CARTESIAN_POINT('',(3.535466976362,-0.2));
#1777 = CARTESIAN_POINT('',(3.507213715135,-0.2));
#1778 = CARTESIAN_POINT('',(3.478541873378,-0.2));
#1779 = CARTESIAN_POINT('',(3.426791195477,-0.2));
#1780 = CARTESIAN_POINT('',(3.40386978999,-0.2));
#1781 = CARTESIAN_POINT('',(3.380714618362,-0.2));
#1782 = CARTESIAN_POINT('',(3.35733945067,-0.2));
#1783 = CARTESIAN_POINT('',(3.33376264066,-0.2));
#1784 = CARTESIAN_POINT('',(3.310008040521,-0.2));
#1785 = CARTESIAN_POINT('',(3.26568529192,-0.2));
#1786 = CARTESIAN_POINT('',(3.245155577203,-0.2));
#1787 = CARTESIAN_POINT('',(3.224536358641,-0.2));
#1788 = CARTESIAN_POINT('',(3.203848007108,-0.2));
#1789 = CARTESIAN_POINT('',(3.183112107409,-0.2));
#1790 = CARTESIAN_POINT('',(3.16235188848,-0.2));
#1791 = CARTESIAN_POINT('',(3.111637809117,-0.2));
#1792 = CARTESIAN_POINT('',(3.081677472137,-0.2));
#1793 = CARTESIAN_POINT('',(3.051792392634,-0.2));
#1794 = CARTESIAN_POINT('',(3.022051070867,-0.2));
#1795 = CARTESIAN_POINT('',(2.992512454023,-0.2));
#1796 = CARTESIAN_POINT('',(2.96322863288,-0.2));
#1797 = CARTESIAN_POINT('',(2.919636856207,-0.2));
#1798 = CARTESIAN_POINT('',(2.905101862913,-0.2));
#1799 = CARTESIAN_POINT('',(2.890647775184,-0.2));
#1800 = CARTESIAN_POINT('',(2.876278955245,-0.2));
#1801 = CARTESIAN_POINT('',(2.861998990217,-0.2));
#1802 = CARTESIAN_POINT('',(2.847810771396,-0.2));
#1803 = CARTESIAN_POINT('',(2.804643433802,-0.2));
#1804 = CARTESIAN_POINT('',(2.775971592045,-0.2));
#1805 = CARTESIAN_POINT('',(2.747718330818,-0.2));
#1806 = CARTESIAN_POINT('',(2.719891697733,-0.2));
#1807 = CARTESIAN_POINT('',(2.692491663063,-0.2));
#1808 = CARTESIAN_POINT('',(2.665511277352,-0.2));
#1809 = CARTESIAN_POINT('',(2.60070962865,-0.2));
#1810 = CARTESIAN_POINT('',(2.563332633949,-0.2));
#1811 = CARTESIAN_POINT('',(2.526762153115,-0.2));
#1812 = CARTESIAN_POINT('',(2.490953774898,-0.2));
#1813 = CARTESIAN_POINT('',(2.455860943126,-0.2));
#1814 = CARTESIAN_POINT('',(2.421432531221,-0.2));
#1815 = CARTESIAN_POINT('',(2.356630812048,-0.2));
#1816 = CARTESIAN_POINT('',(2.326165840192,-0.2));
#1817 = CARTESIAN_POINT('',(2.296174836304,-0.2));
#1818 = CARTESIAN_POINT('',(2.266621808111,-0.2));
#1819 = CARTESIAN_POINT('',(2.2374737482,-0.2));
#1820 = CARTESIAN_POINT('',(2.208698946307,-0.2));
#1821 = CARTESIAN_POINT('',(2.156280848782,-0.2));
#1822 = CARTESIAN_POINT('',(2.13254036062,-0.2));
#1823 = CARTESIAN_POINT('',(2.109025496809,-0.2));
#1824 = CARTESIAN_POINT('',(2.085719524845,-0.2));
#1825 = CARTESIAN_POINT('',(2.06260687867,-0.2));
#1826 = CARTESIAN_POINT('',(2.039672717326,-0.2));
#1827 = CARTESIAN_POINT('',(1.950513288834,-0.2));
#1828 = CARTESIAN_POINT('',(1.885540018993,-0.2));
#1829 = CARTESIAN_POINT('',(1.821593108321,-0.2));
#1830 = CARTESIAN_POINT('',(1.758396209895,-0.2));
#1831 = CARTESIAN_POINT('',(1.695697155247,-0.2));
#1832 = CARTESIAN_POINT('',(1.633254738148,-0.2));
#1833 = CARTESIAN_POINT('',(1.508337915442,-0.2));
#1834 = CARTESIAN_POINT('',(1.445895498343,-0.2));
#1835 = CARTESIAN_POINT('',(1.383196443695,-0.2));
#1836 = CARTESIAN_POINT('',(1.319999545269,-0.2));
#1837 = CARTESIAN_POINT('',(1.256052634597,-0.2));
#1838 = CARTESIAN_POINT('',(1.191079364756,-0.2));
#1839 = CARTESIAN_POINT('',(1.101919936264,-0.2));
#1840 = CARTESIAN_POINT('',(1.07898577492,-0.2));
#1841 = CARTESIAN_POINT('',(1.055873128745,-0.2));
#1842 = CARTESIAN_POINT('',(1.032567156781,-0.2));
#1843 = CARTESIAN_POINT('',(1.00905229297,-0.2));
#1844 = CARTESIAN_POINT('',(0.985311804808,-0.2));
#1845 = CARTESIAN_POINT('',(0.932893707283,-0.2));
#1846 = CARTESIAN_POINT('',(0.90411890539,-0.2));
#1847 = CARTESIAN_POINT('',(0.874970845479,-0.2));
#1848 = CARTESIAN_POINT('',(0.845417817286,-0.2));
#1849 = CARTESIAN_POINT('',(0.815426813398,-0.2));
#1850 = CARTESIAN_POINT('',(0.784961841542,-0.2));
#1851 = CARTESIAN_POINT('',(0.720160122369,-0.2));
#1852 = CARTESIAN_POINT('',(0.685731710464,-0.2));
#1853 = CARTESIAN_POINT('',(0.650638878692,-0.2));
#1854 = CARTESIAN_POINT('',(0.614830500475,-0.2));
#1855 = CARTESIAN_POINT('',(0.578260019641,-0.2));
#1856 = CARTESIAN_POINT('',(0.54088302494,-0.2));
#1857 = CARTESIAN_POINT('',(0.476081376238,-0.2));
#1858 = CARTESIAN_POINT('',(0.449100990527,-0.2));
#1859 = CARTESIAN_POINT('',(0.421700955857,-0.2));
#1860 = CARTESIAN_POINT('',(0.393874322772,-0.2));
#1861 = CARTESIAN_POINT('',(0.365621061545,-0.2));
#1862 = CARTESIAN_POINT('',(0.336949219788,-0.2));
#1863 = CARTESIAN_POINT('',(0.265831868584,-0.2));
#1864 = CARTESIAN_POINT('',(0.222929472998,-0.2));
#1865 = CARTESIAN_POINT('',(0.179257526861,-0.2));
#1866 = CARTESIAN_POINT('',(0.134938308628,-0.2));
#1867 = CARTESIAN_POINT('',(9.013021603221E-02,-0.2));
#1868 = CARTESIAN_POINT('',(4.504789169877E-02,-0.2));
#1869 = CARTESIAN_POINT('',(0.,-0.2));
#1870 = ( GEOMETRIC_REPRESENTATION_CONTEXT(2) 
PARAMETRIC_REPRESENTATION_CONTEXT() REPRESENTATION_CONTEXT('2D SPACE',''
  ) );
#1871 = FACE_BOUND('',#1872,.T.);
#1872 = EDGE_LOOP('',(#1873));
#1873 = ORIENTED_EDGE('',*,*,#1874,.T.);
#1874 = EDGE_CURVE('',#1875,#1875,#1877,.T.);
#1875 = VERTEX_POINT('',#1876);
#1876 = CARTESIAN_POINT('',(-28.,27.748541060694,89.548000987474));
#1877 = SURFACE_CURVE('',#1878,(#1883,#1894),.PCURVE_S1.);
#1878 = CIRCLE('',#1879,2.);
#1879 = AXIS2_PLACEMENT_3D('',#1880,#1881,#1882);
#1880 = CARTESIAN_POINT('',(-30.,27.748541060694,89.548000987474));
#1881 = DIRECTION('',(0.,-0.939692620786,0.342020143326));
#1882 = DIRECTION('',(1.,0.,0.));
#1883 = PCURVE('',#152,#1884);
#1884 = DEFINITIONAL_REPRESENTATION('',(#1885),#1893);
#1885 = ( BOUNDED_CURVE() B_SPLINE_CURVE(2,(#1886,#1887,#1888,#1889,
#1890,#1891,#1892),.UNSPECIFIED.,.T.,.F.) B_SPLINE_CURVE_WITH_KNOTS((1,2
    ,2,2,2,1),(-2.094395102393,0.,2.094395102393,4.188790204786,
6.28318530718,8.377580409573),.UNSPECIFIED.) CURVE() 
GEOMETRIC_REPRESENTATION_ITEM() RATIONAL_B_SPLINE_CURVE((1.,0.5,1.,0.5,
1.,0.5,1.)) REPRESENTATION_ITEM('') );
#1886 = CARTESIAN_POINT('',(38.940614636862,-28.));
#1887 = CARTESIAN_POINT('',(42.404716251999,-28.));
#1888 = CARTESIAN_POINT('',(40.672665444431,-31.));
#1889 = CARTESIAN_POINT('',(38.940614636862,-34.));
#1890 = CARTESIAN_POINT('',(37.208563829293,-31.));
#1891 = CARTESIAN_POINT('',(35.476513021724,-28.));
#1892 = CARTESIAN_POINT('',(38.940614636862,-28.));
#1893 = ( GEOMETRIC_REPRESENTATION_CONTEXT(2) 
PARAMETRIC_REPRESENTATION_CONTEXT() REPRESENTATION_CONTEXT('2D SPACE',''
  ) );
#1894 = PCURVE('',#1895,#1900);
#1895 = CYLINDRICAL_SURFACE('',#1896,2.);
#1896 = AXIS2_PLACEMENT_3D('',#1897,#1898,#1899);
#1897 = CARTESIAN_POINT('',(-30.,27.748541060694,89.548000987474));
#1898 = DIRECTION('',(0.,-0.939692620786,0.342020143326));
#1899 = DIRECTION('',(1.,0.,0.));
#1900 = DEFINITIONAL_REPRESENTATION('',(#1901),#1905);
#1901 = LINE('',#1902,#1903);
#1902 = CARTESIAN_POINT('',(0.,0.));
#1903 = VECTOR('',#1904,1.);
#1904 = DIRECTION('',(1.,0.));
#1905 = ( GEOMETRIC_REPRESENTATION_CONTEXT(2) 
PARAMETRIC_REPRESENTATION_CONTEXT() REPRESENTATION_CONTEXT('2D SPACE',''
  ) );
#1906 = FACE_BOUND('',#1907,.T.);
#1907 = EDGE_LOOP('',(#1908,#1943,#1971,#2004,#2032,#2055,#2088,#2116,
    #2149,#2177));
#1908 = ORIENTED_EDGE('',*,*,#1909,.T.);
#1909 = EDGE_CURVE('',#1910,#1912,#1914,.T.);
#1910 = VERTEX_POINT('',#1911);
#1911 = CARTESIAN_POINT('',(-40.,0.728949737966,15.312283945387));
#1912 = VERTEX_POINT('',#1913);
#1913 = CARTESIAN_POINT('',(-32.,-2.007211408639,7.7947429791));
#1914 = SURFACE_CURVE('',#1915,(#1920,#1931),.PCURVE_S1.);
#1915 = CIRCLE('',#1916,8.);
#1916 = AXIS2_PLACEMENT_3D('',#1917,#1918,#1919);
#1917 = CARTESIAN_POINT('',(-32.,0.728949737966,15.312283945387));
#1918 = DIRECTION('',(0.,-0.939692620786,0.342020143326));
#1919 = DIRECTION('',(0.,-0.342020143326,-0.939692620786));
#1920 = PCURVE('',#152,#1921);
#1921 = DEFINITIONAL_REPRESENTATION('',(#1922),#1930);
#1922 = ( BOUNDED_CURVE() B_SPLINE_CURVE(2,(#1923,#1924,#1925,#1926,
#1927,#1928,#1929),.UNSPECIFIED.,.T.,.F.) B_SPLINE_CURVE_WITH_KNOTS((1,2
    ,2,2,2,1),(-2.094395102393,0.,2.094395102393,4.188790204786,
6.28318530718,8.377580409573),.UNSPECIFIED.) CURVE() 
GEOMETRIC_REPRESENTATION_ITEM() RATIONAL_B_SPLINE_CURVE((1.,0.5,1.,0.5,
1.,0.5,1.)) REPRESENTATION_ITEM('') );
#1923 = CARTESIAN_POINT('',(-48.05938536313,-32.));
#1924 = CARTESIAN_POINT('',(-48.05938536313,-18.14359353944));
#1925 = CARTESIAN_POINT('',(-36.05938536313,-25.07179676972));
#1926 = CARTESIAN_POINT('',(-24.05938536313,-32.));
#1927 = CARTESIAN_POINT('',(-36.05938536313,-38.92820323027));
#1928 = CARTESIAN_POINT('',(-48.05938536313,-45.85640646055));
#1929 = CARTESIAN_POINT('',(-48.05938536313,-32.));
#1930 = ( GEOMETRIC_REPRESENTATION_CONTEXT(2) 
PARAMETRIC_REPRESENTATION_CONTEXT() REPRESENTATION_CONTEXT('2D SPACE',''
  ) );
#1931 = PCURVE('',#1932,#1937);
#1932 = CYLINDRICAL_SURFACE('',#1933,8.);
#1933 = AXIS2_PLACEMENT_3D('',#1934,#1935,#1936);
#1934 = CARTESIAN_POINT('',(-32.,0.916888262123,15.243879916722));
#1935 = DIRECTION('',(0.,-0.939692620786,0.342020143326));
#1936 = DIRECTION('',(0.,-0.342020143326,-0.939692620786));
#1937 = DEFINITIONAL_REPRESENTATION('',(#1938),#1942);
#1938 = LINE('',#1939,#1940);
#1939 = CARTESIAN_POINT('',(-6.28318530718,0.2));
#1940 = VECTOR('',#1941,1.);
#1941 = DIRECTION('',(1.,-0.));
#1942 = ( GEOMETRIC_REPRESENTATION_CONTEXT(2) 
PARAMETRIC_REPRESENTATION_CONTEXT() REPRESENTATION_CONTEXT('2D SPACE',''
  ) );
#1943 = ORIENTED_EDGE('',*,*,#1944,.T.);
#1944 = EDGE_CURVE('',#1912,#1945,#1947,.T.);
#1945 = VERTEX_POINT('',#1946);
#1946 = CARTESIAN_POINT('',(32.,-2.007211408639,7.7947429791));
#1947 = SURFACE_CURVE('',#1948,(#1952,#1959),.PCURVE_S1.);
#1948 = LINE('',#1949,#1950);
#1949 = CARTESIAN_POINT('',(-20.,-2.007211408639,7.7947429791));
#1950 = VECTOR('',#1951,1.);
#1951 = DIRECTION('',(1.,0.,0.));
#1952 = PCURVE('',#152,#1953);
#1953 = DEFINITIONAL_REPRESENTATION('',(#1954),#1958);
#1954 = LINE('',#1955,#1956);
#1955 = CARTESIAN_POINT('',(-48.05938536313,-20.));
#1956 = VECTOR('',#1957,1.);
#1957 = DIRECTION('',(0.,1.));
#1958 = ( GEOMETRIC_REPRESENTATION_CONTEXT(2) 
PARAMETRIC_REPRESENTATION_CONTEXT() REPRESENTATION_CONTEXT('2D SPACE',''
  ) );
#1959 = PCURVE('',#1960,#1965);
#1960 = PLANE('',#1961);
#1961 = AXIS2_PLACEMENT_3D('',#1962,#1963,#1964);
#1962 = CARTESIAN_POINT('',(-40.,-1.819272884482,7.726338950435));
#1963 = DIRECTION('',(0.,0.342020143326,0.939692620786));
#1964 = DIRECTION('',(1.,0.,0.));
#1965 = DEFINITIONAL_REPRESENTATION('',(#1966),#1970);
#1966 = LINE('',#1967,#1968);
#1967 = CARTESIAN_POINT('',(20.,-0.2));
#1968 = VECTOR('',#1969,1.);
#1969 = DIRECTION('',(1.,0.));
#1970 = ( GEOMETRIC_REPRESENTATION_CONTEXT(2) 
PARAMETRIC_REPRESENTATION_CONTEXT() REPRESENTATION_CONTEXT('2D SPACE',''
  ) );
#1971 = ORIENTED_EDGE('',*,*,#1972,.T.);
#1972 = EDGE_CURVE('',#1945,#1973,#1975,.T.);
#1973 = VERTEX_POINT('',#1974);
#1974 = CARTESIAN_POINT('',(40.,0.728949737966,15.312283945387));
#1975 = SURFACE_CURVE('',#1976,(#1981,#1992),.PCURVE_S1.);
#1976 = CIRCLE('',#1977,8.);
#1977 = AXIS2_PLACEMENT_3D('',#1978,#1979,#1980);
#1978 = CARTESIAN_POINT('',(32.,0.728949737966,15.312283945387));
#1979 = DIRECTION('',(0.,-0.939692620786,0.342020143326));
#1980 = DIRECTION('',(0.,-0.342020143326,-0.939692620786));
#1981 = PCURVE('',#152,#1982);
#1982 = DEFINITIONAL_REPRESENTATION('',(#1983),#1991);
#1983 = ( BOUNDED_CURVE() B_SPLINE_CURVE(2,(#1984,#1985,#1986,#1987,
#1988,#1989,#1990),.UNSPECIFIED.,.T.,.F.) B_SPLINE_CURVE_WITH_KNOTS((1,2
    ,2,2,2,1),(-2.094395102393,0.,2.094395102393,4.188790204786,
6.28318530718,8.377580409573),.UNSPECIFIED.) CURVE() 
GEOMETRIC_REPRESENTATION_ITEM() RATIONAL_B_SPLINE_CURVE((1.,0.5,1.,0.5,
1.,0.5,1.)) REPRESENTATION_ITEM('') );
#1984 = CARTESIAN_POINT('',(-48.05938536313,32.));
#1985 = CARTESIAN_POINT('',(-48.05938536313,45.856406460551));
#1986 = CARTESIAN_POINT('',(-36.05938536313,38.928203230276));
#1987 = CARTESIAN_POINT('',(-24.05938536313,32.));
#1988 = CARTESIAN_POINT('',(-36.05938536313,25.071796769724));
#1989 = CARTESIAN_POINT('',(-48.05938536313,18.143593539449));
#1990 = CARTESIAN_POINT('',(-48.05938536313,32.));
#1991 = ( GEOMETRIC_REPRESENTATION_CONTEXT(2) 
PARAMETRIC_REPRESENTATION_CONTEXT() REPRESENTATION_CONTEXT('2D SPACE',''
  ) );
#1992 = PCURVE('',#1993,#1998);
#1993 = CYLINDRICAL_SURFACE('',#1994,8.);
#1994 = AXIS2_PLACEMENT_3D('',#1995,#1996,#1997);
#1995 = CARTESIAN_POINT('',(32.,0.916888262123,15.243879916722));
#1996 = DIRECTION('',(0.,-0.939692620786,0.342020143326));
#1997 = DIRECTION('',(0.,-0.342020143326,-0.939692620786));
#1998 = DEFINITIONAL_REPRESENTATION('',(#1999),#2003);
#1999 = LINE('',#2000,#2001);
#2000 = CARTESIAN_POINT('',(0.,0.2));
#2001 = VECTOR('',#2002,1.);
#2002 = DIRECTION('',(1.,0.));
#2003 = ( GEOMETRIC_REPRESENTATION_CONTEXT(2) 
PARAMETRIC_REPRESENTATION_CONTEXT() REPRESENTATION_CONTEXT('2D SPACE',''
  ) );
#2004 = ORIENTED_EDGE('',*,*,#2005,.T.);
#2005 = EDGE_CURVE('',#1973,#2006,#2008,.T.);
#2006 = VERTEX_POINT('',#2007);
#2007 = CARTESIAN_POINT('',(40.,10.647533894411,42.563369948179));
#2008 = SURFACE_CURVE('',#2009,(#2013,#2020),.PCURVE_S1.);
#2009 = LINE('',#2010,#2011);
#2010 = CARTESIAN_POINT('',(40.,6.211427526383,30.375267871724));
#2011 = VECTOR('',#2012,1.);
#2012 = DIRECTION('',(0.,0.342020143326,0.939692620786));
#2013 = PCURVE('',#152,#2014);
#2014 = DEFINITIONAL_REPRESENTATION('',(#2015),#2019);
#2015 = LINE('',#2016,#2017);
#2016 = CARTESIAN_POINT('',(-24.02969268156,40.));
#2017 = VECTOR('',#2018,1.);
#2018 = DIRECTION('',(1.,0.));
#2019 = ( GEOMETRIC_REPRESENTATION_CONTEXT(2) 
PARAMETRIC_REPRESENTATION_CONTEXT() REPRESENTATION_CONTEXT('2D SPACE',''
  ) );
#2020 = PCURVE('',#2021,#2026);
#2021 = PLANE('',#2022);
#2022 = AXIS2_PLACEMENT_3D('',#2023,#2024,#2025);
#2023 = CARTESIAN_POINT('',(40.,-1.819272884482,7.726338950435));
#2024 = DIRECTION('',(-1.,0.,0.));
#2025 = DIRECTION('',(0.,0.342020143326,0.939692620786));
#2026 = DEFINITIONAL_REPRESENTATION('',(#2027),#2031);
#2027 = LINE('',#2028,#2029);
#2028 = CARTESIAN_POINT('',(24.029692681569,-0.2));
#2029 = VECTOR('',#2030,1.);
#2030 = DIRECTION('',(1.,0.));
#2031 = ( GEOMETRIC_REPRESENTATION_CONTEXT(2) 
PARAMETRIC_REPRESENTATION_CONTEXT() REPRESENTATION_CONTEXT('2D SPACE',''
  ) );
#2032 = ORIENTED_EDGE('',*,*,#2033,.T.);
#2033 = EDGE_CURVE('',#2006,#2034,#2036,.T.);
#2034 = VERTEX_POINT('',#2035);
#2035 = CARTESIAN_POINT('',(40.,11.673594324388,45.382447810536));
#2036 = SURFACE_CURVE('',#2037,(#2041,#2048),.PCURVE_S1.);
#2037 = LINE('',#2038,#2039);
#2038 = CARTESIAN_POINT('',(40.,6.211427526383,30.375267871724));
#2039 = VECTOR('',#2040,1.);
#2040 = DIRECTION('',(0.,0.342020143326,0.939692620786));
#2041 = PCURVE('',#152,#2042);
#2042 = DEFINITIONAL_REPRESENTATION('',(#2043),#2047);
#2043 = LINE('',#2044,#2045);
#2044 = CARTESIAN_POINT('',(-24.02969268156,40.));
#2045 = VECTOR('',#2046,1.);
#2046 = DIRECTION('',(1.,0.));
#2047 = ( GEOMETRIC_REPRESENTATION_CONTEXT(2) 
PARAMETRIC_REPRESENTATION_CONTEXT() REPRESENTATION_CONTEXT('2D SPACE',''
  ) );
#2048 = PCURVE('',#2021,#2049);
#2049 = DEFINITIONAL_REPRESENTATION('',(#2050),#2054);
#2050 = LINE('',#2051,#2052);
#2051 = CARTESIAN_POINT('',(24.029692681569,-0.2));
#2052 = VECTOR('',#2053,1.);
#2053 = DIRECTION('',(1.,0.));
#2054 = ( GEOMETRIC_REPRESENTATION_CONTEXT(2) 
PARAMETRIC_REPRESENTATION_CONTEXT() REPRESENTATION_CONTEXT('2D SPACE',''
  ) );
#2055 = ORIENTED_EDGE('',*,*,#2056,.T.);
#2056 = EDGE_CURVE('',#2034,#2057,#2059,.T.);
#2057 = VERTEX_POINT('',#2058);
#2058 = CARTESIAN_POINT('',(32.,14.409755470993,52.899988776824));
#2059 = SURFACE_CURVE('',#2060,(#2065,#2076),.PCURVE_S1.);
#2060 = CIRCLE('',#2061,8.);
#2061 = AXIS2_PLACEMENT_3D('',#2062,#2063,#2064);
#2062 = CARTESIAN_POINT('',(32.,11.673594324388,45.382447810536));
#2063 = DIRECTION('',(0.,-0.939692620786,0.342020143326));
#2064 = DIRECTION('',(1.,0.,0.));
#2065 = PCURVE('',#152,#2066);
#2066 = DEFINITIONAL_REPRESENTATION('',(#2067),#2075);
#2067 = ( BOUNDED_CURVE() B_SPLINE_CURVE(2,(#2068,#2069,#2070,#2071,
#2072,#2073,#2074),.UNSPECIFIED.,.T.,.F.) B_SPLINE_CURVE_WITH_KNOTS((1,2
    ,2,2,2,1),(-2.094395102393,0.,2.094395102393,4.188790204786,
6.28318530718,8.377580409573),.UNSPECIFIED.) CURVE() 
GEOMETRIC_REPRESENTATION_ITEM() RATIONAL_B_SPLINE_CURVE((1.,0.5,1.,0.5,
1.,0.5,1.)) REPRESENTATION_ITEM('') );
#2068 = CARTESIAN_POINT('',(-8.059385363138,40.));
#2069 = CARTESIAN_POINT('',(5.797021097413,40.));
#2070 = CARTESIAN_POINT('',(-1.131182132863,28.));
#2071 = CARTESIAN_POINT('',(-8.059385363138,16.));
#2072 = CARTESIAN_POINT('',(-14.98758859341,28.));
#2073 = CARTESIAN_POINT('',(-21.91579182368,40.));
#2074 = CARTESIAN_POINT('',(-8.059385363138,40.));
#2075 = ( GEOMETRIC_REPRESENTATION_CONTEXT(2) 
PARAMETRIC_REPRESENTATION_CONTEXT() REPRESENTATION_CONTEXT('2D SPACE',''
  ) );
#2076 = PCURVE('',#2077,#2082);
#2077 = CYLINDRICAL_SURFACE('',#2078,8.);
#2078 = AXIS2_PLACEMENT_3D('',#2079,#2080,#2081);
#2079 = CARTESIAN_POINT('',(32.,11.861532848545,45.314043781871));
#2080 = DIRECTION('',(0.,-0.939692620786,0.342020143326));
#2081 = DIRECTION('',(1.,0.,0.));
#2082 = DEFINITIONAL_REPRESENTATION('',(#2083),#2087);
#2083 = LINE('',#2084,#2085);
#2084 = CARTESIAN_POINT('',(0.,0.2));
#2085 = VECTOR('',#2086,1.);
#2086 = DIRECTION('',(1.,0.));
#2087 = ( GEOMETRIC_REPRESENTATION_CONTEXT(2) 
PARAMETRIC_REPRESENTATION_CONTEXT() REPRESENTATION_CONTEXT('2D SPACE',''
  ) );
#2088 = ORIENTED_EDGE('',*,*,#2089,.T.);
#2089 = EDGE_CURVE('',#2057,#2090,#2092,.T.);
#2090 = VERTEX_POINT('',#2091);
#2091 = CARTESIAN_POINT('',(-32.,14.409755470993,52.899988776824));
#2092 = SURFACE_CURVE('',#2093,(#2097,#2104),.PCURVE_S1.);
#2093 = LINE('',#2094,#2095);
#2094 = CARTESIAN_POINT('',(20.,14.409755470993,52.899988776824));
#2095 = VECTOR('',#2096,1.);
#2096 = DIRECTION('',(-1.,0.,0.));
#2097 = PCURVE('',#152,#2098);
#2098 = DEFINITIONAL_REPRESENTATION('',(#2099),#2103);
#2099 = LINE('',#2100,#2101);
#2100 = CARTESIAN_POINT('',(-5.938536313832E-02,20.));
#2101 = VECTOR('',#2102,1.);
#2102 = DIRECTION('',(0.,-1.));
#2103 = ( GEOMETRIC_REPRESENTATION_CONTEXT(2) 
PARAMETRIC_REPRESENTATION_CONTEXT() REPRESENTATION_CONTEXT('2D SPACE',''
  ) );
#2104 = PCURVE('',#2105,#2110);
#2105 = PLANE('',#2106);
#2106 = AXIS2_PLACEMENT_3D('',#2107,#2108,#2109);
#2107 = CARTESIAN_POINT('',(40.,14.59769399515,52.831584748159));
#2108 = DIRECTION('',(-0.,-0.342020143326,-0.939692620786));
#2109 = DIRECTION('',(-1.,0.,0.));
#2110 = DEFINITIONAL_REPRESENTATION('',(#2111),#2115);
#2111 = LINE('',#2112,#2113);
#2112 = CARTESIAN_POINT('',(20.,-0.2));
#2113 = VECTOR('',#2114,1.);
#2114 = DIRECTION('',(1.,0.));
#2115 = ( GEOMETRIC_REPRESENTATION_CONTEXT(2) 
PARAMETRIC_REPRESENTATION_CONTEXT() REPRESENTATION_CONTEXT('2D SPACE',''
  ) );
#2116 = ORIENTED_EDGE('',*,*,#2117,.T.);
#2117 = EDGE_CURVE('',#2090,#2118,#2120,.T.);
#2118 = VERTEX_POINT('',#2119);
#2119 = CARTESIAN_POINT('',(-40.,11.673594324388,45.382447810536));
#2120 = SURFACE_CURVE('',#2121,(#2126,#2137),.PCURVE_S1.);
#2121 = CIRCLE('',#2122,8.);
#2122 = AXIS2_PLACEMENT_3D('',#2123,#2124,#2125);
#2123 = CARTESIAN_POINT('',(-32.,11.673594324388,45.382447810536));
#2124 = DIRECTION('',(0.,-0.939692620786,0.342020143326));
#2125 = DIRECTION('',(0.,0.342020143326,0.939692620786));
#2126 = PCURVE('',#152,#2127);
#2127 = DEFINITIONAL_REPRESENTATION('',(#2128),#2136);
#2128 = ( BOUNDED_CURVE() B_SPLINE_CURVE(2,(#2129,#2130,#2131,#2132,
#2133,#2134,#2135),.UNSPECIFIED.,.T.,.F.) B_SPLINE_CURVE_WITH_KNOTS((1,2
    ,2,2,2,1),(-2.094395102393,0.,2.094395102393,4.188790204786,
6.28318530718,8.377580409573),.UNSPECIFIED.) CURVE() 
GEOMETRIC_REPRESENTATION_ITEM() RATIONAL_B_SPLINE_CURVE((1.,0.5,1.,0.5,
1.,0.5,1.)) REPRESENTATION_ITEM('') );
#2129 = CARTESIAN_POINT('',(-5.938536313832E-02,-32.));
#2130 = CARTESIAN_POINT('',(-5.938536313832E-02,-45.85640646055));
#2131 = CARTESIAN_POINT('',(-12.05938536313,-38.92820323027));
#2132 = CARTESIAN_POINT('',(-24.05938536313,-32.));
#2133 = CARTESIAN_POINT('',(-12.05938536313,-25.07179676972));
#2134 = CARTESIAN_POINT('',(-5.938536313833E-02,-18.14359353944));
#2135 = CARTESIAN_POINT('',(-5.938536313832E-02,-32.));
#2136 = ( GEOMETRIC_REPRESENTATION_CONTEXT(2) 
PARAMETRIC_REPRESENTATION_CONTEXT() REPRESENTATION_CONTEXT('2D SPACE',''
  ) );
#2137 = PCURVE('',#2138,#2143);
#2138 = CYLINDRICAL_SURFACE('',#2139,8.);
#2139 = AXIS2_PLACEMENT_3D('',#2140,#2141,#2142);
#2140 = CARTESIAN_POINT('',(-32.,11.861532848545,45.314043781871));
#2141 = DIRECTION('',(0.,-0.939692620786,0.342020143326));
#2142 = DIRECTION('',(0.,0.342020143326,0.939692620786));
#2143 = DEFINITIONAL_REPRESENTATION('',(#2144),#2148);
#2144 = LINE('',#2145,#2146);
#2145 = CARTESIAN_POINT('',(0.,0.2));
#2146 = VECTOR('',#2147,1.);
#2147 = DIRECTION('',(1.,0.));
#2148 = ( GEOMETRIC_REPRESENTATION_CONTEXT(2) 
PARAMETRIC_REPRESENTATION_CONTEXT() REPRESENTATION_CONTEXT('2D SPACE',''
  ) );
#2149 = ORIENTED_EDGE('',*,*,#2150,.T.);
#2150 = EDGE_CURVE('',#2118,#2151,#2153,.T.);
#2151 = VERTEX_POINT('',#2152);
#2152 = CARTESIAN_POINT('',(-40.,10.647533894411,42.563369948179));
#2153 = SURFACE_CURVE('',#2154,(#2158,#2165),.PCURVE_S1.);
#2154 = LINE('',#2155,#2156);
#2155 = CARTESIAN_POINT('',(-40.,14.419910966199,52.927890770586));
#2156 = VECTOR('',#2157,1.);
#2157 = DIRECTION('',(0.,-0.342020143326,-0.939692620786));
#2158 = PCURVE('',#152,#2159);
#2159 = DEFINITIONAL_REPRESENTATION('',(#2160),#2164);
#2160 = LINE('',#2161,#2162);
#2161 = CARTESIAN_POINT('',(-2.969268156916E-02,-40.));
#2162 = VECTOR('',#2163,1.);
#2163 = DIRECTION('',(-1.,0.));
#2164 = ( GEOMETRIC_REPRESENTATION_CONTEXT(2) 
PARAMETRIC_REPRESENTATION_CONTEXT() REPRESENTATION_CONTEXT('2D SPACE',''
  ) );
#2165 = PCURVE('',#2166,#2171);
#2166 = PLANE('',#2167);
#2167 = AXIS2_PLACEMENT_3D('',#2168,#2169,#2170);
#2168 = CARTESIAN_POINT('',(-40.,14.59769399515,52.831584748159));
#2169 = DIRECTION('',(1.,0.,0.));
#2170 = DIRECTION('',(0.,-0.342020143326,-0.939692620786));
#2171 = DEFINITIONAL_REPRESENTATION('',(#2172),#2176);
#2172 = LINE('',#2173,#2174);
#2173 = CARTESIAN_POINT('',(-2.969268156916E-02,-0.2));
#2174 = VECTOR('',#2175,1.);
#2175 = DIRECTION('',(1.,0.));
#2176 = ( GEOMETRIC_REPRESENTATION_CONTEXT(2) 
PARAMETRIC_REPRESENTATION_CONTEXT() REPRESENTATION_CONTEXT('2D SPACE',''
  ) );
#2177 = ORIENTED_EDGE('',*,*,#2178,.T.);
#2178 = EDGE_CURVE('',#2151,#1910,#2179,.T.);
#2179 = SURFACE_CURVE('',#2180,(#2184,#2191),.PCURVE_S1.);
#2180 = LINE('',#2181,#2182);
#2181 = CARTESIAN_POINT('',(-40.,14.419910966199,52.927890770586));
#2182 = VECTOR('',#2183,1.);
#2183 = DIRECTION('',(0.,-0.342020143326,-0.939692620786));
#2184 = PCURVE('',#152,#2185);
#2185 = DEFINITIONAL_REPRESENTATION('',(#2186),#2190);
#2186 = LINE('',#2187,#2188);
#2187 = CARTESIAN_POINT('',(-2.969268156916E-02,-40.));
#2188 = VECTOR('',#2189,1.);
#2189 = DIRECTION('',(-1.,0.));
#2190 = ( GEOMETRIC_REPRESENTATION_CONTEXT(2) 
PARAMETRIC_REPRESENTATION_CONTEXT() REPRESENTATION_CONTEXT('2D SPACE',''
  ) );
#2191 = PCURVE('',#2166,#2192);
#2192 = DEFINITIONAL_REPRESENTATION('',(#2193),#2197);
#2193 = LINE('',#2194,#2195);
#2194 = CARTESIAN_POINT('',(-2.969268156916E-02,-0.2));
#2195 = VECTOR('',#2196,1.);
#2196 = DIRECTION('',(1.,0.));
#2197 = ( GEOMETRIC_REPRESENTATION_CONTEXT(2) 
PARAMETRIC_REPRESENTATION_CONTEXT() REPRESENTATION_CONTEXT('2D SPACE',''
  ) );
#2198 = FACE_BOUND('',#2199,.T.);
#2199 = EDGE_LOOP('',(#2200,#2713));
#2200 = ORIENTED_EDGE('',*,*,#2201,.F.);
#2201 = EDGE_CURVE('',#2202,#2204,#2206,.T.);
#2202 = VERTEX_POINT('',#2203);
#2203 = CARTESIAN_POINT('',(8.958070923884,19.704937122976,
    67.448380797557));
#2204 = VERTEX_POINT('',#2205);
#2205 = CARTESIAN_POINT('',(-8.958070923884,19.704937122976,
    67.448380797557));
#2206 = SURFACE_CURVE('',#2207,(#2371,#2538),.PCURVE_S1.);
#2207 = B_SPLINE_CURVE_WITH_KNOTS('',8,(#2208,#2209,#2210,#2211,#2212,
    #2213,#2214,#2215,#2216,#2217,#2218,#2219,#2220,#2221,#2222,#2223,
    #2224,#2225,#2226,#2227,#2228,#2229,#2230,#2231,#2232,#2233,#2234,
    #2235,#2236,#2237,#2238,#2239,#2240,#2241,#2242,#2243,#2244,#2245,
    #2246,#2247,#2248,#2249,#2250,#2251,#2252,#2253,#2254,#2255,#2256,
    #2257,#2258,#2259,#2260,#2261,#2262,#2263,#2264,#2265,#2266,#2267,
    #2268,#2269,#2270,#2271,#2272,#2273,#2274,#2275,#2276,#2277,#2278,
    #2279,#2280,#2281,#2282,#2283,#2284,#2285,#2286,#2287,#2288,#2289,
    #2290,#2291,#2292,#2293,#2294,#2295,#2296,#2297,#2298,#2299,#2300,
    #2301,#2302,#2303,#2304,#2305,#2306,#2307,#2308,#2309,#2310,#2311,
    #2312,#2313,#2314,#2315,#2316,#2317,#2318,#2319,#2320,#2321,#2322,
    #2323,#2324,#2325,#2326,#2327,#2328,#2329,#2330,#2331,#2332,#2333,
    #2334,#2335,#2336,#2337,#2338,#2339,#2340,#2341,#2342,#2343,#2344,
    #2345,#2346,#2347,#2348,#2349,#2350,#2351,#2352,#2353,#2354,#2355,
    #2356,#2357,#2358,#2359,#2360,#2361,#2362,#2363,#2364,#2365,#2366,
    #2367,#2368,#2369,#2370),.UNSPECIFIED.,.F.,.F.,(9,7,7,7,7,7,7,7,7,7,
    7,7,7,7,7,7,7,7,7,7,7,7,7,9),(0.,5.79867381634E-02,
    7.970403201828E-02,9.202603052974E-02,0.11745094241,0.148974094823,
    0.165444449683,0.199146245659,0.250827115668,0.301981213682,
    0.348388893775,0.500019507488,0.594542181223,0.682931331877,
    0.732401834603,0.783541810243,0.828090656695,0.847169819921,
    0.858659902489,0.882553619315,0.907977543707,0.920299063639,
    0.942015514007,1.),.UNSPECIFIED.);
#2208 = CARTESIAN_POINT('',(8.958070923884,19.704937122976,
    67.448380797557));
#2209 = CARTESIAN_POINT('',(9.16330243147,19.651210545673,
    67.300768239593));
#2210 = CARTESIAN_POINT('',(9.362497675182,19.594887546288,
    67.146022070587));
#2211 = CARTESIAN_POINT('',(9.55496121409,19.535825985372,
    66.983751765613));
#2212 = CARTESIAN_POINT('',(9.739733776449,19.473902036075,
    66.813617113194));
#2213 = CARTESIAN_POINT('',(9.9156078229,19.409015733121,66.635343460997
    ));
#2214 = CARTESIAN_POINT('',(10.081149682377,19.341098325199,
    66.448741916344));
#2215 = CARTESIAN_POINT('',(10.234728260737,19.270121430757,
    66.253734501562));
#2216 = CARTESIAN_POINT('',(10.426916723276,19.168388357573,
    65.974225180177));
#2217 = CARTESIAN_POINT('',(10.477343318575,19.140248187995,
    65.89691069968));
#2218 = CARTESIAN_POINT('',(10.525732387433,19.111691733646,
    65.818452486177));
#2219 = CARTESIAN_POINT('',(10.57198168701,19.082725632006,
    65.738868775991));
#2220 = CARTESIAN_POINT('',(10.615986125209,19.053359199485,
    65.658185165752));
#2221 = CARTESIAN_POINT('',(10.657639433707,19.023604718057,
    65.5764353999));
#2222 = CARTESIAN_POINT('',(10.696835840983,18.99347772188,
    65.493662158188));
#2223 = CARTESIAN_POINT('',(10.754258292787,18.945703236448,
    65.362402838236));
#2224 = CARTESIAN_POINT('',(10.774220526847,18.928295454136,
    65.314575349412));
#2225 = CARTESIAN_POINT('',(10.79333950178,18.910777498087,
    65.266445160733));
#2226 = CARTESIAN_POINT('',(10.811596573877,18.893153279665,
    65.218023018582));
#2227 = CARTESIAN_POINT('',(10.828973548457,18.875427077078,
    65.169320677241));
#2228 = CARTESIAN_POINT('',(10.845452826848,18.857603551955,
    65.120350944431));
#2229 = CARTESIAN_POINT('',(10.86101755338,18.839687765923,
    65.071127726857));
#2230 = CARTESIAN_POINT('',(10.905847633084,18.78453913492,
    64.919608108462));
#2231 = CARTESIAN_POINT('',(10.93208427257,18.747020444153,
    64.816526352772));
#2232 = CARTESIAN_POINT('',(10.95421772545,18.709180786466,
    64.712562747718));
#2233 = CARTESIAN_POINT('',(10.972125171169,18.671075692672,
    64.607869862953));
#2234 = CARTESIAN_POINT('',(10.98570863735,18.632764706677,
    64.502611294015));
#2235 = CARTESIAN_POINT('',(10.994898713154,18.594311529352,
    64.396962057607));
#2236 = CARTESIAN_POINT('',(10.999658262639,18.555784162398,
    64.291108986869));
#2237 = CARTESIAN_POINT('',(11.000392655497,18.469484620672,
    64.05400294467));
#2238 = CARTESIAN_POINT('',(10.993986892875,18.421700890372,
    63.922718224653));
#2239 = CARTESIAN_POINT('',(10.980762083267,18.374045423895,
    63.791785906594));
#2240 = CARTESIAN_POINT('',(10.960800812863,18.32664751551,
    63.661561223575));
#2241 = CARTESIAN_POINT('',(10.934260007265,18.279624925005,
    63.53236771796));
#2242 = CARTESIAN_POINT('',(10.901357955289,18.233084522362,
    63.404499012605));
#2243 = CARTESIAN_POINT('',(10.862363370306,18.18712284325,
    63.278220337084));
#2244 = CARTESIAN_POINT('',(10.794191267992,18.118159952304,
    63.088746351431));
#2245 = CARTESIAN_POINT('',(10.769215221132,18.09467267453,63.0242155861
    ));
#2246 = CARTESIAN_POINT('',(10.74270067363,18.071375695984,
    62.960207663604));
#2247 = CARTESIAN_POINT('',(10.714691768254,18.048278675468,
    62.896749121282));
#2248 = CARTESIAN_POINT('',(10.685233913101,18.025390033614,
    62.833863094624));
#2249 = CARTESIAN_POINT('',(10.654373229216,18.002717029848,
    62.771569528746));
#2250 = CARTESIAN_POINT('',(10.622155998217,17.980265839368,
    62.709885389861));
#2251 = CARTESIAN_POINT('',(10.520023027588,17.912566242808,
    62.523882277009));
#2252 = CARTESIAN_POINT('',(10.445934807513,17.868044219821,
    62.401559024182));
#2253 = CARTESIAN_POINT('',(10.366752085846,17.824515261993,
    62.281964195457));
#2254 = CARTESIAN_POINT('',(10.282858168081,17.782004249256,
    62.165166147884));
#2255 = CARTESIAN_POINT('',(10.194620292332,17.740523666222,
    62.051199182654));
#2256 = CARTESIAN_POINT('',(10.102381008558,17.700075572303,
    61.940068957952));
#2257 = CARTESIAN_POINT('',(10.006451673687,17.660653116354,
    61.83175665041));
#2258 = CARTESIAN_POINT('',(9.754767093935,17.563338479814,
    61.564386883935));
#2259 = CARTESIAN_POINT('',(9.59443888519,17.506828705761,
    61.409127555746));
#2260 = CARTESIAN_POINT('',(9.427098062596,17.452646974365,
    61.260264472189));
#2261 = CARTESIAN_POINT('',(9.253603057939,17.400722773136,
    61.117603901789));
#2262 = CARTESIAN_POINT('',(9.074698492722,17.350979757931,
    60.980936090737));
#2263 = CARTESIAN_POINT('',(8.891015225414,17.303335965967,
    60.85003584814));
#2264 = CARTESIAN_POINT('',(8.703068061833,17.257704860325,
    60.724665415762));
#2265 = CARTESIAN_POINT('',(8.321389344283,17.170735054277,
    60.485717837472));
#2266 = CARTESIAN_POINT('',(8.127782326312,17.129367769825,
    60.372062157535));
#2267 = CARTESIAN_POINT('',(7.930843310029,17.089813588505,
    60.263387937513));
#2268 = CARTESIAN_POINT('',(7.730932947322,17.051999850753,
    60.159495546894));
#2269 = CARTESIAN_POINT('',(7.528364186358,17.015860209577,
    60.060202698817));
#2270 = CARTESIAN_POINT('',(7.323405474521,16.981332803591,
    59.965339430518));
#2271 = CARTESIAN_POINT('',(7.116282284646,16.948359395019,
    59.874745735025));
#2272 = CARTESIAN_POINT('',(6.717473828763,16.888331910483,
    59.709821576716));
#2273 = CARTESIAN_POINT('',(6.526152814589,16.861014418739,
    59.634767384992));
#2274 = CARTESIAN_POINT('',(6.333358577715,16.834893356163,
    59.563000355392));
#2275 = CARTESIAN_POINT('',(6.13922162579,16.809932916972,
    59.494422112336));
#2276 = CARTESIAN_POINT('',(5.943858919823,16.786100642658,
    59.428943476804));
#2277 = CARTESIAN_POINT('',(5.747374475584,16.763366933755,
    59.366483124931));
#2278 = CARTESIAN_POINT('',(5.549859965013,16.741704561611,
    59.306966246614));
#2279 = CARTESIAN_POINT('',(4.70293979854,16.653727032921,59.06524997312
    ));
#2280 = CARTESIAN_POINT('',(4.044626527135,16.597562693,58.910939717407)
  );
#2281 = CARTESIAN_POINT('',(3.378934563289,16.551667143222,
    58.784842730738));
#2282 = CARTESIAN_POINT('',(2.707894979779,16.515487129411,
    58.685438959759));
#2283 = CARTESIAN_POINT('',(2.03322288651,16.488616231853,
    58.611611775476));
#2284 = CARTESIAN_POINT('',(1.356320823325,16.470794268032,
    58.562646332309));
#2285 = CARTESIAN_POINT('',(0.67830642243,16.461876330947,
    58.538144501539));
#2286 = CARTESIAN_POINT('',(-0.422838997287,16.461876330947,
    58.538144501539));
#2287 = CARTESIAN_POINT('',(-0.84565795342,16.465341811898,58.5476658322
    ));
#2288 = CARTESIAN_POINT('',(-1.268195542808,16.472272064851,
    58.5667065457));
#2289 = CARTESIAN_POINT('',(-1.690166519635,16.482687479395,
    58.595322661973));
#2290 = CARTESIAN_POINT('',(-2.111262041706,16.496627305163,
    58.633622018502));
#2291 = CARTESIAN_POINT('',(-2.531149081198,16.514150338998,
    58.681766158284));
#2292 = CARTESIAN_POINT('',(-2.949468922319,16.535338537765,
    58.739980255955));
#2293 = CARTESIAN_POINT('',(-3.755182825569,16.583648609854,
    58.87271108815));
#2294 = CARTESIAN_POINT('',(-4.142762056716,16.610292827912,
    58.945915475625));
#2295 = CARTESIAN_POINT('',(-4.528289053745,16.640327119886,
    59.028434014634));
#2296 = CARTESIAN_POINT('',(-4.911389387695,16.673864629703,
    59.120577565559));
#2297 = CARTESIAN_POINT('',(-5.291599629776,16.711038547572,
    59.222712065497));
#2298 = CARTESIAN_POINT('',(-5.668363343325,16.752006278109,
    59.335269980075));
#2299 = CARTESIAN_POINT('',(-6.041021024166,16.796959965343,
    59.45877922067));
#2300 = CARTESIAN_POINT('',(-6.614632752884,16.873670825228,
    59.669540576031));
#2301 = CARTESIAN_POINT('',(-6.818921347304,16.902520654753,
    59.748804831208));
#2302 = CARTESIAN_POINT('',(-7.021522635811,16.932735127206,
    59.831818412013));
#2303 = CARTESIAN_POINT('',(-7.22227147239,16.964359775572,
    59.918706419295));
#2304 = CARTESIAN_POINT('',(-7.420974579521,16.997443472771,
    60.009603130303));
#2305 = CARTESIAN_POINT('',(-7.617409479243,17.032039125269,
    60.104653904351));
#2306 = CARTESIAN_POINT('',(-7.811322477564,17.068204989289,
    60.204018799102));
#2307 = CARTESIAN_POINT('',(-8.19997805602,17.145083915079,
    60.415241911742));
#2308 = CARTESIAN_POINT('',(-8.39449482995,17.185902784021,
    60.527390832447));
#2309 = CARTESIAN_POINT('',(-8.585680860912,17.228538692697,
    60.644532028792));
#2310 = CARTESIAN_POINT('',(-8.773157300469,17.273068564618,
    60.766876846387));
#2311 = CARTESIAN_POINT('',(-8.956463612042,17.319569836005,
    60.894638039498));
#2312 = CARTESIAN_POINT('',(-9.135056699589,17.368120737258,
    61.028030544386));
#2313 = CARTESIAN_POINT('',(-9.308307167809,17.418801790493,
    61.167275593743));
#2314 = CARTESIAN_POINT('',(-9.621130703032,17.517777708548,
    61.43920969367));
#2315 = CARTESIAN_POINT('',(-9.762130005348,17.565526721909,
    61.57039902968));
#2316 = CARTESIAN_POINT('',(-9.898022534449,17.615002816057,
    61.706333481153));
#2317 = CARTESIAN_POINT('',(-10.02823495168,17.666249800871,
    61.847133414746));
#2318 = CARTESIAN_POINT('',(-10.15209681542,17.71929561299,
    61.992875585738));
#2319 = CARTESIAN_POINT('',(-10.26885375711,17.774148642156,
    62.143583044762));
#2320 = CARTESIAN_POINT('',(-10.37768568401,17.830792814198,
    62.299211628392));
#2321 = CARTESIAN_POINT('',(-10.52057650532,17.914187823208,
    62.528337532541));
#2322 = CARTESIAN_POINT('',(-10.56180736218,17.93951195496,
    62.597915012697));
#2323 = CARTESIAN_POINT('',(-10.60135332146,17.965148767796,
    62.668351577069));
#2324 = CARTESIAN_POINT('',(-10.63914320802,17.991091589243,
    62.739628893192));
#2325 = CARTESIAN_POINT('',(-10.67510493451,18.017331974493,
    62.811723759145));
#2326 = CARTESIAN_POINT('',(-10.70916650667,18.043859548448,
    62.884607669578));
#2327 = CARTESIAN_POINT('',(-10.74125702845,18.070661847765,
    62.958246381742));
#2328 = CARTESIAN_POINT('',(-10.78940518758,18.114021954995,
    63.077377297261));
#2329 = CARTESIAN_POINT('',(-10.80676297584,18.130414045835,
    63.122414196702));
#2330 = CARTESIAN_POINT('',(-10.82336582243,18.146897198302,
    63.167701285908));
#2331 = CARTESIAN_POINT('',(-10.83919903233,18.163467889031,
    63.21322888451));
#2332 = CARTESIAN_POINT('',(-10.85424846512,18.180122308415,
    63.2589865257));
#2333 = CARTESIAN_POINT('',(-10.86850053501,18.196856360607,
    63.304962956234));
#2334 = CARTESIAN_POINT('',(-10.88194221081,18.213665663521,
    63.351146136427));
#2335 = CARTESIAN_POINT('',(-10.92080192016,18.265647402733,
    63.493964791137));
#2336 = CARTESIAN_POINT('',(-10.94348659757,18.301056794762,
    63.591251296173));
#2337 = CARTESIAN_POINT('',(-10.96250208054,18.33672882322,
    63.689259388868));
#2338 = CARTESIAN_POINT('',(-10.97775336194,18.372615771078,
    63.78785796776));
#2339 = CARTESIAN_POINT('',(-10.98916591637,18.408667019773,
    63.886907959494));
#2340 = CARTESIAN_POINT('',(-10.99668822153,18.444828963021,
    63.98626208201));
#2341 = CARTESIAN_POINT('',(-11.00029427952,18.481044920611,
    64.085764607714));
#2342 = CARTESIAN_POINT('',(-10.99965826263,18.555784162398,
    64.291108986871));
#2343 = CARTESIAN_POINT('',(-10.99489871315,18.594311529352,
    64.396962057608));
#2344 = CARTESIAN_POINT('',(-10.98570863734,18.632764706678,
    64.502611294017));
#2345 = CARTESIAN_POINT('',(-10.97212517116,18.671075692673,
    64.607869862954));
#2346 = CARTESIAN_POINT('',(-10.95421772545,18.709180786467,
    64.71256274772));
#2347 = CARTESIAN_POINT('',(-10.93208427257,18.747020444153,
    64.816526352773));
#2348 = CARTESIAN_POINT('',(-10.90584763308,18.78453913492,
    64.919608108463));
#2349 = CARTESIAN_POINT('',(-10.86101755338,18.839687765923,
    65.071127726858));
#2350 = CARTESIAN_POINT('',(-10.84545282684,18.857603551955,
    65.120350944432));
#2351 = CARTESIAN_POINT('',(-10.82897354845,18.875427077078,
    65.169320677242));
#2352 = CARTESIAN_POINT('',(-10.81159657387,18.893153279666,
    65.218023018584));
#2353 = CARTESIAN_POINT('',(-10.79333950177,18.910777498088,
    65.266445160735));
#2354 = CARTESIAN_POINT('',(-10.77422052684,18.928295454137,
    65.314575349414));
#2355 = CARTESIAN_POINT('',(-10.75425829278,18.945703236448,
    65.362402838238));
#2356 = CARTESIAN_POINT('',(-10.69683584098,18.993477721881,
    65.493662158189));
#2357 = CARTESIAN_POINT('',(-10.6576394337,19.023604718058,
    65.576435399901));
#2358 = CARTESIAN_POINT('',(-10.6159861252,19.053359199486,
    65.658185165753));
#2359 = CARTESIAN_POINT('',(-10.571981687,19.082725632006,
    65.738868775992));
#2360 = CARTESIAN_POINT('',(-10.52573238743,19.111691733646,
    65.818452486178));
#2361 = CARTESIAN_POINT('',(-10.47734331857,19.140248187995,
    65.896910699681));
#2362 = CARTESIAN_POINT('',(-10.42691672327,19.168388357574,
    65.974225180179));
#2363 = CARTESIAN_POINT('',(-10.23472826073,19.270121430758,
    66.253734501563));
#2364 = CARTESIAN_POINT('',(-10.08114968237,19.3410983252,
    66.448741916345));
#2365 = CARTESIAN_POINT('',(-9.9156078229,19.409015733121,
    66.635343460998));
#2366 = CARTESIAN_POINT('',(-9.739733776449,19.473902036075,
    66.813617113194));
#2367 = CARTESIAN_POINT('',(-9.55496121409,19.535825985372,
    66.983751765613));
#2368 = CARTESIAN_POINT('',(-9.362497675182,19.594887546288,
    67.146022070587));
#2369 = CARTESIAN_POINT('',(-9.16330243147,19.651210545673,
    67.300768239593));
#2370 = CARTESIAN_POINT('',(-8.958070923884,19.704937122976,
    67.448380797557));
#2371 = PCURVE('',#152,#2372);
#2372 = DEFINITIONAL_REPRESENTATION('',(#2373),#2537);
#2373 = B_SPLINE_CURVE_WITH_KNOTS('',8,(#2374,#2375,#2376,#2377,#2378,
    #2379,#2380,#2381,#2382,#2383,#2384,#2385,#2386,#2387,#2388,#2389,
    #2390,#2391,#2392,#2393,#2394,#2395,#2396,#2397,#2398,#2399,#2400,
    #2401,#2402,#2403,#2404,#2405,#2406,#2407,#2408,#2409,#2410,#2411,
    #2412,#2413,#2414,#2415,#2416,#2417,#2418,#2419,#2420,#2421,#2422,
    #2423,#2424,#2425,#2426,#2427,#2428,#2429,#2430,#2431,#2432,#2433,
    #2434,#2435,#2436,#2437,#2438,#2439,#2440,#2441,#2442,#2443,#2444,
    #2445,#2446,#2447,#2448,#2449,#2450,#2451,#2452,#2453,#2454,#2455,
    #2456,#2457,#2458,#2459,#2460,#2461,#2462,#2463,#2464,#2465,#2466,
    #2467,#2468,#2469,#2470,#2471,#2472,#2473,#2474,#2475,#2476,#2477,
    #2478,#2479,#2480,#2481,#2482,#2483,#2484,#2485,#2486,#2487,#2488,
    #2489,#2490,#2491,#2492,#2493,#2494,#2495,#2496,#2497,#2498,#2499,
    #2500,#2501,#2502,#2503,#2504,#2505,#2506,#2507,#2508,#2509,#2510,
    #2511,#2512,#2513,#2514,#2515,#2516,#2517,#2518,#2519,#2520,#2521,
    #2522,#2523,#2524,#2525,#2526,#2527,#2528,#2529,#2530,#2531,#2532,
    #2533,#2534,#2535,#2536),.UNSPECIFIED.,.F.,.F.,(9,7,7,7,7,7,7,7,7,7,
    7,7,7,7,7,7,7,7,7,7,7,7,7,9),(0.,5.79867381634E-02,
    7.970403201828E-02,9.202603052974E-02,0.11745094241,0.148974094823,
    0.165444449683,0.199146245659,0.250827115668,0.301981213682,
    0.348388893775,0.500019507488,0.594542181223,0.682931331877,
    0.732401834603,0.783541810243,0.828090656695,0.847169819921,
    0.858659902489,0.882553619315,0.907977543707,0.920299063639,
    0.942015514007,1.),.UNSPECIFIED.);
#2374 = CARTESIAN_POINT('',(15.422690050592,8.958070923884));
#2375 = CARTESIAN_POINT('',(15.265604047468,9.16330243147));
#2376 = CARTESIAN_POINT('',(15.100926614036,9.362497675182));
#2377 = CARTESIAN_POINT('',(14.92824216235,9.55496121409));
#2378 = CARTESIAN_POINT('',(14.747188646918,9.739733776449));
#2379 = CARTESIAN_POINT('',(14.557473788832,9.9156078229));
#2380 = CARTESIAN_POINT('',(14.358896572703,10.081149682377));
#2381 = CARTESIAN_POINT('',(14.151374016424,10.234728260737));
#2382 = CARTESIAN_POINT('',(13.853926409406,10.426916723276));
#2383 = CARTESIAN_POINT('',(13.771650057771,10.477343318575));
#2384 = CARTESIAN_POINT('',(13.688156570892,10.525732387433));
#2385 = CARTESIAN_POINT('',(13.603465355461,10.57198168701));
#2386 = CARTESIAN_POINT('',(13.517603650841,10.615986125209));
#2387 = CARTESIAN_POINT('',(13.430607367117,10.657639433707));
#2388 = CARTESIAN_POINT('',(13.342521923131,10.696835840983));
#2389 = CARTESIAN_POINT('',(13.202838672408,10.754258292787));
#2390 = CARTESIAN_POINT('',(13.151941721888,10.774220526847));
#2391 = CARTESIAN_POINT('',(13.100722644911,10.79333950178));
#2392 = CARTESIAN_POINT('',(13.049192877539,10.811596573877));
#2393 = CARTESIAN_POINT('',(12.997364928415,10.828973548457));
#2394 = CARTESIAN_POINT('',(12.945252427235,10.845452826848));
#2395 = CARTESIAN_POINT('',(12.892870173202,10.86101755338));
#2396 = CARTESIAN_POINT('',(12.731626363212,10.905847633084));
#2397 = CARTESIAN_POINT('',(12.62192905006,10.93208427257));
#2398 = CARTESIAN_POINT('',(12.511293292415,10.95421772545));
#2399 = CARTESIAN_POINT('',(12.399881451512,10.972125171169));
#2400 = CARTESIAN_POINT('',(12.287867622085,10.98570863735));
#2401 = CARTESIAN_POINT('',(12.175438053021,10.994898713154));
#2402 = CARTESIAN_POINT('',(12.062791567993,10.999658262639));
#2403 = CARTESIAN_POINT('',(11.810468588165,11.000392655497));
#2404 = CARTESIAN_POINT('',(11.670758307257,10.993986892875));
#2405 = CARTESIAN_POINT('',(11.53142304468,10.980762083267));
#2406 = CARTESIAN_POINT('',(11.392840831583,10.960800812863));
#2407 = CARTESIAN_POINT('',(11.255355974559,10.934260007265));
#2408 = CARTESIAN_POINT('',(11.119280940526,10.901357955289));
#2409 = CARTESIAN_POINT('',(10.984897980899,10.862363370306));
#2410 = CARTESIAN_POINT('',(10.783263976904,10.794191267992));
#2411 = CARTESIAN_POINT('',(10.714591770798,10.769215221132));
#2412 = CARTESIAN_POINT('',(10.646475962415,10.74270067363));
#2413 = CARTESIAN_POINT('',(10.578944792203,10.714691768254));
#2414 = CARTESIAN_POINT('',(10.512022880435,10.685233913101));
#2415 = CARTESIAN_POINT('',(10.445731452259,10.654373229216));
#2416 = CARTESIAN_POINT('',(10.380088562743,10.622155998217));
#2417 = CARTESIAN_POINT('',(10.182148184434,10.520023027588));
#2418 = CARTESIAN_POINT('',(10.051974497719,10.445934807513));
#2419 = CARTESIAN_POINT('',(9.924704339286,10.366752085846));
#2420 = CARTESIAN_POINT('',(9.800410453191,10.282858168081));
#2421 = CARTESIAN_POINT('',(9.679129341996,10.194620292332));
#2422 = CARTESIAN_POINT('',(9.560867027018,10.102381008558));
#2423 = CARTESIAN_POINT('',(9.445603476847,10.006451673687));
#2424 = CARTESIAN_POINT('',(9.161074514332,9.754767093935));
#2425 = CARTESIAN_POINT('',(8.995850988304,9.59443888519));
#2426 = CARTESIAN_POINT('',(8.83743420364,9.427098062596));
#2427 = CARTESIAN_POINT('',(8.685617995611,9.253603057939));
#2428 = CARTESIAN_POINT('',(8.540179148878,9.074698492722));
#2429 = CARTESIAN_POINT('',(8.400878020293,8.891015225414));
#2430 = CARTESIAN_POINT('',(8.267461592832,8.703068061833));
#2431 = CARTESIAN_POINT('',(8.013178891228,8.321389344283));
#2432 = CARTESIAN_POINT('',(7.892229042924,8.127782326312));
#2433 = CARTESIAN_POINT('',(7.776580353535,7.930843310029));
#2434 = CARTESIAN_POINT('',(7.666020380709,7.730932947322));
#2435 = CARTESIAN_POINT('',(7.560355138819,7.528364186358));
#2436 = CARTESIAN_POINT('',(7.459403757271,7.323405474521));
#2437 = CARTESIAN_POINT('',(7.362995960201,7.116282284646));
#2438 = CARTESIAN_POINT('',(7.187487336784,6.717473828763));
#2439 = CARTESIAN_POINT('',(7.107616334221,6.526152814589));
#2440 = CARTESIAN_POINT('',(7.031243456523,6.333358577715));
#2441 = CARTESIAN_POINT('',(6.958264014588,6.13922162579));
#2442 = CARTESIAN_POINT('',(6.888583106083,5.943858919823));
#2443 = CARTESIAN_POINT('',(6.822114187959,5.747374475584));
#2444 = CARTESIAN_POINT('',(6.758777648966,5.549859965013));
#2445 = CARTESIAN_POINT('',(6.501548563469,4.70293979854));
#2446 = CARTESIAN_POINT('',(6.337335019274,4.044626527135));
#2447 = CARTESIAN_POINT('',(6.203145408884,3.378934563289));
#2448 = CARTESIAN_POINT('',(6.097362125308,2.707894979779));
#2449 = CARTESIAN_POINT('',(6.018796876789,2.03322288651));
#2450 = CARTESIAN_POINT('',(5.966688940551,1.356320823325));
#2451 = CARTESIAN_POINT('',(5.940614636862,0.67830642243));
#2452 = CARTESIAN_POINT('',(5.940614636862,-0.422838997287));
#2453 = CARTESIAN_POINT('',(5.950747025315,-0.84565795342));
#2454 = CARTESIAN_POINT('',(5.971009729394,-1.268195542808));
#2455 = CARTESIAN_POINT('',(6.001462364266,-1.690166519635));
#2456 = CARTESIAN_POINT('',(6.042219688185,-2.111262041706));
#2457 = CARTESIAN_POINT('',(6.093453611615,-2.531149081198));
#2458 = CARTESIAN_POINT('',(6.155403760402,-2.949468922319));
#2459 = CARTESIAN_POINT('',(6.296652961746,-3.755182825569));
#2460 = CARTESIAN_POINT('',(6.374555443745,-4.142762056716));
#2461 = CARTESIAN_POINT('',(6.462369838775,-4.528289053745));
#2462 = CARTESIAN_POINT('',(6.560426957547,-4.911389387695));
#2463 = CARTESIAN_POINT('',(6.669116222183,-5.291599629776));
#2464 = CARTESIAN_POINT('',(6.788897852994,-5.668363343325));
#2465 = CARTESIAN_POINT('',(6.92033364153,-6.041021024166));
#2466 = CARTESIAN_POINT('',(7.144621191203,-6.614632752884));
#2467 = CARTESIAN_POINT('',(7.228972449714,-6.818921347304));
#2468 = CARTESIAN_POINT('',(7.31731365722,-7.021522635811));
#2469 = CARTESIAN_POINT('',(7.409777943264,-7.22227147239));
#2470 = CARTESIAN_POINT('',(7.50650820271,-7.420974579521));
#2471 = CARTESIAN_POINT('',(7.607659123709,-7.617409479243));
#2472 = CARTESIAN_POINT('',(7.713401036067,-7.811322477564));
#2473 = CARTESIAN_POINT('',(7.938179977572,-8.19997805602));
#2474 = CARTESIAN_POINT('',(8.057526366193,-8.39449482995));
#2475 = CARTESIAN_POINT('',(8.182185423585,-8.585680860912));
#2476 = CARTESIAN_POINT('',(8.312382059047,-8.773157300469));
#2477 = CARTESIAN_POINT('',(8.448342680941,-8.956463612042));
#2478 = CARTESIAN_POINT('',(8.590296019657,-9.135056699589));
#2479 = CARTESIAN_POINT('',(8.738477506111,-9.308307167809));
#2480 = CARTESIAN_POINT('',(9.027863730831,-9.621130703032));
#2481 = CARTESIAN_POINT('',(9.167472506198,-9.762130005348));
#2482 = CARTESIAN_POINT('',(9.31213092797,-9.898022534449));
#2483 = CARTESIAN_POINT('',(9.461967087666,-10.02823495168));
#2484 = CARTESIAN_POINT('',(9.617062666548,-10.15209681542));
#2485 = CARTESIAN_POINT('',(9.777442194587,-10.26885375711));
#2486 = CARTESIAN_POINT('',(9.943058674048,-10.37768568401));
#2487 = CARTESIAN_POINT('',(10.186889368342,-10.52057650532));
#2488 = CARTESIAN_POINT('',(10.260932176189,-10.56180736218));
#2489 = CARTESIAN_POINT('',(10.335889202363,-10.60135332146));
#2490 = CARTESIAN_POINT('',(10.411740937863,-10.63914320802));
#2491 = CARTESIAN_POINT('',(10.488462691719,-10.67510493451));
#2492 = CARTESIAN_POINT('',(10.566024129174,-10.70916650667));
#2493 = CARTESIAN_POINT('',(10.644388809853,-10.74125702845));
#2494 = CARTESIAN_POINT('',(10.771165282162,-10.78940518758));
#2495 = CARTESIAN_POINT('',(10.819092549489,-10.80676297584));
#2496 = CARTESIAN_POINT('',(10.867286063202,-10.82336582243));
#2497 = CARTESIAN_POINT('',(10.915735521668,-10.83919903233));
#2498 = CARTESIAN_POINT('',(10.964429786344,-10.85424846512));
#2499 = CARTESIAN_POINT('',(11.013356881776,-10.86850053501));
#2500 = CARTESIAN_POINT('',(11.0625039956,-10.88194221081));
#2501 = CARTESIAN_POINT('',(11.214488433437,-10.92080192016));
#2502 = CARTESIAN_POINT('',(11.318018569658,-10.94348659757));
#2503 = CARTESIAN_POINT('',(11.422316603427,-10.96250208054));
#2504 = CARTESIAN_POINT('',(11.527243019481,-10.97775336194));
#2505 = CARTESIAN_POINT('',(11.632649819049,-10.98916591637));
#2506 = CARTESIAN_POINT('',(11.738380267834,-10.99668822153));
#2507 = CARTESIAN_POINT('',(11.844268643993,-11.00029427952));
#2508 = CARTESIAN_POINT('',(12.062791567995,-10.99965826263));
#2509 = CARTESIAN_POINT('',(12.175438053022,-10.99489871315));
#2510 = CARTESIAN_POINT('',(12.287867622087,-10.98570863734));
#2511 = CARTESIAN_POINT('',(12.399881451513,-10.97212517116));
#2512 = CARTESIAN_POINT('',(12.511293292417,-10.95421772545));
#2513 = CARTESIAN_POINT('',(12.621929050061,-10.93208427257));
#2514 = CARTESIAN_POINT('',(12.731626363214,-10.90584763308));
#2515 = CARTESIAN_POINT('',(12.892870173204,-10.86101755338));
#2516 = CARTESIAN_POINT('',(12.945252427236,-10.84545282684));
#2517 = CARTESIAN_POINT('',(12.997364928417,-10.82897354845));
#2518 = CARTESIAN_POINT('',(13.04919287754,-10.81159657387));
#2519 = CARTESIAN_POINT('',(13.100722644913,-10.79333950177));
#2520 = CARTESIAN_POINT('',(13.15194172189,-10.77422052684));
#2521 = CARTESIAN_POINT('',(13.20283867241,-10.75425829278));
#2522 = CARTESIAN_POINT('',(13.342521923133,-10.69683584098));
#2523 = CARTESIAN_POINT('',(13.430607367118,-10.6576394337));
#2524 = CARTESIAN_POINT('',(13.517603650843,-10.6159861252));
#2525 = CARTESIAN_POINT('',(13.603465355462,-10.571981687));
#2526 = CARTESIAN_POINT('',(13.688156570894,-10.52573238743));
#2527 = CARTESIAN_POINT('',(13.771650057772,-10.47734331857));
#2528 = CARTESIAN_POINT('',(13.853926409407,-10.42691672327));
#2529 = CARTESIAN_POINT('',(14.151374016425,-10.23472826073));
#2530 = CARTESIAN_POINT('',(14.358896572704,-10.08114968237));
#2531 = CARTESIAN_POINT('',(14.557473788833,-9.9156078229));
#2532 = CARTESIAN_POINT('',(14.747188646918,-9.739733776449));
#2533 = CARTESIAN_POINT('',(14.92824216235,-9.55496121409));
#2534 = CARTESIAN_POINT('',(15.100926614037,-9.362497675182));
#2535 = CARTESIAN_POINT('',(15.265604047468,-9.16330243147));
#2536 = CARTESIAN_POINT('',(15.422690050592,-8.958070923884));
#2537 = ( GEOMETRIC_REPRESENTATION_CONTEXT(2) 
PARAMETRIC_REPRESENTATION_CONTEXT() REPRESENTATION_CONTEXT('2D SPACE',''
  ) );
#2538 = PCURVE('',#2539,#2547);
#2539 = SURFACE_OF_LINEAR_EXTRUSION('',#2540,#2545);
#2540 = ELLIPSE('',#2541,11.,6.);
#2541 = AXIS2_PLACEMENT_3D('',#2542,#2543,#2544);
#2542 = CARTESIAN_POINT('',(0.,18.701935715058,64.107896197589));
#2543 = DIRECTION('',(0.,-0.939692620786,0.342020143326));
#2544 = DIRECTION('',(1.,0.,0.));
#2545 = VECTOR('',#2546,1.);
#2546 = DIRECTION('',(0.,0.939692620786,-0.342020143326));
#2547 = DEFINITIONAL_REPRESENTATION('',(#2548),#2712);
#2548 = B_SPLINE_CURVE_WITH_KNOTS('',8,(#2549,#2550,#2551,#2552,#2553,
    #2554,#2555,#2556,#2557,#2558,#2559,#2560,#2561,#2562,#2563,#2564,
    #2565,#2566,#2567,#2568,#2569,#2570,#2571,#2572,#2573,#2574,#2575,
    #2576,#2577,#2578,#2579,#2580,#2581,#2582,#2583,#2584,#2585,#2586,
    #2587,#2588,#2589,#2590,#2591,#2592,#2593,#2594,#2595,#2596,#2597,
    #2598,#2599,#2600,#2601,#2602,#2603,#2604,#2605,#2606,#2607,#2608,
    #2609,#2610,#2611,#2612,#2613,#2614,#2615,#2616,#2617,#2618,#2619,
    #2620,#2621,#2622,#2623,#2624,#2625,#2626,#2627,#2628,#2629,#2630,
    #2631,#2632,#2633,#2634,#2635,#2636,#2637,#2638,#2639,#2640,#2641,
    #2642,#2643,#2644,#2645,#2646,#2647,#2648,#2649,#2650,#2651,#2652,
    #2653,#2654,#2655,#2656,#2657,#2658,#2659,#2660,#2661,#2662,#2663,
    #2664,#2665,#2666,#2667,#2668,#2669,#2670,#2671,#2672,#2673,#2674,
    #2675,#2676,#2677,#2678,#2679,#2680,#2681,#2682,#2683,#2684,#2685,
    #2686,#2687,#2688,#2689,#2690,#2691,#2692,#2693,#2694,#2695,#2696,
    #2697,#2698,#2699,#2700,#2701,#2702,#2703,#2704,#2705,#2706,#2707,
    #2708,#2709,#2710,#2711),.UNSPECIFIED.,.F.,.F.,(9,7,7,7,7,7,7,7,7,7,
    7,7,7,7,7,7,7,7,7,7,7,7,7,9),(0.,5.79867381634E-02,
    7.970403201828E-02,9.202603052974E-02,0.11745094241,0.148974094823,
    0.165444449683,0.199146245659,0.250827115668,0.301981213682,
    0.348388893775,0.500019507488,0.594542181223,0.682931331877,
    0.732401834603,0.783541810243,0.828090656695,0.847169819921,
    0.858659902489,0.882553619315,0.907977543707,0.920299063639,
    0.942015514007,1.),.UNSPECIFIED.);
#2549 = CARTESIAN_POINT('',(6.902338681876,-0.2));
#2550 = CARTESIAN_POINT('',(6.870189906969,-0.2));
#2551 = CARTESIAN_POINT('',(6.837329240286,-0.2));
#2552 = CARTESIAN_POINT('',(6.803686268535,-0.2));
#2553 = CARTESIAN_POINT('',(6.769202507371,-0.2));
#2554 = CARTESIAN_POINT('',(6.733829439588,-0.2));
#2555 = CARTESIAN_POINT('',(6.697527538545,-0.2));
#2556 = CARTESIAN_POINT('',(6.660266276819,-0.2));
#2557 = CARTESIAN_POINT('',(6.60770297567,-0.2));
#2558 = CARTESIAN_POINT('',(6.593246169549,-0.2));
#2559 = CARTESIAN_POINT('',(6.578655145134,-0.2));
#2560 = CARTESIAN_POINT('',(6.563931200805,-0.2));
#2561 = CARTESIAN_POINT('',(6.549076592056,-0.2));
#2562 = CARTESIAN_POINT('',(6.534094633653,-0.2));
#2563 = CARTESIAN_POINT('',(6.518989801782,-0.2));
#2564 = CARTESIAN_POINT('',(6.495131169111,-0.2));
#2565 = CARTESIAN_POINT('',(6.486456817791,-0.2));
#2566 = CARTESIAN_POINT('',(6.477745871481,-0.2));
#2567 = CARTESIAN_POINT('',(6.468999542597,-0.2));
#2568 = CARTESIAN_POINT('',(6.460219175391,-0.2));
#2569 = CARTESIAN_POINT('',(6.451406254611,-0.2));
#2570 = CARTESIAN_POINT('',(6.44256241416,-0.2));
#2571 = CARTESIAN_POINT('',(6.415381178671,-0.2));
#2572 = CARTESIAN_POINT('',(6.396947335757,-0.2));
#2573 = CARTESIAN_POINT('',(6.378405459363,-0.2));
#2574 = CARTESIAN_POINT('',(6.35977405717,-0.2));
#2575 = CARTESIAN_POINT('',(6.341072883179,-0.2));
#2576 = CARTESIAN_POINT('',(6.322323218705,-0.2));
#2577 = CARTESIAN_POINT('',(6.303548153362,-0.2));
#2578 = CARTESIAN_POINT('',(6.261494270395,-0.2));
#2579 = CARTESIAN_POINT('',(6.238210178944,-0.2));
#2580 = CARTESIAN_POINT('',(6.214970347016,-0.2));
#2581 = CARTESIAN_POINT('',(6.191818519476,-0.2));
#2582 = CARTESIAN_POINT('',(6.168793649635,-0.2));
#2583 = CARTESIAN_POINT('',(6.145930869866,-0.2));
#2584 = CARTESIAN_POINT('',(6.12326221395,-0.2));
#2585 = CARTESIAN_POINT('',(6.089089864967,-0.2));
#2586 = CARTESIAN_POINT('',(6.077422512867,-0.2));
#2587 = CARTESIAN_POINT('',(6.065818530049,-0.2));
#2588 = CARTESIAN_POINT('',(6.054280923972,-0.2));
#2589 = CARTESIAN_POINT('',(6.042812247529,-0.2));
#2590 = CARTESIAN_POINT('',(6.031414632248,-0.2));
#2591 = CARTESIAN_POINT('',(6.020089821494,-0.2));
#2592 = CARTESIAN_POINT('',(5.985818083003,-0.2));
#2593 = CARTESIAN_POINT('',(5.963109122646,-0.2));
#2594 = CARTESIAN_POINT('',(5.940721913436,-0.2));
#2595 = CARTESIAN_POINT('',(5.918661115033,-0.2));
#2596 = CARTESIAN_POINT('',(5.896927324325,-0.2));
#2597 = CARTESIAN_POINT('',(5.875517656883,-0.2));
#2598 = CARTESIAN_POINT('',(5.854426041461,-0.2));
#2599 = CARTESIAN_POINT('',(5.801773296788,-0.2));
#2600 = CARTESIAN_POINT('',(5.770638227631,-0.2));
#2601 = CARTESIAN_POINT('',(5.740198571555,-0.2));
#2602 = CARTESIAN_POINT('',(5.710417458685,-0.2));
#2603 = CARTESIAN_POINT('',(5.681258546208,-0.2));
#2604 = CARTESIAN_POINT('',(5.652684404435,-0.2));
#2605 = CARTESIAN_POINT('',(5.624655340512,-0.2));
#2606 = CARTESIAN_POINT('',(5.569882552599,-0.2));
#2607 = CARTESIAN_POINT('',(5.543135208974,-0.2));
#2608 = CARTESIAN_POINT('',(5.516848805486,-0.2));
#2609 = CARTESIAN_POINT('',(5.490990581969,-0.2));
#2610 = CARTESIAN_POINT('',(5.46553103927,-0.2));
#2611 = CARTESIAN_POINT('',(5.440442594696,-0.2));
#2612 = CARTESIAN_POINT('',(5.41569869513,-0.2));
#2613 = CARTESIAN_POINT('',(5.369114423256,-0.2));
#2614 = CARTESIAN_POINT('',(5.347219200041,-0.2));
#2615 = CARTESIAN_POINT('',(5.325569288417,-0.2));
#2616 = CARTESIAN_POINT('',(5.304148002714,-0.2));
#2617 = CARTESIAN_POINT('',(5.282940059612,-0.2));
#2618 = CARTESIAN_POINT('',(5.261931236391,-0.2));
#2619 = CARTESIAN_POINT('',(5.241108029165,-0.2));
#2620 = CARTESIAN_POINT('',(5.152983973895,-0.2));
#2621 = CARTESIAN_POINT('',(5.087382039488,-0.2));
#2622 = CARTESIAN_POINT('',(5.023160578372,-0.2));
#2623 = CARTESIAN_POINT('',(4.959989613179,-0.2));
#2624 = CARTESIAN_POINT('',(4.897584536,-0.2));
#2625 = CARTESIAN_POINT('',(4.835690912826,-0.2));
#2626 = CARTESIAN_POINT('',(4.774053200606,-0.2));
#2627 = CARTESIAN_POINT('',(4.67394907154,-0.2));
#2628 = CARTESIAN_POINT('',(4.635510953456,-0.2));
#2629 = CARTESIAN_POINT('',(4.597011971565,-0.2));
#2630 = CARTESIAN_POINT('',(4.55839131063,-0.2));
#2631 = CARTESIAN_POINT('',(4.519588106842,-0.2));
#2632 = CARTESIAN_POINT('',(4.480538913391,-0.2));
#2633 = CARTESIAN_POINT('',(4.441174519474,-0.2));
#2634 = CARTESIAN_POINT('',(4.364237626049,-0.2));
#2635 = CARTESIAN_POINT('',(4.326720223107,-0.2));
#2636 = CARTESIAN_POINT('',(4.288796888043,-0.2));
#2637 = CARTESIAN_POINT('',(4.250398373338,-0.2));
#2638 = CARTESIAN_POINT('',(4.211451909535,-0.2));
#2639 = CARTESIAN_POINT('',(4.17187727178,-0.2));
#2640 = CARTESIAN_POINT('',(4.131580213204,-0.2));
#2641 = CARTESIAN_POINT('',(4.067419336486,-0.2));
#2642 = CARTESIAN_POINT('',(4.044134502961,-0.2));
#2643 = CARTESIAN_POINT('',(4.020568318085,-0.2));
#2644 = CARTESIAN_POINT('',(3.996699659312,-0.2));
#2645 = CARTESIAN_POINT('',(3.972506399764,-0.2));
#2646 = CARTESIAN_POINT('',(3.94796479076,-0.2));
#2647 = CARTESIAN_POINT('',(3.923048555143,-0.2));
#2648 = CARTESIAN_POINT('',(3.871552328696,-0.2));
#2649 = CARTESIAN_POINT('',(3.844948899275,-0.2));
#2650 = CARTESIAN_POINT('',(3.817881772969,-0.2));
#2651 = CARTESIAN_POINT('',(3.790316159208,-0.2));
#2652 = CARTESIAN_POINT('',(3.762217526959,-0.2));
#2653 = CARTESIAN_POINT('',(3.733550413982,-0.2));
#2654 = CARTESIAN_POINT('',(3.704276625443,-0.2));
#2655 = CARTESIAN_POINT('',(3.648285720484,-0.2));
#2656 = CARTESIAN_POINT('',(3.621731879934,-0.2));
#2657 = CARTESIAN_POINT('',(3.594661847043,-0.2));
#2658 = CARTESIAN_POINT('',(3.56705254834,-0.2));
#2659 = CARTESIAN_POINT('',(3.53888681029,-0.2));
#2660 = CARTESIAN_POINT('',(3.510153604655,-0.2));
#2661 = CARTESIAN_POINT('',(3.480849018998,-0.2));
#2662 = CARTESIAN_POINT('',(3.438184917215,-0.2));
#2663 = CARTESIAN_POINT('',(3.42528911617,-0.2));
#2664 = CARTESIAN_POINT('',(3.412291632057,-0.2));
#2665 = CARTESIAN_POINT('',(3.39919412023,-0.2));
#2666 = CARTESIAN_POINT('',(3.385998869721,-0.2));
#2667 = CARTESIAN_POINT('',(3.372708864434,-0.2));
#2668 = CARTESIAN_POINT('',(3.359327844337,-0.2));
#2669 = CARTESIAN_POINT('',(3.337749820676,-0.2));
#2670 = CARTESIAN_POINT('',(3.329607921542,-0.2));
#2671 = CARTESIAN_POINT('',(3.321435676857,-0.2));
#2672 = CARTESIAN_POINT('',(3.313234199073,-0.2));
#2673 = CARTESIAN_POINT('',(3.305004705488,-0.2));
#2674 = CARTESIAN_POINT('',(3.296748518247,-0.2));
#2675 = CARTESIAN_POINT('',(3.288467064342,-0.2));
#2676 = CARTESIAN_POINT('',(3.262891170496,-0.2));
#2677 = CARTESIAN_POINT('',(3.245516685289,-0.2));
#2678 = CARTESIAN_POINT('',(3.228053685924,-0.2));
#2679 = CARTESIAN_POINT('',(3.210518129331,-0.2));
#2680 = CARTESIAN_POINT('',(3.192926867731,-0.2));
#2681 = CARTESIAN_POINT('',(3.175297852935,-0.2));
#2682 = CARTESIAN_POINT('',(3.157650340637,-0.2));
#2683 = CARTESIAN_POINT('',(3.121229807407,-0.2));
#2684 = CARTESIAN_POINT('',(3.102454742064,-0.2));
#2685 = CARTESIAN_POINT('',(3.08370507759,-0.2));
#2686 = CARTESIAN_POINT('',(3.0650039036,-0.2));
#2687 = CARTESIAN_POINT('',(3.046372501406,-0.2));
#2688 = CARTESIAN_POINT('',(3.027830625012,-0.2));
#2689 = CARTESIAN_POINT('',(3.009396782098,-0.2));
#2690 = CARTESIAN_POINT('',(2.982215546609,-0.2));
#2691 = CARTESIAN_POINT('',(2.973371706158,-0.2));
#2692 = CARTESIAN_POINT('',(2.964558785378,-0.2));
#2693 = CARTESIAN_POINT('',(2.955778418172,-0.2));
#2694 = CARTESIAN_POINT('',(2.947032089288,-0.2));
#2695 = CARTESIAN_POINT('',(2.938321142979,-0.2));
#2696 = CARTESIAN_POINT('',(2.929646791658,-0.2));
#2697 = CARTESIAN_POINT('',(2.905788158987,-0.2));
#2698 = CARTESIAN_POINT('',(2.890683327116,-0.2));
#2699 = CARTESIAN_POINT('',(2.875701368713,-0.2));
#2700 = CARTESIAN_POINT('',(2.860846759964,-0.2));
#2701 = CARTESIAN_POINT('',(2.846122815635,-0.2));
#2702 = CARTESIAN_POINT('',(2.831531791221,-0.2));
#2703 = CARTESIAN_POINT('',(2.817074985099,-0.2));
#2704 = CARTESIAN_POINT('',(2.764511683951,-0.2));
#2705 = CARTESIAN_POINT('',(2.727250422224,-0.2));
#2706 = CARTESIAN_POINT('',(2.690948521181,-0.2));
#2707 = CARTESIAN_POINT('',(2.655575453398,-0.2));
#2708 = CARTESIAN_POINT('',(2.621091692234,-0.2));
#2709 = CARTESIAN_POINT('',(2.587448720483,-0.2));
#2710 = CARTESIAN_POINT('',(2.5545880538,-0.2));
#2711 = CARTESIAN_POINT('',(2.522439278894,-0.2));
#2712 = ( GEOMETRIC_REPRESENTATION_CONTEXT(2) 
PARAMETRIC_REPRESENTATION_CONTEXT() REPRESENTATION_CONTEXT('2D SPACE',''
  ) );
#2713 = ORIENTED_EDGE('',*,*,#2714,.T.);
#2714 = EDGE_CURVE('',#2202,#2204,#2715,.T.);
#2715 = SURFACE_CURVE('',#2716,(#2809,#2905),.PCURVE_S1.);
#2716 = B_SPLINE_CURVE_WITH_KNOTS('',7,(#2717,#2718,#2719,#2720,#2721,
    #2722,#2723,#2724,#2725,#2726,#2727,#2728,#2729,#2730,#2731,#2732,
    #2733,#2734,#2735,#2736,#2737,#2738,#2739,#2740,#2741,#2742,#2743,
    #2744,#2745,#2746,#2747,#2748,#2749,#2750,#2751,#2752,#2753,#2754,
    #2755,#2756,#2757,#2758,#2759,#2760,#2761,#2762,#2763,#2764,#2765,
    #2766,#2767,#2768,#2769,#2770,#2771,#2772,#2773,#2774,#2775,#2776,
    #2777,#2778,#2779,#2780,#2781,#2782,#2783,#2784,#2785,#2786,#2787,
    #2788,#2789,#2790,#2791,#2792,#2793,#2794,#2795,#2796,#2797,#2798,
    #2799,#2800,#2801,#2802,#2803,#2804,#2805,#2806,#2807,#2808),
  .UNSPECIFIED.,.F.,.F.,(8,6,6,6,6,6,6,6,6,6,6,6,6,6,6,8),(0.,
    2.091102099608E-02,6.165161133933E-02,8.291669191605E-02,
    0.126060205999,0.1923848895,0.255977014649,0.313861050807,
    0.500025995593,0.673210523012,0.729685417277,0.792633345332,
    0.858279524936,0.910871808998,0.934646767811,1.),.UNSPECIFIED.);
#2717 = CARTESIAN_POINT('',(8.958070923884,19.704937122976,
    67.448380797557));
#2718 = CARTESIAN_POINT('',(8.969980112551,19.681576287876,
    67.384197430621));
#2719 = CARTESIAN_POINT('',(8.97995955881,19.658103046396,
    67.319705229693));
#2720 = CARTESIAN_POINT('',(8.98797520683,19.634538492805,
    67.254962150801));
#2721 = CARTESIAN_POINT('',(8.994000692691,19.610904456786,
    67.19002817051));
#2722 = CARTESIAN_POINT('',(8.998017915461,19.58722351391,
    67.124965314685));
#2723 = CARTESIAN_POINT('',(9.000017608276,19.563518996092,
    67.059837687243));
#2724 = CARTESIAN_POINT('',(8.999965427045,19.493632909375,
    66.867827242052));
#2725 = CARTESIAN_POINT('',(8.992273313714,19.447444341304,
    66.740925194242));
#2726 = CARTESIAN_POINT('',(8.976919817397,19.401437582116,
    66.61452266223));
#2727 = CARTESIAN_POINT('',(8.954047131866,19.35578078363,
    66.489081639345));
#2728 = CARTESIAN_POINT('',(8.923910793463,19.310623515149,
    66.36501306387));
#2729 = CARTESIAN_POINT('',(8.886853824939,19.266098033911,
    66.242680309578));
#2730 = CARTESIAN_POINT('',(8.820547682817,19.199469906456,
    66.059621033895));
#2731 = CARTESIAN_POINT('',(8.796031832928,19.176820767501,
    65.997393036044));
#2732 = CARTESIAN_POINT('',(8.769796103074,19.154387570649,
    65.935758334249));
#2733 = CARTESIAN_POINT('',(8.741899536078,19.132182877338,
    65.87475144077));
#2734 = CARTESIAN_POINT('',(8.712403000679,19.110217264009,
    65.814401414144));
#2735 = CARTESIAN_POINT('',(8.681368001022,19.088499487125,
    65.754732312555));
#2736 = CARTESIAN_POINT('',(8.582892691504,19.02349191338,
    65.576125471598));
#2737 = CARTESIAN_POINT('',(8.510852743933,18.980999576817,
    65.459378736391));
#2738 = CARTESIAN_POINT('',(8.433239079855,18.939613372229,
    65.345671073807));
#2739 = CARTESIAN_POINT('',(8.350547810411,18.899363079103,
    65.235084302318));
#2740 = CARTESIAN_POINT('',(8.263244923049,18.860259638462,
    65.127648482134));
#2741 = CARTESIAN_POINT('',(8.171750096673,18.822298865641,
    65.023352115984));
#2742 = CARTESIAN_POINT('',(7.929886782346,18.728837016266,
    64.766567795246));
#2743 = CARTESIAN_POINT('',(7.77434351115,18.674887624354,
    64.618343059174));
#2744 = CARTESIAN_POINT('',(7.611091924565,18.623537398824,
    64.477259474045));
#2745 = CARTESIAN_POINT('',(7.441239985428,18.574696859138,
    64.343071194103));
#2746 = CARTESIAN_POINT('',(7.265711638703,18.528264950632,
    64.215500573942));
#2747 = CARTESIAN_POINT('',(7.085242826584,18.484131096098,
    64.094243805177));
#2748 = CARTESIAN_POINT('',(6.723115628507,18.401956450739,
    63.868470822601));
#2749 = CARTESIAN_POINT('',(6.541858304697,18.363749859756,
    63.763499076599));
#2750 = CARTESIAN_POINT('',(6.357109355448,18.327463483625,
    63.663803077548));
#2751 = CARTESIAN_POINT('',(6.169301639642,18.293013342381,
    63.569152092382));
#2752 = CARTESIAN_POINT('',(5.97879923992,18.260322871644,63.4793357622)
  );
#2753 = CARTESIAN_POINT('',(5.785901725645,18.229320577326,
    63.39415765861));
#2754 = CARTESIAN_POINT('',(5.413294607607,18.173197168503,
    63.239959860167));
#2755 = CARTESIAN_POINT('',(5.233968610843,18.147799840849,
    63.170181275922));
#2756 = CARTESIAN_POINT('',(5.053052628808,18.123699578763,
    63.103966350039));
#2757 = CARTESIAN_POINT('',(4.870711329157,18.100853342855,
    63.041196832762));
#2758 = CARTESIAN_POINT('',(4.687088489218,18.079222835935,
    62.981767503428));
#2759 = CARTESIAN_POINT('',(4.502308178425,18.058773575398,
    62.925583621858));
#2760 = CARTESIAN_POINT('',(3.718807730972,17.977403124831,
    62.702020146314));
#2761 = CARTESIAN_POINT('',(3.110546564904,17.927253923678,
    62.564236348543));
#2762 = CARTESIAN_POINT('',(2.494830710777,17.887925119752,
    62.456181347822));
#2763 = CARTESIAN_POINT('',(1.874125161341,17.858841331818,
    62.376274297201));
#2764 = CARTESIAN_POINT('',(1.250453623771,17.839589494645,
    62.323380309284));
#2765 = CARTESIAN_POINT('',(0.625372232799,17.82995690425,
    62.296914984683));
#2766 = CARTESIAN_POINT('',(-0.581767930177,17.82995690425,
    62.296914984683));
#2767 = CARTESIAN_POINT('',(-1.163345733432,17.83829318804,
    62.319818736158));
#2768 = CARTESIAN_POINT('',(-1.743769569095,17.854957398827,
    62.365603279009));
#2769 = CARTESIAN_POINT('',(-2.321778739071,17.880107841418,
    62.434703552117));
#2770 = CARTESIAN_POINT('',(-2.895801036116,17.914048996321,
    62.527956108804));
#2771 = CARTESIAN_POINT('',(-3.46395981127,17.957218584385,
    62.646563577218));
#2772 = CARTESIAN_POINT('',(-4.206557220476,18.027748129081,
    62.840341908674));
#2773 = CARTESIAN_POINT('',(-4.388278005176,18.046155027188,
    62.890914445584));
#2774 = CARTESIAN_POINT('',(-4.569021107798,18.065651384555,
    62.944480247212));
#2775 = CARTESIAN_POINT('',(-4.748683976741,18.086266013288,
    63.001118474165));
#2776 = CARTESIAN_POINT('',(-4.927149129365,18.108030969607,
    63.060917200187));
#2777 = CARTESIAN_POINT('',(-5.104283319585,18.130982266464,
    63.123975370048));
#2778 = CARTESIAN_POINT('',(-5.475723113575,18.182110174085,
    63.264448141742));
#2779 = CARTESIAN_POINT('',(-5.669657740968,18.210582595472,
    63.342675476581));
#2780 = CARTESIAN_POINT('',(-5.861542738963,18.240635294105,
    63.425244587468));
#2781 = CARTESIAN_POINT('',(-6.051129920454,18.272330936339,
    63.5123276488));
#2782 = CARTESIAN_POINT('',(-6.238120637983,18.305737428601,
    63.604111231954));
#2783 = CARTESIAN_POINT('',(-6.422162347733,18.340930009696,
    63.700802053845));
#2784 = CARTESIAN_POINT('',(-6.791266165731,18.416649628144,
    63.908839995741));
#2785 = CARTESIAN_POINT('',(-6.975994649287,18.45733268403,
    64.020615773143));
#2786 = CARTESIAN_POINT('',(-7.156591320004,18.50014749875,
    64.138248509804));
#2787 = CARTESIAN_POINT('',(-7.332467130682,18.545197371285,
    64.262022017341));
#2788 = CARTESIAN_POINT('',(-7.502885928301,18.592583245834,
    64.392213637666));
#2789 = CARTESIAN_POINT('',(-7.666961660511,18.642404460391,
    64.529096299673));
#2790 = CARTESIAN_POINT('',(-7.949174802215,18.736709894224,
    64.78819834966));
#2791 = CARTESIAN_POINT('',(-8.069929192962,18.780275294715,
    64.907893303779));
#2792 = CARTESIAN_POINT('',(-8.185372604568,18.825509718559,
    65.032173861871));
#2793 = CARTESIAN_POINT('',(-8.294844175301,18.872444565384,
    65.161126293709));
#2794 = CARTESIAN_POINT('',(-8.397574658256,18.921087856283,
    65.294772637062));
#2795 = CARTESIAN_POINT('',(-8.492714247991,18.971416982353,
    65.43305077448));
#2796 = CARTESIAN_POINT('',(-8.618548340737,19.046853716375,
    65.640311497803));
#2797 = CARTESIAN_POINT('',(-8.655987521785,19.070668799394,
    65.705742900641));
#2798 = CARTESIAN_POINT('',(-8.691607044845,19.094806460171,
    65.772060578583));
#2799 = CARTESIAN_POINT('',(-8.725321048625,19.119257078121,
    65.839238099293));
#2800 = CARTESIAN_POINT('',(-8.757043361312,19.144008361106,
    65.907241690397));
#2801 = CARTESIAN_POINT('',(-8.786689390833,19.16904505823,
    65.976029450402));
#2802 = CARTESIAN_POINT('',(-8.889739468606,19.263903913539,
    66.2366520134));
#2803 = CARTESIAN_POINT('',(-8.949112912158,19.335579932003,
    66.433580255646));
#2804 = CARTESIAN_POINT('',(-8.990355614058,19.408845287791,
    66.634875166301));
#2805 = CARTESIAN_POINT('',(-9.012114981056,19.483105772992,
    66.83890417255));
#2806 = CARTESIAN_POINT('',(-9.013712910726,19.557702939891,
    67.04385820416));
#2807 = CARTESIAN_POINT('',(-8.995298759148,19.631911718387,
    67.247745147403));
#2808 = CARTESIAN_POINT('',(-8.958070923884,19.704937122976,
    67.448380797557));
#2809 = PCURVE('',#152,#2810);
#2810 = DEFINITIONAL_REPRESENTATION('',(#2811),#2904);
#2811 = B_SPLINE_CURVE_WITH_KNOTS('',7,(#2812,#2813,#2814,#2815,#2816,
    #2817,#2818,#2819,#2820,#2821,#2822,#2823,#2824,#2825,#2826,#2827,
    #2828,#2829,#2830,#2831,#2832,#2833,#2834,#2835,#2836,#2837,#2838,
    #2839,#2840,#2841,#2842,#2843,#2844,#2845,#2846,#2847,#2848,#2849,
    #2850,#2851,#2852,#2853,#2854,#2855,#2856,#2857,#2858,#2859,#2860,
    #2861,#2862,#2863,#2864,#2865,#2866,#2867,#2868,#2869,#2870,#2871,
    #2872,#2873,#2874,#2875,#2876,#2877,#2878,#2879,#2880,#2881,#2882,
    #2883,#2884,#2885,#2886,#2887,#2888,#2889,#2890,#2891,#2892,#2893,
    #2894,#2895,#2896,#2897,#2898,#2899,#2900,#2901,#2902,#2903),
  .UNSPECIFIED.,.F.,.F.,(8,6,6,6,6,6,6,6,6,6,6,6,6,6,6,8),(0.,
    2.091102099608E-02,6.165161133933E-02,8.291669191605E-02,
    0.126060205999,0.1923848895,0.255977014649,0.313861050807,
    0.500025995593,0.673210523012,0.729685417277,0.792633345332,
    0.858279524936,0.910871808998,0.934646767811,1.),.UNSPECIFIED.);
#2812 = CARTESIAN_POINT('',(15.422690050592,8.958070923884));
#2813 = CARTESIAN_POINT('',(15.354387538136,8.969980112551));
#2814 = CARTESIAN_POINT('',(15.285756371411,8.97995955881));
#2815 = CARTESIAN_POINT('',(15.216858225932,8.98797520683));
#2816 = CARTESIAN_POINT('',(15.147756927428,8.994000692691));
#2817 = CARTESIAN_POINT('',(15.078518482445,8.998017915461));
#2818 = CARTESIAN_POINT('',(15.009211108947,9.000017608276));
#2819 = CARTESIAN_POINT('',(14.804877861091,8.999965427045));
#2820 = CARTESIAN_POINT('',(14.669831522531,8.992273313714));
#2821 = CARTESIAN_POINT('',(14.535316757579,8.976919817397));
#2822 = CARTESIAN_POINT('',(14.401825209268,8.954047131866));
#2823 = CARTESIAN_POINT('',(14.269794188985,8.923910793463));
#2824 = CARTESIAN_POINT('',(14.139610391021,8.886853824939));
#2825 = CARTESIAN_POINT('',(13.944802778794,8.820547682817));
#2826 = CARTESIAN_POINT('',(13.878581126656,8.796031832928));
#2827 = CARTESIAN_POINT('',(13.812990846992,8.769796103074));
#2828 = CARTESIAN_POINT('',(13.748068666983,8.741899536078));
#2829 = CARTESIAN_POINT('',(13.68384551008,8.712403000679));
#2830 = CARTESIAN_POINT('',(13.620346978465,8.681368001022));
#2831 = CARTESIAN_POINT('',(13.430277548306,8.582892691504));
#2832 = CARTESIAN_POINT('',(13.306038267691,8.510852743933));
#2833 = CARTESIAN_POINT('',(13.185033100609,8.433239079855));
#2834 = CARTESIAN_POINT('',(13.06734911646,8.350547810411));
#2835 = CARTESIAN_POINT('',(12.953018304652,8.263244923049));
#2836 = CARTESIAN_POINT('',(12.842028430045,8.171750096673));
#2837 = CARTESIAN_POINT('',(12.568764263595,7.929886782346));
#2838 = CARTESIAN_POINT('',(12.411026794137,7.77434351115));
#2839 = CARTESIAN_POINT('',(12.260888778781,7.611091924565));
#2840 = CARTESIAN_POINT('',(12.11808859394,7.441239985428));
#2841 = CARTESIAN_POINT('',(11.982330775544,7.265711638703));
#2842 = CARTESIAN_POINT('',(11.853292017462,7.085242826584));
#2843 = CARTESIAN_POINT('',(11.613029427779,6.723115628507));
#2844 = CARTESIAN_POINT('',(11.501320828946,6.541858304697));
#2845 = CARTESIAN_POINT('',(11.39522656275,6.357109355448));
#2846 = CARTESIAN_POINT('',(11.294501088194,6.169301639642));
#2847 = CARTESIAN_POINT('',(11.198920546009,5.97879923992));
#2848 = CARTESIAN_POINT('',(11.108275901467,5.785901725645));
#2849 = CARTESIAN_POINT('',(10.944182031799,5.413294607607));
#2850 = CARTESIAN_POINT('',(10.869925213451,5.233968610843));
#2851 = CARTESIAN_POINT('',(10.799460761121,5.053052628808));
#2852 = CARTESIAN_POINT('',(10.732662836045,4.870711329157));
#2853 = CARTESIAN_POINT('',(10.669419464735,4.687088489218));
#2854 = CARTESIAN_POINT('',(10.609629826796,4.502308178425));
#2855 = CARTESIAN_POINT('',(10.371718545385,3.718807730972));
#2856 = CARTESIAN_POINT('',(10.225092090389,3.110546564904));
#2857 = CARTESIAN_POINT('',(10.110102360418,2.494830710777));
#2858 = CARTESIAN_POINT('',(10.025067053282,1.874125161341));
#2859 = CARTESIAN_POINT('',(9.968778447043,1.250453623771));
#2860 = CARTESIAN_POINT('',(9.940614636862,0.625372232799));
#2861 = CARTESIAN_POINT('',(9.940614636862,-0.581767930177));
#2862 = CARTESIAN_POINT('',(9.964988300087,-1.163345733432));
#2863 = CARTESIAN_POINT('',(10.013711192913,-1.743769569095));
#2864 = CARTESIAN_POINT('',(10.087246167627,-2.321778739071));
#2865 = CARTESIAN_POINT('',(10.186483465679,-2.895801036116));
#2866 = CARTESIAN_POINT('',(10.312702897215,-3.46395981127));
#2867 = CARTESIAN_POINT('',(10.518917490338,-4.206557220476));
#2868 = CARTESIAN_POINT('',(10.572735660016,-4.388278005176));
#2869 = CARTESIAN_POINT('',(10.629739195473,-4.569021107798));
#2870 = CARTESIAN_POINT('',(10.690012337669,-4.748683976741));
#2871 = CARTESIAN_POINT('',(10.753648812723,-4.927149129365));
#2872 = CARTESIAN_POINT('',(10.820753915463,-5.104283319585));
#2873 = CARTESIAN_POINT('',(10.970241916737,-5.475723113575));
#2874 = CARTESIAN_POINT('',(11.053489707673,-5.669657740968));
#2875 = CARTESIAN_POINT('',(11.141357920173,-5.861542738963));
#2876 = CARTESIAN_POINT('',(11.234029778401,-6.051129920454));
#2877 = CARTESIAN_POINT('',(11.331703827471,-6.238120637983));
#2878 = CARTESIAN_POINT('',(11.434600050931,-6.422162347733));
#2879 = CARTESIAN_POINT('',(11.655989404528,-6.791266165731));
#2880 = CARTESIAN_POINT('',(11.77493870234,-6.975994649287));
#2881 = CARTESIAN_POINT('',(11.900120846011,-7.156591320004));
#2882 = CARTESIAN_POINT('',(12.031837861553,-7.332467130682));
#2883 = CARTESIAN_POINT('',(12.170384890065,-7.502885928301));
#2884 = CARTESIAN_POINT('',(12.31605237641,-7.666961660511));
#2885 = CARTESIAN_POINT('',(12.591783018809,-7.949174802215));
#2886 = CARTESIAN_POINT('',(12.71915972846,-8.069929192962));
#2887 = CARTESIAN_POINT('',(12.851416335933,-8.185372604568));
#2888 = CARTESIAN_POINT('',(12.988644647602,-8.294844175301));
#2889 = CARTESIAN_POINT('',(13.13086811557,-8.397574658256));
#2890 = CARTESIAN_POINT('',(13.27802063583,-8.492714247991));
#2891 = CARTESIAN_POINT('',(13.498582890697,-8.618548340737));
#2892 = CARTESIAN_POINT('',(13.56821353522,-8.655987521785));
#2893 = CARTESIAN_POINT('',(13.638787334008,-8.691607044845));
#2894 = CARTESIAN_POINT('',(13.710276158358,-8.725321048625));
#2895 = CARTESIAN_POINT('',(13.782644068459,-8.757043361312));
#2896 = CARTESIAN_POINT('',(13.855846473675,-8.786689390833));
#2897 = CARTESIAN_POINT('',(14.133195212223,-8.889739468606));
#2898 = CARTESIAN_POINT('',(14.342761870394,-8.949112912158));
#2899 = CARTESIAN_POINT('',(14.556975440025,-8.990355614058));
#2900 = CARTESIAN_POINT('',(14.774098573415,-9.012114981056));
#2901 = CARTESIAN_POINT('',(14.992206098234,-9.013712910726));
#2902 = CARTESIAN_POINT('',(15.209178051332,-8.995298759148));
#2903 = CARTESIAN_POINT('',(15.422690050592,-8.958070923884));
#2904 = ( GEOMETRIC_REPRESENTATION_CONTEXT(2) 
PARAMETRIC_REPRESENTATION_CONTEXT() REPRESENTATION_CONTEXT('2D SPACE',''
  ) );
#2905 = PCURVE('',#2906,#2914);
#2906 = SURFACE_OF_LINEAR_EXTRUSION('',#2907,#2912);
#2907 = ELLIPSE('',#2908,9.,5.);
#2908 = AXIS2_PLACEMENT_3D('',#2909,#2910,#2911);
#2909 = CARTESIAN_POINT('',(0.,19.821965407114,66.892772045615));
#2910 = DIRECTION('',(0.,-0.939692620786,0.342020143326));
#2911 = DIRECTION('',(1.,0.,0.));
#2912 = VECTOR('',#2913,1.);
#2913 = DIRECTION('',(0.,0.939692620786,-0.342020143326));
#2914 = DEFINITIONAL_REPRESENTATION('',(#2915),#3008);
#2915 = B_SPLINE_CURVE_WITH_KNOTS('',7,(#2916,#2917,#2918,#2919,#2920,
    #2921,#2922,#2923,#2924,#2925,#2926,#2927,#2928,#2929,#2930,#2931,
    #2932,#2933,#2934,#2935,#2936,#2937,#2938,#2939,#2940,#2941,#2942,
    #2943,#2944,#2945,#2946,#2947,#2948,#2949,#2950,#2951,#2952,#2953,
    #2954,#2955,#2956,#2957,#2958,#2959,#2960,#2961,#2962,#2963,#2964,
    #2965,#2966,#2967,#2968,#2969,#2970,#2971,#2972,#2973,#2974,#2975,
    #2976,#2977,#2978,#2979,#2980,#2981,#2982,#2983,#2984,#2985,#2986,
    #2987,#2988,#2989,#2990,#2991,#2992,#2993,#2994,#2995,#2996,#2997,
    #2998,#2999,#3000,#3001,#3002,#3003,#3004,#3005,#3006,#3007),
  .UNSPECIFIED.,.F.,.F.,(8,6,6,6,6,6,6,6,6,6,6,6,6,6,6,8),(0.,
    2.091102099608E-02,6.165161133933E-02,8.291669191605E-02,
    0.126060205999,0.1923848895,0.255977014649,0.313861050807,
    0.500025995593,0.673210523012,0.729685417277,0.792633345332,
    0.858279524936,0.910871808998,0.934646767811,1.),.UNSPECIFIED.);
#2916 = CARTESIAN_POINT('',(6.379750395253,-0.3));
#2917 = CARTESIAN_POINT('',(6.366025953522,-0.3));
#2918 = CARTESIAN_POINT('',(6.352256759299,-0.3));
#2919 = CARTESIAN_POINT('',(6.338451235648,-0.3));
#2920 = CARTESIAN_POINT('',(6.324618020789,-0.3));
#2921 = CARTESIAN_POINT('',(6.310766044037,-0.3));
#2922 = CARTESIAN_POINT('',(6.296904601736,-0.3));
#2923 = CARTESIAN_POINT('',(6.256037951753,-0.3));
#2924 = CARTESIAN_POINT('',(6.229028565178,-0.3));
#2925 = CARTESIAN_POINT('',(6.202093194431,-0.3));
#2926 = CARTESIAN_POINT('',(6.175297987984,-0.3));
#2927 = CARTESIAN_POINT('',(6.148700539858,-0.3));
#2928 = CARTESIAN_POINT('',(6.122352125392,-0.3));
#2929 = CARTESIAN_POINT('',(6.082700163721,-0.3));
#2930 = CARTESIAN_POINT('',(6.069180334503,-0.3));
#2931 = CARTESIAN_POINT('',(6.055744962866,-0.3));
#2932 = CARTESIAN_POINT('',(6.042398600392,-0.3));
#2933 = CARTESIAN_POINT('',(6.02914493992,-0.3));
#2934 = CARTESIAN_POINT('',(6.015986901026,-0.3));
#2935 = CARTESIAN_POINT('',(5.976429646909,-0.3));
#2936 = CARTESIAN_POINT('',(5.950337198429,-0.3));
#2937 = CARTESIAN_POINT('',(5.924664633602,-0.3));
#2938 = CARTESIAN_POINT('',(5.899417772141,-0.3));
#2939 = CARTESIAN_POINT('',(5.874595182729,-0.3));
#2940 = CARTESIAN_POINT('',(5.8501892914,-0.3));
#2941 = CARTESIAN_POINT('',(5.789286680422,-0.3));
#2942 = CARTESIAN_POINT('',(5.753350495534,-0.3));
#2943 = CARTESIAN_POINT('',(5.718318281618,-0.3));
#2944 = CARTESIAN_POINT('',(5.684134503313,-0.3));
#2945 = CARTESIAN_POINT('',(5.650742770196,-0.3));
#2946 = CARTESIAN_POINT('',(5.618082389682,-0.3));
#2947 = CARTESIAN_POINT('',(5.555408561242,-0.3));
#2948 = CARTESIAN_POINT('',(5.525349371207,-0.3));
#2949 = CARTESIAN_POINT('',(5.495854896891,-0.3));
#2950 = CARTESIAN_POINT('',(5.466879671555,-0.3));
#2951 = CARTESIAN_POINT('',(5.438382695085,-0.3));
#2952 = CARTESIAN_POINT('',(5.41032493204,-0.3));
#2953 = CARTESIAN_POINT('',(5.357494094368,-0.3));
#2954 = CARTESIAN_POINT('',(5.332654061898,-0.3));
#2955 = CARTESIAN_POINT('',(5.308120743023,-0.3));
#2956 = CARTESIAN_POINT('',(5.283869808468,-0.3));
#2957 = CARTESIAN_POINT('',(5.259879213891,-0.3));
#2958 = CARTESIAN_POINT('',(5.236128385363,-0.3));
#2959 = CARTESIAN_POINT('',(5.13691775326,-0.3));
#2960 = CARTESIAN_POINT('',(5.063548671471,-0.3));
#2961 = CARTESIAN_POINT('',(4.991780415883,-0.3));
#2962 = CARTESIAN_POINT('',(4.921173858372,-0.3));
#2963 = CARTESIAN_POINT('',(4.851328080302,-0.3));
#2964 = CARTESIAN_POINT('',(4.781874784029,-0.3));
#2965 = CARTESIAN_POINT('',(4.647748099254,-0.3));
#2966 = CARTESIAN_POINT('',(4.583128437994,-0.3));
#2967 = CARTESIAN_POINT('',(4.518195263086,-0.3));
#2968 = CARTESIAN_POINT('',(4.452651017048,-0.3));
#2969 = CARTESIAN_POINT('',(4.386177522587,-0.3));
#2970 = CARTESIAN_POINT('',(4.318423287895,-0.3));
#2971 = CARTESIAN_POINT('',(4.226178969429,-0.3));
#2972 = CARTESIAN_POINT('',(4.203305854796,-0.3));
#2973 = CARTESIAN_POINT('',(4.180225971262,-0.3));
#2974 = CARTESIAN_POINT('',(4.156921532693,-0.3));
#2975 = CARTESIAN_POINT('',(4.133373538547,-0.3));
#2976 = CARTESIAN_POINT('',(4.10956115372,-0.3));
#2977 = CARTESIAN_POINT('',(4.058598724187,-0.3));
#2978 = CARTESIAN_POINT('',(4.031380563791,-0.3));
#2979 = CARTESIAN_POINT('',(4.003773074075,-0.3));
#2980 = CARTESIAN_POINT('',(3.975741588182,-0.3));
#2981 = CARTESIAN_POINT('',(3.947249402942,-0.3));
#2982 = CARTESIAN_POINT('',(3.918255721544,-0.3));
#2983 = CARTESIAN_POINT('',(3.857902793977,-0.3));
#2984 = CARTESIAN_POINT('',(3.826501786856,-0.3));
#2985 = CARTESIAN_POINT('',(3.79445048593,-0.3));
#2986 = CARTESIAN_POINT('',(3.761692886232,-0.3));
#2987 = CARTESIAN_POINT('',(3.728174251438,-0.3));
#2988 = CARTESIAN_POINT('',(3.693837346891,-0.3));
#2989 = CARTESIAN_POINT('',(3.630399519669,-0.3));
#2990 = CARTESIAN_POINT('',(3.6016219292,-0.3));
#2991 = CARTESIAN_POINT('',(3.572250877816,-0.3));
#2992 = CARTESIAN_POINT('',(3.542263552993,-0.3));
#2993 = CARTESIAN_POINT('',(3.51164659426,-0.3));
#2994 = CARTESIAN_POINT('',(3.480397633497,-0.3));
#2995 = CARTESIAN_POINT('',(3.434122451004,-0.3));
#2996 = CARTESIAN_POINT('',(3.419590301703,-0.3));
#2997 = CARTESIAN_POINT('',(3.404934549952,-0.3));
#2998 = CARTESIAN_POINT('',(3.390158160892,-0.3));
#2999 = CARTESIAN_POINT('',(3.375265231574,-0.3));
#3000 = CARTESIAN_POINT('',(3.360261127672,-0.3));
#3001 = CARTESIAN_POINT('',(3.303621957402,-0.3));
#3002 = CARTESIAN_POINT('',(3.26124039519,-0.3));
#3003 = CARTESIAN_POINT('',(3.218238758368,-0.3));
#3004 = CARTESIAN_POINT('',(3.174849527993,-0.3));
#3005 = CARTESIAN_POINT('',(3.13131930733,-0.3));
#3006 = CARTESIAN_POINT('',(3.087929837884,-0.3));
#3007 = CARTESIAN_POINT('',(3.045027565516,-0.3));
#3008 = ( GEOMETRIC_REPRESENTATION_CONTEXT(2) 
PARAMETRIC_REPRESENTATION_CONTEXT() REPRESENTATION_CONTEXT('2D SPACE',''
  ) );
#3009 = FACE_BOUND('',#3010,.T.);
#3010 = EDGE_LOOP('',(#3011));
#3011 = ORIENTED_EDGE('',*,*,#3012,.F.);
#3012 = EDGE_CURVE('',#3013,#3013,#3015,.T.);
#3013 = VERTEX_POINT('',#3014);
#3014 = CARTESIAN_POINT('',(21.,26.209450415729,85.319384193938));
#3015 = SURFACE_CURVE('',#3016,(#3175,#3337),.PCURVE_S1.);
#3016 = B_SPLINE_CURVE_WITH_KNOTS('',7,(#3017,#3018,#3019,#3020,#3021,
    #3022,#3023,#3024,#3025,#3026,#3027,#3028,#3029,#3030,#3031,#3032,
    #3033,#3034,#3035,#3036,#3037,#3038,#3039,#3040,#3041,#3042,#3043,
    #3044,#3045,#3046,#3047,#3048,#3049,#3050,#3051,#3052,#3053,#3054,
    #3055,#3056,#3057,#3058,#3059,#3060,#3061,#3062,#3063,#3064,#3065,
    #3066,#3067,#3068,#3069,#3070,#3071,#3072,#3073,#3074,#3075,#3076,
    #3077,#3078,#3079,#3080,#3081,#3082,#3083,#3084,#3085,#3086,#3087,
    #3088,#3089,#3090,#3091,#3092,#3093,#3094,#3095,#3096,#3097,#3098,
    #3099,#3100,#3101,#3102,#3103,#3104,#3105,#3106,#3107,#3108,#3109,
    #3110,#3111,#3112,#3113,#3114,#3115,#3116,#3117,#3118,#3119,#3120,
    #3121,#3122,#3123,#3124,#3125,#3126,#3127,#3128,#3129,#3130,#3131,
    #3132,#3133,#3134,#3135,#3136,#3137,#3138,#3139,#3140,#3141,#3142,
    #3143,#3144,#3145,#3146,#3147,#3148,#3149,#3150,#3151,#3152,#3153,
    #3154,#3155,#3156,#3157,#3158,#3159,#3160,#3161,#3162,#3163,#3164,
    #3165,#3166,#3167,#3168,#3169,#3170,#3171,#3172,#3173,#3174),
  .UNSPECIFIED.,.T.,.F.,(8,6,6,6,6,6,6,6,6,6,6,6,6,6,6,6,6,6,6,6,6,6,6,6
    ,6,6,8),(0.,3.783865788274E-02,6.40037005762E-02,0.101644374154,
    0.136121615001,0.165203984298,0.24999692509,0.33478986588,
    0.363872235178,0.398349476025,0.435990149602,0.462155192295,
    0.482564365837,0.500000809499,0.525160983313,0.53784536643,
    0.564010377491,0.601651005563,0.636128204728,0.665210538866,
    0.750003377146,0.834796215426,0.863878549565,0.89835574873,
    0.935996376802,0.962161387863,1.),.UNSPECIFIED.);
#3017 = CARTESIAN_POINT('',(21.,26.209450415729,85.319384193938));
#3018 = CARTESIAN_POINT('',(21.234248906788,26.209450499315,
    85.319384423588));
#3019 = CARTESIAN_POINT('',(21.468677641945,26.202567278139,
    85.300472928834));
#3020 = CARTESIAN_POINT('',(21.700901796471,26.188783543763,
    85.26260242988));
#3021 = CARTESIAN_POINT('',(21.929029174862,26.168394596164,
    85.206584256747));
#3022 = CARTESIAN_POINT('',(22.151580910915,26.141875957928,
    85.133724896999));
#3023 = CARTESIAN_POINT('',(22.367433736333,26.109793118817,
    85.045578020988));
#3024 = CARTESIAN_POINT('',(22.71985507692,26.047140701502,
    84.873441919141));
#3025 = CARTESIAN_POINT('',(22.860384448519,26.01914910722,
    84.796535645918));
#3026 = CARTESIAN_POINT('',(22.997163511196,25.988966185079,
    84.713608748881));
#3027 = CARTESIAN_POINT('',(23.130063362923,25.956777063471,
    84.625169864111));
#3028 = CARTESIAN_POINT('',(23.259021534774,25.922758004002,
    84.531703266391));
#3029 = CARTESIAN_POINT('',(23.384029320372,25.887070063506,
    84.433651455731));
#3030 = CARTESIAN_POINT('',(23.679317133495,25.796312563096,
    84.184297272707));
#3031 = CARTESIAN_POINT('',(23.845365400229,25.739621242933,
    84.028539150681));
#3032 = CARTESIAN_POINT('',(24.00339380178,25.680191519127,
    83.865257326479));
#3033 = CARTESIAN_POINT('',(24.153588657979,25.618385697386,
    83.695447226856));
#3034 = CARTESIAN_POINT('',(24.296181447677,25.554512683487,
    83.519957563456));
#3035 = CARTESIAN_POINT('',(24.431437544208,25.488825001184,
    83.339482139592));
#3036 = CARTESIAN_POINT('',(24.677077332868,25.359863351114,
    82.985162918048));
#3037 = CARTESIAN_POINT('',(24.788573434926,25.296862535677,
    82.812069600227));
#3038 = CARTESIAN_POINT('',(24.894341140681,25.232669993743,
    82.635702040767));
#3039 = CARTESIAN_POINT('',(24.994571140576,25.167422576014,
    82.456436233877));
#3040 = CARTESIAN_POINT('',(25.089440125029,25.101238044948,
    82.274595729256));
#3041 = CARTESIAN_POINT('',(25.179113977658,25.034215765757,
    82.090453530581));
#3042 = CARTESIAN_POINT('',(25.335144203137,24.909264653393,
    81.747153170825));
#3043 = CARTESIAN_POINT('',(25.402949781294,24.851556664234,
    81.588601773687));
#3044 = CARTESIAN_POINT('',(25.467259818947,24.793364133282,
    81.428719108916));
#3045 = CARTESIAN_POINT('',(25.528157435461,24.734732896805,
    81.26763111062));
#3046 = CARTESIAN_POINT('',(25.585717924349,24.675704089925,
    81.105450796621));
#3047 = CARTESIAN_POINT('',(25.640009924053,24.616314312569,
    80.942278724388));
#3048 = CARTESIAN_POINT('',(25.840045411631,24.382479600857,
    80.299823134076));
#3049 = CARTESIAN_POINT('',(25.961695962255,24.205627451733,
    79.813925847775));
#3050 = CARTESIAN_POINT('',(26.057699129397,24.026764292991,
    79.32250335796));
#3051 = CARTESIAN_POINT('',(26.12902098688,23.846506630549,
    78.827249500717));
#3052 = CARTESIAN_POINT('',(26.176334155313,23.665387504054,
    78.329628790441));
#3053 = CARTESIAN_POINT('',(26.199999902777,23.483856453386,
    77.8308763278));
#3054 = CARTESIAN_POINT('',(26.199999902778,23.120701941536,
    76.833117506718));
#3055 = CARTESIAN_POINT('',(26.176334155311,22.939170890864,
    76.334365044066));
#3056 = CARTESIAN_POINT('',(26.129020986885,22.758051764378,
    75.836744333814));
#3057 = CARTESIAN_POINT('',(26.057699129392,22.577794101925,
    75.341490476541));
#3058 = CARTESIAN_POINT('',(25.961695962259,22.398930943191,
    74.850067986748));
#3059 = CARTESIAN_POINT('',(25.84004541163,22.222078794063,
    74.364170700438));
#3060 = CARTESIAN_POINT('',(25.640009924053,21.988244082353,
    73.721715110128));
#3061 = CARTESIAN_POINT('',(25.585717924349,21.928854304996,
    73.558543037895));
#3062 = CARTESIAN_POINT('',(25.528157435461,21.869825498116,
    73.396362723896));
#3063 = CARTESIAN_POINT('',(25.467259818948,21.811194261639,
    73.2352747256));
#3064 = CARTESIAN_POINT('',(25.402949781294,21.753001730687,
    73.075392060828));
#3065 = CARTESIAN_POINT('',(25.335144203138,21.695293741528,
    72.916840663691));
#3066 = CARTESIAN_POINT('',(25.179113977658,21.570342629164,
    72.573540303935));
#3067 = CARTESIAN_POINT('',(25.08944012503,21.503320349974,
    72.389398105259));
#3068 = CARTESIAN_POINT('',(24.994571140577,21.437135818908,
    72.207557600638));
#3069 = CARTESIAN_POINT('',(24.894341140682,21.371888401178,
    72.028291793749));
#3070 = CARTESIAN_POINT('',(24.788573434926,21.307695859245,
    71.851924234289));
#3071 = CARTESIAN_POINT('',(24.677077332869,21.244695043807,
    71.678830916467));
#3072 = CARTESIAN_POINT('',(24.431437544209,21.115733393737,
    71.324511694924));
#3073 = CARTESIAN_POINT('',(24.296181447678,21.050045711434,
    71.14403627106));
#3074 = CARTESIAN_POINT('',(24.153588657979,20.986172697535,
    70.96854660766));
#3075 = CARTESIAN_POINT('',(24.003393801781,20.924366875794,
    70.798736508037));
#3076 = CARTESIAN_POINT('',(23.845365400229,20.864937151988,
    70.635454683834));
#3077 = CARTESIAN_POINT('',(23.679317133496,20.808245831825,
    70.479696561809));
#3078 = CARTESIAN_POINT('',(23.384029320373,20.717488331415,
    70.230342378784));
#3079 = CARTESIAN_POINT('',(23.259021534775,20.681800390919,
    70.132290568124));
#3080 = CARTESIAN_POINT('',(23.130063362924,20.64778133145,
    70.038823970404));
#3081 = CARTESIAN_POINT('',(22.997163511197,20.615592209842,
    69.950385085634));
#3082 = CARTESIAN_POINT('',(22.86038444852,20.585409287701,
    69.867458188597));
#3083 = CARTESIAN_POINT('',(22.71985507692,20.557417693419,
    69.790551915374));
#3084 = CARTESIAN_POINT('',(22.463404985287,20.511826679817,
    69.665291634972));
#3085 = CARTESIAN_POINT('',(22.348872832928,20.493295888896,
    69.614378705352));
#3086 = CARTESIAN_POINT('',(22.232294313958,20.476302169811,
    69.567688845892));
#3087 = CARTESIAN_POINT('',(22.113808121425,20.460935452141,
    69.525469136083));
#3088 = CARTESIAN_POINT('',(21.993588833182,20.447281770751,
    69.487955954772));
#3089 = CARTESIAN_POINT('',(21.871851472601,20.43541889987,
    69.455362984898));
#3090 = CARTESIAN_POINT('',(21.643775695401,20.416862597465,
    69.40437996305));
#3091 = CARTESIAN_POINT('',(21.537769700062,20.409667179311,
    69.384610714148));
#3092 = CARTESIAN_POINT('',(21.431003287323,20.403866562416,
    69.36867365021));
#3093 = CARTESIAN_POINT('',(21.323651833779,20.39949313431,
    69.356657755244));
#3094 = CARTESIAN_POINT('',(21.215901194167,20.396569638149,
    69.348625515555));
#3095 = CARTESIAN_POINT('',(21.107948006964,20.39510797051,
    69.344609616722));
#3096 = CARTESIAN_POINT('',(20.84423497662,20.395107885302,
    69.344609382615));
#3097 = CARTESIAN_POINT('',(20.68844065468,20.398151543458,
    69.352971764672));
#3098 = CARTESIAN_POINT('',(20.533267198732,20.404239918263,
    69.36969943697));
#3099 = CARTESIAN_POINT('',(20.379297481204,20.413320004298,
    69.394646768318));
#3100 = CARTESIAN_POINT('',(20.227051098249,20.425294637189,
    69.427546801793));
#3101 = CARTESIAN_POINT('',(20.076988385595,20.440032304673,
    69.468038210419));
#3102 = CARTESIAN_POINT('',(19.855166216745,20.466121124594,
    69.539716654052));
#3103 = CARTESIAN_POINT('',(19.78146974567,20.475528530358,
    69.565563288965));
#3104 = CARTESIAN_POINT('',(19.708472547074,20.48557975874,
    69.593178811984));
#3105 = CARTESIAN_POINT('',(19.636215859152,20.496254323075,
    69.622506936455));
#3106 = CARTESIAN_POINT('',(19.56473509297,20.507531046044,
    69.653489478177));
#3107 = CARTESIAN_POINT('',(19.494060293041,20.519388439485,
    69.686067398911));
#3108 = CARTESIAN_POINT('',(19.280144923081,20.557417693419,
    69.790551915374));
#3109 = CARTESIAN_POINT('',(19.139615551482,20.5854092877,
    69.867458188596));
#3110 = CARTESIAN_POINT('',(19.002836488804,20.615592209842,
    69.950385085633));
#3111 = CARTESIAN_POINT('',(18.869936637078,20.64778133145,
    70.038823970403));
#3112 = CARTESIAN_POINT('',(18.740978465227,20.681800390918,
    70.132290568123));
#3113 = CARTESIAN_POINT('',(18.615970679629,20.717488331414,
    70.230342378783));
#3114 = CARTESIAN_POINT('',(18.320682866506,20.808245831825,
    70.479696561807));
#3115 = CARTESIAN_POINT('',(18.154634599772,20.864937151987,
    70.635454683833));
#3116 = CARTESIAN_POINT('',(17.99660619822,20.924366875794,
    70.798736508035));
#3117 = CARTESIAN_POINT('',(17.846411342022,20.986172697534,
    70.968546607659));
#3118 = CARTESIAN_POINT('',(17.703818552323,21.050045711433,
    71.144036271058));
#3119 = CARTESIAN_POINT('',(17.568562455792,21.115733393736,
    71.324511694922));
#3120 = CARTESIAN_POINT('',(17.322922667132,21.244695043807,
    71.678830916466));
#3121 = CARTESIAN_POINT('',(17.211426565075,21.307695859244,
    71.851924234287));
#3122 = CARTESIAN_POINT('',(17.105658859319,21.371888401178,
    72.028291793747));
#3123 = CARTESIAN_POINT('',(17.005428859424,21.437135818907,
    72.207557600637));
#3124 = CARTESIAN_POINT('',(16.910559874971,21.503320349973,
    72.389398105258));
#3125 = CARTESIAN_POINT('',(16.820886022343,21.570342629163,
    72.573540303934));
#3126 = CARTESIAN_POINT('',(16.664855796863,21.695293741527,
    72.91684066369));
#3127 = CARTESIAN_POINT('',(16.597050218706,21.753001730687,
    73.075392060827));
#3128 = CARTESIAN_POINT('',(16.532740181053,21.811194261639,
    73.235274725598));
#3129 = CARTESIAN_POINT('',(16.471842564539,21.869825498116,
    73.396362723894));
#3130 = CARTESIAN_POINT('',(16.414282075651,21.928854304996,
    73.558543037893));
#3131 = CARTESIAN_POINT('',(16.359990075947,21.988244082352,
    73.721715110126));
#3132 = CARTESIAN_POINT('',(16.15995458837,22.222078794062,
    74.364170700435));
#3133 = CARTESIAN_POINT('',(16.038304037743,22.398930943191,
    74.850067986749));
#3134 = CARTESIAN_POINT('',(15.942300870606,22.577794101923,
    75.341490476536));
#3135 = CARTESIAN_POINT('',(15.870979013117,22.758051764378,
    75.836744333816));
#3136 = CARTESIAN_POINT('',(15.823665844688,22.939170890862,
    76.334365044063));
#3137 = CARTESIAN_POINT('',(15.800000097222,23.120701941535,
    76.833117506717));
#3138 = CARTESIAN_POINT('',(15.800000097223,23.483856453386,
    77.830876327798));
#3139 = CARTESIAN_POINT('',(15.823665844688,23.665387504054,
    78.32962879044));
#3140 = CARTESIAN_POINT('',(15.870979013119,23.846506630548,
    78.827249500714));
#3141 = CARTESIAN_POINT('',(15.942300870604,24.026764292992,
    79.322503357961));
#3142 = CARTESIAN_POINT('',(16.038304037743,24.205627451732,
    79.813925847772));
#3143 = CARTESIAN_POINT('',(16.159954588369,24.382479600857,
    80.299823134075));
#3144 = CARTESIAN_POINT('',(16.359990075947,24.616314312568,
    80.942278724386));
#3145 = CARTESIAN_POINT('',(16.414282075651,24.675704089925,
    81.10545079662));
#3146 = CARTESIAN_POINT('',(16.471842564539,24.734732896804,
    81.267631110619));
#3147 = CARTESIAN_POINT('',(16.532740181052,24.793364133282,
    81.428719108915));
#3148 = CARTESIAN_POINT('',(16.597050218706,24.851556664233,
    81.588601773686));
#3149 = CARTESIAN_POINT('',(16.664855796862,24.909264653393,
    81.747153170823));
#3150 = CARTESIAN_POINT('',(16.820886022342,25.034215765757,
    82.090453530579));
#3151 = CARTESIAN_POINT('',(16.91055987497,25.101238044947,
    82.274595729255));
#3152 = CARTESIAN_POINT('',(17.005428859424,25.167422576013,
    82.456436233877));
#3153 = CARTESIAN_POINT('',(17.105658859318,25.232669993743,
    82.635702040766));
#3154 = CARTESIAN_POINT('',(17.211426565074,25.296862535676,
    82.812069600226));
#3155 = CARTESIAN_POINT('',(17.322922667131,25.359863351114,
    82.985162918048));
#3156 = CARTESIAN_POINT('',(17.568562455791,25.488825001184,
    83.339482139591));
#3157 = CARTESIAN_POINT('',(17.703818552322,25.554512683487,
    83.519957563455));
#3158 = CARTESIAN_POINT('',(17.846411342021,25.618385697386,
    83.695447226855));
#3159 = CARTESIAN_POINT('',(17.996606198219,25.680191519127,
    83.865257326478));
#3160 = CARTESIAN_POINT('',(18.154634599771,25.739621242933,
    84.028539150681));
#3161 = CARTESIAN_POINT('',(18.320682866504,25.796312563095,
    84.184297272706));
#3162 = CARTESIAN_POINT('',(18.615970679627,25.887070063506,
    84.433651455731));
#3163 = CARTESIAN_POINT('',(18.740978465225,25.922758004002,
    84.53170326639));
#3164 = CARTESIAN_POINT('',(18.869936637077,25.956777063471,
    84.625169864111));
#3165 = CARTESIAN_POINT('',(19.002836488803,25.988966185078,
    84.713608748881));
#3166 = CARTESIAN_POINT('',(19.139615551481,26.01914910722,
    84.796535645918));
#3167 = CARTESIAN_POINT('',(19.28014492308,26.047140701501,
    84.87344191914));
#3168 = CARTESIAN_POINT('',(19.632566263667,26.109793118816,
    85.045578020986));
#3169 = CARTESIAN_POINT('',(19.848419089084,26.141875957929,
    85.133724897002));
#3170 = CARTESIAN_POINT('',(20.070970825138,26.168394596163,
    85.206584256745));
#3171 = CARTESIAN_POINT('',(20.299098203528,26.188783543762,
    85.262602429878));
#3172 = CARTESIAN_POINT('',(20.531322358055,26.20256727814,
    85.300472928838));
#3173 = CARTESIAN_POINT('',(20.765751093211,26.209450499314,
    85.319384423587));
#3174 = CARTESIAN_POINT('',(21.,26.209450415729,85.319384193938));
#3175 = PCURVE('',#152,#3176);
#3176 = DEFINITIONAL_REPRESENTATION('',(#3177),#3336);
#3177 = B_SPLINE_CURVE_WITH_KNOTS('',7,(#3178,#3179,#3180,#3181,#3182,
    #3183,#3184,#3185,#3186,#3187,#3188,#3189,#3190,#3191,#3192,#3193,
    #3194,#3195,#3196,#3197,#3198,#3199,#3200,#3201,#3202,#3203,#3204,
    #3205,#3206,#3207,#3208,#3209,#3210,#3211,#3212,#3213,#3214,#3215,
    #3216,#3217,#3218,#3219,#3220,#3221,#3222,#3223,#3224,#3225,#3226,
    #3227,#3228,#3229,#3230,#3231,#3232,#3233,#3234,#3235,#3236,#3237,
    #3238,#3239,#3240,#3241,#3242,#3243,#3244,#3245,#3246,#3247,#3248,
    #3249,#3250,#3251,#3252,#3253,#3254,#3255,#3256,#3257,#3258,#3259,
    #3260,#3261,#3262,#3263,#3264,#3265,#3266,#3267,#3268,#3269,#3270,
    #3271,#3272,#3273,#3274,#3275,#3276,#3277,#3278,#3279,#3280,#3281,
    #3282,#3283,#3284,#3285,#3286,#3287,#3288,#3289,#3290,#3291,#3292,
    #3293,#3294,#3295,#3296,#3297,#3298,#3299,#3300,#3301,#3302,#3303,
    #3304,#3305,#3306,#3307,#3308,#3309,#3310,#3311,#3312,#3313,#3314,
    #3315,#3316,#3317,#3318,#3319,#3320,#3321,#3322,#3323,#3324,#3325,
    #3326,#3327,#3328,#3329,#3330,#3331,#3332,#3333,#3334,#3335),
  .UNSPECIFIED.,.F.,.F.,(8,6,6,6,6,6,6,6,6,6,6,6,6,6,6,6,6,6,6,6,6,6,6,6
    ,6,6,8),(0.,3.783865788274E-02,6.40037005762E-02,0.101644374154,
    0.136121615001,0.165203984298,0.24999692509,0.33478986588,
    0.363872235178,0.398349476025,0.435990149602,0.462155192295,
    0.482564365837,0.500000809499,0.525160983313,0.53784536643,
    0.564010377491,0.601651005563,0.636128204728,0.665210538866,
    0.750003377146,0.834796215426,0.863878549565,0.89835574873,
    0.935996376802,0.962161387863,1.),.UNSPECIFIED.);
#3178 = CARTESIAN_POINT('',(34.440614636862,21.));
#3179 = CARTESIAN_POINT('',(34.440614881251,21.234248906788));
#3180 = CARTESIAN_POINT('',(34.42048968889,21.468677641945));
#3181 = CARTESIAN_POINT('',(34.38018874567,21.700901796471));
#3182 = CARTESIAN_POINT('',(34.320575450967,21.929029174862));
#3183 = CARTESIAN_POINT('',(34.243040139806,22.151580910915));
#3184 = CARTESIAN_POINT('',(34.149236193642,22.367433736333));
#3185 = CARTESIAN_POINT('',(33.966052780216,22.71985507692));
#3186 = CARTESIAN_POINT('',(33.884210833688,22.860384448519));
#3187 = CARTESIAN_POINT('',(33.795961873121,22.997163511196));
#3188 = CARTESIAN_POINT('',(33.701847177727,23.130063362923));
#3189 = CARTESIAN_POINT('',(33.602382101963,23.259021534774));
#3190 = CARTESIAN_POINT('',(33.498037544509,23.384029320372));
#3191 = CARTESIAN_POINT('',(33.23268036546,23.679317133495));
#3192 = CARTESIAN_POINT('',(33.066926034118,23.845365400229));
#3193 = CARTESIAN_POINT('',(32.893165146152,24.00339380178));
#3194 = CARTESIAN_POINT('',(32.712457012591,24.153588657979));
#3195 = CARTESIAN_POINT('',(32.525704813502,24.296181447677));
#3196 = CARTESIAN_POINT('',(32.333646878948,24.431437544208));
#3197 = CARTESIAN_POINT('',(31.95658823902,24.677077332868));
#3198 = CARTESIAN_POINT('',(31.77238617763,24.788573434926));
#3199 = CARTESIAN_POINT('',(31.584699741067,24.894341140681));
#3200 = CARTESIAN_POINT('',(31.39392905401,24.994571140576));
#3201 = CARTESIAN_POINT('',(31.200418430857,25.089440125029));
#3202 = CARTESIAN_POINT('',(31.004458396051,25.179113977658));
#3203 = CARTESIAN_POINT('',(30.639125783916,25.335144203137));
#3204 = CARTESIAN_POINT('',(30.470398911288,25.402949781294));
#3205 = CARTESIAN_POINT('',(30.300255333234,25.467259818947));
#3206 = CARTESIAN_POINT('',(30.128829066035,25.528157435461));
#3207 = CARTESIAN_POINT('',(29.956240380743,25.585717924349));
#3208 = CARTESIAN_POINT('',(29.782596288384,25.640009924053));
#3209 = CARTESIAN_POINT('',(29.098909329372,25.840045411631));
#3210 = CARTESIAN_POINT('',(28.581828237584,25.961695962255));
#3211 = CARTESIAN_POINT('',(28.058867347028,26.057699129397));
#3212 = CARTESIAN_POINT('',(27.531829200416,26.12902098688));
#3213 = CARTESIAN_POINT('',(27.002272301417,26.176334155313));
#3214 = CARTESIAN_POINT('',(26.471511016707,26.199999902777));
#3215 = CARTESIAN_POINT('',(25.40971825702,26.199999902778));
#3216 = CARTESIAN_POINT('',(24.878956972298,26.176334155311));
#3217 = CARTESIAN_POINT('',(24.349400073325,26.129020986885));
#3218 = CARTESIAN_POINT('',(23.822361926682,26.057699129392));
#3219 = CARTESIAN_POINT('',(23.299401036149,25.961695962259));
#3220 = CARTESIAN_POINT('',(22.782319944351,25.84004541163));
#3221 = CARTESIAN_POINT('',(22.098632985341,25.640009924053));
#3222 = CARTESIAN_POINT('',(21.924988892981,25.585717924349));
#3223 = CARTESIAN_POINT('',(21.75240020769,25.528157435461));
#3224 = CARTESIAN_POINT('',(21.580973940491,25.467259818948));
#3225 = CARTESIAN_POINT('',(21.410830362437,25.402949781294));
#3226 = CARTESIAN_POINT('',(21.242103489809,25.335144203138));
#3227 = CARTESIAN_POINT('',(20.876770877673,25.179113977658));
#3228 = CARTESIAN_POINT('',(20.680810842868,25.08944012503));
#3229 = CARTESIAN_POINT('',(20.487300219714,24.994571140577));
#3230 = CARTESIAN_POINT('',(20.296529532657,24.894341140682));
#3231 = CARTESIAN_POINT('',(20.108843096094,24.788573434926));
#3232 = CARTESIAN_POINT('',(19.924641034704,24.677077332869));
#3233 = CARTESIAN_POINT('',(19.547582394777,24.431437544209));
#3234 = CARTESIAN_POINT('',(19.355524460222,24.296181447678));
#3235 = CARTESIAN_POINT('',(19.168772261133,24.153588657979));
#3236 = CARTESIAN_POINT('',(18.988064127572,24.003393801781));
#3237 = CARTESIAN_POINT('',(18.814303239607,23.845365400229));
#3238 = CARTESIAN_POINT('',(18.648548908264,23.679317133496));
#3239 = CARTESIAN_POINT('',(18.383191729215,23.384029320373));
#3240 = CARTESIAN_POINT('',(18.278847171761,23.259021534775));
#3241 = CARTESIAN_POINT('',(18.179382095997,23.130063362924));
#3242 = CARTESIAN_POINT('',(18.085267400603,22.997163511197));
#3243 = CARTESIAN_POINT('',(17.997018440035,22.86038444852));
#3244 = CARTESIAN_POINT('',(17.915176493508,22.71985507692));
#3245 = CARTESIAN_POINT('',(17.78187728733,22.463404985287));
#3246 = CARTESIAN_POINT('',(17.727696879297,22.348872832928));
#3247 = CARTESIAN_POINT('',(17.678010568659,22.232294313958));
#3248 = CARTESIAN_POINT('',(17.63308129192,22.113808121425));
#3249 = CARTESIAN_POINT('',(17.593160598194,21.993588833182));
#3250 = CARTESIAN_POINT('',(17.558475884115,21.871851472601));
#3251 = CARTESIAN_POINT('',(17.504220885491,21.643775695401));
#3252 = CARTESIAN_POINT('',(17.48318289023,21.537769700062));
#3253 = CARTESIAN_POINT('',(17.466223021029,21.431003287323));
#3254 = CARTESIAN_POINT('',(17.453435972691,21.323651833779));
#3255 = CARTESIAN_POINT('',(17.444888241751,21.215901194167));
#3256 = CARTESIAN_POINT('',(17.440614611475,21.107948006964));
#3257 = CARTESIAN_POINT('',(17.440614362344,20.84423497662));
#3258 = CARTESIAN_POINT('',(17.449513423454,20.68844065468));
#3259 = CARTESIAN_POINT('',(17.467314640499,20.533267198732));
#3260 = CARTESIAN_POINT('',(17.493863036002,20.379297481204));
#3261 = CARTESIAN_POINT('',(17.52887452034,20.227051098249));
#3262 = CARTESIAN_POINT('',(17.571964577376,20.076988385595));
#3263 = CARTESIAN_POINT('',(17.648243183856,19.855166216745));
#3264 = CARTESIAN_POINT('',(17.675748598223,19.78146974567));
#3265 = CARTESIAN_POINT('',(17.705136423995,19.708472547074));
#3266 = CARTESIAN_POINT('',(17.736346762166,19.636215859152));
#3267 = CARTESIAN_POINT('',(17.769317694401,19.56473509297));
#3268 = CARTESIAN_POINT('',(17.80398639352,19.494060293041));
#3269 = CARTESIAN_POINT('',(17.915176493508,19.280144923081));
#3270 = CARTESIAN_POINT('',(17.997018440035,19.139615551482));
#3271 = CARTESIAN_POINT('',(18.085267400602,19.002836488804));
#3272 = CARTESIAN_POINT('',(18.179382095996,18.869936637078));
#3273 = CARTESIAN_POINT('',(18.27884717176,18.740978465227));
#3274 = CARTESIAN_POINT('',(18.383191729214,18.615970679629));
#3275 = CARTESIAN_POINT('',(18.648548908263,18.320682866506));
#3276 = CARTESIAN_POINT('',(18.814303239605,18.154634599772));
#3277 = CARTESIAN_POINT('',(18.988064127571,17.99660619822));
#3278 = CARTESIAN_POINT('',(19.168772261132,17.846411342022));
#3279 = CARTESIAN_POINT('',(19.355524460221,17.703818552323));
#3280 = CARTESIAN_POINT('',(19.547582394775,17.568562455792));
#3281 = CARTESIAN_POINT('',(19.924641034703,17.322922667132));
#3282 = CARTESIAN_POINT('',(20.108843096093,17.211426565075));
#3283 = CARTESIAN_POINT('',(20.296529532656,17.105658859319));
#3284 = CARTESIAN_POINT('',(20.487300219712,17.005428859424));
#3285 = CARTESIAN_POINT('',(20.680810842866,16.910559874971));
#3286 = CARTESIAN_POINT('',(20.876770877672,16.820886022343));
#3287 = CARTESIAN_POINT('',(21.242103489807,16.664855796863));
#3288 = CARTESIAN_POINT('',(21.410830362435,16.597050218706));
#3289 = CARTESIAN_POINT('',(21.580973940489,16.532740181053));
#3290 = CARTESIAN_POINT('',(21.752400207688,16.471842564539));
#3291 = CARTESIAN_POINT('',(21.92498889298,16.414282075651));
#3292 = CARTESIAN_POINT('',(22.098632985339,16.359990075947));
#3293 = CARTESIAN_POINT('',(22.782319944348,16.15995458837));
#3294 = CARTESIAN_POINT('',(23.29940103615,16.038304037743));
#3295 = CARTESIAN_POINT('',(23.822361926676,15.942300870606));
#3296 = CARTESIAN_POINT('',(24.349400073326,15.870979013117));
#3297 = CARTESIAN_POINT('',(24.878956972295,15.823665844688));
#3298 = CARTESIAN_POINT('',(25.409718257019,15.800000097222));
#3299 = CARTESIAN_POINT('',(26.471511016705,15.800000097223));
#3300 = CARTESIAN_POINT('',(27.002272301416,15.823665844688));
#3301 = CARTESIAN_POINT('',(27.531829200414,15.870979013119));
#3302 = CARTESIAN_POINT('',(28.058867347028,15.942300870604));
#3303 = CARTESIAN_POINT('',(28.581828237581,16.038304037743));
#3304 = CARTESIAN_POINT('',(29.098909329371,16.159954588369));
#3305 = CARTESIAN_POINT('',(29.782596288383,16.359990075947));
#3306 = CARTESIAN_POINT('',(29.956240380742,16.414282075651));
#3307 = CARTESIAN_POINT('',(30.128829066034,16.471842564539));
#3308 = CARTESIAN_POINT('',(30.300255333233,16.532740181052));
#3309 = CARTESIAN_POINT('',(30.470398911286,16.597050218706));
#3310 = CARTESIAN_POINT('',(30.639125783915,16.664855796862));
#3311 = CARTESIAN_POINT('',(31.00445839605,16.820886022342));
#3312 = CARTESIAN_POINT('',(31.200418430856,16.91055987497));
#3313 = CARTESIAN_POINT('',(31.393929054009,17.005428859424));
#3314 = CARTESIAN_POINT('',(31.584699741066,17.105658859318));
#3315 = CARTESIAN_POINT('',(31.772386177629,17.211426565074));
#3316 = CARTESIAN_POINT('',(31.956588239019,17.322922667131));
#3317 = CARTESIAN_POINT('',(32.333646878947,17.568562455791));
#3318 = CARTESIAN_POINT('',(32.525704813501,17.703818552322));
#3319 = CARTESIAN_POINT('',(32.71245701259,17.846411342021));
#3320 = CARTESIAN_POINT('',(32.893165146152,17.996606198219));
#3321 = CARTESIAN_POINT('',(33.066926034117,18.154634599771));
#3322 = CARTESIAN_POINT('',(33.232680365459,18.320682866504));
#3323 = CARTESIAN_POINT('',(33.498037544508,18.615970679627));
#3324 = CARTESIAN_POINT('',(33.602382101963,18.740978465225));
#3325 = CARTESIAN_POINT('',(33.701847177726,18.869936637077));
#3326 = CARTESIAN_POINT('',(33.79596187312,19.002836488803));
#3327 = CARTESIAN_POINT('',(33.884210833688,19.139615551481));
#3328 = CARTESIAN_POINT('',(33.966052780215,19.28014492308));
#3329 = CARTESIAN_POINT('',(34.14923619364,19.632566263667));
#3330 = CARTESIAN_POINT('',(34.243040139809,19.848419089084));
#3331 = CARTESIAN_POINT('',(34.320575450964,20.070970825138));
#3332 = CARTESIAN_POINT('',(34.380188745667,20.299098203528));
#3333 = CARTESIAN_POINT('',(34.420489688893,20.531322358055));
#3334 = CARTESIAN_POINT('',(34.440614881249,20.765751093211));
#3335 = CARTESIAN_POINT('',(34.440614636862,21.));
#3336 = ( GEOMETRIC_REPRESENTATION_CONTEXT(2) 
PARAMETRIC_REPRESENTATION_CONTEXT() REPRESENTATION_CONTEXT('2D SPACE',''
  ) );
#3337 = PCURVE('',#3338,#3346);
#3338 = SURFACE_OF_LINEAR_EXTRUSION('',#3339,#3344);
#3339 = ELLIPSE('',#3340,8.5,5.2);
#3340 = AXIS2_PLACEMENT_3D('',#3341,#3342,#3343);
#3341 = CARTESIAN_POINT('',(21.,23.490217721618,77.263592888592));
#3342 = DIRECTION('',(0.,-0.939692620786,0.342020143326));
#3343 = DIRECTION('',(1.110223024625E-16,0.342020143326,0.939692620786)
  );
#3344 = VECTOR('',#3345,1.);
#3345 = DIRECTION('',(0.,0.939692620786,-0.342020143326));
#3346 = DEFINITIONAL_REPRESENTATION('',(#3347),#3506);
#3347 = B_SPLINE_CURVE_WITH_KNOTS('',7,(#3348,#3349,#3350,#3351,#3352,
    #3353,#3354,#3355,#3356,#3357,#3358,#3359,#3360,#3361,#3362,#3363,
    #3364,#3365,#3366,#3367,#3368,#3369,#3370,#3371,#3372,#3373,#3374,
    #3375,#3376,#3377,#3378,#3379,#3380,#3381,#3382,#3383,#3384,#3385,
    #3386,#3387,#3388,#3389,#3390,#3391,#3392,#3393,#3394,#3395,#3396,
    #3397,#3398,#3399,#3400,#3401,#3402,#3403,#3404,#3405,#3406,#3407,
    #3408,#3409,#3410,#3411,#3412,#3413,#3414,#3415,#3416,#3417,#3418,
    #3419,#3420,#3421,#3422,#3423,#3424,#3425,#3426,#3427,#3428,#3429,
    #3430,#3431,#3432,#3433,#3434,#3435,#3436,#3437,#3438,#3439,#3440,
    #3441,#3442,#3443,#3444,#3445,#3446,#3447,#3448,#3449,#3450,#3451,
    #3452,#3453,#3454,#3455,#3456,#3457,#3458,#3459,#3460,#3461,#3462,
    #3463,#3464,#3465,#3466,#3467,#3468,#3469,#3470,#3471,#3472,#3473,
    #3474,#3475,#3476,#3477,#3478,#3479,#3480,#3481,#3482,#3483,#3484,
    #3485,#3486,#3487,#3488,#3489,#3490,#3491,#3492,#3493,#3494,#3495,
    #3496,#3497,#3498,#3499,#3500,#3501,#3502,#3503,#3504,#3505),
  .UNSPECIFIED.,.F.,.F.,(8,6,6,6,6,6,6,6,6,6,6,6,6,6,6,6,6,6,6,6,6,6,6,6
    ,6,6,8),(0.,3.783865788274E-02,6.40037005762E-02,0.101644374154,
    0.136121615001,0.165203984298,0.24999692509,0.33478986588,
    0.363872235178,0.398349476025,0.435990149602,0.462155192295,
    0.482564365837,0.500000809499,0.525160983313,0.53784536643,
    0.564010377491,0.601651005563,0.636128204728,0.665210538866,
    0.750003377146,0.834796215426,0.863878549565,0.89835574873,
    0.935996376802,0.962161387863,1.),.UNSPECIFIED.);
#3348 = CARTESIAN_POINT('',(6.28318530718,-0.2));
#3349 = CARTESIAN_POINT('',(6.238137415481,-0.2));
#3350 = CARTESIAN_POINT('',(6.193055091147,-0.2));
#3351 = CARTESIAN_POINT('',(6.148246998552,-0.2));
#3352 = CARTESIAN_POINT('',(6.10392778032,-0.2));
#3353 = CARTESIAN_POINT('',(6.060255834181,-0.2));
#3354 = CARTESIAN_POINT('',(6.017353438596,-0.2));
#3355 = CARTESIAN_POINT('',(5.946236087391,-0.2));
#3356 = CARTESIAN_POINT('',(5.917564245634,-0.2));
#3357 = CARTESIAN_POINT('',(5.889310984408,-0.2));
#3358 = CARTESIAN_POINT('',(5.861484351323,-0.2));
#3359 = CARTESIAN_POINT('',(5.834084316653,-0.2));
#3360 = CARTESIAN_POINT('',(5.807103930942,-0.2));
#3361 = CARTESIAN_POINT('',(5.742302282239,-0.2));
#3362 = CARTESIAN_POINT('',(5.704925287539,-0.2));
#3363 = CARTESIAN_POINT('',(5.668354806705,-0.2));
#3364 = CARTESIAN_POINT('',(5.632546428488,-0.2));
#3365 = CARTESIAN_POINT('',(5.597453596715,-0.2));
#3366 = CARTESIAN_POINT('',(5.563025184811,-0.2));
#3367 = CARTESIAN_POINT('',(5.498223465638,-0.2));
#3368 = CARTESIAN_POINT('',(5.467758493782,-0.2));
#3369 = CARTESIAN_POINT('',(5.437767489894,-0.2));
#3370 = CARTESIAN_POINT('',(5.408214461701,-0.2));
#3371 = CARTESIAN_POINT('',(5.37906640179,-0.2));
#3372 = CARTESIAN_POINT('',(5.350291599896,-0.2));
#3373 = CARTESIAN_POINT('',(5.297873502372,-0.2));
#3374 = CARTESIAN_POINT('',(5.27413301421,-0.2));
#3375 = CARTESIAN_POINT('',(5.250618150399,-0.2));
#3376 = CARTESIAN_POINT('',(5.227312178435,-0.2));
#3377 = CARTESIAN_POINT('',(5.20419953226,-0.2));
#3378 = CARTESIAN_POINT('',(5.181265370915,-0.2));
#3379 = CARTESIAN_POINT('',(5.092105942424,-0.2));
#3380 = CARTESIAN_POINT('',(5.027132672585,-0.2));
#3381 = CARTESIAN_POINT('',(4.963185761907,-0.2));
#3382 = CARTESIAN_POINT('',(4.899988863489,-0.2));
#3383 = CARTESIAN_POINT('',(4.837289808834,-0.2));
#3384 = CARTESIAN_POINT('',(4.774847391738,-0.2));
#3385 = CARTESIAN_POINT('',(4.649930569032,-0.2));
#3386 = CARTESIAN_POINT('',(4.587488151933,-0.2));
#3387 = CARTESIAN_POINT('',(4.524789097285,-0.2));
#3388 = CARTESIAN_POINT('',(4.461592198859,-0.2));
#3389 = CARTESIAN_POINT('',(4.397645288187,-0.2));
#3390 = CARTESIAN_POINT('',(4.332672018345,-0.2));
#3391 = CARTESIAN_POINT('',(4.243512589854,-0.2));
#3392 = CARTESIAN_POINT('',(4.22057842851,-0.2));
#3393 = CARTESIAN_POINT('',(4.197465782335,-0.2));
#3394 = CARTESIAN_POINT('',(4.174159810371,-0.2));
#3395 = CARTESIAN_POINT('',(4.15064494656,-0.2));
#3396 = CARTESIAN_POINT('',(4.126904458397,-0.2));
#3397 = CARTESIAN_POINT('',(4.074486360873,-0.2));
#3398 = CARTESIAN_POINT('',(4.04571155898,-0.2));
#3399 = CARTESIAN_POINT('',(4.016563499069,-0.2));
#3400 = CARTESIAN_POINT('',(3.987010470875,-0.2));
#3401 = CARTESIAN_POINT('',(3.957019466988,-0.2));
#3402 = CARTESIAN_POINT('',(3.926554495132,-0.2));
#3403 = CARTESIAN_POINT('',(3.861752775958,-0.2));
#3404 = CARTESIAN_POINT('',(3.827324364054,-0.2));
#3405 = CARTESIAN_POINT('',(3.792231532282,-0.2));
#3406 = CARTESIAN_POINT('',(3.756423154065,-0.2));
#3407 = CARTESIAN_POINT('',(3.71985267323,-0.2));
#3408 = CARTESIAN_POINT('',(3.68247567853,-0.2));
#3409 = CARTESIAN_POINT('',(3.617674029828,-0.2));
#3410 = CARTESIAN_POINT('',(3.590693644117,-0.2));
#3411 = CARTESIAN_POINT('',(3.563293609447,-0.2));
#3412 = CARTESIAN_POINT('',(3.535466976362,-0.2));
#3413 = CARTESIAN_POINT('',(3.507213715135,-0.2));
#3414 = CARTESIAN_POINT('',(3.478541873378,-0.2));
#3415 = CARTESIAN_POINT('',(3.426791195477,-0.2));
#3416 = CARTESIAN_POINT('',(3.40386978999,-0.2));
#3417 = CARTESIAN_POINT('',(3.380714618362,-0.2));
#3418 = CARTESIAN_POINT('',(3.35733945067,-0.2));
#3419 = CARTESIAN_POINT('',(3.33376264066,-0.2));
#3420 = CARTESIAN_POINT('',(3.310008040521,-0.2));
#3421 = CARTESIAN_POINT('',(3.26568529192,-0.2));
#3422 = CARTESIAN_POINT('',(3.245155577203,-0.2));
#3423 = CARTESIAN_POINT('',(3.224536358641,-0.2));
#3424 = CARTESIAN_POINT('',(3.203848007108,-0.2));
#3425 = CARTESIAN_POINT('',(3.183112107409,-0.2));
#3426 = CARTESIAN_POINT('',(3.16235188848,-0.2));
#3427 = CARTESIAN_POINT('',(3.111637809117,-0.2));
#3428 = CARTESIAN_POINT('',(3.081677472137,-0.2));
#3429 = CARTESIAN_POINT('',(3.051792392634,-0.2));
#3430 = CARTESIAN_POINT('',(3.022051070867,-0.2));
#3431 = CARTESIAN_POINT('',(2.992512454023,-0.2));
#3432 = CARTESIAN_POINT('',(2.96322863288,-0.2));
#3433 = CARTESIAN_POINT('',(2.919636856207,-0.2));
#3434 = CARTESIAN_POINT('',(2.905101862913,-0.2));
#3435 = CARTESIAN_POINT('',(2.890647775185,-0.2));
#3436 = CARTESIAN_POINT('',(2.876278955245,-0.2));
#3437 = CARTESIAN_POINT('',(2.861998990217,-0.2));
#3438 = CARTESIAN_POINT('',(2.847810771396,-0.2));
#3439 = CARTESIAN_POINT('',(2.804643433802,-0.2));
#3440 = CARTESIAN_POINT('',(2.775971592045,-0.2));
#3441 = CARTESIAN_POINT('',(2.747718330818,-0.2));
#3442 = CARTESIAN_POINT('',(2.719891697733,-0.2));
#3443 = CARTESIAN_POINT('',(2.692491663063,-0.2));
#3444 = CARTESIAN_POINT('',(2.665511277352,-0.2));
#3445 = CARTESIAN_POINT('',(2.60070962865,-0.2));
#3446 = CARTESIAN_POINT('',(2.563332633949,-0.2));
#3447 = CARTESIAN_POINT('',(2.526762153115,-0.2));
#3448 = CARTESIAN_POINT('',(2.490953774898,-0.2));
#3449 = CARTESIAN_POINT('',(2.455860943126,-0.2));
#3450 = CARTESIAN_POINT('',(2.421432531221,-0.2));
#3451 = CARTESIAN_POINT('',(2.356630812048,-0.2));
#3452 = CARTESIAN_POINT('',(2.326165840192,-0.2));
#3453 = CARTESIAN_POINT('',(2.296174836304,-0.2));
#3454 = CARTESIAN_POINT('',(2.266621808111,-0.2));
#3455 = CARTESIAN_POINT('',(2.2374737482,-0.2));
#3456 = CARTESIAN_POINT('',(2.208698946307,-0.2));
#3457 = CARTESIAN_POINT('',(2.156280848782,-0.2));
#3458 = CARTESIAN_POINT('',(2.13254036062,-0.2));
#3459 = CARTESIAN_POINT('',(2.109025496809,-0.2));
#3460 = CARTESIAN_POINT('',(2.085719524845,-0.2));
#3461 = CARTESIAN_POINT('',(2.06260687867,-0.2));
#3462 = CARTESIAN_POINT('',(2.039672717326,-0.2));
#3463 = CARTESIAN_POINT('',(1.950513288834,-0.2));
#3464 = CARTESIAN_POINT('',(1.885540018993,-0.2));
#3465 = CARTESIAN_POINT('',(1.82159310832,-0.2));
#3466 = CARTESIAN_POINT('',(1.758396209896,-0.2));
#3467 = CARTESIAN_POINT('',(1.695697155247,-0.2));
#3468 = CARTESIAN_POINT('',(1.633254738148,-0.2));
#3469 = CARTESIAN_POINT('',(1.508337915442,-0.2));
#3470 = CARTESIAN_POINT('',(1.445895498343,-0.2));
#3471 = CARTESIAN_POINT('',(1.383196443694,-0.2));
#3472 = CARTESIAN_POINT('',(1.31999954527,-0.2));
#3473 = CARTESIAN_POINT('',(1.256052634597,-0.2));
#3474 = CARTESIAN_POINT('',(1.191079364756,-0.2));
#3475 = CARTESIAN_POINT('',(1.101919936264,-0.2));
#3476 = CARTESIAN_POINT('',(1.07898577492,-0.2));
#3477 = CARTESIAN_POINT('',(1.055873128745,-0.2));
#3478 = CARTESIAN_POINT('',(1.032567156781,-0.2));
#3479 = CARTESIAN_POINT('',(1.00905229297,-0.2));
#3480 = CARTESIAN_POINT('',(0.985311804808,-0.2));
#3481 = CARTESIAN_POINT('',(0.932893707283,-0.2));
#3482 = CARTESIAN_POINT('',(0.90411890539,-0.2));
#3483 = CARTESIAN_POINT('',(0.874970845479,-0.2));
#3484 = CARTESIAN_POINT('',(0.845417817286,-0.2));
#3485 = CARTESIAN_POINT('',(0.815426813398,-0.2));
#3486 = CARTESIAN_POINT('',(0.784961841542,-0.2));
#3487 = CARTESIAN_POINT('',(0.720160122369,-0.2));
#3488 = CARTESIAN_POINT('',(0.685731710464,-0.2));
#3489 = CARTESIAN_POINT('',(0.650638878692,-0.2));
#3490 = CARTESIAN_POINT('',(0.614830500475,-0.2));
#3491 = CARTESIAN_POINT('',(0.578260019641,-0.2));
#3492 = CARTESIAN_POINT('',(0.54088302494,-0.2));
#3493 = CARTESIAN_POINT('',(0.476081376238,-0.2));
#3494 = CARTESIAN_POINT('',(0.449100990527,-0.2));
#3495 = CARTESIAN_POINT('',(0.421700955857,-0.2));
#3496 = CARTESIAN_POINT('',(0.393874322772,-0.2));
#3497 = CARTESIAN_POINT('',(0.365621061545,-0.2));
#3498 = CARTESIAN_POINT('',(0.336949219788,-0.2));
#3499 = CARTESIAN_POINT('',(0.265831868584,-0.2));
#3500 = CARTESIAN_POINT('',(0.222929472998,-0.2));
#3501 = CARTESIAN_POINT('',(0.179257526861,-0.2));
#3502 = CARTESIAN_POINT('',(0.134938308628,-0.2));
#3503 = CARTESIAN_POINT('',(9.013021603211E-02,-0.2));
#3504 = CARTESIAN_POINT('',(4.504789169882E-02,-0.2));
#3505 = CARTESIAN_POINT('',(0.,-0.2));
#3506 = ( GEOMETRIC_REPRESENTATION_CONTEXT(2) 
PARAMETRIC_REPRESENTATION_CONTEXT() REPRESENTATION_CONTEXT('2D SPACE',''
  ) );
#3507 = FACE_BOUND('',#3508,.T.);
#3508 = EDGE_LOOP('',(#3509));
#3509 = ORIENTED_EDGE('',*,*,#3510,.T.);
#3510 = EDGE_CURVE('',#3511,#3511,#3513,.T.);
#3511 = VERTEX_POINT('',#3512);
#3512 = CARTESIAN_POINT('',(32.,27.748541060694,89.548000987474));
#3513 = SURFACE_CURVE('',#3514,(#3519,#3530),.PCURVE_S1.);
#3514 = CIRCLE('',#3515,2.);
#3515 = AXIS2_PLACEMENT_3D('',#3516,#3517,#3518);
#3516 = CARTESIAN_POINT('',(30.,27.748541060694,89.548000987474));
#3517 = DIRECTION('',(0.,-0.939692620786,0.342020143326));
#3518 = DIRECTION('',(1.,0.,0.));
#3519 = PCURVE('',#152,#3520);
#3520 = DEFINITIONAL_REPRESENTATION('',(#3521),#3529);
#3521 = ( BOUNDED_CURVE() B_SPLINE_CURVE(2,(#3522,#3523,#3524,#3525,
#3526,#3527,#3528),.UNSPECIFIED.,.T.,.F.) B_SPLINE_CURVE_WITH_KNOTS((1,2
    ,2,2,2,1),(-2.094395102393,0.,2.094395102393,4.188790204786,
6.28318530718,8.377580409573),.UNSPECIFIED.) CURVE() 
GEOMETRIC_REPRESENTATION_ITEM() RATIONAL_B_SPLINE_CURVE((1.,0.5,1.,0.5,
1.,0.5,1.)) REPRESENTATION_ITEM('') );
#3522 = CARTESIAN_POINT('',(38.940614636862,32.));
#3523 = CARTESIAN_POINT('',(42.404716251999,32.));
#3524 = CARTESIAN_POINT('',(40.672665444431,29.));
#3525 = CARTESIAN_POINT('',(38.940614636862,26.));
#3526 = CARTESIAN_POINT('',(37.208563829293,29.));
#3527 = CARTESIAN_POINT('',(35.476513021724,32.));
#3528 = CARTESIAN_POINT('',(38.940614636862,32.));
#3529 = ( GEOMETRIC_REPRESENTATION_CONTEXT(2) 
PARAMETRIC_REPRESENTATION_CONTEXT() REPRESENTATION_CONTEXT('2D SPACE',''
  ) );
#3530 = PCURVE('',#3531,#3536);
#3531 = CYLINDRICAL_SURFACE('',#3532,2.);
#3532 = AXIS2_PLACEMENT_3D('',#3533,#3534,#3535);
#3533 = CARTESIAN_POINT('',(30.,27.748541060694,89.548000987474));
#3534 = DIRECTION('',(0.,-0.939692620786,0.342020143326));
#3535 = DIRECTION('',(1.,0.,0.));
#3536 = DEFINITIONAL_REPRESENTATION('',(#3537),#3541);
#3537 = LINE('',#3538,#3539);
#3538 = CARTESIAN_POINT('',(0.,0.));
#3539 = VECTOR('',#3540,1.);
#3540 = DIRECTION('',(1.,0.));
#3541 = ( GEOMETRIC_REPRESENTATION_CONTEXT(2) 
PARAMETRIC_REPRESENTATION_CONTEXT() REPRESENTATION_CONTEXT('2D SPACE',''
  ) );
#3542 = ADVANCED_FACE('',(#3543,#4420,#4910,#5116,#5911),#98,.F.);
#3543 = FACE_BOUND('',#3544,.F.);
#3544 = EDGE_LOOP('',(#3545,#3546,#3547,#3570,#3593,#3616,#3639,#3662,
    #3685,#3708,#3731,#3754,#3777,#3800,#3823,#3846,#3869,#3892,#3915,
    #3938,#3961,#3984,#4007,#4030,#4053,#4076,#4099,#4122,#4145,#4168,
    #4191,#4214,#4237,#4260,#4283,#4306,#4329,#4352,#4375,#4398,#4419));
#3545 = ORIENTED_EDGE('',*,*,#82,.T.);
#3546 = ORIENTED_EDGE('',*,*,#244,.T.);
#3547 = ORIENTED_EDGE('',*,*,#3548,.T.);
#3548 = EDGE_CURVE('',#245,#3549,#3551,.T.);
#3549 = VERTEX_POINT('',#3550);
#3550 = CARTESIAN_POINT('',(-55.52936035156,3.58241627662,
    30.169249387899));
#3551 = SURFACE_CURVE('',#3552,(#3556,#3563),.PCURVE_S1.);
#3552 = LINE('',#3553,#3554);
#3553 = CARTESIAN_POINT('',(-55.4599609375,0.676270450774,
    22.184679353744));
#3554 = VECTOR('',#3555,1.);
#3555 = DIRECTION('',(-8.167245317947E-03,0.342008736097,0.939661279684)
  );
#3556 = PCURVE('',#98,#3557);
#3557 = DEFINITIONAL_REPRESENTATION('',(#3558),#3562);
#3558 = LINE('',#3559,#3560);
#3559 = CARTESIAN_POINT('',(-33.61946348813,-55.4599609375));
#3560 = VECTOR('',#3561,1.);
#3561 = DIRECTION('',(0.999966647496,-8.167245317947E-03));
#3562 = ( GEOMETRIC_REPRESENTATION_CONTEXT(2) 
PARAMETRIC_REPRESENTATION_CONTEXT() REPRESENTATION_CONTEXT('2D SPACE',''
  ) );
#3563 = PCURVE('',#283,#3564);
#3564 = DEFINITIONAL_REPRESENTATION('',(#3565),#3569);
#3565 = LINE('',#3566,#3567);
#3566 = CARTESIAN_POINT('',(-2.553512956638E-15,-2.4));
#3567 = VECTOR('',#3568,1.);
#3568 = DIRECTION('',(1.,0.));
#3569 = ( GEOMETRIC_REPRESENTATION_CONTEXT(2) 
PARAMETRIC_REPRESENTATION_CONTEXT() REPRESENTATION_CONTEXT('2D SPACE',''
  ) );
#3570 = ORIENTED_EDGE('',*,*,#3571,.T.);
#3571 = EDGE_CURVE('',#3549,#3572,#3574,.T.);
#3572 = VERTEX_POINT('',#3573);
#3573 = CARTESIAN_POINT('',(-54.7284375,6.613553096641,38.497229356186)
  );
#3574 = SURFACE_CURVE('',#3575,(#3579,#3586),.PCURVE_S1.);
#3575 = LINE('',#3576,#3577);
#3576 = CARTESIAN_POINT('',(-55.52936035156,3.58241627662,
    30.169249387899));
#3577 = VECTOR('',#3578,1.);
#3578 = DIRECTION('',(9.000581020976E-02,0.340631965751,0.935878634245)
  );
#3579 = PCURVE('',#98,#3580);
#3580 = DEFINITIONAL_REPRESENTATION('',(#3581),#3585);
#3581 = LINE('',#3582,#3583);
#3582 = CARTESIAN_POINT('',(-25.12246153501,-55.52936035156));
#3583 = VECTOR('',#3584,1.);
#3584 = DIRECTION('',(0.995941240299,9.000581020976E-02));
#3585 = ( GEOMETRIC_REPRESENTATION_CONTEXT(2) 
PARAMETRIC_REPRESENTATION_CONTEXT() REPRESENTATION_CONTEXT('2D SPACE',''
  ) );
#3586 = PCURVE('',#360,#3587);
#3587 = DEFINITIONAL_REPRESENTATION('',(#3588),#3592);
#3588 = LINE('',#3589,#3590);
#3589 = CARTESIAN_POINT('',(-2.553512956638E-15,-2.4));
#3590 = VECTOR('',#3591,1.);
#3591 = DIRECTION('',(1.,0.));
#3592 = ( GEOMETRIC_REPRESENTATION_CONTEXT(2) 
PARAMETRIC_REPRESENTATION_CONTEXT() REPRESENTATION_CONTEXT('2D SPACE',''
  ) );
#3593 = ORIENTED_EDGE('',*,*,#3594,.T.);
#3594 = EDGE_CURVE('',#3572,#3595,#3597,.T.);
#3595 = VERTEX_POINT('',#3596);
#3596 = CARTESIAN_POINT('',(-53.11974121093,9.730542316702,
    47.061086854986));
#3597 = SURFACE_CURVE('',#3598,(#3602,#3609),.PCURVE_S1.);
#3598 = LINE('',#3599,#3600);
#3599 = CARTESIAN_POINT('',(-54.7284375,6.613553096641,38.497229356186)
  );
#3600 = VECTOR('',#3601,1.);
#3601 = DIRECTION('',(0.173831174946,0.336813046751,0.925386240526));
#3602 = PCURVE('',#98,#3603);
#3603 = DEFINITIONAL_REPRESENTATION('',(#3604),#3608);
#3604 = LINE('',#3605,#3606);
#3605 = CARTESIAN_POINT('',(-16.26001036313,-54.7284375));
#3606 = VECTOR('',#3607,1.);
#3607 = DIRECTION('',(0.984775468123,0.173831174946));
#3608 = ( GEOMETRIC_REPRESENTATION_CONTEXT(2) 
PARAMETRIC_REPRESENTATION_CONTEXT() REPRESENTATION_CONTEXT('2D SPACE',''
  ) );
#3609 = PCURVE('',#388,#3610);
#3610 = DEFINITIONAL_REPRESENTATION('',(#3611),#3615);
#3611 = LINE('',#3612,#3613);
#3612 = CARTESIAN_POINT('',(-2.22044604925E-15,-2.4));
#3613 = VECTOR('',#3614,1.);
#3614 = DIRECTION('',(1.,0.));
#3615 = ( GEOMETRIC_REPRESENTATION_CONTEXT(2) 
PARAMETRIC_REPRESENTATION_CONTEXT() REPRESENTATION_CONTEXT('2D SPACE',''
  ) );
#3616 = ORIENTED_EDGE('',*,*,#3617,.T.);
#3617 = EDGE_CURVE('',#3595,#3618,#3620,.T.);
#3618 = VERTEX_POINT('',#3619);
#3619 = CARTESIAN_POINT('',(-50.7658203125,12.894245342667,
    55.753289480685));
#3620 = SURFACE_CURVE('',#3621,(#3625,#3632),.PCURVE_S1.);
#3621 = LINE('',#3622,#3623);
#3622 = CARTESIAN_POINT('',(-53.11974121093,9.730542316702,
    47.061086854986));
#3623 = VECTOR('',#3624,1.);
#3624 = DIRECTION('',(0.246616605115,0.331456210094,0.910668452771));
#3625 = PCURVE('',#98,#3626);
#3626 = DEFINITIONAL_REPRESENTATION('',(#3627),#3631);
#3627 = LINE('',#3628,#3629);
#3628 = CARTESIAN_POINT('',(-7.146543566263,-53.11974121093));
#3629 = VECTOR('',#3630,1.);
#3630 = DIRECTION('',(0.969113125534,0.246616605115));
#3631 = ( GEOMETRIC_REPRESENTATION_CONTEXT(2) 
PARAMETRIC_REPRESENTATION_CONTEXT() REPRESENTATION_CONTEXT('2D SPACE',''
  ) );
#3632 = PCURVE('',#416,#3633);
#3633 = DEFINITIONAL_REPRESENTATION('',(#3634),#3638);
#3634 = LINE('',#3635,#3636);
#3635 = CARTESIAN_POINT('',(-2.775557561563E-15,-2.4));
#3636 = VECTOR('',#3637,1.);
#3637 = DIRECTION('',(1.,0.));
#3638 = ( GEOMETRIC_REPRESENTATION_CONTEXT(2) 
PARAMETRIC_REPRESENTATION_CONTEXT() REPRESENTATION_CONTEXT('2D SPACE',''
  ) );
#3639 = ORIENTED_EDGE('',*,*,#3640,.T.);
#3640 = EDGE_CURVE('',#3618,#3641,#3643,.T.);
#3641 = VERTEX_POINT('',#3642);
#3642 = CARTESIAN_POINT('',(-47.72922363281,16.0655235804,
    64.466304829664));
#3643 = SURFACE_CURVE('',#3644,(#3648,#3655),.PCURVE_S1.);
#3644 = LINE('',#3645,#3646);
#3645 = CARTESIAN_POINT('',(-50.7658203125,12.894245342667,
    55.753289480685));
#3646 = VECTOR('',#3647,1.);
#3647 = DIRECTION('',(0.311229707024,0.325033615239,0.893022518434));
#3648 = PCURVE('',#98,#3649);
#3649 = DEFINITIONAL_REPRESENTATION('',(#3650),#3654);
#3650 = LINE('',#3651,#3652);
#3651 = CARTESIAN_POINT('',(2.103505261862,-50.7658203125));
#3652 = VECTOR('',#3653,1.);
#3653 = DIRECTION('',(0.950334714438,0.311229707024));
#3654 = ( GEOMETRIC_REPRESENTATION_CONTEXT(2) 
PARAMETRIC_REPRESENTATION_CONTEXT() REPRESENTATION_CONTEXT('2D SPACE',''
  ) );
#3655 = PCURVE('',#444,#3656);
#3656 = DEFINITIONAL_REPRESENTATION('',(#3657),#3661);
#3657 = LINE('',#3658,#3659);
#3658 = CARTESIAN_POINT('',(-2.775557561563E-15,-2.4));
#3659 = VECTOR('',#3660,1.);
#3660 = DIRECTION('',(1.,5.551115123126E-17));
#3661 = ( GEOMETRIC_REPRESENTATION_CONTEXT(2) 
PARAMETRIC_REPRESENTATION_CONTEXT() REPRESENTATION_CONTEXT('2D SPACE',''
  ) );
#3662 = ORIENTED_EDGE('',*,*,#3663,.T.);
#3663 = EDGE_CURVE('',#3641,#3664,#3666,.T.);
#3664 = VERTEX_POINT('',#3665);
#3665 = CARTESIAN_POINT('',(-44.0725,19.205238435765,73.092600498307));
#3666 = SURFACE_CURVE('',#3667,(#3671,#3678),.PCURVE_S1.);
#3667 = LINE('',#3668,#3669);
#3668 = CARTESIAN_POINT('',(-47.72922363281,16.0655235804,
    64.466304829664));
#3669 = VECTOR('',#3670,1.);
#3670 = DIRECTION('',(0.370060630534,0.317739314136,0.872981590861));
#3671 = PCURVE('',#98,#3672);
#3672 = DEFINITIONAL_REPRESENTATION('',(#3673),#3677);
#3673 = LINE('',#3674,#3675);
#3674 = CARTESIAN_POINT('',(11.375702527487,-47.72922363281));
#3675 = VECTOR('',#3676,1.);
#3676 = DIRECTION('',(0.929007604774,0.370060630534));
#3677 = ( GEOMETRIC_REPRESENTATION_CONTEXT(2) 
PARAMETRIC_REPRESENTATION_CONTEXT() REPRESENTATION_CONTEXT('2D SPACE',''
  ) );
#3678 = PCURVE('',#472,#3679);
#3679 = DEFINITIONAL_REPRESENTATION('',(#3680),#3684);
#3680 = LINE('',#3681,#3682);
#3681 = CARTESIAN_POINT('',(9.214851104389E-15,-2.4));
#3682 = VECTOR('',#3683,1.);
#3683 = DIRECTION('',(1.,0.));
#3684 = ( GEOMETRIC_REPRESENTATION_CONTEXT(2) 
PARAMETRIC_REPRESENTATION_CONTEXT() REPRESENTATION_CONTEXT('2D SPACE',''
  ) );
#3685 = ORIENTED_EDGE('',*,*,#3686,.T.);
#3686 = EDGE_CURVE('',#3664,#3687,#3689,.T.);
#3687 = VERTEX_POINT('',#3688);
#3688 = CARTESIAN_POINT('',(-39.85819824218,22.274251314628,
    81.524644082997));
#3689 = SURFACE_CURVE('',#3690,(#3694,#3701),.PCURVE_S1.);
#3690 = LINE('',#3691,#3692);
#3691 = CARTESIAN_POINT('',(-44.0725,19.205238435765,73.092600498307));
#3692 = VECTOR('',#3693,1.);
#3693 = DIRECTION('',(0.425105070247,0.309577484108,0.850557147159));
#3694 = PCURVE('',#98,#3695);
#3695 = DEFINITIONAL_REPRESENTATION('',(#3696),#3700);
#3696 = LINE('',#3697,#3698);
#3697 = CARTESIAN_POINT('',(20.555614636862,-44.0725));
#3698 = VECTOR('',#3699,1.);
#3699 = DIRECTION('',(0.905144010227,0.425105070247));
#3700 = ( GEOMETRIC_REPRESENTATION_CONTEXT(2) 
PARAMETRIC_REPRESENTATION_CONTEXT() REPRESENTATION_CONTEXT('2D SPACE',''
  ) );
#3701 = PCURVE('',#500,#3702);
#3702 = DEFINITIONAL_REPRESENTATION('',(#3703),#3707);
#3703 = LINE('',#3704,#3705);
#3704 = CARTESIAN_POINT('',(3.996802888651E-15,-2.4));
#3705 = VECTOR('',#3706,1.);
#3706 = DIRECTION('',(1.,0.));
#3707 = ( GEOMETRIC_REPRESENTATION_CONTEXT(2) 
PARAMETRIC_REPRESENTATION_CONTEXT() REPRESENTATION_CONTEXT('2D SPACE',''
  ) );
#3708 = ORIENTED_EDGE('',*,*,#3709,.T.);
#3709 = EDGE_CURVE('',#3687,#3710,#3712,.T.);
#3710 = VERTEX_POINT('',#3711);
#3711 = CARTESIAN_POINT('',(-35.1488671875,25.233423622851,
    89.654903180116));
#3712 = SURFACE_CURVE('',#3713,(#3717,#3724),.PCURVE_S1.);
#3713 = LINE('',#3714,#3715);
#3714 = CARTESIAN_POINT('',(-39.85819824218,22.274251314628,
    81.524644082997));
#3715 = VECTOR('',#3716,1.);
#3716 = DIRECTION('',(0.478072370639,0.300403285327,0.825351243166));
#3717 = PCURVE('',#98,#3718);
#3718 = DEFINITIONAL_REPRESENTATION('',(#3719),#3723);
#3719 = LINE('',#3720,#3721);
#3720 = CARTESIAN_POINT('',(29.528807996237,-39.85819824218));
#3721 = VECTOR('',#3722,1.);
#3722 = DIRECTION('',(0.878320447463,0.478072370639));
#3723 = ( GEOMETRIC_REPRESENTATION_CONTEXT(2) 
PARAMETRIC_REPRESENTATION_CONTEXT() REPRESENTATION_CONTEXT('2D SPACE',''
  ) );
#3724 = PCURVE('',#528,#3725);
#3725 = DEFINITIONAL_REPRESENTATION('',(#3726),#3730);
#3726 = LINE('',#3727,#3728);
#3727 = CARTESIAN_POINT('',(2.886579864025E-15,-2.4));
#3728 = VECTOR('',#3729,1.);
#3729 = DIRECTION('',(1.,0.));
#3730 = ( GEOMETRIC_REPRESENTATION_CONTEXT(2) 
PARAMETRIC_REPRESENTATION_CONTEXT() REPRESENTATION_CONTEXT('2D SPACE',''
  ) );
#3731 = ORIENTED_EDGE('',*,*,#3732,.T.);
#3732 = EDGE_CURVE('',#3710,#3733,#3735,.T.);
#3733 = VERTEX_POINT('',#3734);
#3734 = CARTESIAN_POINT('',(-30.00705566406,28.043616766301,
    97.375845386049));
#3735 = SURFACE_CURVE('',#3736,(#3740,#3747),.PCURVE_S1.);
#3736 = LINE('',#3737,#3738);
#3737 = CARTESIAN_POINT('',(-35.1488671875,25.233423622851,
    89.654903180116));
#3738 = VECTOR('',#3739,1.);
#3739 = DIRECTION('',(0.530483099103,0.289928940612,0.796573217577));
#3740 = PCURVE('',#98,#3741);
#3741 = DEFINITIONAL_REPRESENTATION('',(#3742),#3746);
#3742 = LINE('',#3743,#3744);
#3743 = CARTESIAN_POINT('',(38.180849011862,-35.1488671875));
#3744 = VECTOR('',#3745,1.);
#3745 = DIRECTION('',(0.847695512295,0.530483099103));
#3746 = ( GEOMETRIC_REPRESENTATION_CONTEXT(2) 
PARAMETRIC_REPRESENTATION_CONTEXT() REPRESENTATION_CONTEXT('2D SPACE',''
  ) );
#3747 = PCURVE('',#556,#3748);
#3748 = DEFINITIONAL_REPRESENTATION('',(#3749),#3753);
#3749 = LINE('',#3750,#3751);
#3750 = CARTESIAN_POINT('',(2.6645352591E-15,-2.4));
#3751 = VECTOR('',#3752,1.);
#3752 = DIRECTION('',(1.,0.));
#3753 = ( GEOMETRIC_REPRESENTATION_CONTEXT(2) 
PARAMETRIC_REPRESENTATION_CONTEXT() REPRESENTATION_CONTEXT('2D SPACE',''
  ) );
#3754 = ORIENTED_EDGE('',*,*,#3755,.T.);
#3755 = EDGE_CURVE('',#3733,#3756,#3758,.T.);
#3756 = VERTEX_POINT('',#3757);
#3757 = CARTESIAN_POINT('',(-24.4953125,30.66569215084,104.57993829717)
  );
#3758 = SURFACE_CURVE('',#3759,(#3763,#3770),.PCURVE_S1.);
#3759 = LINE('',#3760,#3761);
#3760 = CARTESIAN_POINT('',(-30.00705566406,28.043616766301,
    97.375845386049));
#3761 = VECTOR('',#3762,1.);
#3762 = DIRECTION('',(0.583740276747,0.277699988019,0.762974446464));
#3763 = PCURVE('',#98,#3764);
#3764 = DEFINITIONAL_REPRESENTATION('',(#3765),#3769);
#3765 = LINE('',#3766,#3767);
#3766 = CARTESIAN_POINT('',(46.397304089987,-30.00705566406));
#3767 = VECTOR('',#3768,1.);
#3768 = DIRECTION('',(0.811940446894,0.583740276747));
#3769 = ( GEOMETRIC_REPRESENTATION_CONTEXT(2) 
PARAMETRIC_REPRESENTATION_CONTEXT() REPRESENTATION_CONTEXT('2D SPACE',''
  ) );
#3770 = PCURVE('',#584,#3771);
#3771 = DEFINITIONAL_REPRESENTATION('',(#3772),#3776);
#3772 = LINE('',#3773,#3774);
#3773 = CARTESIAN_POINT('',(2.553512956638E-15,-2.4));
#3774 = VECTOR('',#3775,1.);
#3775 = DIRECTION('',(1.,0.));
#3776 = ( GEOMETRIC_REPRESENTATION_CONTEXT(2) 
PARAMETRIC_REPRESENTATION_CONTEXT() REPRESENTATION_CONTEXT('2D SPACE',''
  ) );
#3777 = ORIENTED_EDGE('',*,*,#3778,.T.);
#3778 = EDGE_CURVE('',#3756,#3779,#3781,.T.);
#3779 = VERTEX_POINT('',#3780);
#3780 = CARTESIAN_POINT('',(-18.67618652343,33.060511182333,
    111.15964950988));
#3781 = SURFACE_CURVE('',#3782,(#3786,#3793),.PCURVE_S1.);
#3782 = LINE('',#3783,#3784);
#3783 = CARTESIAN_POINT('',(-24.4953125,30.66569215084,104.57993829717)
  );
#3784 = VECTOR('',#3785,1.);
#3785 = DIRECTION('',(0.639155791915,0.263039923991,0.72269625158));
#3786 = PCURVE('',#98,#3787);
#3787 = DEFINITIONAL_REPRESENTATION('',(#3788),#3792);
#3788 = LINE('',#3789,#3790);
#3789 = CARTESIAN_POINT('',(54.063739636862,-24.4953125));
#3790 = VECTOR('',#3791,1.);
#3791 = DIRECTION('',(0.769077287183,0.639155791915));
#3792 = ( GEOMETRIC_REPRESENTATION_CONTEXT(2) 
PARAMETRIC_REPRESENTATION_CONTEXT() REPRESENTATION_CONTEXT('2D SPACE',''
  ) );
#3793 = PCURVE('',#612,#3794);
#3794 = DEFINITIONAL_REPRESENTATION('',(#3795),#3799);
#3795 = LINE('',#3796,#3797);
#3796 = CARTESIAN_POINT('',(1.665334536938E-15,-2.4));
#3797 = VECTOR('',#3798,1.);
#3798 = DIRECTION('',(1.,-2.775557561563E-17));
#3799 = ( GEOMETRIC_REPRESENTATION_CONTEXT(2) 
PARAMETRIC_REPRESENTATION_CONTEXT() REPRESENTATION_CONTEXT('2D SPACE',''
  ) );
#3800 = ORIENTED_EDGE('',*,*,#3801,.T.);
#3801 = EDGE_CURVE('',#3779,#3802,#3804,.T.);
#3802 = VERTEX_POINT('',#3803);
#3803 = CARTESIAN_POINT('',(-12.6122265625,35.188935266646,
    117.00744662055));
#3804 = SURFACE_CURVE('',#3805,(#3809,#3816),.PCURVE_S1.);
#3805 = LINE('',#3806,#3807);
#3806 = CARTESIAN_POINT('',(-18.67618652343,33.060511182333,
    111.15964950988));
#3807 = VECTOR('',#3808,1.);
#3808 = DIRECTION('',(0.697890161098,0.244956470137,0.673012370452));
#3809 = PCURVE('',#98,#3810);
#3810 = DEFINITIONAL_REPRESENTATION('',(#3811),#3815);
#3811 = LINE('',#3812,#3813);
#3812 = CARTESIAN_POINT('',(61.065722058737,-18.67618652343));
#3813 = VECTOR('',#3814,1.);
#3814 = DIRECTION('',(0.716204805236,0.697890161098));
#3815 = ( GEOMETRIC_REPRESENTATION_CONTEXT(2) 
PARAMETRIC_REPRESENTATION_CONTEXT() REPRESENTATION_CONTEXT('2D SPACE',''
  ) );
#3816 = PCURVE('',#640,#3817);
#3817 = DEFINITIONAL_REPRESENTATION('',(#3818),#3822);
#3818 = LINE('',#3819,#3820);
#3819 = CARTESIAN_POINT('',(6.439293542826E-15,-2.4));
#3820 = VECTOR('',#3821,1.);
#3821 = DIRECTION('',(1.,-2.775557561563E-17));
#3822 = ( GEOMETRIC_REPRESENTATION_CONTEXT(2) 
PARAMETRIC_REPRESENTATION_CONTEXT() REPRESENTATION_CONTEXT('2D SPACE',''
  ) );
#3823 = ORIENTED_EDGE('',*,*,#3824,.T.);
#3824 = EDGE_CURVE('',#3802,#3825,#3827,.T.);
#3825 = VERTEX_POINT('',#3826);
#3826 = CARTESIAN_POINT('',(-6.365981445313,37.011825809641,
    122.01579722557));
#3827 = SURFACE_CURVE('',#3828,(#3832,#3839),.PCURVE_S1.);
#3828 = LINE('',#3829,#3830);
#3829 = CARTESIAN_POINT('',(-12.6122265625,35.188935266646,
    117.00744662055));
#3830 = VECTOR('',#3831,1.);
#3831 = DIRECTION('',(0.760707919354,0.222003338991,0.609949160921));
#3832 = PCURVE('',#98,#3833);
#3833 = DEFINITIONAL_REPRESENTATION('',(#3834),#3838);
#3834 = LINE('',#3835,#3836);
#3835 = CARTESIAN_POINT('',(67.288817761862,-12.6122265625));
#3836 = VECTOR('',#3837,1.);
#3837 = DIRECTION('',(0.649094339393,0.760707919354));
#3838 = ( GEOMETRIC_REPRESENTATION_CONTEXT(2) 
PARAMETRIC_REPRESENTATION_CONTEXT() REPRESENTATION_CONTEXT('2D SPACE',''
  ) );
#3839 = PCURVE('',#668,#3840);
#3840 = DEFINITIONAL_REPRESENTATION('',(#3841),#3845);
#3841 = LINE('',#3842,#3843);
#3842 = CARTESIAN_POINT('',(4.440892098501E-16,-2.4));
#3843 = VECTOR('',#3844,1.);
#3844 = DIRECTION('',(1.,0.));
#3845 = ( GEOMETRIC_REPRESENTATION_CONTEXT(2) 
PARAMETRIC_REPRESENTATION_CONTEXT() REPRESENTATION_CONTEXT('2D SPACE',''
  ) );
#3846 = ORIENTED_EDGE('',*,*,#3847,.T.);
#3847 = EDGE_CURVE('',#3825,#3848,#3850,.T.);
#3848 = VERTEX_POINT('',#3849);
#3849 = CARTESIAN_POINT('',(0.,38.490044217183,126.07716892132));
#3850 = SURFACE_CURVE('',#3851,(#3855,#3862),.PCURVE_S1.);
#3851 = LINE('',#3852,#3853);
#3852 = CARTESIAN_POINT('',(-6.365981445313,37.011825809641,
    122.01579722557));
#3853 = VECTOR('',#3854,1.);
#3854 = DIRECTION('',(0.827339984276,0.192113220021,0.527826733987));
#3855 = PCURVE('',#98,#3856);
#3856 = DEFINITIONAL_REPRESENTATION('',(#3857),#3861);
#3857 = LINE('',#3858,#3859);
#3858 = CARTESIAN_POINT('',(72.618593152487,-6.365981445313));
#3859 = VECTOR('',#3860,1.);
#3860 = DIRECTION('',(0.561701478027,0.827339984276));
#3861 = ( GEOMETRIC_REPRESENTATION_CONTEXT(2) 
PARAMETRIC_REPRESENTATION_CONTEXT() REPRESENTATION_CONTEXT('2D SPACE',''
  ) );
#3862 = PCURVE('',#696,#3863);
#3863 = DEFINITIONAL_REPRESENTATION('',(#3864),#3868);
#3864 = LINE('',#3865,#3866);
#3865 = CARTESIAN_POINT('',(5.384581669432E-15,-2.4));
#3866 = VECTOR('',#3867,1.);
#3867 = DIRECTION('',(1.,0.));
#3868 = ( GEOMETRIC_REPRESENTATION_CONTEXT(2) 
PARAMETRIC_REPRESENTATION_CONTEXT() REPRESENTATION_CONTEXT('2D SPACE',''
  ) );
#3869 = ORIENTED_EDGE('',*,*,#3870,.T.);
#3870 = EDGE_CURVE('',#3848,#3871,#3873,.T.);
#3871 = VERTEX_POINT('',#3872);
#3872 = CARTESIAN_POINT('',(6.365981445313,37.011825809641,
    122.01579722557));
#3873 = SURFACE_CURVE('',#3874,(#3878,#3885),.PCURVE_S1.);
#3874 = LINE('',#3875,#3876);
#3875 = CARTESIAN_POINT('',(0.,38.490044217183,126.07716892132));
#3876 = VECTOR('',#3877,1.);
#3877 = DIRECTION('',(0.827339984276,-0.192113220021,-0.527826733987));
#3878 = PCURVE('',#98,#3879);
#3879 = DEFINITIONAL_REPRESENTATION('',(#3880),#3884);
#3880 = LINE('',#3881,#3882);
#3881 = CARTESIAN_POINT('',(76.940614636862,1.155288936034E-15));
#3882 = VECTOR('',#3883,1.);
#3883 = DIRECTION('',(-0.561701478027,0.827339984276));
#3884 = ( GEOMETRIC_REPRESENTATION_CONTEXT(2) 
PARAMETRIC_REPRESENTATION_CONTEXT() REPRESENTATION_CONTEXT('2D SPACE',''
  ) );
#3885 = PCURVE('',#724,#3886);
#3886 = DEFINITIONAL_REPRESENTATION('',(#3887),#3891);
#3887 = LINE('',#3888,#3889);
#3888 = CARTESIAN_POINT('',(-5.384581669432E-15,-2.4));
#3889 = VECTOR('',#3890,1.);
#3890 = DIRECTION('',(1.,0.));
#3891 = ( GEOMETRIC_REPRESENTATION_CONTEXT(2) 
PARAMETRIC_REPRESENTATION_CONTEXT() REPRESENTATION_CONTEXT('2D SPACE',''
  ) );
#3892 = ORIENTED_EDGE('',*,*,#3893,.T.);
#3893 = EDGE_CURVE('',#3871,#3894,#3896,.T.);
#3894 = VERTEX_POINT('',#3895);
#3895 = CARTESIAN_POINT('',(12.6122265625,35.188935266646,
    117.00744662055));
#3896 = SURFACE_CURVE('',#3897,(#3901,#3908),.PCURVE_S1.);
#3897 = LINE('',#3898,#3899);
#3898 = CARTESIAN_POINT('',(6.365981445313,37.011825809641,
    122.01579722557));
#3899 = VECTOR('',#3900,1.);
#3900 = DIRECTION('',(0.760707919354,-0.222003338991,-0.609949160921));
#3901 = PCURVE('',#98,#3902);
#3902 = DEFINITIONAL_REPRESENTATION('',(#3903),#3907);
#3903 = LINE('',#3904,#3905);
#3904 = CARTESIAN_POINT('',(72.618593152487,6.365981445313));
#3905 = VECTOR('',#3906,1.);
#3906 = DIRECTION('',(-0.649094339393,0.760707919354));
#3907 = ( GEOMETRIC_REPRESENTATION_CONTEXT(2) 
PARAMETRIC_REPRESENTATION_CONTEXT() REPRESENTATION_CONTEXT('2D SPACE',''
  ) );
#3908 = PCURVE('',#752,#3909);
#3909 = DEFINITIONAL_REPRESENTATION('',(#3910),#3914);
#3910 = LINE('',#3911,#3912);
#3911 = CARTESIAN_POINT('',(-5.551115123126E-15,-2.4));
#3912 = VECTOR('',#3913,1.);
#3913 = DIRECTION('',(1.,0.));
#3914 = ( GEOMETRIC_REPRESENTATION_CONTEXT(2) 
PARAMETRIC_REPRESENTATION_CONTEXT() REPRESENTATION_CONTEXT('2D SPACE',''
  ) );
#3915 = ORIENTED_EDGE('',*,*,#3916,.T.);
#3916 = EDGE_CURVE('',#3894,#3917,#3919,.T.);
#3917 = VERTEX_POINT('',#3918);
#3918 = CARTESIAN_POINT('',(18.676186523438,33.060511182333,
    111.15964950988));
#3919 = SURFACE_CURVE('',#3920,(#3924,#3931),.PCURVE_S1.);
#3920 = LINE('',#3921,#3922);
#3921 = CARTESIAN_POINT('',(12.6122265625,35.188935266646,
    117.00744662055));
#3922 = VECTOR('',#3923,1.);
#3923 = DIRECTION('',(0.697890161098,-0.244956470137,-0.673012370452));
#3924 = PCURVE('',#98,#3925);
#3925 = DEFINITIONAL_REPRESENTATION('',(#3926),#3930);
#3926 = LINE('',#3927,#3928);
#3927 = CARTESIAN_POINT('',(67.288817761862,12.6122265625));
#3928 = VECTOR('',#3929,1.);
#3929 = DIRECTION('',(-0.716204805236,0.697890161098));
#3930 = ( GEOMETRIC_REPRESENTATION_CONTEXT(2) 
PARAMETRIC_REPRESENTATION_CONTEXT() REPRESENTATION_CONTEXT('2D SPACE',''
  ) );
#3931 = PCURVE('',#780,#3932);
#3932 = DEFINITIONAL_REPRESENTATION('',(#3933),#3937);
#3933 = LINE('',#3934,#3935);
#3934 = CARTESIAN_POINT('',(-5.551115123126E-16,-2.4));
#3935 = VECTOR('',#3936,1.);
#3936 = DIRECTION('',(1.,2.775557561563E-17));
#3937 = ( GEOMETRIC_REPRESENTATION_CONTEXT(2) 
PARAMETRIC_REPRESENTATION_CONTEXT() REPRESENTATION_CONTEXT('2D SPACE',''
  ) );
#3938 = ORIENTED_EDGE('',*,*,#3939,.T.);
#3939 = EDGE_CURVE('',#3917,#3940,#3942,.T.);
#3940 = VERTEX_POINT('',#3941);
#3941 = CARTESIAN_POINT('',(24.4953125,30.66569215084,104.57993829717));
#3942 = SURFACE_CURVE('',#3943,(#3947,#3954),.PCURVE_S1.);
#3943 = LINE('',#3944,#3945);
#3944 = CARTESIAN_POINT('',(18.676186523438,33.060511182333,
    111.15964950988));
#3945 = VECTOR('',#3946,1.);
#3946 = DIRECTION('',(0.639155791915,-0.263039923991,-0.72269625158));
#3947 = PCURVE('',#98,#3948);
#3948 = DEFINITIONAL_REPRESENTATION('',(#3949),#3953);
#3949 = LINE('',#3950,#3951);
#3950 = CARTESIAN_POINT('',(61.065722058737,18.676186523438));
#3951 = VECTOR('',#3952,1.);
#3952 = DIRECTION('',(-0.769077287183,0.639155791915));
#3953 = ( GEOMETRIC_REPRESENTATION_CONTEXT(2) 
PARAMETRIC_REPRESENTATION_CONTEXT() REPRESENTATION_CONTEXT('2D SPACE',''
  ) );
#3954 = PCURVE('',#808,#3955);
#3955 = DEFINITIONAL_REPRESENTATION('',(#3956),#3960);
#3956 = LINE('',#3957,#3958);
#3957 = CARTESIAN_POINT('',(-6.661338147751E-15,-2.4));
#3958 = VECTOR('',#3959,1.);
#3959 = DIRECTION('',(1.,2.775557561563E-17));
#3960 = ( GEOMETRIC_REPRESENTATION_CONTEXT(2) 
PARAMETRIC_REPRESENTATION_CONTEXT() REPRESENTATION_CONTEXT('2D SPACE',''
  ) );
#3961 = ORIENTED_EDGE('',*,*,#3962,.T.);
#3962 = EDGE_CURVE('',#3940,#3963,#3965,.T.);
#3963 = VERTEX_POINT('',#3964);
#3964 = CARTESIAN_POINT('',(30.007055664063,28.043616766301,
    97.375845386049));
#3965 = SURFACE_CURVE('',#3966,(#3970,#3977),.PCURVE_S1.);
#3966 = LINE('',#3967,#3968);
#3967 = CARTESIAN_POINT('',(24.4953125,30.66569215084,104.57993829717));
#3968 = VECTOR('',#3969,1.);
#3969 = DIRECTION('',(0.583740276747,-0.277699988019,-0.762974446464));
#3970 = PCURVE('',#98,#3971);
#3971 = DEFINITIONAL_REPRESENTATION('',(#3972),#3976);
#3972 = LINE('',#3973,#3974);
#3973 = CARTESIAN_POINT('',(54.063739636862,24.4953125));
#3974 = VECTOR('',#3975,1.);
#3975 = DIRECTION('',(-0.811940446894,0.583740276747));
#3976 = ( GEOMETRIC_REPRESENTATION_CONTEXT(2) 
PARAMETRIC_REPRESENTATION_CONTEXT() REPRESENTATION_CONTEXT('2D SPACE',''
  ) );
#3977 = PCURVE('',#836,#3978);
#3978 = DEFINITIONAL_REPRESENTATION('',(#3979),#3983);
#3979 = LINE('',#3980,#3981);
#3980 = CARTESIAN_POINT('',(-1.554312234475E-15,-2.4));
#3981 = VECTOR('',#3982,1.);
#3982 = DIRECTION('',(1.,0.));
#3983 = ( GEOMETRIC_REPRESENTATION_CONTEXT(2) 
PARAMETRIC_REPRESENTATION_CONTEXT() REPRESENTATION_CONTEXT('2D SPACE',''
  ) );
#3984 = ORIENTED_EDGE('',*,*,#3985,.T.);
#3985 = EDGE_CURVE('',#3963,#3986,#3988,.T.);
#3986 = VERTEX_POINT('',#3987);
#3987 = CARTESIAN_POINT('',(35.1488671875,25.233423622851,
    89.654903180116));
#3988 = SURFACE_CURVE('',#3989,(#3993,#4000),.PCURVE_S1.);
#3989 = LINE('',#3990,#3991);
#3990 = CARTESIAN_POINT('',(30.007055664063,28.043616766301,
    97.375845386049));
#3991 = VECTOR('',#3992,1.);
#3992 = DIRECTION('',(0.530483099103,-0.289928940612,-0.796573217577));
#3993 = PCURVE('',#98,#3994);
#3994 = DEFINITIONAL_REPRESENTATION('',(#3995),#3999);
#3995 = LINE('',#3996,#3997);
#3996 = CARTESIAN_POINT('',(46.397304089987,30.007055664063));
#3997 = VECTOR('',#3998,1.);
#3998 = DIRECTION('',(-0.847695512295,0.530483099103));
#3999 = ( GEOMETRIC_REPRESENTATION_CONTEXT(2) 
PARAMETRIC_REPRESENTATION_CONTEXT() REPRESENTATION_CONTEXT('2D SPACE',''
  ) );
#4000 = PCURVE('',#864,#4001);
#4001 = DEFINITIONAL_REPRESENTATION('',(#4002),#4006);
#4002 = LINE('',#4003,#4004);
#4003 = CARTESIAN_POINT('',(-2.6645352591E-15,-2.4));
#4004 = VECTOR('',#4005,1.);
#4005 = DIRECTION('',(1.,0.));
#4006 = ( GEOMETRIC_REPRESENTATION_CONTEXT(2) 
PARAMETRIC_REPRESENTATION_CONTEXT() REPRESENTATION_CONTEXT('2D SPACE',''
  ) );
#4007 = ORIENTED_EDGE('',*,*,#4008,.T.);
#4008 = EDGE_CURVE('',#3986,#4009,#4011,.T.);
#4009 = VERTEX_POINT('',#4010);
#4010 = CARTESIAN_POINT('',(39.858198242188,22.274251314628,
    81.524644082997));
#4011 = SURFACE_CURVE('',#4012,(#4016,#4023),.PCURVE_S1.);
#4012 = LINE('',#4013,#4014);
#4013 = CARTESIAN_POINT('',(35.1488671875,25.233423622851,
    89.654903180116));
#4014 = VECTOR('',#4015,1.);
#4015 = DIRECTION('',(0.478072370639,-0.300403285327,-0.825351243166));
#4016 = PCURVE('',#98,#4017);
#4017 = DEFINITIONAL_REPRESENTATION('',(#4018),#4022);
#4018 = LINE('',#4019,#4020);
#4019 = CARTESIAN_POINT('',(38.180849011862,35.1488671875));
#4020 = VECTOR('',#4021,1.);
#4021 = DIRECTION('',(-0.878320447463,0.478072370639));
#4022 = ( GEOMETRIC_REPRESENTATION_CONTEXT(2) 
PARAMETRIC_REPRESENTATION_CONTEXT() REPRESENTATION_CONTEXT('2D SPACE',''
  ) );
#4023 = PCURVE('',#892,#4024);
#4024 = DEFINITIONAL_REPRESENTATION('',(#4025),#4029);
#4025 = LINE('',#4026,#4027);
#4026 = CARTESIAN_POINT('',(-2.886579864025E-15,-2.4));
#4027 = VECTOR('',#4028,1.);
#4028 = DIRECTION('',(1.,0.));
#4029 = ( GEOMETRIC_REPRESENTATION_CONTEXT(2) 
PARAMETRIC_REPRESENTATION_CONTEXT() REPRESENTATION_CONTEXT('2D SPACE',''
  ) );
#4030 = ORIENTED_EDGE('',*,*,#4031,.T.);
#4031 = EDGE_CURVE('',#4009,#4032,#4034,.T.);
#4032 = VERTEX_POINT('',#4033);
#4033 = CARTESIAN_POINT('',(44.0725,19.205238435765,73.092600498307));
#4034 = SURFACE_CURVE('',#4035,(#4039,#4046),.PCURVE_S1.);
#4035 = LINE('',#4036,#4037);
#4036 = CARTESIAN_POINT('',(39.858198242188,22.274251314628,
    81.524644082997));
#4037 = VECTOR('',#4038,1.);
#4038 = DIRECTION('',(0.425105070247,-0.309577484108,-0.850557147159));
#4039 = PCURVE('',#98,#4040);
#4040 = DEFINITIONAL_REPRESENTATION('',(#4041),#4045);
#4041 = LINE('',#4042,#4043);
#4042 = CARTESIAN_POINT('',(29.528807996237,39.858198242188));
#4043 = VECTOR('',#4044,1.);
#4044 = DIRECTION('',(-0.905144010227,0.425105070247));
#4045 = ( GEOMETRIC_REPRESENTATION_CONTEXT(2) 
PARAMETRIC_REPRESENTATION_CONTEXT() REPRESENTATION_CONTEXT('2D SPACE',''
  ) );
#4046 = PCURVE('',#920,#4047);
#4047 = DEFINITIONAL_REPRESENTATION('',(#4048),#4052);
#4048 = LINE('',#4049,#4050);
#4049 = CARTESIAN_POINT('',(-2.886579864025E-15,-2.4));
#4050 = VECTOR('',#4051,1.);
#4051 = DIRECTION('',(1.,0.));
#4052 = ( GEOMETRIC_REPRESENTATION_CONTEXT(2) 
PARAMETRIC_REPRESENTATION_CONTEXT() REPRESENTATION_CONTEXT('2D SPACE',''
  ) );
#4053 = ORIENTED_EDGE('',*,*,#4054,.T.);
#4054 = EDGE_CURVE('',#4032,#4055,#4057,.T.);
#4055 = VERTEX_POINT('',#4056);
#4056 = CARTESIAN_POINT('',(47.729223632813,16.0655235804,
    64.466304829664));
#4057 = SURFACE_CURVE('',#4058,(#4062,#4069),.PCURVE_S1.);
#4058 = LINE('',#4059,#4060);
#4059 = CARTESIAN_POINT('',(44.0725,19.205238435765,73.092600498307));
#4060 = VECTOR('',#4061,1.);
#4061 = DIRECTION('',(0.370060630534,-0.317739314136,-0.872981590861));
#4062 = PCURVE('',#98,#4063);
#4063 = DEFINITIONAL_REPRESENTATION('',(#4064),#4068);
#4064 = LINE('',#4065,#4066);
#4065 = CARTESIAN_POINT('',(20.555614636862,44.0725));
#4066 = VECTOR('',#4067,1.);
#4067 = DIRECTION('',(-0.929007604774,0.370060630534));
#4068 = ( GEOMETRIC_REPRESENTATION_CONTEXT(2) 
PARAMETRIC_REPRESENTATION_CONTEXT() REPRESENTATION_CONTEXT('2D SPACE',''
  ) );
#4069 = PCURVE('',#948,#4070);
#4070 = DEFINITIONAL_REPRESENTATION('',(#4071),#4075);
#4071 = LINE('',#4072,#4073);
#4072 = CARTESIAN_POINT('',(-4.107825191113E-15,-2.4));
#4073 = VECTOR('',#4074,1.);
#4074 = DIRECTION('',(1.,0.));
#4075 = ( GEOMETRIC_REPRESENTATION_CONTEXT(2) 
PARAMETRIC_REPRESENTATION_CONTEXT() REPRESENTATION_CONTEXT('2D SPACE',''
  ) );
#4076 = ORIENTED_EDGE('',*,*,#4077,.T.);
#4077 = EDGE_CURVE('',#4055,#4078,#4080,.T.);
#4078 = VERTEX_POINT('',#4079);
#4079 = CARTESIAN_POINT('',(50.7658203125,12.894245342667,
    55.753289480685));
#4080 = SURFACE_CURVE('',#4081,(#4085,#4092),.PCURVE_S1.);
#4081 = LINE('',#4082,#4083);
#4082 = CARTESIAN_POINT('',(47.729223632813,16.0655235804,
    64.466304829664));
#4083 = VECTOR('',#4084,1.);
#4084 = DIRECTION('',(0.311229707024,-0.325033615239,-0.893022518434));
#4085 = PCURVE('',#98,#4086);
#4086 = DEFINITIONAL_REPRESENTATION('',(#4087),#4091);
#4087 = LINE('',#4088,#4089);
#4088 = CARTESIAN_POINT('',(11.375702527487,47.729223632813));
#4089 = VECTOR('',#4090,1.);
#4090 = DIRECTION('',(-0.950334714438,0.311229707024));
#4091 = ( GEOMETRIC_REPRESENTATION_CONTEXT(2) 
PARAMETRIC_REPRESENTATION_CONTEXT() REPRESENTATION_CONTEXT('2D SPACE',''
  ) );
#4092 = PCURVE('',#976,#4093);
#4093 = DEFINITIONAL_REPRESENTATION('',(#4094),#4098);
#4094 = LINE('',#4095,#4096);
#4095 = CARTESIAN_POINT('',(-9.325873406851E-15,-2.4));
#4096 = VECTOR('',#4097,1.);
#4097 = DIRECTION('',(1.,-5.551115123126E-17));
#4098 = ( GEOMETRIC_REPRESENTATION_CONTEXT(2) 
PARAMETRIC_REPRESENTATION_CONTEXT() REPRESENTATION_CONTEXT('2D SPACE',''
  ) );
#4099 = ORIENTED_EDGE('',*,*,#4100,.T.);
#4100 = EDGE_CURVE('',#4078,#4101,#4103,.T.);
#4101 = VERTEX_POINT('',#4102);
#4102 = CARTESIAN_POINT('',(53.119741210938,9.730542316702,
    47.061086854986));
#4103 = SURFACE_CURVE('',#4104,(#4108,#4115),.PCURVE_S1.);
#4104 = LINE('',#4105,#4106);
#4105 = CARTESIAN_POINT('',(50.7658203125,12.894245342667,
    55.753289480685));
#4106 = VECTOR('',#4107,1.);
#4107 = DIRECTION('',(0.246616605115,-0.331456210094,-0.910668452771));
#4108 = PCURVE('',#98,#4109);
#4109 = DEFINITIONAL_REPRESENTATION('',(#4110),#4114);
#4110 = LINE('',#4111,#4112);
#4111 = CARTESIAN_POINT('',(2.103505261862,50.7658203125));
#4112 = VECTOR('',#4113,1.);
#4113 = DIRECTION('',(-0.969113125534,0.246616605115));
#4114 = ( GEOMETRIC_REPRESENTATION_CONTEXT(2) 
PARAMETRIC_REPRESENTATION_CONTEXT() REPRESENTATION_CONTEXT('2D SPACE',''
  ) );
#4115 = PCURVE('',#1004,#4116);
#4116 = DEFINITIONAL_REPRESENTATION('',(#4117),#4121);
#4117 = LINE('',#4118,#4119);
#4118 = CARTESIAN_POINT('',(2.775557561563E-15,-2.4));
#4119 = VECTOR('',#4120,1.);
#4120 = DIRECTION('',(1.,0.));
#4121 = ( GEOMETRIC_REPRESENTATION_CONTEXT(2) 
PARAMETRIC_REPRESENTATION_CONTEXT() REPRESENTATION_CONTEXT('2D SPACE',''
  ) );
#4122 = ORIENTED_EDGE('',*,*,#4123,.T.);
#4123 = EDGE_CURVE('',#4101,#4124,#4126,.T.);
#4124 = VERTEX_POINT('',#4125);
#4125 = CARTESIAN_POINT('',(54.7284375,6.613553096641,38.497229356186));
#4126 = SURFACE_CURVE('',#4127,(#4131,#4138),.PCURVE_S1.);
#4127 = LINE('',#4128,#4129);
#4128 = CARTESIAN_POINT('',(53.119741210938,9.730542316702,
    47.061086854986));
#4129 = VECTOR('',#4130,1.);
#4130 = DIRECTION('',(0.173831174946,-0.336813046751,-0.925386240526));
#4131 = PCURVE('',#98,#4132);
#4132 = DEFINITIONAL_REPRESENTATION('',(#4133),#4137);
#4133 = LINE('',#4134,#4135);
#4134 = CARTESIAN_POINT('',(-7.146543566263,53.119741210938));
#4135 = VECTOR('',#4136,1.);
#4136 = DIRECTION('',(-0.984775468123,0.173831174946));
#4137 = ( GEOMETRIC_REPRESENTATION_CONTEXT(2) 
PARAMETRIC_REPRESENTATION_CONTEXT() REPRESENTATION_CONTEXT('2D SPACE',''
  ) );
#4138 = PCURVE('',#1032,#4139);
#4139 = DEFINITIONAL_REPRESENTATION('',(#4140),#4144);
#4140 = LINE('',#4141,#4142);
#4141 = CARTESIAN_POINT('',(2.775557561563E-15,-2.4));
#4142 = VECTOR('',#4143,1.);
#4143 = DIRECTION('',(1.,0.));
#4144 = ( GEOMETRIC_REPRESENTATION_CONTEXT(2) 
PARAMETRIC_REPRESENTATION_CONTEXT() REPRESENTATION_CONTEXT('2D SPACE',''
  ) );
#4145 = ORIENTED_EDGE('',*,*,#4146,.T.);
#4146 = EDGE_CURVE('',#4124,#4147,#4149,.T.);
#4147 = VERTEX_POINT('',#4148);
#4148 = CARTESIAN_POINT('',(55.529360351563,3.58241627662,
    30.169249387899));
#4149 = SURFACE_CURVE('',#4150,(#4154,#4161),.PCURVE_S1.);
#4150 = LINE('',#4151,#4152);
#4151 = CARTESIAN_POINT('',(54.7284375,6.613553096641,38.497229356186));
#4152 = VECTOR('',#4153,1.);
#4153 = DIRECTION('',(9.000581020976E-02,-0.340631965751,-0.935878634245
    ));
#4154 = PCURVE('',#98,#4155);
#4155 = DEFINITIONAL_REPRESENTATION('',(#4156),#4160);
#4156 = LINE('',#4157,#4158);
#4157 = CARTESIAN_POINT('',(-16.26001036313,54.7284375));
#4158 = VECTOR('',#4159,1.);
#4159 = DIRECTION('',(-0.995941240299,9.000581020976E-02));
#4160 = ( GEOMETRIC_REPRESENTATION_CONTEXT(2) 
PARAMETRIC_REPRESENTATION_CONTEXT() REPRESENTATION_CONTEXT('2D SPACE',''
  ) );
#4161 = PCURVE('',#1060,#4162);
#4162 = DEFINITIONAL_REPRESENTATION('',(#4163),#4167);
#4163 = LINE('',#4164,#4165);
#4164 = CARTESIAN_POINT('',(2.331468351713E-15,-2.4));
#4165 = VECTOR('',#4166,1.);
#4166 = DIRECTION('',(1.,0.));
#4167 = ( GEOMETRIC_REPRESENTATION_CONTEXT(2) 
PARAMETRIC_REPRESENTATION_CONTEXT() REPRESENTATION_CONTEXT('2D SPACE',''
  ) );
#4168 = ORIENTED_EDGE('',*,*,#4169,.T.);
#4169 = EDGE_CURVE('',#4147,#4170,#4172,.T.);
#4170 = VERTEX_POINT('',#4171);
#4171 = CARTESIAN_POINT('',(55.4599609375,0.676270450774,22.184679353744
    ));
#4172 = SURFACE_CURVE('',#4173,(#4177,#4184),.PCURVE_S1.);
#4173 = LINE('',#4174,#4175);
#4174 = CARTESIAN_POINT('',(55.529360351563,3.58241627662,
    30.169249387899));
#4175 = VECTOR('',#4176,1.);
#4176 = DIRECTION('',(-8.167245317947E-03,-0.342008736097,
    -0.939661279684));
#4177 = PCURVE('',#98,#4178);
#4178 = DEFINITIONAL_REPRESENTATION('',(#4179),#4183);
#4179 = LINE('',#4180,#4181);
#4180 = CARTESIAN_POINT('',(-25.12246153501,55.529360351563));
#4181 = VECTOR('',#4182,1.);
#4182 = DIRECTION('',(-0.999966647496,-8.167245317947E-03));
#4183 = ( GEOMETRIC_REPRESENTATION_CONTEXT(2) 
PARAMETRIC_REPRESENTATION_CONTEXT() REPRESENTATION_CONTEXT('2D SPACE',''
  ) );
#4184 = PCURVE('',#1088,#4185);
#4185 = DEFINITIONAL_REPRESENTATION('',(#4186),#4190);
#4186 = LINE('',#4187,#4188);
#4187 = CARTESIAN_POINT('',(2.553512956638E-15,-2.4));
#4188 = VECTOR('',#4189,1.);
#4189 = DIRECTION('',(1.,0.));
#4190 = ( GEOMETRIC_REPRESENTATION_CONTEXT(2) 
PARAMETRIC_REPRESENTATION_CONTEXT() REPRESENTATION_CONTEXT('2D SPACE',''
  ) );
#4191 = ORIENTED_EDGE('',*,*,#4192,.T.);
#4192 = EDGE_CURVE('',#4170,#4193,#4195,.T.);
#4193 = VERTEX_POINT('',#4194);
#4194 = CARTESIAN_POINT('',(54.457690429688,-2.065745786762,
    14.651051657337));
#4195 = SURFACE_CURVE('',#4196,(#4200,#4207),.PCURVE_S1.);
#4196 = LINE('',#4197,#4198);
#4197 = CARTESIAN_POINT('',(55.4599609375,0.676270450774,22.184679353744
    ));
#4198 = VECTOR('',#4199,1.);
#4199 = DIRECTION('',(-0.124050652062,-0.339378341056,-0.932434328704));
#4200 = PCURVE('',#98,#4201);
#4201 = DEFINITIONAL_REPRESENTATION('',(#4202),#4206);
#4202 = LINE('',#4203,#4204);
#4203 = CARTESIAN_POINT('',(-33.61946348813,55.4599609375));
#4204 = VECTOR('',#4205,1.);
#4205 = DIRECTION('',(-0.9922758869,-0.124050652062));
#4206 = ( GEOMETRIC_REPRESENTATION_CONTEXT(2) 
PARAMETRIC_REPRESENTATION_CONTEXT() REPRESENTATION_CONTEXT('2D SPACE',''
  ) );
#4207 = PCURVE('',#1116,#4208);
#4208 = DEFINITIONAL_REPRESENTATION('',(#4209),#4213);
#4209 = LINE('',#4210,#4211);
#4210 = CARTESIAN_POINT('',(2.442490654175E-15,-2.4));
#4211 = VECTOR('',#4212,1.);
#4212 = DIRECTION('',(1.,0.));
#4213 = ( GEOMETRIC_REPRESENTATION_CONTEXT(2) 
PARAMETRIC_REPRESENTATION_CONTEXT() REPRESENTATION_CONTEXT('2D SPACE',''
  ) );
#4214 = ORIENTED_EDGE('',*,*,#4215,.T.);
#4215 = EDGE_CURVE('',#4193,#4216,#4218,.T.);
#4216 = VERTEX_POINT('',#4217);
#4217 = CARTESIAN_POINT('',(52.46,-4.604493841851,7.675898702296));
#4218 = SURFACE_CURVE('',#4219,(#4223,#4230),.PCURVE_S1.);
#4219 = LINE('',#4220,#4221);
#4220 = CARTESIAN_POINT('',(54.457690429688,-2.065745786762,
    14.651051657337));
#4221 = VECTOR('',#4222,1.);
#4222 = DIRECTION('',(-0.259881714602,-0.330268487897,-0.907405212855));
#4223 = PCURVE('',#98,#4224);
#4224 = DEFINITIONAL_REPRESENTATION('',(#4225),#4229);
#4225 = LINE('',#4226,#4227);
#4226 = CARTESIAN_POINT('',(-41.63658262876,54.457690429688));
#4227 = VECTOR('',#4228,1.);
#4228 = DIRECTION('',(-0.96564045815,-0.259881714602));
#4229 = ( GEOMETRIC_REPRESENTATION_CONTEXT(2) 
PARAMETRIC_REPRESENTATION_CONTEXT() REPRESENTATION_CONTEXT('2D SPACE',''
  ) );
#4230 = PCURVE('',#1144,#4231);
#4231 = DEFINITIONAL_REPRESENTATION('',(#4232),#4236);
#4232 = LINE('',#4233,#4234);
#4233 = CARTESIAN_POINT('',(-7.771561172376E-16,-2.4));
#4234 = VECTOR('',#4235,1.);
#4235 = DIRECTION('',(1.,0.));
#4236 = ( GEOMETRIC_REPRESENTATION_CONTEXT(2) 
PARAMETRIC_REPRESENTATION_CONTEXT() REPRESENTATION_CONTEXT('2D SPACE',''
  ) );
#4237 = ORIENTED_EDGE('',*,*,#4238,.T.);
#4238 = EDGE_CURVE('',#4216,#4239,#4241,.T.);
#4239 = VERTEX_POINT('',#4240);
#4240 = CARTESIAN_POINT('',(40.802222222222,-5.07741058324,
    6.376570634049));
#4241 = SURFACE_CURVE('',#4242,(#4246,#4253),.PCURVE_S1.);
#4242 = LINE('',#4243,#4244);
#4243 = CARTESIAN_POINT('',(52.46,-4.604493841851,7.675898702296));
#4244 = VECTOR('',#4245,1.);
#4245 = DIRECTION('',(-0.9930393229,-4.028425739524E-02,-0.110680087553)
  );
#4246 = PCURVE('',#98,#4247);
#4247 = DEFINITIONAL_REPRESENTATION('',(#4248),#4252);
#4248 = LINE('',#4249,#4250);
#4249 = CARTESIAN_POINT('',(-49.05938536313,52.46));
#4250 = VECTOR('',#4251,1.);
#4251 = DIRECTION('',(-0.11778328903,-0.9930393229));
#4252 = ( GEOMETRIC_REPRESENTATION_CONTEXT(2) 
PARAMETRIC_REPRESENTATION_CONTEXT() REPRESENTATION_CONTEXT('2D SPACE',''
  ) );
#4253 = PCURVE('',#1172,#4254);
#4254 = DEFINITIONAL_REPRESENTATION('',(#4255),#4259);
#4255 = LINE('',#4256,#4257);
#4256 = CARTESIAN_POINT('',(0.,-2.4));
#4257 = VECTOR('',#4258,1.);
#4258 = DIRECTION('',(1.,6.938893903907E-18));
#4259 = ( GEOMETRIC_REPRESENTATION_CONTEXT(2) 
PARAMETRIC_REPRESENTATION_CONTEXT() REPRESENTATION_CONTEXT('2D SPACE',''
  ) );
#4260 = ORIENTED_EDGE('',*,*,#4261,.T.);
#4261 = EDGE_CURVE('',#4239,#4262,#4264,.T.);
#4262 = VERTEX_POINT('',#4263);
#4263 = CARTESIAN_POINT('',(29.144444444444,-5.432098139281,
    5.402074582863));
#4264 = SURFACE_CURVE('',#4265,(#4269,#4276),.PCURVE_S1.);
#4265 = LINE('',#4266,#4267);
#4266 = CARTESIAN_POINT('',(40.802222222222,-5.07741058324,
    6.376570634049));
#4267 = VECTOR('',#4268,1.);
#4268 = DIRECTION('',(-0.996066684601,-3.030530043977E-02,
    -8.326312864805E-02));
#4269 = PCURVE('',#98,#4270);
#4270 = DEFINITIONAL_REPRESENTATION('',(#4271),#4275);
#4271 = LINE('',#4272,#4273);
#4272 = CARTESIAN_POINT('',(-50.44210141252,40.802222222222));
#4273 = VECTOR('',#4274,1.);
#4274 = DIRECTION('',(-8.860677077406E-02,-0.996066684601));
#4275 = ( GEOMETRIC_REPRESENTATION_CONTEXT(2) 
PARAMETRIC_REPRESENTATION_CONTEXT() REPRESENTATION_CONTEXT('2D SPACE',''
  ) );
#4276 = PCURVE('',#1200,#4277);
#4277 = DEFINITIONAL_REPRESENTATION('',(#4278),#4282);
#4278 = LINE('',#4279,#4280);
#4279 = CARTESIAN_POINT('',(-1.387778780781E-17,-2.4));
#4280 = VECTOR('',#4281,1.);
#4281 = DIRECTION('',(1.,0.));
#4282 = ( GEOMETRIC_REPRESENTATION_CONTEXT(2) 
PARAMETRIC_REPRESENTATION_CONTEXT() REPRESENTATION_CONTEXT('2D SPACE',''
  ) );
#4283 = ORIENTED_EDGE('',*,*,#4284,.T.);
#4284 = EDGE_CURVE('',#4262,#4285,#4287,.T.);
#4285 = VERTEX_POINT('',#4286);
#4286 = CARTESIAN_POINT('',(17.486666666667,-5.668556509975,
    4.75241054874));
#4287 = SURFACE_CURVE('',#4288,(#4292,#4299),.PCURVE_S1.);
#4288 = LINE('',#4289,#4290);
#4289 = CARTESIAN_POINT('',(29.144444444444,-5.432098139281,
    5.402074582863));
#4290 = VECTOR('',#4291,1.);
#4291 = DIRECTION('',(-0.99824611646,-2.024773972789E-02,
    -5.563020769737E-02));
#4292 = PCURVE('',#98,#4293);
#4293 = DEFINITIONAL_REPRESENTATION('',(#4294),#4298);
#4294 = LINE('',#4295,#4296);
#4295 = CARTESIAN_POINT('',(-51.47913844955,29.144444444444));
#4296 = VECTOR('',#4297,1.);
#4297 = DIRECTION('',(-5.920043050976E-02,-0.99824611646));
#4298 = ( GEOMETRIC_REPRESENTATION_CONTEXT(2) 
PARAMETRIC_REPRESENTATION_CONTEXT() REPRESENTATION_CONTEXT('2D SPACE',''
  ) );
#4299 = PCURVE('',#1228,#4300);
#4300 = DEFINITIONAL_REPRESENTATION('',(#4301),#4305);
#4301 = LINE('',#4302,#4303);
#4302 = CARTESIAN_POINT('',(6.938893903907E-18,-2.4));
#4303 = VECTOR('',#4304,1.);
#4304 = DIRECTION('',(1.,3.469446951954E-18));
#4305 = ( GEOMETRIC_REPRESENTATION_CONTEXT(2) 
PARAMETRIC_REPRESENTATION_CONTEXT() REPRESENTATION_CONTEXT('2D SPACE',''
  ) );
#4306 = ORIENTED_EDGE('',*,*,#4307,.T.);
#4307 = EDGE_CURVE('',#4285,#4308,#4310,.T.);
#4308 = VERTEX_POINT('',#4309);
#4309 = CARTESIAN_POINT('',(5.828888888889,-5.786785695322,
    4.427578531678));
#4310 = SURFACE_CURVE('',#4311,(#4315,#4322),.PCURVE_S1.);
#4311 = LINE('',#4312,#4313);
#4312 = CARTESIAN_POINT('',(17.486666666667,-5.668556509975,
    4.75241054874));
#4313 = VECTOR('',#4314,1.);
#4314 = DIRECTION('',(-0.999560662567,-1.013720153987E-02,
    -2.785173232725E-02));
#4315 = PCURVE('',#98,#4316);
#4316 = DEFINITIONAL_REPRESENTATION('',(#4317),#4321);
#4317 = LINE('',#4318,#4319);
#4318 = CARTESIAN_POINT('',(-52.17049647424,17.486666666667));
#4319 = VECTOR('',#4320,1.);
#4320 = DIRECTION('',(-2.963919446761E-02,-0.999560662567));
#4321 = ( GEOMETRIC_REPRESENTATION_CONTEXT(2) 
PARAMETRIC_REPRESENTATION_CONTEXT() REPRESENTATION_CONTEXT('2D SPACE',''
  ) );
#4322 = PCURVE('',#1256,#4323);
#4323 = DEFINITIONAL_REPRESENTATION('',(#4324),#4328);
#4324 = LINE('',#4325,#4326);
#4325 = CARTESIAN_POINT('',(-3.469446951954E-18,-2.4));
#4326 = VECTOR('',#4327,1.);
#4327 = DIRECTION('',(1.,0.));
#4328 = ( GEOMETRIC_REPRESENTATION_CONTEXT(2) 
PARAMETRIC_REPRESENTATION_CONTEXT() REPRESENTATION_CONTEXT('2D SPACE',''
  ) );
#4329 = ORIENTED_EDGE('',*,*,#4330,.T.);
#4330 = EDGE_CURVE('',#4308,#4331,#4333,.T.);
#4331 = VERTEX_POINT('',#4332);
#4332 = CARTESIAN_POINT('',(-5.828888888889,-5.786785695322,
    4.427578531678));
#4333 = SURFACE_CURVE('',#4334,(#4338,#4345),.PCURVE_S1.);
#4334 = LINE('',#4335,#4336);
#4335 = CARTESIAN_POINT('',(5.828888888889,-5.786785695322,
    4.427578531678));
#4336 = VECTOR('',#4337,1.);
#4337 = DIRECTION('',(-1.,-1.302885147561E-17,-3.579647523066E-17));
#4338 = PCURVE('',#98,#4339);
#4339 = DEFINITIONAL_REPRESENTATION('',(#4340),#4344);
#4340 = LINE('',#4341,#4342);
#4341 = CARTESIAN_POINT('',(-52.51617548659,5.828888888889));
#4342 = VECTOR('',#4343,1.);
#4343 = DIRECTION('',(-3.809381327345E-17,-1.));
#4344 = ( GEOMETRIC_REPRESENTATION_CONTEXT(2) 
PARAMETRIC_REPRESENTATION_CONTEXT() REPRESENTATION_CONTEXT('2D SPACE',''
  ) );
#4345 = PCURVE('',#1284,#4346);
#4346 = DEFINITIONAL_REPRESENTATION('',(#4347),#4351);
#4347 = LINE('',#4348,#4349);
#4348 = CARTESIAN_POINT('',(6.162975822039E-33,-2.4));
#4349 = VECTOR('',#4350,1.);
#4350 = DIRECTION('',(1.,-1.54074395551E-33));
#4351 = ( GEOMETRIC_REPRESENTATION_CONTEXT(2) 
PARAMETRIC_REPRESENTATION_CONTEXT() REPRESENTATION_CONTEXT('2D SPACE',''
  ) );
#4352 = ORIENTED_EDGE('',*,*,#4353,.T.);
#4353 = EDGE_CURVE('',#4331,#4354,#4356,.T.);
#4354 = VERTEX_POINT('',#4355);
#4355 = CARTESIAN_POINT('',(-17.48666666666,-5.668556509975,
    4.75241054874));
#4356 = SURFACE_CURVE('',#4357,(#4361,#4368),.PCURVE_S1.);
#4357 = LINE('',#4358,#4359);
#4358 = CARTESIAN_POINT('',(-5.828888888889,-5.786785695322,
    4.427578531678));
#4359 = VECTOR('',#4360,1.);
#4360 = DIRECTION('',(-0.999560662567,1.013720153987E-02,
    2.785173232725E-02));
#4361 = PCURVE('',#98,#4362);
#4362 = DEFINITIONAL_REPRESENTATION('',(#4363),#4367);
#4363 = LINE('',#4364,#4365);
#4364 = CARTESIAN_POINT('',(-52.51617548659,-5.828888888889));
#4365 = VECTOR('',#4366,1.);
#4366 = DIRECTION('',(2.963919446761E-02,-0.999560662567));
#4367 = ( GEOMETRIC_REPRESENTATION_CONTEXT(2) 
PARAMETRIC_REPRESENTATION_CONTEXT() REPRESENTATION_CONTEXT('2D SPACE',''
  ) );
#4368 = PCURVE('',#1312,#4369);
#4369 = DEFINITIONAL_REPRESENTATION('',(#4370),#4374);
#4370 = LINE('',#4371,#4372);
#4371 = CARTESIAN_POINT('',(-3.469446951954E-18,-2.4));
#4372 = VECTOR('',#4373,1.);
#4373 = DIRECTION('',(1.,0.));
#4374 = ( GEOMETRIC_REPRESENTATION_CONTEXT(2) 
PARAMETRIC_REPRESENTATION_CONTEXT() REPRESENTATION_CONTEXT('2D SPACE',''
  ) );
#4375 = ORIENTED_EDGE('',*,*,#4376,.T.);
#4376 = EDGE_CURVE('',#4354,#4377,#4379,.T.);
#4377 = VERTEX_POINT('',#4378);
#4378 = CARTESIAN_POINT('',(-29.14444444444,-5.432098139281,
    5.402074582863));
#4379 = SURFACE_CURVE('',#4380,(#4384,#4391),.PCURVE_S1.);
#4380 = LINE('',#4381,#4382);
#4381 = CARTESIAN_POINT('',(-17.48666666666,-5.668556509975,
    4.75241054874));
#4382 = VECTOR('',#4383,1.);
#4383 = DIRECTION('',(-0.99824611646,2.024773972789E-02,
    5.563020769737E-02));
#4384 = PCURVE('',#98,#4385);
#4385 = DEFINITIONAL_REPRESENTATION('',(#4386),#4390);
#4386 = LINE('',#4387,#4388);
#4387 = CARTESIAN_POINT('',(-52.17049647424,-17.48666666666));
#4388 = VECTOR('',#4389,1.);
#4389 = DIRECTION('',(5.920043050976E-02,-0.99824611646));
#4390 = ( GEOMETRIC_REPRESENTATION_CONTEXT(2) 
PARAMETRIC_REPRESENTATION_CONTEXT() REPRESENTATION_CONTEXT('2D SPACE',''
  ) );
#4391 = PCURVE('',#1340,#4392);
#4392 = DEFINITIONAL_REPRESENTATION('',(#4393),#4397);
#4393 = LINE('',#4394,#4395);
#4394 = CARTESIAN_POINT('',(0.,-2.4));
#4395 = VECTOR('',#4396,1.);
#4396 = DIRECTION('',(1.,0.));
#4397 = ( GEOMETRIC_REPRESENTATION_CONTEXT(2) 
PARAMETRIC_REPRESENTATION_CONTEXT() REPRESENTATION_CONTEXT('2D SPACE',''
  ) );
#4398 = ORIENTED_EDGE('',*,*,#4399,.T.);
#4399 = EDGE_CURVE('',#4377,#170,#4400,.T.);
#4400 = SURFACE_CURVE('',#4401,(#4405,#4412),.PCURVE_S1.);
#4401 = LINE('',#4402,#4403);
#4402 = CARTESIAN_POINT('',(-29.14444444444,-5.432098139281,
    5.402074582863));
#4403 = VECTOR('',#4404,1.);
#4404 = DIRECTION('',(-0.996066684601,3.030530043977E-02,
    8.326312864805E-02));
#4405 = PCURVE('',#98,#4406);
#4406 = DEFINITIONAL_REPRESENTATION('',(#4407),#4411);
#4407 = LINE('',#4408,#4409);
#4408 = CARTESIAN_POINT('',(-51.47913844955,-29.14444444444));
#4409 = VECTOR('',#4410,1.);
#4410 = DIRECTION('',(8.860677077406E-02,-0.996066684601));
#4411 = ( GEOMETRIC_REPRESENTATION_CONTEXT(2) 
PARAMETRIC_REPRESENTATION_CONTEXT() REPRESENTATION_CONTEXT('2D SPACE',''
  ) );
#4412 = PCURVE('',#185,#4413);
#4413 = DEFINITIONAL_REPRESENTATION('',(#4414),#4418);
#4414 = LINE('',#4415,#4416);
#4415 = CARTESIAN_POINT('',(0.,-2.4));
#4416 = VECTOR('',#4417,1.);
#4417 = DIRECTION('',(1.,0.));
#4418 = ( GEOMETRIC_REPRESENTATION_CONTEXT(2) 
PARAMETRIC_REPRESENTATION_CONTEXT() REPRESENTATION_CONTEXT('2D SPACE',''
  ) );
#4419 = ORIENTED_EDGE('',*,*,#197,.T.);
#4420 = FACE_BOUND('',#4421,.F.);
#4421 = EDGE_LOOP('',(#4422));
#4422 = ORIENTED_EDGE('',*,*,#4423,.F.);
#4423 = EDGE_CURVE('',#4424,#4424,#4426,.T.);
#4424 = VERTEX_POINT('',#4425);
#4425 = CARTESIAN_POINT('',(-21.,23.954188125842,86.140232537919));
#4426 = SURFACE_CURVE('',#4427,(#4586,#4748),.PCURVE_S1.);
#4427 = B_SPLINE_CURVE_WITH_KNOTS('',7,(#4428,#4429,#4430,#4431,#4432,
    #4433,#4434,#4435,#4436,#4437,#4438,#4439,#4440,#4441,#4442,#4443,
    #4444,#4445,#4446,#4447,#4448,#4449,#4450,#4451,#4452,#4453,#4454,
    #4455,#4456,#4457,#4458,#4459,#4460,#4461,#4462,#4463,#4464,#4465,
    #4466,#4467,#4468,#4469,#4470,#4471,#4472,#4473,#4474,#4475,#4476,
    #4477,#4478,#4479,#4480,#4481,#4482,#4483,#4484,#4485,#4486,#4487,
    #4488,#4489,#4490,#4491,#4492,#4493,#4494,#4495,#4496,#4497,#4498,
    #4499,#4500,#4501,#4502,#4503,#4504,#4505,#4506,#4507,#4508,#4509,
    #4510,#4511,#4512,#4513,#4514,#4515,#4516,#4517,#4518,#4519,#4520,
    #4521,#4522,#4523,#4524,#4525,#4526,#4527,#4528,#4529,#4530,#4531,
    #4532,#4533,#4534,#4535,#4536,#4537,#4538,#4539,#4540,#4541,#4542,
    #4543,#4544,#4545,#4546,#4547,#4548,#4549,#4550,#4551,#4552,#4553,
    #4554,#4555,#4556,#4557,#4558,#4559,#4560,#4561,#4562,#4563,#4564,
    #4565,#4566,#4567,#4568,#4569,#4570,#4571,#4572,#4573,#4574,#4575,
    #4576,#4577,#4578,#4579,#4580,#4581,#4582,#4583,#4584,#4585),
  .UNSPECIFIED.,.T.,.F.,(8,6,6,6,6,6,6,6,6,6,6,6,6,6,6,6,6,6,6,6,6,6,6,6
    ,6,6,8),(0.,3.783865788215E-02,6.400370057545E-02,0.101644374153,
    0.136121615,0.165203984297,0.249996925088,0.334789865879,
    0.363872235177,0.398349476024,0.435990149601,0.462155192295,
    0.482564365836,0.500000809499,0.525160983313,0.53784536643,
    0.564010377491,0.601651005562,0.636128204728,0.665210538866,
    0.750003377146,0.834796215426,0.863878549564,0.89835574873,
    0.935996376802,0.962161387863,1.),.UNSPECIFIED.);
#4428 = CARTESIAN_POINT('',(-21.,23.954188125842,86.140232537919));
#4429 = CARTESIAN_POINT('',(-20.76575109321,23.954188209428,
    86.14023276757));
#4430 = CARTESIAN_POINT('',(-20.53132235805,23.947304988252,
    86.121321272815));
#4431 = CARTESIAN_POINT('',(-20.29909820352,23.933521253877,
    86.083450773862));
#4432 = CARTESIAN_POINT('',(-20.07097082513,23.913132306278,
    86.027432600729));
#4433 = CARTESIAN_POINT('',(-19.84841908908,23.886613668042,
    85.954573240979));
#4434 = CARTESIAN_POINT('',(-19.63256626366,23.854530828931,
    85.86642636497));
#4435 = CARTESIAN_POINT('',(-19.28014492308,23.791878411615,
    85.694290263122));
#4436 = CARTESIAN_POINT('',(-19.13961555148,23.763886817334,
    85.6173839899));
#4437 = CARTESIAN_POINT('',(-19.0028364888,23.733703895192,
    85.534457092863));
#4438 = CARTESIAN_POINT('',(-18.86993663707,23.701514773585,
    85.446018208093));
#4439 = CARTESIAN_POINT('',(-18.74097846522,23.667495714116,
    85.352551610372));
#4440 = CARTESIAN_POINT('',(-18.61597067962,23.63180777362,
    85.254499799713));
#4441 = CARTESIAN_POINT('',(-18.3206828665,23.541050273209,
    85.005145616688));
#4442 = CARTESIAN_POINT('',(-18.15463459977,23.484358953047,
    84.849387494663));
#4443 = CARTESIAN_POINT('',(-17.99660619822,23.424929229241,
    84.686105670461));
#4444 = CARTESIAN_POINT('',(-17.84641134202,23.3631234075,
    84.516295570837));
#4445 = CARTESIAN_POINT('',(-17.70381855232,23.299250393601,
    84.340805907437));
#4446 = CARTESIAN_POINT('',(-17.56856245579,23.233562711298,
    84.160330483574));
#4447 = CARTESIAN_POINT('',(-17.32292266713,23.104601061228,
    83.80601126203));
#4448 = CARTESIAN_POINT('',(-17.21142656507,23.04160024579,
    83.632917944208));
#4449 = CARTESIAN_POINT('',(-17.10565885931,22.977407703857,
    83.456550384748));
#4450 = CARTESIAN_POINT('',(-17.00542885942,22.912160286127,
    83.277284577859));
#4451 = CARTESIAN_POINT('',(-16.91055987497,22.845975755061,
    83.095444073238));
#4452 = CARTESIAN_POINT('',(-16.82088602234,22.778953475871,
    82.911301874562));
#4453 = CARTESIAN_POINT('',(-16.66485579686,22.654002363507,
    82.568001514806));
#4454 = CARTESIAN_POINT('',(-16.5970502187,22.596294374348,
    82.409450117669));
#4455 = CARTESIAN_POINT('',(-16.53274018105,22.538101843396,
    82.249567452898));
#4456 = CARTESIAN_POINT('',(-16.47184256453,22.479470606919,
    82.088479454602));
#4457 = CARTESIAN_POINT('',(-16.41428207565,22.420441800039,
    81.926299140602));
#4458 = CARTESIAN_POINT('',(-16.35999007594,22.361052022683,
    81.76312706837));
#4459 = CARTESIAN_POINT('',(-16.15995458837,22.127217310971,
    81.120671478058));
#4460 = CARTESIAN_POINT('',(-16.03830403774,21.950365161847,
    80.634774191756));
#4461 = CARTESIAN_POINT('',(-15.9423008706,21.771502003106,
    80.143351701944));
#4462 = CARTESIAN_POINT('',(-15.87097901311,21.591244340662,
    79.648097844696));
#4463 = CARTESIAN_POINT('',(-15.82366584469,21.410125214169,
    79.150477134424));
#4464 = CARTESIAN_POINT('',(-15.80000009722,21.2285941635,
    78.651724671781));
#4465 = CARTESIAN_POINT('',(-15.80000009722,20.86543965165,
    77.653965850701));
#4466 = CARTESIAN_POINT('',(-15.82366584468,20.683908600977,
    77.155213388046));
#4467 = CARTESIAN_POINT('',(-15.87097901313,20.502789474493,
    76.6575926778));
#4468 = CARTESIAN_POINT('',(-15.94230087059,20.322531812037,
    76.162338820519));
#4469 = CARTESIAN_POINT('',(-16.03830403774,20.143668653306,
    75.670916330732));
#4470 = CARTESIAN_POINT('',(-16.15995458836,19.966816504177,
    75.185019044419));
#4471 = CARTESIAN_POINT('',(-16.35999007594,19.732981792466,
    74.54256345411));
#4472 = CARTESIAN_POINT('',(-16.41428207565,19.67359201511,
    74.379391381877));
#4473 = CARTESIAN_POINT('',(-16.47184256453,19.61456320823,
    74.217211067877));
#4474 = CARTESIAN_POINT('',(-16.53274018105,19.555931971753,
    74.056123069581));
#4475 = CARTESIAN_POINT('',(-16.5970502187,19.497739440801,
    73.89624040481));
#4476 = CARTESIAN_POINT('',(-16.66485579686,19.440031451642,
    73.737689007673));
#4477 = CARTESIAN_POINT('',(-16.82088602234,19.315080339278,
    73.394388647917));
#4478 = CARTESIAN_POINT('',(-16.91055987497,19.248058060087,
    73.210246449241));
#4479 = CARTESIAN_POINT('',(-17.00542885942,19.181873529021,
    73.02840594462));
#4480 = CARTESIAN_POINT('',(-17.10565885931,19.116626111292,
    72.84914013773));
#4481 = CARTESIAN_POINT('',(-17.21142656507,19.052433569358,
    72.67277257827));
#4482 = CARTESIAN_POINT('',(-17.32292266713,18.989432753921,
    72.499679260449));
#4483 = CARTESIAN_POINT('',(-17.56856245579,18.860471103851,
    72.145360038905));
#4484 = CARTESIAN_POINT('',(-17.70381855232,18.794783421548,
    71.964884615041));
#4485 = CARTESIAN_POINT('',(-17.84641134202,18.730910407649,
    71.789394951641));
#4486 = CARTESIAN_POINT('',(-17.99660619821,18.669104585908,
    71.619584852018));
#4487 = CARTESIAN_POINT('',(-18.15463459977,18.609674862102,
    71.456303027816));
#4488 = CARTESIAN_POINT('',(-18.3206828665,18.552983541939,
    71.30054490579));
#4489 = CARTESIAN_POINT('',(-18.61597067962,18.462226041528,
    71.051190722765));
#4490 = CARTESIAN_POINT('',(-18.74097846522,18.426538101032,
    70.953138912106));
#4491 = CARTESIAN_POINT('',(-18.86993663707,18.392519041564,
    70.859672314385));
#4492 = CARTESIAN_POINT('',(-19.0028364888,18.360329919956,
    70.771233429616));
#4493 = CARTESIAN_POINT('',(-19.13961555148,18.330146997814,
    70.688306532578));
#4494 = CARTESIAN_POINT('',(-19.28014492308,18.302155403533,
    70.611400259356));
#4495 = CARTESIAN_POINT('',(-19.53659501471,18.256564389931,
    70.486139978953));
#4496 = CARTESIAN_POINT('',(-19.65112716707,18.23803359901,
    70.435227049333));
#4497 = CARTESIAN_POINT('',(-19.76770568604,18.221039879924,
    70.388537189874));
#4498 = CARTESIAN_POINT('',(-19.88619187857,18.205673162255,
    70.346317480064));
#4499 = CARTESIAN_POINT('',(-20.00641116681,18.192019480865,
    70.308804298753));
#4500 = CARTESIAN_POINT('',(-20.12814852739,18.180156609984,
    70.276211328879));
#4501 = CARTESIAN_POINT('',(-20.35622430459,18.161600307579,
    70.225228307031));
#4502 = CARTESIAN_POINT('',(-20.46223029993,18.154404889424,
    70.205459058129));
#4503 = CARTESIAN_POINT('',(-20.56899671267,18.148604272529,
    70.189521994191));
#4504 = CARTESIAN_POINT('',(-20.67634816622,18.144230844424,
    70.177506099226));
#4505 = CARTESIAN_POINT('',(-20.78409880583,18.141307348263,
    70.169473859537));
#4506 = CARTESIAN_POINT('',(-20.89205199303,18.139845680623,
    70.165457960703));
#4507 = CARTESIAN_POINT('',(-21.15576502338,18.139845595415,
    70.165457726596));
#4508 = CARTESIAN_POINT('',(-21.31155934532,18.142889253572,
    70.173820108654));
#4509 = CARTESIAN_POINT('',(-21.46673280126,18.148977628377,
    70.190547780952));
#4510 = CARTESIAN_POINT('',(-21.62070251879,18.158057714412,
    70.2154951123));
#4511 = CARTESIAN_POINT('',(-21.77294890175,18.170032347303,
    70.248395145775));
#4512 = CARTESIAN_POINT('',(-21.9230116144,18.184770014787,
    70.288886554401));
#4513 = CARTESIAN_POINT('',(-22.14483378325,18.210858834707,
    70.360564998033));
#4514 = CARTESIAN_POINT('',(-22.21853025433,18.220266240472,
    70.386411632946));
#4515 = CARTESIAN_POINT('',(-22.29152745292,18.230317468854,
    70.414027155965));
#4516 = CARTESIAN_POINT('',(-22.36378414084,18.240992033188,
    70.443355280436));
#4517 = CARTESIAN_POINT('',(-22.43526490703,18.252268756157,
    70.474337822159));
#4518 = CARTESIAN_POINT('',(-22.50593970695,18.264126149599,
    70.506915742893));
#4519 = CARTESIAN_POINT('',(-22.71985507691,18.302155403533,
    70.611400259355));
#4520 = CARTESIAN_POINT('',(-22.86038444851,18.330146997814,
    70.688306532578));
#4521 = CARTESIAN_POINT('',(-22.99716351119,18.360329919956,
    70.771233429615));
#4522 = CARTESIAN_POINT('',(-23.13006336292,18.392519041564,
    70.859672314384));
#4523 = CARTESIAN_POINT('',(-23.25902153477,18.426538101032,
    70.953138912105));
#4524 = CARTESIAN_POINT('',(-23.38402932037,18.462226041528,
    71.051190722764));
#4525 = CARTESIAN_POINT('',(-23.67931713349,18.552983541939,
    71.300544905789));
#4526 = CARTESIAN_POINT('',(-23.84536540022,18.609674862101,
    71.456303027815));
#4527 = CARTESIAN_POINT('',(-24.00339380178,18.669104585908,
    71.619584852017));
#4528 = CARTESIAN_POINT('',(-24.15358865797,18.730910407648,
    71.78939495164));
#4529 = CARTESIAN_POINT('',(-24.29618144767,18.794783421547,
    71.96488461504));
#4530 = CARTESIAN_POINT('',(-24.4314375442,18.86047110385,
    72.145360038904));
#4531 = CARTESIAN_POINT('',(-24.67707733286,18.98943275392,
    72.499679260447));
#4532 = CARTESIAN_POINT('',(-24.78857343492,19.052433569358,
    72.672772578269));
#4533 = CARTESIAN_POINT('',(-24.89434114068,19.116626111291,
    72.849140137729));
#4534 = CARTESIAN_POINT('',(-24.99457114057,19.181873529021,
    73.028405944618));
#4535 = CARTESIAN_POINT('',(-25.08944012502,19.248058060087,
    73.210246449239));
#4536 = CARTESIAN_POINT('',(-25.17911397765,19.315080339277,
    73.394388647915));
#4537 = CARTESIAN_POINT('',(-25.33514420313,19.440031451641,
    73.737689007671));
#4538 = CARTESIAN_POINT('',(-25.40294978129,19.4977394408,
    73.896240404808));
#4539 = CARTESIAN_POINT('',(-25.46725981894,19.555931971752,
    74.056123069579));
#4540 = CARTESIAN_POINT('',(-25.52815743546,19.61456320823,
    74.217211067875));
#4541 = CARTESIAN_POINT('',(-25.58571792434,19.673592015109,
    74.379391381875));
#4542 = CARTESIAN_POINT('',(-25.64000992405,19.732981792466,
    74.542563454108));
#4543 = CARTESIAN_POINT('',(-25.84004541163,19.966816504176,
    75.185019044418));
#4544 = CARTESIAN_POINT('',(-25.96169596225,20.143668653304,
    75.670916330727));
#4545 = CARTESIAN_POINT('',(-26.05769912939,20.322531812039,
    76.162338820523));
#4546 = CARTESIAN_POINT('',(-26.12902098688,20.50278947449,
    76.657592677792));
#4547 = CARTESIAN_POINT('',(-26.17633415531,20.683908600977,
    77.155213388048));
#4548 = CARTESIAN_POINT('',(-26.19999990277,20.865439651649,
    77.653965850698));
#4549 = CARTESIAN_POINT('',(-26.19999990277,21.228594163499,
    78.651724671779));
#4550 = CARTESIAN_POINT('',(-26.17633415531,21.41012521417,
    79.150477134427));
#4551 = CARTESIAN_POINT('',(-26.12902098688,21.591244340659,
    79.648097844686));
#4552 = CARTESIAN_POINT('',(-26.05769912939,21.771502003109,
    80.143351701952));
#4553 = CARTESIAN_POINT('',(-25.96169596225,21.950365161844,
    80.634774191749));
#4554 = CARTESIAN_POINT('',(-25.84004541163,22.127217310971,
    81.120671478058));
#4555 = CARTESIAN_POINT('',(-25.64000992405,22.361052022682,
    81.763127068368));
#4556 = CARTESIAN_POINT('',(-25.58571792434,22.420441800038,
    81.926299140601));
#4557 = CARTESIAN_POINT('',(-25.52815743546,22.479470606918,
    82.088479454601));
#4558 = CARTESIAN_POINT('',(-25.46725981894,22.538101843395,
    82.249567452897));
#4559 = CARTESIAN_POINT('',(-25.40294978129,22.596294374347,
    82.409450117668));
#4560 = CARTESIAN_POINT('',(-25.33514420313,22.654002363507,
    82.568001514805));
#4561 = CARTESIAN_POINT('',(-25.17911397765,22.778953475871,
    82.911301874561));
#4562 = CARTESIAN_POINT('',(-25.08944012503,22.845975755061,
    83.095444073237));
#4563 = CARTESIAN_POINT('',(-24.99457114057,22.912160286127,
    83.277284577858));
#4564 = CARTESIAN_POINT('',(-24.89434114068,22.977407703856,
    83.456550384748));
#4565 = CARTESIAN_POINT('',(-24.78857343492,23.04160024579,
    83.632917944207));
#4566 = CARTESIAN_POINT('',(-24.67707733286,23.104601061228,
    83.806011262029));
#4567 = CARTESIAN_POINT('',(-24.4314375442,23.233562711298,
    84.160330483572));
#4568 = CARTESIAN_POINT('',(-24.29618144767,23.299250393601,
    84.340805907437));
#4569 = CARTESIAN_POINT('',(-24.15358865797,23.3631234075,
    84.516295570837));
#4570 = CARTESIAN_POINT('',(-24.00339380178,23.42492922924,
    84.68610567046));
#4571 = CARTESIAN_POINT('',(-23.84536540022,23.484358953047,
    84.849387494662));
#4572 = CARTESIAN_POINT('',(-23.67931713349,23.541050273209,
    85.005145616688));
#4573 = CARTESIAN_POINT('',(-23.38402932037,23.63180777362,
    85.254499799713));
#4574 = CARTESIAN_POINT('',(-23.25902153477,23.667495714116,
    85.352551610372));
#4575 = CARTESIAN_POINT('',(-23.13006336292,23.701514773584,
    85.446018208093));
#4576 = CARTESIAN_POINT('',(-22.99716351119,23.733703895192,
    85.534457092862));
#4577 = CARTESIAN_POINT('',(-22.86038444851,23.763886817334,
    85.6173839899));
#4578 = CARTESIAN_POINT('',(-22.71985507692,23.791878411615,
    85.694290263122));
#4579 = CARTESIAN_POINT('',(-22.36743373633,23.85453082893,
    85.866426364969));
#4580 = CARTESIAN_POINT('',(-22.15158091091,23.886613668042,
    85.954573240981));
#4581 = CARTESIAN_POINT('',(-21.92902917486,23.913132306278,
    86.027432600728));
#4582 = CARTESIAN_POINT('',(-21.70090179647,23.933521253876,
    86.083450773861));
#4583 = CARTESIAN_POINT('',(-21.46867764194,23.947304988253,
    86.121321272817));
#4584 = CARTESIAN_POINT('',(-21.23424890678,23.954188209428,
    86.140232767569));
#4585 = CARTESIAN_POINT('',(-21.,23.954188125842,86.140232537919));
#4586 = PCURVE('',#98,#4587);
#4587 = DEFINITIONAL_REPRESENTATION('',(#4588),#4747);
#4588 = B_SPLINE_CURVE_WITH_KNOTS('',7,(#4589,#4590,#4591,#4592,#4593,
    #4594,#4595,#4596,#4597,#4598,#4599,#4600,#4601,#4602,#4603,#4604,
    #4605,#4606,#4607,#4608,#4609,#4610,#4611,#4612,#4613,#4614,#4615,
    #4616,#4617,#4618,#4619,#4620,#4621,#4622,#4623,#4624,#4625,#4626,
    #4627,#4628,#4629,#4630,#4631,#4632,#4633,#4634,#4635,#4636,#4637,
    #4638,#4639,#4640,#4641,#4642,#4643,#4644,#4645,#4646,#4647,#4648,
    #4649,#4650,#4651,#4652,#4653,#4654,#4655,#4656,#4657,#4658,#4659,
    #4660,#4661,#4662,#4663,#4664,#4665,#4666,#4667,#4668,#4669,#4670,
    #4671,#4672,#4673,#4674,#4675,#4676,#4677,#4678,#4679,#4680,#4681,
    #4682,#4683,#4684,#4685,#4686,#4687,#4688,#4689,#4690,#4691,#4692,
    #4693,#4694,#4695,#4696,#4697,#4698,#4699,#4700,#4701,#4702,#4703,
    #4704,#4705,#4706,#4707,#4708,#4709,#4710,#4711,#4712,#4713,#4714,
    #4715,#4716,#4717,#4718,#4719,#4720,#4721,#4722,#4723,#4724,#4725,
    #4726,#4727,#4728,#4729,#4730,#4731,#4732,#4733,#4734,#4735,#4736,
    #4737,#4738,#4739,#4740,#4741,#4742,#4743,#4744,#4745,#4746),
  .UNSPECIFIED.,.F.,.F.,(8,6,6,6,6,6,6,6,6,6,6,6,6,6,6,6,6,6,6,6,6,6,6,6
    ,6,6,8),(0.,3.783865788215E-02,6.400370057545E-02,0.101644374153,
    0.136121615,0.165203984297,0.249996925088,0.334789865879,
    0.363872235177,0.398349476024,0.435990149601,0.462155192295,
    0.482564365836,0.500000809499,0.525160983313,0.53784536643,
    0.564010377491,0.601651005562,0.636128204728,0.665210538866,
    0.750003377146,0.834796215426,0.863878549564,0.89835574873,
    0.935996376802,0.962161387863,1.),.UNSPECIFIED.);
#4589 = CARTESIAN_POINT('',(34.440614636862,-21.));
#4590 = CARTESIAN_POINT('',(34.440614881251,-20.76575109321));
#4591 = CARTESIAN_POINT('',(34.420489688889,-20.53132235805));
#4592 = CARTESIAN_POINT('',(34.38018874567,-20.29909820352));
#4593 = CARTESIAN_POINT('',(34.320575450967,-20.07097082513));
#4594 = CARTESIAN_POINT('',(34.243040139805,-19.84841908908));
#4595 = CARTESIAN_POINT('',(34.149236193642,-19.63256626366));
#4596 = CARTESIAN_POINT('',(33.966052780215,-19.28014492308));
#4597 = CARTESIAN_POINT('',(33.884210833688,-19.13961555148));
#4598 = CARTESIAN_POINT('',(33.795961873121,-19.0028364888));
#4599 = CARTESIAN_POINT('',(33.701847177726,-18.86993663707));
#4600 = CARTESIAN_POINT('',(33.602382101963,-18.74097846522));
#4601 = CARTESIAN_POINT('',(33.498037544509,-18.61597067962));
#4602 = CARTESIAN_POINT('',(33.23268036546,-18.3206828665));
#4603 = CARTESIAN_POINT('',(33.066926034118,-18.15463459977));
#4604 = CARTESIAN_POINT('',(32.893165146152,-17.99660619822));
#4605 = CARTESIAN_POINT('',(32.712457012591,-17.84641134202));
#4606 = CARTESIAN_POINT('',(32.525704813502,-17.70381855232));
#4607 = CARTESIAN_POINT('',(32.333646878948,-17.56856245579));
#4608 = CARTESIAN_POINT('',(31.95658823902,-17.32292266713));
#4609 = CARTESIAN_POINT('',(31.77238617763,-17.21142656507));
#4610 = CARTESIAN_POINT('',(31.584699741067,-17.10565885931));
#4611 = CARTESIAN_POINT('',(31.39392905401,-17.00542885942));
#4612 = CARTESIAN_POINT('',(31.200418430857,-16.91055987497));
#4613 = CARTESIAN_POINT('',(31.004458396051,-16.82088602234));
#4614 = CARTESIAN_POINT('',(30.639125783916,-16.66485579686));
#4615 = CARTESIAN_POINT('',(30.470398911288,-16.5970502187));
#4616 = CARTESIAN_POINT('',(30.300255333234,-16.53274018105));
#4617 = CARTESIAN_POINT('',(30.128829066035,-16.47184256453));
#4618 = CARTESIAN_POINT('',(29.956240380743,-16.41428207565));
#4619 = CARTESIAN_POINT('',(29.782596288384,-16.35999007594));
#4620 = CARTESIAN_POINT('',(29.098909329372,-16.15995458837));
#4621 = CARTESIAN_POINT('',(28.581828237583,-16.03830403774));
#4622 = CARTESIAN_POINT('',(28.05886734703,-15.9423008706));
#4623 = CARTESIAN_POINT('',(27.531829200414,-15.87097901311));
#4624 = CARTESIAN_POINT('',(27.002272301419,-15.82366584469));
#4625 = CARTESIAN_POINT('',(26.471511016707,-15.80000009722));
#4626 = CARTESIAN_POINT('',(25.409718257021,-15.80000009722));
#4627 = CARTESIAN_POINT('',(24.878956972296,-15.82366584468));
#4628 = CARTESIAN_POINT('',(24.349400073328,-15.87097901313));
#4629 = CARTESIAN_POINT('',(23.822361926678,-15.94230087059));
#4630 = CARTESIAN_POINT('',(23.299401036152,-16.03830403774));
#4631 = CARTESIAN_POINT('',(22.78231994435,-16.15995458836));
#4632 = CARTESIAN_POINT('',(22.098632985341,-16.35999007594));
#4633 = CARTESIAN_POINT('',(21.924988892982,-16.41428207565));
#4634 = CARTESIAN_POINT('',(21.75240020769,-16.47184256453));
#4635 = CARTESIAN_POINT('',(21.580973940491,-16.53274018105));
#4636 = CARTESIAN_POINT('',(21.410830362437,-16.5970502187));
#4637 = CARTESIAN_POINT('',(21.242103489809,-16.66485579686));
#4638 = CARTESIAN_POINT('',(20.876770877673,-16.82088602234));
#4639 = CARTESIAN_POINT('',(20.680810842868,-16.91055987497));
#4640 = CARTESIAN_POINT('',(20.487300219714,-17.00542885942));
#4641 = CARTESIAN_POINT('',(20.296529532657,-17.10565885931));
#4642 = CARTESIAN_POINT('',(20.108843096094,-17.21142656507));
#4643 = CARTESIAN_POINT('',(19.924641034704,-17.32292266713));
#4644 = CARTESIAN_POINT('',(19.547582394777,-17.56856245579));
#4645 = CARTESIAN_POINT('',(19.355524460222,-17.70381855232));
#4646 = CARTESIAN_POINT('',(19.168772261133,-17.84641134202));
#4647 = CARTESIAN_POINT('',(18.988064127572,-17.99660619821));
#4648 = CARTESIAN_POINT('',(18.814303239607,-18.15463459977));
#4649 = CARTESIAN_POINT('',(18.648548908264,-18.3206828665));
#4650 = CARTESIAN_POINT('',(18.383191729215,-18.61597067962));
#4651 = CARTESIAN_POINT('',(18.278847171761,-18.74097846522));
#4652 = CARTESIAN_POINT('',(18.179382095997,-18.86993663707));
#4653 = CARTESIAN_POINT('',(18.085267400603,-19.0028364888));
#4654 = CARTESIAN_POINT('',(17.997018440035,-19.13961555148));
#4655 = CARTESIAN_POINT('',(17.915176493508,-19.28014492308));
#4656 = CARTESIAN_POINT('',(17.78187728733,-19.53659501471));
#4657 = CARTESIAN_POINT('',(17.727696879297,-19.65112716707));
#4658 = CARTESIAN_POINT('',(17.678010568659,-19.76770568604));
#4659 = CARTESIAN_POINT('',(17.63308129192,-19.88619187857));
#4660 = CARTESIAN_POINT('',(17.593160598194,-20.00641116681));
#4661 = CARTESIAN_POINT('',(17.558475884115,-20.12814852739));
#4662 = CARTESIAN_POINT('',(17.504220885491,-20.35622430459));
#4663 = CARTESIAN_POINT('',(17.483182890231,-20.46223029993));
#4664 = CARTESIAN_POINT('',(17.466223021029,-20.56899671267));
#4665 = CARTESIAN_POINT('',(17.453435972691,-20.67634816622));
#4666 = CARTESIAN_POINT('',(17.444888241751,-20.78409880583));
#4667 = CARTESIAN_POINT('',(17.440614611476,-20.89205199303));
#4668 = CARTESIAN_POINT('',(17.440614362344,-21.15576502338));
#4669 = CARTESIAN_POINT('',(17.449513423454,-21.31155934532));
#4670 = CARTESIAN_POINT('',(17.467314640499,-21.46673280126));
#4671 = CARTESIAN_POINT('',(17.493863036002,-21.62070251879));
#4672 = CARTESIAN_POINT('',(17.52887452034,-21.77294890175));
#4673 = CARTESIAN_POINT('',(17.571964577376,-21.9230116144));
#4674 = CARTESIAN_POINT('',(17.648243183856,-22.14483378325));
#4675 = CARTESIAN_POINT('',(17.675748598223,-22.21853025433));
#4676 = CARTESIAN_POINT('',(17.705136423995,-22.29152745292));
#4677 = CARTESIAN_POINT('',(17.736346762166,-22.36378414084));
#4678 = CARTESIAN_POINT('',(17.769317694401,-22.43526490703));
#4679 = CARTESIAN_POINT('',(17.80398639352,-22.50593970695));
#4680 = CARTESIAN_POINT('',(17.915176493508,-22.71985507691));
#4681 = CARTESIAN_POINT('',(17.997018440035,-22.86038444851));
#4682 = CARTESIAN_POINT('',(18.085267400602,-22.99716351119));
#4683 = CARTESIAN_POINT('',(18.179382095996,-23.13006336292));
#4684 = CARTESIAN_POINT('',(18.27884717176,-23.25902153477));
#4685 = CARTESIAN_POINT('',(18.383191729214,-23.38402932037));
#4686 = CARTESIAN_POINT('',(18.648548908263,-23.67931713349));
#4687 = CARTESIAN_POINT('',(18.814303239605,-23.84536540022));
#4688 = CARTESIAN_POINT('',(18.988064127571,-24.00339380178));
#4689 = CARTESIAN_POINT('',(19.168772261132,-24.15358865797));
#4690 = CARTESIAN_POINT('',(19.355524460221,-24.29618144767));
#4691 = CARTESIAN_POINT('',(19.547582394775,-24.4314375442));
#4692 = CARTESIAN_POINT('',(19.924641034703,-24.67707733286));
#4693 = CARTESIAN_POINT('',(20.108843096093,-24.78857343492));
#4694 = CARTESIAN_POINT('',(20.296529532656,-24.89434114068));
#4695 = CARTESIAN_POINT('',(20.487300219713,-24.99457114057));
#4696 = CARTESIAN_POINT('',(20.680810842866,-25.08944012502));
#4697 = CARTESIAN_POINT('',(20.876770877672,-25.17911397765));
#4698 = CARTESIAN_POINT('',(21.242103489807,-25.33514420313));
#4699 = CARTESIAN_POINT('',(21.410830362435,-25.40294978129));
#4700 = CARTESIAN_POINT('',(21.580973940489,-25.46725981894));
#4701 = CARTESIAN_POINT('',(21.752400207688,-25.52815743546));
#4702 = CARTESIAN_POINT('',(21.92498889298,-25.58571792434));
#4703 = CARTESIAN_POINT('',(22.098632985339,-25.64000992405));
#4704 = CARTESIAN_POINT('',(22.782319944349,-25.84004541163));
#4705 = CARTESIAN_POINT('',(23.299401036146,-25.96169596225));
#4706 = CARTESIAN_POINT('',(23.822361926682,-26.05769912939));
#4707 = CARTESIAN_POINT('',(24.34940007332,-26.12902098688));
#4708 = CARTESIAN_POINT('',(24.878956972298,-26.17633415531));
#4709 = CARTESIAN_POINT('',(25.409718257018,-26.19999990277));
#4710 = CARTESIAN_POINT('',(26.471511016704,-26.19999990277));
#4711 = CARTESIAN_POINT('',(27.002272301422,-26.17633415531));
#4712 = CARTESIAN_POINT('',(27.531829200404,-26.12902098688));
#4713 = CARTESIAN_POINT('',(28.058867347038,-26.05769912939));
#4714 = CARTESIAN_POINT('',(28.581828237575,-25.96169596225));
#4715 = CARTESIAN_POINT('',(29.098909329372,-25.84004541163));
#4716 = CARTESIAN_POINT('',(29.782596288383,-25.64000992405));
#4717 = CARTESIAN_POINT('',(29.956240380742,-25.58571792434));
#4718 = CARTESIAN_POINT('',(30.128829066034,-25.52815743546));
#4719 = CARTESIAN_POINT('',(30.300255333233,-25.46725981894));
#4720 = CARTESIAN_POINT('',(30.470398911287,-25.40294978129));
#4721 = CARTESIAN_POINT('',(30.639125783915,-25.33514420313));
#4722 = CARTESIAN_POINT('',(31.00445839605,-25.17911397765));
#4723 = CARTESIAN_POINT('',(31.200418430856,-25.08944012503));
#4724 = CARTESIAN_POINT('',(31.393929054009,-24.99457114057));
#4725 = CARTESIAN_POINT('',(31.584699741066,-24.89434114068));
#4726 = CARTESIAN_POINT('',(31.772386177629,-24.78857343492));
#4727 = CARTESIAN_POINT('',(31.956588239019,-24.67707733286));
#4728 = CARTESIAN_POINT('',(32.333646878947,-24.4314375442));
#4729 = CARTESIAN_POINT('',(32.525704813501,-24.29618144767));
#4730 = CARTESIAN_POINT('',(32.712457012591,-24.15358865797));
#4731 = CARTESIAN_POINT('',(32.893165146151,-24.00339380178));
#4732 = CARTESIAN_POINT('',(33.066926034117,-23.84536540022));
#4733 = CARTESIAN_POINT('',(33.232680365459,-23.67931713349));
#4734 = CARTESIAN_POINT('',(33.498037544508,-23.38402932037));
#4735 = CARTESIAN_POINT('',(33.602382101963,-23.25902153477));
#4736 = CARTESIAN_POINT('',(33.701847177726,-23.13006336292));
#4737 = CARTESIAN_POINT('',(33.795961873121,-22.99716351119));
#4738 = CARTESIAN_POINT('',(33.884210833688,-22.86038444851));
#4739 = CARTESIAN_POINT('',(33.966052780215,-22.71985507692));
#4740 = CARTESIAN_POINT('',(34.149236193641,-22.36743373633));
#4741 = CARTESIAN_POINT('',(34.243040139807,-22.15158091091));
#4742 = CARTESIAN_POINT('',(34.320575450966,-21.92902917486));
#4743 = CARTESIAN_POINT('',(34.380188745669,-21.70090179647));
#4744 = CARTESIAN_POINT('',(34.420489688891,-21.46867764194));
#4745 = CARTESIAN_POINT('',(34.44061488125,-21.23424890678));
#4746 = CARTESIAN_POINT('',(34.440614636862,-21.));
#4747 = ( GEOMETRIC_REPRESENTATION_CONTEXT(2) 
PARAMETRIC_REPRESENTATION_CONTEXT() REPRESENTATION_CONTEXT('2D SPACE',''
  ) );
#4748 = PCURVE('',#1702,#4749);
#4749 = DEFINITIONAL_REPRESENTATION('',(#4750),#4909);
#4750 = B_SPLINE_CURVE_WITH_KNOTS('',7,(#4751,#4752,#4753,#4754,#4755,
    #4756,#4757,#4758,#4759,#4760,#4761,#4762,#4763,#4764,#4765,#4766,
    #4767,#4768,#4769,#4770,#4771,#4772,#4773,#4774,#4775,#4776,#4777,
    #4778,#4779,#4780,#4781,#4782,#4783,#4784,#4785,#4786,#4787,#4788,
    #4789,#4790,#4791,#4792,#4793,#4794,#4795,#4796,#4797,#4798,#4799,
    #4800,#4801,#4802,#4803,#4804,#4805,#4806,#4807,#4808,#4809,#4810,
    #4811,#4812,#4813,#4814,#4815,#4816,#4817,#4818,#4819,#4820,#4821,
    #4822,#4823,#4824,#4825,#4826,#4827,#4828,#4829,#4830,#4831,#4832,
    #4833,#4834,#4835,#4836,#4837,#4838,#4839,#4840,#4841,#4842,#4843,
    #4844,#4845,#4846,#4847,#4848,#4849,#4850,#4851,#4852,#4853,#4854,
    #4855,#4856,#4857,#4858,#4859,#4860,#4861,#4862,#4863,#4864,#4865,
    #4866,#4867,#4868,#4869,#4870,#4871,#4872,#4873,#4874,#4875,#4876,
    #4877,#4878,#4879,#4880,#4881,#4882,#4883,#4884,#4885,#4886,#4887,
    #4888,#4889,#4890,#4891,#4892,#4893,#4894,#4895,#4896,#4897,#4898,
    #4899,#4900,#4901,#4902,#4903,#4904,#4905,#4906,#4907,#4908),
  .UNSPECIFIED.,.F.,.F.,(8,6,6,6,6,6,6,6,6,6,6,6,6,6,6,6,6,6,6,6,6,6,6,6
    ,6,6,8),(0.,3.783865788215E-02,6.400370057545E-02,0.101644374153,
    0.136121615,0.165203984297,0.249996925088,0.334789865879,
    0.363872235177,0.398349476024,0.435990149601,0.462155192295,
    0.482564365836,0.500000809499,0.525160983313,0.53784536643,
    0.564010377491,0.601651005562,0.636128204728,0.665210538866,
    0.750003377146,0.834796215426,0.863878549564,0.89835574873,
    0.935996376802,0.962161387863,1.),.UNSPECIFIED.);
#4751 = CARTESIAN_POINT('',(6.28318530718,-2.6));
#4752 = CARTESIAN_POINT('',(6.238137415481,-2.6));
#4753 = CARTESIAN_POINT('',(6.193055091148,-2.6));
#4754 = CARTESIAN_POINT('',(6.148246998551,-2.6));
#4755 = CARTESIAN_POINT('',(6.103927780319,-2.6));
#4756 = CARTESIAN_POINT('',(6.060255834182,-2.6));
#4757 = CARTESIAN_POINT('',(6.017353438595,-2.6));
#4758 = CARTESIAN_POINT('',(5.946236087391,-2.6));
#4759 = CARTESIAN_POINT('',(5.917564245634,-2.6));
#4760 = CARTESIAN_POINT('',(5.889310984408,-2.6));
#4761 = CARTESIAN_POINT('',(5.861484351323,-2.6));
#4762 = CARTESIAN_POINT('',(5.834084316653,-2.6));
#4763 = CARTESIAN_POINT('',(5.807103930942,-2.6));
#4764 = CARTESIAN_POINT('',(5.74230228224,-2.6));
#4765 = CARTESIAN_POINT('',(5.704925287539,-2.6));
#4766 = CARTESIAN_POINT('',(5.668354806705,-2.6));
#4767 = CARTESIAN_POINT('',(5.632546428488,-2.6));
#4768 = CARTESIAN_POINT('',(5.597453596715,-2.6));
#4769 = CARTESIAN_POINT('',(5.563025184811,-2.6));
#4770 = CARTESIAN_POINT('',(5.498223465638,-2.6));
#4771 = CARTESIAN_POINT('',(5.467758493782,-2.6));
#4772 = CARTESIAN_POINT('',(5.437767489894,-2.6));
#4773 = CARTESIAN_POINT('',(5.408214461701,-2.6));
#4774 = CARTESIAN_POINT('',(5.37906640179,-2.6));
#4775 = CARTESIAN_POINT('',(5.350291599897,-2.6));
#4776 = CARTESIAN_POINT('',(5.297873502372,-2.6));
#4777 = CARTESIAN_POINT('',(5.27413301421,-2.6));
#4778 = CARTESIAN_POINT('',(5.250618150399,-2.6));
#4779 = CARTESIAN_POINT('',(5.227312178435,-2.6));
#4780 = CARTESIAN_POINT('',(5.20419953226,-2.6));
#4781 = CARTESIAN_POINT('',(5.181265370915,-2.6));
#4782 = CARTESIAN_POINT('',(5.092105942424,-2.6));
#4783 = CARTESIAN_POINT('',(5.027132672584,-2.6));
#4784 = CARTESIAN_POINT('',(4.963185761909,-2.6));
#4785 = CARTESIAN_POINT('',(4.899988863486,-2.6));
#4786 = CARTESIAN_POINT('',(4.837289808836,-2.6));
#4787 = CARTESIAN_POINT('',(4.774847391738,-2.6));
#4788 = CARTESIAN_POINT('',(4.649930569032,-2.6));
#4789 = CARTESIAN_POINT('',(4.587488151934,-2.6));
#4790 = CARTESIAN_POINT('',(4.524789097283,-2.6));
#4791 = CARTESIAN_POINT('',(4.461592198861,-2.6));
#4792 = CARTESIAN_POINT('',(4.397645288186,-2.6));
#4793 = CARTESIAN_POINT('',(4.332672018346,-2.6));
#4794 = CARTESIAN_POINT('',(4.243512589854,-2.6));
#4795 = CARTESIAN_POINT('',(4.22057842851,-2.6));
#4796 = CARTESIAN_POINT('',(4.197465782335,-2.6));
#4797 = CARTESIAN_POINT('',(4.174159810371,-2.6));
#4798 = CARTESIAN_POINT('',(4.150644946559,-2.6));
#4799 = CARTESIAN_POINT('',(4.126904458398,-2.6));
#4800 = CARTESIAN_POINT('',(4.074486360873,-2.6));
#4801 = CARTESIAN_POINT('',(4.045711558979,-2.6));
#4802 = CARTESIAN_POINT('',(4.016563499069,-2.6));
#4803 = CARTESIAN_POINT('',(3.987010470875,-2.6));
#4804 = CARTESIAN_POINT('',(3.957019466988,-2.6));
#4805 = CARTESIAN_POINT('',(3.926554495132,-2.6));
#4806 = CARTESIAN_POINT('',(3.861752775958,-2.6));
#4807 = CARTESIAN_POINT('',(3.827324364054,-2.6));
#4808 = CARTESIAN_POINT('',(3.792231532282,-2.6));
#4809 = CARTESIAN_POINT('',(3.756423154065,-2.6));
#4810 = CARTESIAN_POINT('',(3.71985267323,-2.6));
#4811 = CARTESIAN_POINT('',(3.68247567853,-2.6));
#4812 = CARTESIAN_POINT('',(3.617674029828,-2.6));
#4813 = CARTESIAN_POINT('',(3.590693644117,-2.6));
#4814 = CARTESIAN_POINT('',(3.563293609447,-2.6));
#4815 = CARTESIAN_POINT('',(3.535466976362,-2.6));
#4816 = CARTESIAN_POINT('',(3.507213715135,-2.6));
#4817 = CARTESIAN_POINT('',(3.478541873378,-2.6));
#4818 = CARTESIAN_POINT('',(3.426791195477,-2.6));
#4819 = CARTESIAN_POINT('',(3.40386978999,-2.6));
#4820 = CARTESIAN_POINT('',(3.380714618362,-2.6));
#4821 = CARTESIAN_POINT('',(3.35733945067,-2.6));
#4822 = CARTESIAN_POINT('',(3.33376264066,-2.6));
#4823 = CARTESIAN_POINT('',(3.310008040521,-2.6));
#4824 = CARTESIAN_POINT('',(3.26568529192,-2.6));
#4825 = CARTESIAN_POINT('',(3.245155577203,-2.6));
#4826 = CARTESIAN_POINT('',(3.224536358641,-2.6));
#4827 = CARTESIAN_POINT('',(3.203848007108,-2.6));
#4828 = CARTESIAN_POINT('',(3.183112107409,-2.6));
#4829 = CARTESIAN_POINT('',(3.16235188848,-2.6));
#4830 = CARTESIAN_POINT('',(3.111637809117,-2.6));
#4831 = CARTESIAN_POINT('',(3.081677472137,-2.6));
#4832 = CARTESIAN_POINT('',(3.051792392634,-2.6));
#4833 = CARTESIAN_POINT('',(3.022051070867,-2.6));
#4834 = CARTESIAN_POINT('',(2.992512454023,-2.6));
#4835 = CARTESIAN_POINT('',(2.96322863288,-2.6));
#4836 = CARTESIAN_POINT('',(2.919636856207,-2.6));
#4837 = CARTESIAN_POINT('',(2.905101862913,-2.6));
#4838 = CARTESIAN_POINT('',(2.890647775184,-2.6));
#4839 = CARTESIAN_POINT('',(2.876278955245,-2.6));
#4840 = CARTESIAN_POINT('',(2.861998990217,-2.6));
#4841 = CARTESIAN_POINT('',(2.847810771396,-2.6));
#4842 = CARTESIAN_POINT('',(2.804643433802,-2.6));
#4843 = CARTESIAN_POINT('',(2.775971592045,-2.6));
#4844 = CARTESIAN_POINT('',(2.747718330818,-2.6));
#4845 = CARTESIAN_POINT('',(2.719891697733,-2.6));
#4846 = CARTESIAN_POINT('',(2.692491663063,-2.6));
#4847 = CARTESIAN_POINT('',(2.665511277352,-2.6));
#4848 = CARTESIAN_POINT('',(2.60070962865,-2.6));
#4849 = CARTESIAN_POINT('',(2.563332633949,-2.6));
#4850 = CARTESIAN_POINT('',(2.526762153115,-2.6));
#4851 = CARTESIAN_POINT('',(2.490953774898,-2.6));
#4852 = CARTESIAN_POINT('',(2.455860943126,-2.6));
#4853 = CARTESIAN_POINT('',(2.421432531221,-2.6));
#4854 = CARTESIAN_POINT('',(2.356630812048,-2.6));
#4855 = CARTESIAN_POINT('',(2.326165840192,-2.6));
#4856 = CARTESIAN_POINT('',(2.296174836304,-2.6));
#4857 = CARTESIAN_POINT('',(2.266621808111,-2.6));
#4858 = CARTESIAN_POINT('',(2.2374737482,-2.6));
#4859 = CARTESIAN_POINT('',(2.208698946307,-2.6));
#4860 = CARTESIAN_POINT('',(2.156280848782,-2.6));
#4861 = CARTESIAN_POINT('',(2.13254036062,-2.6));
#4862 = CARTESIAN_POINT('',(2.109025496809,-2.6));
#4863 = CARTESIAN_POINT('',(2.085719524845,-2.6));
#4864 = CARTESIAN_POINT('',(2.06260687867,-2.6));
#4865 = CARTESIAN_POINT('',(2.039672717326,-2.6));
#4866 = CARTESIAN_POINT('',(1.950513288834,-2.6));
#4867 = CARTESIAN_POINT('',(1.885540018993,-2.6));
#4868 = CARTESIAN_POINT('',(1.821593108321,-2.6));
#4869 = CARTESIAN_POINT('',(1.758396209895,-2.6));
#4870 = CARTESIAN_POINT('',(1.695697155247,-2.6));
#4871 = CARTESIAN_POINT('',(1.633254738148,-2.6));
#4872 = CARTESIAN_POINT('',(1.508337915442,-2.6));
#4873 = CARTESIAN_POINT('',(1.445895498343,-2.6));
#4874 = CARTESIAN_POINT('',(1.383196443695,-2.6));
#4875 = CARTESIAN_POINT('',(1.319999545269,-2.6));
#4876 = CARTESIAN_POINT('',(1.256052634597,-2.6));
#4877 = CARTESIAN_POINT('',(1.191079364756,-2.6));
#4878 = CARTESIAN_POINT('',(1.101919936264,-2.6));
#4879 = CARTESIAN_POINT('',(1.07898577492,-2.6));
#4880 = CARTESIAN_POINT('',(1.055873128745,-2.6));
#4881 = CARTESIAN_POINT('',(1.032567156781,-2.6));
#4882 = CARTESIAN_POINT('',(1.00905229297,-2.6));
#4883 = CARTESIAN_POINT('',(0.985311804808,-2.6));
#4884 = CARTESIAN_POINT('',(0.932893707283,-2.6));
#4885 = CARTESIAN_POINT('',(0.90411890539,-2.6));
#4886 = CARTESIAN_POINT('',(0.874970845479,-2.6));
#4887 = CARTESIAN_POINT('',(0.845417817286,-2.6));
#4888 = CARTESIAN_POINT('',(0.815426813398,-2.6));
#4889 = CARTESIAN_POINT('',(0.784961841542,-2.6));
#4890 = CARTESIAN_POINT('',(0.720160122369,-2.6));
#4891 = CARTESIAN_POINT('',(0.685731710464,-2.6));
#4892 = CARTESIAN_POINT('',(0.650638878692,-2.6));
#4893 = CARTESIAN_POINT('',(0.614830500475,-2.6));
#4894 = CARTESIAN_POINT('',(0.578260019641,-2.6));
#4895 = CARTESIAN_POINT('',(0.54088302494,-2.6));
#4896 = CARTESIAN_POINT('',(0.476081376238,-2.6));
#4897 = CARTESIAN_POINT('',(0.449100990527,-2.6));
#4898 = CARTESIAN_POINT('',(0.421700955857,-2.6));
#4899 = CARTESIAN_POINT('',(0.393874322772,-2.6));
#4900 = CARTESIAN_POINT('',(0.365621061545,-2.6));
#4901 = CARTESIAN_POINT('',(0.336949219788,-2.6));
#4902 = CARTESIAN_POINT('',(0.265831868584,-2.6));
#4903 = CARTESIAN_POINT('',(0.222929472998,-2.6));
#4904 = CARTESIAN_POINT('',(0.179257526861,-2.6));
#4905 = CARTESIAN_POINT('',(0.134938308628,-2.6));
#4906 = CARTESIAN_POINT('',(9.013021603221E-02,-2.6));
#4907 = CARTESIAN_POINT('',(4.504789169877E-02,-2.6));
#4908 = CARTESIAN_POINT('',(0.,-2.6));
#4909 = ( GEOMETRIC_REPRESENTATION_CONTEXT(2) 
PARAMETRIC_REPRESENTATION_CONTEXT() REPRESENTATION_CONTEXT('2D SPACE',''
  ) );
#4910 = FACE_BOUND('',#4911,.F.);
#4911 = EDGE_LOOP('',(#4912,#4942,#4965,#4993,#5016,#5044,#5067,#5095));
#4912 = ORIENTED_EDGE('',*,*,#4913,.T.);
#4913 = EDGE_CURVE('',#4914,#4916,#4918,.T.);
#4914 = VERTEX_POINT('',#4915);
#4915 = CARTESIAN_POINT('',(-40.,-1.52631255192,16.133132289369));
#4916 = VERTEX_POINT('',#4917);
#4917 = CARTESIAN_POINT('',(-32.,-4.262473698525,8.615591323082));
#4918 = SURFACE_CURVE('',#4919,(#4924,#4935),.PCURVE_S1.);
#4919 = CIRCLE('',#4920,8.);
#4920 = AXIS2_PLACEMENT_3D('',#4921,#4922,#4923);
#4921 = CARTESIAN_POINT('',(-32.,-1.52631255192,16.133132289369));
#4922 = DIRECTION('',(0.,-0.939692620786,0.342020143326));
#4923 = DIRECTION('',(0.,-0.342020143326,-0.939692620786));
#4924 = PCURVE('',#98,#4925);
#4925 = DEFINITIONAL_REPRESENTATION('',(#4926),#4934);
#4926 = ( BOUNDED_CURVE() B_SPLINE_CURVE(2,(#4927,#4928,#4929,#4930,
#4931,#4932,#4933),.UNSPECIFIED.,.T.,.F.) B_SPLINE_CURVE_WITH_KNOTS((1,2
    ,2,2,2,1),(-2.094395102393,0.,2.094395102393,4.188790204786,
6.28318530718,8.377580409573),.UNSPECIFIED.) CURVE() 
GEOMETRIC_REPRESENTATION_ITEM() RATIONAL_B_SPLINE_CURVE((1.,0.5,1.,0.5,
1.,0.5,1.)) REPRESENTATION_ITEM('') );
#4927 = CARTESIAN_POINT('',(-48.05938536313,-32.));
#4928 = CARTESIAN_POINT('',(-48.05938536313,-18.14359353944));
#4929 = CARTESIAN_POINT('',(-36.05938536313,-25.07179676972));
#4930 = CARTESIAN_POINT('',(-24.05938536313,-32.));
#4931 = CARTESIAN_POINT('',(-36.05938536313,-38.92820323027));
#4932 = CARTESIAN_POINT('',(-48.05938536313,-45.85640646055));
#4933 = CARTESIAN_POINT('',(-48.05938536313,-32.));
#4934 = ( GEOMETRIC_REPRESENTATION_CONTEXT(2) 
PARAMETRIC_REPRESENTATION_CONTEXT() REPRESENTATION_CONTEXT('2D SPACE',''
  ) );
#4935 = PCURVE('',#1932,#4936);
#4936 = DEFINITIONAL_REPRESENTATION('',(#4937),#4941);
#4937 = LINE('',#4938,#4939);
#4938 = CARTESIAN_POINT('',(-6.28318530718,2.6));
#4939 = VECTOR('',#4940,1.);
#4940 = DIRECTION('',(1.,-0.));
#4941 = ( GEOMETRIC_REPRESENTATION_CONTEXT(2) 
PARAMETRIC_REPRESENTATION_CONTEXT() REPRESENTATION_CONTEXT('2D SPACE',''
  ) );
#4942 = ORIENTED_EDGE('',*,*,#4943,.T.);
#4943 = EDGE_CURVE('',#4916,#4944,#4946,.T.);
#4944 = VERTEX_POINT('',#4945);
#4945 = CARTESIAN_POINT('',(32.,-4.262473698525,8.615591323082));
#4946 = SURFACE_CURVE('',#4947,(#4951,#4958),.PCURVE_S1.);
#4947 = LINE('',#4948,#4949);
#4948 = CARTESIAN_POINT('',(-20.,-4.262473698525,8.615591323082));
#4949 = VECTOR('',#4950,1.);
#4950 = DIRECTION('',(1.,0.,0.));
#4951 = PCURVE('',#98,#4952);
#4952 = DEFINITIONAL_REPRESENTATION('',(#4953),#4957);
#4953 = LINE('',#4954,#4955);
#4954 = CARTESIAN_POINT('',(-48.05938536313,-20.));
#4955 = VECTOR('',#4956,1.);
#4956 = DIRECTION('',(0.,1.));
#4957 = ( GEOMETRIC_REPRESENTATION_CONTEXT(2) 
PARAMETRIC_REPRESENTATION_CONTEXT() REPRESENTATION_CONTEXT('2D SPACE',''
  ) );
#4958 = PCURVE('',#1960,#4959);
#4959 = DEFINITIONAL_REPRESENTATION('',(#4960),#4964);
#4960 = LINE('',#4961,#4962);
#4961 = CARTESIAN_POINT('',(20.,-2.6));
#4962 = VECTOR('',#4963,1.);
#4963 = DIRECTION('',(1.,0.));
#4964 = ( GEOMETRIC_REPRESENTATION_CONTEXT(2) 
PARAMETRIC_REPRESENTATION_CONTEXT() REPRESENTATION_CONTEXT('2D SPACE',''
  ) );
#4965 = ORIENTED_EDGE('',*,*,#4966,.T.);
#4966 = EDGE_CURVE('',#4944,#4967,#4969,.T.);
#4967 = VERTEX_POINT('',#4968);
#4968 = CARTESIAN_POINT('',(40.,-1.52631255192,16.133132289369));
#4969 = SURFACE_CURVE('',#4970,(#4975,#4986),.PCURVE_S1.);
#4970 = CIRCLE('',#4971,8.);
#4971 = AXIS2_PLACEMENT_3D('',#4972,#4973,#4974);
#4972 = CARTESIAN_POINT('',(32.,-1.52631255192,16.133132289369));
#4973 = DIRECTION('',(0.,-0.939692620786,0.342020143326));
#4974 = DIRECTION('',(0.,-0.342020143326,-0.939692620786));
#4975 = PCURVE('',#98,#4976);
#4976 = DEFINITIONAL_REPRESENTATION('',(#4977),#4985);
#4977 = ( BOUNDED_CURVE() B_SPLINE_CURVE(2,(#4978,#4979,#4980,#4981,
#4982,#4983,#4984),.UNSPECIFIED.,.T.,.F.) B_SPLINE_CURVE_WITH_KNOTS((1,2
    ,2,2,2,1),(-2.094395102393,0.,2.094395102393,4.188790204786,
6.28318530718,8.377580409573),.UNSPECIFIED.) CURVE() 
GEOMETRIC_REPRESENTATION_ITEM() RATIONAL_B_SPLINE_CURVE((1.,0.5,1.,0.5,
1.,0.5,1.)) REPRESENTATION_ITEM('') );
#4978 = CARTESIAN_POINT('',(-48.05938536313,32.));
#4979 = CARTESIAN_POINT('',(-48.05938536313,45.856406460551));
#4980 = CARTESIAN_POINT('',(-36.05938536313,38.928203230276));
#4981 = CARTESIAN_POINT('',(-24.05938536313,32.));
#4982 = CARTESIAN_POINT('',(-36.05938536313,25.071796769724));
#4983 = CARTESIAN_POINT('',(-48.05938536313,18.143593539449));
#4984 = CARTESIAN_POINT('',(-48.05938536313,32.));
#4985 = ( GEOMETRIC_REPRESENTATION_CONTEXT(2) 
PARAMETRIC_REPRESENTATION_CONTEXT() REPRESENTATION_CONTEXT('2D SPACE',''
  ) );
#4986 = PCURVE('',#1993,#4987);
#4987 = DEFINITIONAL_REPRESENTATION('',(#4988),#4992);
#4988 = LINE('',#4989,#4990);
#4989 = CARTESIAN_POINT('',(0.,2.6));
#4990 = VECTOR('',#4991,1.);
#4991 = DIRECTION('',(1.,0.));
#4992 = ( GEOMETRIC_REPRESENTATION_CONTEXT(2) 
PARAMETRIC_REPRESENTATION_CONTEXT() REPRESENTATION_CONTEXT('2D SPACE',''
  ) );
#4993 = ORIENTED_EDGE('',*,*,#4994,.T.);
#4994 = EDGE_CURVE('',#4967,#4995,#4997,.T.);
#4995 = VERTEX_POINT('',#4996);
#4996 = CARTESIAN_POINT('',(40.,9.418332034501,46.203296154518));
#4997 = SURFACE_CURVE('',#4998,(#5002,#5009),.PCURVE_S1.);
#4998 = LINE('',#4999,#5000);
#4999 = CARTESIAN_POINT('',(40.,3.956165236497,31.196116215705));
#5000 = VECTOR('',#5001,1.);
#5001 = DIRECTION('',(0.,0.342020143326,0.939692620786));
#5002 = PCURVE('',#98,#5003);
#5003 = DEFINITIONAL_REPRESENTATION('',(#5004),#5008);
#5004 = LINE('',#5005,#5006);
#5005 = CARTESIAN_POINT('',(-24.02969268156,40.));
#5006 = VECTOR('',#5007,1.);
#5007 = DIRECTION('',(1.,0.));
#5008 = ( GEOMETRIC_REPRESENTATION_CONTEXT(2) 
PARAMETRIC_REPRESENTATION_CONTEXT() REPRESENTATION_CONTEXT('2D SPACE',''
  ) );
#5009 = PCURVE('',#2021,#5010);
#5010 = DEFINITIONAL_REPRESENTATION('',(#5011),#5015);
#5011 = LINE('',#5012,#5013);
#5012 = CARTESIAN_POINT('',(24.029692681569,-2.6));
#5013 = VECTOR('',#5014,1.);
#5014 = DIRECTION('',(1.,0.));
#5015 = ( GEOMETRIC_REPRESENTATION_CONTEXT(2) 
PARAMETRIC_REPRESENTATION_CONTEXT() REPRESENTATION_CONTEXT('2D SPACE',''
  ) );
#5016 = ORIENTED_EDGE('',*,*,#5017,.T.);
#5017 = EDGE_CURVE('',#4995,#5018,#5020,.T.);
#5018 = VERTEX_POINT('',#5019);
#5019 = CARTESIAN_POINT('',(32.,12.154493181107,53.720837120805));
#5020 = SURFACE_CURVE('',#5021,(#5026,#5037),.PCURVE_S1.);
#5021 = CIRCLE('',#5022,8.);
#5022 = AXIS2_PLACEMENT_3D('',#5023,#5024,#5025);
#5023 = CARTESIAN_POINT('',(32.,9.418332034501,46.203296154518));
#5024 = DIRECTION('',(0.,-0.939692620786,0.342020143326));
#5025 = DIRECTION('',(1.,0.,0.));
#5026 = PCURVE('',#98,#5027);
#5027 = DEFINITIONAL_REPRESENTATION('',(#5028),#5036);
#5028 = ( BOUNDED_CURVE() B_SPLINE_CURVE(2,(#5029,#5030,#5031,#5032,
#5033,#5034,#5035),.UNSPECIFIED.,.T.,.F.) B_SPLINE_CURVE_WITH_KNOTS((1,2
    ,2,2,2,1),(-2.094395102393,0.,2.094395102393,4.188790204786,
6.28318530718,8.377580409573),.UNSPECIFIED.) CURVE() 
GEOMETRIC_REPRESENTATION_ITEM() RATIONAL_B_SPLINE_CURVE((1.,0.5,1.,0.5,
1.,0.5,1.)) REPRESENTATION_ITEM('') );
#5029 = CARTESIAN_POINT('',(-8.059385363138,40.));
#5030 = CARTESIAN_POINT('',(5.797021097413,40.));
#5031 = CARTESIAN_POINT('',(-1.131182132863,28.));
#5032 = CARTESIAN_POINT('',(-8.059385363138,16.));
#5033 = CARTESIAN_POINT('',(-14.98758859341,28.));
#5034 = CARTESIAN_POINT('',(-21.91579182368,40.));
#5035 = CARTESIAN_POINT('',(-8.059385363138,40.));
#5036 = ( GEOMETRIC_REPRESENTATION_CONTEXT(2) 
PARAMETRIC_REPRESENTATION_CONTEXT() REPRESENTATION_CONTEXT('2D SPACE',''
  ) );
#5037 = PCURVE('',#2077,#5038);
#5038 = DEFINITIONAL_REPRESENTATION('',(#5039),#5043);
#5039 = LINE('',#5040,#5041);
#5040 = CARTESIAN_POINT('',(0.,2.6));
#5041 = VECTOR('',#5042,1.);
#5042 = DIRECTION('',(1.,0.));
#5043 = ( GEOMETRIC_REPRESENTATION_CONTEXT(2) 
PARAMETRIC_REPRESENTATION_CONTEXT() REPRESENTATION_CONTEXT('2D SPACE',''
  ) );
#5044 = ORIENTED_EDGE('',*,*,#5045,.T.);
#5045 = EDGE_CURVE('',#5018,#5046,#5048,.T.);
#5046 = VERTEX_POINT('',#5047);
#5047 = CARTESIAN_POINT('',(-32.,12.154493181107,53.720837120805));
#5048 = SURFACE_CURVE('',#5049,(#5053,#5060),.PCURVE_S1.);
#5049 = LINE('',#5050,#5051);
#5050 = CARTESIAN_POINT('',(20.,12.154493181107,53.720837120805));
#5051 = VECTOR('',#5052,1.);
#5052 = DIRECTION('',(-1.,0.,0.));
#5053 = PCURVE('',#98,#5054);
#5054 = DEFINITIONAL_REPRESENTATION('',(#5055),#5059);
#5055 = LINE('',#5056,#5057);
#5056 = CARTESIAN_POINT('',(-5.938536313832E-02,20.));
#5057 = VECTOR('',#5058,1.);
#5058 = DIRECTION('',(0.,-1.));
#5059 = ( GEOMETRIC_REPRESENTATION_CONTEXT(2) 
PARAMETRIC_REPRESENTATION_CONTEXT() REPRESENTATION_CONTEXT('2D SPACE',''
  ) );
#5060 = PCURVE('',#2105,#5061);
#5061 = DEFINITIONAL_REPRESENTATION('',(#5062),#5066);
#5062 = LINE('',#5063,#5064);
#5063 = CARTESIAN_POINT('',(20.,-2.6));
#5064 = VECTOR('',#5065,1.);
#5065 = DIRECTION('',(1.,0.));
#5066 = ( GEOMETRIC_REPRESENTATION_CONTEXT(2) 
PARAMETRIC_REPRESENTATION_CONTEXT() REPRESENTATION_CONTEXT('2D SPACE',''
  ) );
#5067 = ORIENTED_EDGE('',*,*,#5068,.T.);
#5068 = EDGE_CURVE('',#5046,#5069,#5071,.T.);
#5069 = VERTEX_POINT('',#5070);
#5070 = CARTESIAN_POINT('',(-40.,9.418332034501,46.203296154518));
#5071 = SURFACE_CURVE('',#5072,(#5077,#5088),.PCURVE_S1.);
#5072 = CIRCLE('',#5073,8.);
#5073 = AXIS2_PLACEMENT_3D('',#5074,#5075,#5076);
#5074 = CARTESIAN_POINT('',(-32.,9.418332034501,46.203296154518));
#5075 = DIRECTION('',(0.,-0.939692620786,0.342020143326));
#5076 = DIRECTION('',(0.,0.342020143326,0.939692620786));
#5077 = PCURVE('',#98,#5078);
#5078 = DEFINITIONAL_REPRESENTATION('',(#5079),#5087);
#5079 = ( BOUNDED_CURVE() B_SPLINE_CURVE(2,(#5080,#5081,#5082,#5083,
#5084,#5085,#5086),.UNSPECIFIED.,.T.,.F.) B_SPLINE_CURVE_WITH_KNOTS((1,2
    ,2,2,2,1),(-2.094395102393,0.,2.094395102393,4.188790204786,
6.28318530718,8.377580409573),.UNSPECIFIED.) CURVE() 
GEOMETRIC_REPRESENTATION_ITEM() RATIONAL_B_SPLINE_CURVE((1.,0.5,1.,0.5,
1.,0.5,1.)) REPRESENTATION_ITEM('') );
#5080 = CARTESIAN_POINT('',(-5.938536313832E-02,-32.));
#5081 = CARTESIAN_POINT('',(-5.938536313832E-02,-45.85640646055));
#5082 = CARTESIAN_POINT('',(-12.05938536313,-38.92820323027));
#5083 = CARTESIAN_POINT('',(-24.05938536313,-32.));
#5084 = CARTESIAN_POINT('',(-12.05938536313,-25.07179676972));
#5085 = CARTESIAN_POINT('',(-5.938536313834E-02,-18.14359353944));
#5086 = CARTESIAN_POINT('',(-5.938536313832E-02,-32.));
#5087 = ( GEOMETRIC_REPRESENTATION_CONTEXT(2) 
PARAMETRIC_REPRESENTATION_CONTEXT() REPRESENTATION_CONTEXT('2D SPACE',''
  ) );
#5088 = PCURVE('',#2138,#5089);
#5089 = DEFINITIONAL_REPRESENTATION('',(#5090),#5094);
#5090 = LINE('',#5091,#5092);
#5091 = CARTESIAN_POINT('',(0.,2.6));
#5092 = VECTOR('',#5093,1.);
#5093 = DIRECTION('',(1.,0.));
#5094 = ( GEOMETRIC_REPRESENTATION_CONTEXT(2) 
PARAMETRIC_REPRESENTATION_CONTEXT() REPRESENTATION_CONTEXT('2D SPACE',''
  ) );
#5095 = ORIENTED_EDGE('',*,*,#5096,.T.);
#5096 = EDGE_CURVE('',#5069,#4914,#5097,.T.);
#5097 = SURFACE_CURVE('',#5098,(#5102,#5109),.PCURVE_S1.);
#5098 = LINE('',#5099,#5100);
#5099 = CARTESIAN_POINT('',(-40.,12.164648676313,53.748739114567));
#5100 = VECTOR('',#5101,1.);
#5101 = DIRECTION('',(0.,-0.342020143326,-0.939692620786));
#5102 = PCURVE('',#98,#5103);
#5103 = DEFINITIONAL_REPRESENTATION('',(#5104),#5108);
#5104 = LINE('',#5105,#5106);
#5105 = CARTESIAN_POINT('',(-2.969268156916E-02,-40.));
#5106 = VECTOR('',#5107,1.);
#5107 = DIRECTION('',(-1.,0.));
#5108 = ( GEOMETRIC_REPRESENTATION_CONTEXT(2) 
PARAMETRIC_REPRESENTATION_CONTEXT() REPRESENTATION_CONTEXT('2D SPACE',''
  ) );
#5109 = PCURVE('',#2166,#5110);
#5110 = DEFINITIONAL_REPRESENTATION('',(#5111),#5115);
#5111 = LINE('',#5112,#5113);
#5112 = CARTESIAN_POINT('',(-2.969268156916E-02,-2.6));
#5113 = VECTOR('',#5114,1.);
#5114 = DIRECTION('',(1.,0.));
#5115 = ( GEOMETRIC_REPRESENTATION_CONTEXT(2) 
PARAMETRIC_REPRESENTATION_CONTEXT() REPRESENTATION_CONTEXT('2D SPACE',''
  ) );
#5116 = FACE_BOUND('',#5117,.F.);
#5117 = EDGE_LOOP('',(#5118,#5623));
#5118 = ORIENTED_EDGE('',*,*,#5119,.F.);
#5119 = EDGE_CURVE('',#5120,#5122,#5124,.T.);
#5120 = VERTEX_POINT('',#5121);
#5121 = CARTESIAN_POINT('',(8.958070923884,17.44967483309,
    68.269229141539));
#5122 = VERTEX_POINT('',#5123);
#5123 = CARTESIAN_POINT('',(-8.958070923884,17.44967483309,
    68.269229141539));
#5124 = SURFACE_CURVE('',#5125,(#5289,#5456),.PCURVE_S1.);
#5125 = B_SPLINE_CURVE_WITH_KNOTS('',8,(#5126,#5127,#5128,#5129,#5130,
    #5131,#5132,#5133,#5134,#5135,#5136,#5137,#5138,#5139,#5140,#5141,
    #5142,#5143,#5144,#5145,#5146,#5147,#5148,#5149,#5150,#5151,#5152,
    #5153,#5154,#5155,#5156,#5157,#5158,#5159,#5160,#5161,#5162,#5163,
    #5164,#5165,#5166,#5167,#5168,#5169,#5170,#5171,#5172,#5173,#5174,
    #5175,#5176,#5177,#5178,#5179,#5180,#5181,#5182,#5183,#5184,#5185,
    #5186,#5187,#5188,#5189,#5190,#5191,#5192,#5193,#5194,#5195,#5196,
    #5197,#5198,#5199,#5200,#5201,#5202,#5203,#5204,#5205,#5206,#5207,
    #5208,#5209,#5210,#5211,#5212,#5213,#5214,#5215,#5216,#5217,#5218,
    #5219,#5220,#5221,#5222,#5223,#5224,#5225,#5226,#5227,#5228,#5229,
    #5230,#5231,#5232,#5233,#5234,#5235,#5236,#5237,#5238,#5239,#5240,
    #5241,#5242,#5243,#5244,#5245,#5246,#5247,#5248,#5249,#5250,#5251,
    #5252,#5253,#5254,#5255,#5256,#5257,#5258,#5259,#5260,#5261,#5262,
    #5263,#5264,#5265,#5266,#5267,#5268,#5269,#5270,#5271,#5272,#5273,
    #5274,#5275,#5276,#5277,#5278,#5279,#5280,#5281,#5282,#5283,#5284,
    #5285,#5286,#5287,#5288),.UNSPECIFIED.,.F.,.F.,(9,7,7,7,7,7,7,7,7,7,
    7,7,7,7,7,7,7,7,7,7,7,7,7,9),(0.,5.79867381634E-02,
    7.970403201828E-02,9.202603052974E-02,0.11745094241,0.148974094823,
    0.165444449683,0.199146245659,0.250827115668,0.301981213682,
    0.348388893775,0.500019507488,0.594542181223,0.682931331877,
    0.732401834603,0.783541810243,0.828090656695,0.847169819921,
    0.858659902489,0.882553619315,0.907977543707,0.920299063639,
    0.942015514007,1.),.UNSPECIFIED.);
#5126 = CARTESIAN_POINT('',(8.958070923884,17.44967483309,
    68.269229141539));
#5127 = CARTESIAN_POINT('',(9.16330243147,17.395948255787,
    68.121616583574));
#5128 = CARTESIAN_POINT('',(9.362497675182,17.339625256402,
    67.966870414568));
#5129 = CARTESIAN_POINT('',(9.55496121409,17.280563695486,
    67.804600109594));
#5130 = CARTESIAN_POINT('',(9.739733776449,17.218639746188,
    67.634465457176));
#5131 = CARTESIAN_POINT('',(9.9156078229,17.153753443235,67.456191804979
    ));
#5132 = CARTESIAN_POINT('',(10.081149682377,17.085836035313,
    67.269590260326));
#5133 = CARTESIAN_POINT('',(10.234728260737,17.014859140871,
    67.074582845544));
#5134 = CARTESIAN_POINT('',(10.426916723276,16.913126067687,
    66.795073524159));
#5135 = CARTESIAN_POINT('',(10.477343318575,16.884985898108,
    66.717759043662));
#5136 = CARTESIAN_POINT('',(10.525732387433,16.85642944376,
    66.639300830159));
#5137 = CARTESIAN_POINT('',(10.57198168701,16.827463342119,
    66.559717119972));
#5138 = CARTESIAN_POINT('',(10.615986125209,16.798096909599,
    66.479033509733));
#5139 = CARTESIAN_POINT('',(10.657639433707,16.768342428171,
    66.397283743882));
#5140 = CARTESIAN_POINT('',(10.696835840983,16.738215431994,
    66.31451050217));
#5141 = CARTESIAN_POINT('',(10.754258292787,16.690440946562,
    66.183251182218));
#5142 = CARTESIAN_POINT('',(10.774220526847,16.67303316425,
    66.135423693394));
#5143 = CARTESIAN_POINT('',(10.79333950178,16.655515208201,
    66.087293504715));
#5144 = CARTESIAN_POINT('',(10.811596573877,16.637890989779,
    66.038871362564));
#5145 = CARTESIAN_POINT('',(10.828973548457,16.620164787191,
    65.990169021223));
#5146 = CARTESIAN_POINT('',(10.845452826848,16.602341262069,
    65.941199288413));
#5147 = CARTESIAN_POINT('',(10.86101755338,16.584425476037,
    65.891976070838));
#5148 = CARTESIAN_POINT('',(10.905847633084,16.529276845034,
    65.740456452443));
#5149 = CARTESIAN_POINT('',(10.93208427257,16.491758154267,
    65.637374696754));
#5150 = CARTESIAN_POINT('',(10.95421772545,16.45391849658,65.5334110917)
  );
#5151 = CARTESIAN_POINT('',(10.972125171169,16.415813402786,
    65.428718206935));
#5152 = CARTESIAN_POINT('',(10.98570863735,16.377502416791,
    65.323459637997));
#5153 = CARTESIAN_POINT('',(10.994898713154,16.339049239466,
    65.217810401588));
#5154 = CARTESIAN_POINT('',(10.999658262639,16.300521872512,
    65.111957330851));
#5155 = CARTESIAN_POINT('',(11.000392655497,16.214222330786,
    64.874851288651));
#5156 = CARTESIAN_POINT('',(10.993986892875,16.166438600486,
    64.743566568634));
#5157 = CARTESIAN_POINT('',(10.980762083267,16.118783134009,
    64.612634250576));
#5158 = CARTESIAN_POINT('',(10.960800812863,16.071385225623,
    64.482409567556));
#5159 = CARTESIAN_POINT('',(10.934260007265,16.024362635119,
    64.353216061941));
#5160 = CARTESIAN_POINT('',(10.901357955289,15.977822232476,
    64.225347356586));
#5161 = CARTESIAN_POINT('',(10.862363370306,15.931860553364,
    64.099068681066));
#5162 = CARTESIAN_POINT('',(10.794191267992,15.862897662418,
    63.909594695412));
#5163 = CARTESIAN_POINT('',(10.769215221132,15.839410384643,
    63.845063930082));
#5164 = CARTESIAN_POINT('',(10.74270067363,15.816113406097,
    63.781056007585));
#5165 = CARTESIAN_POINT('',(10.714691768254,15.793016385582,
    63.717597465263));
#5166 = CARTESIAN_POINT('',(10.685233913101,15.770127743728,
    63.654711438606));
#5167 = CARTESIAN_POINT('',(10.654373229216,15.747454739962,
    63.592417872728));
#5168 = CARTESIAN_POINT('',(10.622155998217,15.725003549481,
    63.530733733843));
#5169 = CARTESIAN_POINT('',(10.520023027588,15.657303952922,
    63.344730620991));
#5170 = CARTESIAN_POINT('',(10.445934807513,15.612781929935,
    63.222407368164));
#5171 = CARTESIAN_POINT('',(10.366752085846,15.569252972106,
    63.102812539438));
#5172 = CARTESIAN_POINT('',(10.282858168081,15.526741959369,
    62.986014491865));
#5173 = CARTESIAN_POINT('',(10.194620292332,15.485261376336,
    62.872047526635));
#5174 = CARTESIAN_POINT('',(10.102381008558,15.444813282417,
    62.760917301933));
#5175 = CARTESIAN_POINT('',(10.006451673687,15.405390826467,
    62.652604994392));
#5176 = CARTESIAN_POINT('',(9.754767093935,15.308076189928,
    62.385235227916));
#5177 = CARTESIAN_POINT('',(9.59443888519,15.251566415875,
    62.229975899728));
#5178 = CARTESIAN_POINT('',(9.427098062596,15.197384684479,
    62.081112816171));
#5179 = CARTESIAN_POINT('',(9.253603057939,15.14546048325,61.93845224577
    ));
#5180 = CARTESIAN_POINT('',(9.074698492722,15.095717468045,
    61.801784434719));
#5181 = CARTESIAN_POINT('',(8.891015225414,15.048073676081,
    61.670884192121));
#5182 = CARTESIAN_POINT('',(8.703068061833,15.002442570439,
    61.545513759744));
#5183 = CARTESIAN_POINT('',(8.321389344283,14.915472764391,
    61.306566181454));
#5184 = CARTESIAN_POINT('',(8.127782326312,14.874105479939,
    61.192910501517));
#5185 = CARTESIAN_POINT('',(7.930843310029,14.834551298619,
    61.084236281495));
#5186 = CARTESIAN_POINT('',(7.730932947322,14.796737560866,
    60.980343890876));
#5187 = CARTESIAN_POINT('',(7.528364186358,14.760597919691,
    60.881051042798));
#5188 = CARTESIAN_POINT('',(7.323405474521,14.726070513705,
    60.786187774499));
#5189 = CARTESIAN_POINT('',(7.116282284646,14.693097105133,
    60.695594079007));
#5190 = CARTESIAN_POINT('',(6.717473828763,14.633069620597,
    60.530669920697));
#5191 = CARTESIAN_POINT('',(6.526152814589,14.605752128853,
    60.455615728974));
#5192 = CARTESIAN_POINT('',(6.333358577715,14.579631066277,
    60.383848699373));
#5193 = CARTESIAN_POINT('',(6.13922162579,14.554670627086,
    60.315270456318));
#5194 = CARTESIAN_POINT('',(5.943858919823,14.530838352772,
    60.249791820785));
#5195 = CARTESIAN_POINT('',(5.747374475584,14.508104643869,
    60.187331468913));
#5196 = CARTESIAN_POINT('',(5.549859965013,14.486442271725,
    60.127814590595));
#5197 = CARTESIAN_POINT('',(4.70293979854,14.398464743035,
    59.886098317102));
#5198 = CARTESIAN_POINT('',(4.044626527135,14.342300403114,
    59.731788061389));
#5199 = CARTESIAN_POINT('',(3.378934563289,14.296404853335,
    59.60569107472));
#5200 = CARTESIAN_POINT('',(2.707894979779,14.260224839525,
    59.506287303741));
#5201 = CARTESIAN_POINT('',(2.03322288651,14.233353941966,
    59.432460119457));
#5202 = CARTESIAN_POINT('',(1.356320823325,14.215531978146,
    59.38349467629));
#5203 = CARTESIAN_POINT('',(0.67830642243,14.206614041061,
    59.358992845521));
#5204 = CARTESIAN_POINT('',(-0.422838997287,14.206614041061,
    59.358992845521));
#5205 = CARTESIAN_POINT('',(-0.84565795342,14.210079522012,
    59.368514176181));
#5206 = CARTESIAN_POINT('',(-1.268195542808,14.217009774965,
    59.387554889681));
#5207 = CARTESIAN_POINT('',(-1.690166519635,14.227425189509,
    59.416171005954));
#5208 = CARTESIAN_POINT('',(-2.111262041706,14.241365015277,
    59.454470362484));
#5209 = CARTESIAN_POINT('',(-2.531149081198,14.258888049112,
    59.502614502265));
#5210 = CARTESIAN_POINT('',(-2.949468922319,14.280076247879,
    59.560828599937));
#5211 = CARTESIAN_POINT('',(-3.755182825569,14.328386319967,
    59.693559432132));
#5212 = CARTESIAN_POINT('',(-4.142762056716,14.355030538026,
    59.766763819606));
#5213 = CARTESIAN_POINT('',(-4.528289053745,14.38506483,59.849282358615)
  );
#5214 = CARTESIAN_POINT('',(-4.911389387695,14.418602339817,
    59.941425909541));
#5215 = CARTESIAN_POINT('',(-5.291599629776,14.455776257685,
    60.043560409478));
#5216 = CARTESIAN_POINT('',(-5.668363343325,14.496743988223,
    60.156118324057));
#5217 = CARTESIAN_POINT('',(-6.041021024166,14.541697675457,
    60.279627564652));
#5218 = CARTESIAN_POINT('',(-6.614632752884,14.618408535342,
    60.490388920013));
#5219 = CARTESIAN_POINT('',(-6.818921347304,14.647258364867,
    60.56965317519));
#5220 = CARTESIAN_POINT('',(-7.021522635811,14.67747283732,
    60.652666755995));
#5221 = CARTESIAN_POINT('',(-7.22227147239,14.709097485685,
    60.739554763276));
#5222 = CARTESIAN_POINT('',(-7.420974579521,14.742181182885,
    60.830451474285));
#5223 = CARTESIAN_POINT('',(-7.617409479243,14.776776835383,
    60.925502248333));
#5224 = CARTESIAN_POINT('',(-7.811322477564,14.812942699403,
    61.024867143083));
#5225 = CARTESIAN_POINT('',(-8.19997805602,14.889821625193,
    61.236090255724));
#5226 = CARTESIAN_POINT('',(-8.39449482995,14.930640494135,
    61.348239176429));
#5227 = CARTESIAN_POINT('',(-8.585680860912,14.973276402811,
    61.465380372774));
#5228 = CARTESIAN_POINT('',(-8.773157300469,15.017806274732,
    61.587725190369));
#5229 = CARTESIAN_POINT('',(-8.956463612042,15.064307546119,
    61.71548638348));
#5230 = CARTESIAN_POINT('',(-9.135056699589,15.112858447372,
    61.848878888367));
#5231 = CARTESIAN_POINT('',(-9.308307167809,15.163539500607,
    61.988123937725));
#5232 = CARTESIAN_POINT('',(-9.621130703032,15.262515418662,
    62.260058037652));
#5233 = CARTESIAN_POINT('',(-9.762130005348,15.310264432023,
    62.391247373661));
#5234 = CARTESIAN_POINT('',(-9.898022534449,15.359740526171,
    62.527181825135));
#5235 = CARTESIAN_POINT('',(-10.02823495168,15.410987510985,
    62.667981758728));
#5236 = CARTESIAN_POINT('',(-10.15209681542,15.464033323103,
    62.813723929719));
#5237 = CARTESIAN_POINT('',(-10.26885375711,15.51888635227,
    62.964431388743));
#5238 = CARTESIAN_POINT('',(-10.37768568401,15.575530524312,
    63.120059972373));
#5239 = CARTESIAN_POINT('',(-10.52057650532,15.658925533322,
    63.349185876523));
#5240 = CARTESIAN_POINT('',(-10.56180736218,15.684249665074,
    63.418763356679));
#5241 = CARTESIAN_POINT('',(-10.60135332146,15.709886477909,
    63.489199921051));
#5242 = CARTESIAN_POINT('',(-10.63914320802,15.735829299356,
    63.560477237173));
#5243 = CARTESIAN_POINT('',(-10.67510493451,15.762069684607,
    63.632572103126));
#5244 = CARTESIAN_POINT('',(-10.70916650667,15.788597258561,
    63.70545601356));
#5245 = CARTESIAN_POINT('',(-10.74125702845,15.815399557879,
    63.779094725724));
#5246 = CARTESIAN_POINT('',(-10.78940518758,15.858759665108,
    63.898225641242));
#5247 = CARTESIAN_POINT('',(-10.80676297584,15.875151755949,
    63.943262540684));
#5248 = CARTESIAN_POINT('',(-10.82336582243,15.891634908416,
    63.98854962989));
#5249 = CARTESIAN_POINT('',(-10.83919903233,15.908205599145,
    64.034077228491));
#5250 = CARTESIAN_POINT('',(-10.85424846512,15.924860018528,
    64.079834869681));
#5251 = CARTESIAN_POINT('',(-10.86850053501,15.94159407072,
    64.125811300215));
#5252 = CARTESIAN_POINT('',(-10.88194221081,15.958403373635,
    64.171994480409));
#5253 = CARTESIAN_POINT('',(-10.92080192016,16.010385112847,
    64.314813135119));
#5254 = CARTESIAN_POINT('',(-10.94348659757,16.045794504876,
    64.412099640155));
#5255 = CARTESIAN_POINT('',(-10.96250208054,16.081466533334,
    64.51010773285));
#5256 = CARTESIAN_POINT('',(-10.97775336194,16.117353481192,
    64.608706311741));
#5257 = CARTESIAN_POINT('',(-10.98916591637,16.153404729887,
    64.707756303476));
#5258 = CARTESIAN_POINT('',(-10.99668822153,16.189566673135,
    64.807110425991));
#5259 = CARTESIAN_POINT('',(-11.00029427952,16.225782630725,
    64.906612951695));
#5260 = CARTESIAN_POINT('',(-10.99965826263,16.300521872512,
    65.111957330852));
#5261 = CARTESIAN_POINT('',(-10.99489871315,16.339049239466,
    65.21781040159));
#5262 = CARTESIAN_POINT('',(-10.98570863734,16.377502416792,
    65.323459637998));
#5263 = CARTESIAN_POINT('',(-10.97212517116,16.415813402787,
    65.428718206936));
#5264 = CARTESIAN_POINT('',(-10.95421772545,16.453918496581,
    65.533411091701));
#5265 = CARTESIAN_POINT('',(-10.93208427257,16.491758154267,
    65.637374696755));
#5266 = CARTESIAN_POINT('',(-10.90584763308,16.529276845034,
    65.740456452445));
#5267 = CARTESIAN_POINT('',(-10.86101755338,16.584425476037,
    65.891976070839));
#5268 = CARTESIAN_POINT('',(-10.84545282684,16.602341262069,
    65.941199288414));
#5269 = CARTESIAN_POINT('',(-10.82897354845,16.620164787192,
    65.990169021224));
#5270 = CARTESIAN_POINT('',(-10.81159657387,16.637890989779,
    66.038871362565));
#5271 = CARTESIAN_POINT('',(-10.79333950177,16.655515208202,
    66.087293504716));
#5272 = CARTESIAN_POINT('',(-10.77422052684,16.67303316425,
    66.135423693395));
#5273 = CARTESIAN_POINT('',(-10.75425829278,16.690440946562,
    66.183251182219));
#5274 = CARTESIAN_POINT('',(-10.69683584098,16.738215431995,
    66.314510502171));
#5275 = CARTESIAN_POINT('',(-10.6576394337,16.768342428171,
    66.397283743883));
#5276 = CARTESIAN_POINT('',(-10.6159861252,16.7980969096,66.479033509734
    ));
#5277 = CARTESIAN_POINT('',(-10.571981687,16.82746334212,66.559717119974
    ));
#5278 = CARTESIAN_POINT('',(-10.52573238743,16.85642944376,
    66.63930083016));
#5279 = CARTESIAN_POINT('',(-10.47734331857,16.884985898109,
    66.717759043663));
#5280 = CARTESIAN_POINT('',(-10.42691672327,16.913126067688,
    66.79507352416));
#5281 = CARTESIAN_POINT('',(-10.23472826073,17.014859140872,
    67.074582845545));
#5282 = CARTESIAN_POINT('',(-10.08114968237,17.085836035313,
    67.269590260327));
#5283 = CARTESIAN_POINT('',(-9.9156078229,17.153753443235,
    67.456191804979));
#5284 = CARTESIAN_POINT('',(-9.739733776449,17.218639746189,
    67.634465457176));
#5285 = CARTESIAN_POINT('',(-9.55496121409,17.280563695486,
    67.804600109595));
#5286 = CARTESIAN_POINT('',(-9.362497675182,17.339625256402,
    67.966870414569));
#5287 = CARTESIAN_POINT('',(-9.16330243147,17.395948255787,
    68.121616583574));
#5288 = CARTESIAN_POINT('',(-8.958070923884,17.44967483309,
    68.269229141539));
#5289 = PCURVE('',#98,#5290);
#5290 = DEFINITIONAL_REPRESENTATION('',(#5291),#5455);
#5291 = B_SPLINE_CURVE_WITH_KNOTS('',8,(#5292,#5293,#5294,#5295,#5296,
    #5297,#5298,#5299,#5300,#5301,#5302,#5303,#5304,#5305,#5306,#5307,
    #5308,#5309,#5310,#5311,#5312,#5313,#5314,#5315,#5316,#5317,#5318,
    #5319,#5320,#5321,#5322,#5323,#5324,#5325,#5326,#5327,#5328,#5329,
    #5330,#5331,#5332,#5333,#5334,#5335,#5336,#5337,#5338,#5339,#5340,
    #5341,#5342,#5343,#5344,#5345,#5346,#5347,#5348,#5349,#5350,#5351,
    #5352,#5353,#5354,#5355,#5356,#5357,#5358,#5359,#5360,#5361,#5362,
    #5363,#5364,#5365,#5366,#5367,#5368,#5369,#5370,#5371,#5372,#5373,
    #5374,#5375,#5376,#5377,#5378,#5379,#5380,#5381,#5382,#5383,#5384,
    #5385,#5386,#5387,#5388,#5389,#5390,#5391,#5392,#5393,#5394,#5395,
    #5396,#5397,#5398,#5399,#5400,#5401,#5402,#5403,#5404,#5405,#5406,
    #5407,#5408,#5409,#5410,#5411,#5412,#5413,#5414,#5415,#5416,#5417,
    #5418,#5419,#5420,#5421,#5422,#5423,#5424,#5425,#5426,#5427,#5428,
    #5429,#5430,#5431,#5432,#5433,#5434,#5435,#5436,#5437,#5438,#5439,
    #5440,#5441,#5442,#5443,#5444,#5445,#5446,#5447,#5448,#5449,#5450,
    #5451,#5452,#5453,#5454),.UNSPECIFIED.,.F.,.F.,(9,7,7,7,7,7,7,7,7,7,
    7,7,7,7,7,7,7,7,7,7,7,7,7,9),(0.,5.79867381634E-02,
    7.970403201828E-02,9.202603052974E-02,0.11745094241,0.148974094823,
    0.165444449683,0.199146245659,0.250827115668,0.301981213682,
    0.348388893775,0.500019507488,0.594542181223,0.682931331877,
    0.732401834603,0.783541810243,0.828090656695,0.847169819921,
    0.858659902489,0.882553619315,0.907977543707,0.920299063639,
    0.942015514007,1.),.UNSPECIFIED.);
#5292 = CARTESIAN_POINT('',(15.422690050592,8.958070923884));
#5293 = CARTESIAN_POINT('',(15.265604047468,9.16330243147));
#5294 = CARTESIAN_POINT('',(15.100926614036,9.362497675182));
#5295 = CARTESIAN_POINT('',(14.92824216235,9.55496121409));
#5296 = CARTESIAN_POINT('',(14.747188646918,9.739733776449));
#5297 = CARTESIAN_POINT('',(14.557473788832,9.9156078229));
#5298 = CARTESIAN_POINT('',(14.358896572703,10.081149682377));
#5299 = CARTESIAN_POINT('',(14.151374016424,10.234728260737));
#5300 = CARTESIAN_POINT('',(13.853926409406,10.426916723276));
#5301 = CARTESIAN_POINT('',(13.771650057771,10.477343318575));
#5302 = CARTESIAN_POINT('',(13.688156570892,10.525732387433));
#5303 = CARTESIAN_POINT('',(13.603465355461,10.57198168701));
#5304 = CARTESIAN_POINT('',(13.517603650841,10.615986125209));
#5305 = CARTESIAN_POINT('',(13.430607367117,10.657639433707));
#5306 = CARTESIAN_POINT('',(13.342521923131,10.696835840983));
#5307 = CARTESIAN_POINT('',(13.202838672408,10.754258292787));
#5308 = CARTESIAN_POINT('',(13.151941721888,10.774220526847));
#5309 = CARTESIAN_POINT('',(13.100722644911,10.79333950178));
#5310 = CARTESIAN_POINT('',(13.049192877539,10.811596573877));
#5311 = CARTESIAN_POINT('',(12.997364928415,10.828973548457));
#5312 = CARTESIAN_POINT('',(12.945252427235,10.845452826848));
#5313 = CARTESIAN_POINT('',(12.892870173202,10.86101755338));
#5314 = CARTESIAN_POINT('',(12.731626363212,10.905847633084));
#5315 = CARTESIAN_POINT('',(12.62192905006,10.93208427257));
#5316 = CARTESIAN_POINT('',(12.511293292415,10.95421772545));
#5317 = CARTESIAN_POINT('',(12.399881451512,10.972125171169));
#5318 = CARTESIAN_POINT('',(12.287867622085,10.98570863735));
#5319 = CARTESIAN_POINT('',(12.175438053021,10.994898713154));
#5320 = CARTESIAN_POINT('',(12.062791567993,10.999658262639));
#5321 = CARTESIAN_POINT('',(11.810468588165,11.000392655497));
#5322 = CARTESIAN_POINT('',(11.670758307257,10.993986892875));
#5323 = CARTESIAN_POINT('',(11.53142304468,10.980762083267));
#5324 = CARTESIAN_POINT('',(11.392840831583,10.960800812863));
#5325 = CARTESIAN_POINT('',(11.255355974559,10.934260007265));
#5326 = CARTESIAN_POINT('',(11.119280940526,10.901357955289));
#5327 = CARTESIAN_POINT('',(10.984897980899,10.862363370306));
#5328 = CARTESIAN_POINT('',(10.783263976904,10.794191267992));
#5329 = CARTESIAN_POINT('',(10.714591770798,10.769215221132));
#5330 = CARTESIAN_POINT('',(10.646475962415,10.74270067363));
#5331 = CARTESIAN_POINT('',(10.578944792203,10.714691768254));
#5332 = CARTESIAN_POINT('',(10.512022880435,10.685233913101));
#5333 = CARTESIAN_POINT('',(10.445731452259,10.654373229216));
#5334 = CARTESIAN_POINT('',(10.380088562743,10.622155998217));
#5335 = CARTESIAN_POINT('',(10.182148184434,10.520023027588));
#5336 = CARTESIAN_POINT('',(10.051974497719,10.445934807513));
#5337 = CARTESIAN_POINT('',(9.924704339286,10.366752085846));
#5338 = CARTESIAN_POINT('',(9.800410453191,10.282858168081));
#5339 = CARTESIAN_POINT('',(9.679129341996,10.194620292332));
#5340 = CARTESIAN_POINT('',(9.560867027018,10.102381008558));
#5341 = CARTESIAN_POINT('',(9.445603476847,10.006451673687));
#5342 = CARTESIAN_POINT('',(9.161074514332,9.754767093935));
#5343 = CARTESIAN_POINT('',(8.995850988304,9.59443888519));
#5344 = CARTESIAN_POINT('',(8.83743420364,9.427098062596));
#5345 = CARTESIAN_POINT('',(8.685617995611,9.253603057939));
#5346 = CARTESIAN_POINT('',(8.540179148878,9.074698492722));
#5347 = CARTESIAN_POINT('',(8.400878020293,8.891015225414));
#5348 = CARTESIAN_POINT('',(8.267461592832,8.703068061833));
#5349 = CARTESIAN_POINT('',(8.013178891228,8.321389344283));
#5350 = CARTESIAN_POINT('',(7.892229042924,8.127782326312));
#5351 = CARTESIAN_POINT('',(7.776580353535,7.930843310029));
#5352 = CARTESIAN_POINT('',(7.666020380709,7.730932947322));
#5353 = CARTESIAN_POINT('',(7.560355138819,7.528364186358));
#5354 = CARTESIAN_POINT('',(7.459403757271,7.323405474521));
#5355 = CARTESIAN_POINT('',(7.362995960201,7.116282284646));
#5356 = CARTESIAN_POINT('',(7.187487336784,6.717473828763));
#5357 = CARTESIAN_POINT('',(7.107616334221,6.526152814589));
#5358 = CARTESIAN_POINT('',(7.031243456523,6.333358577715));
#5359 = CARTESIAN_POINT('',(6.958264014588,6.13922162579));
#5360 = CARTESIAN_POINT('',(6.888583106083,5.943858919823));
#5361 = CARTESIAN_POINT('',(6.822114187959,5.747374475584));
#5362 = CARTESIAN_POINT('',(6.758777648966,5.549859965013));
#5363 = CARTESIAN_POINT('',(6.501548563469,4.70293979854));
#5364 = CARTESIAN_POINT('',(6.337335019274,4.044626527135));
#5365 = CARTESIAN_POINT('',(6.203145408884,3.378934563289));
#5366 = CARTESIAN_POINT('',(6.097362125308,2.707894979779));
#5367 = CARTESIAN_POINT('',(6.018796876789,2.03322288651));
#5368 = CARTESIAN_POINT('',(5.966688940551,1.356320823325));
#5369 = CARTESIAN_POINT('',(5.940614636862,0.67830642243));
#5370 = CARTESIAN_POINT('',(5.940614636862,-0.422838997287));
#5371 = CARTESIAN_POINT('',(5.950747025315,-0.84565795342));
#5372 = CARTESIAN_POINT('',(5.971009729394,-1.268195542808));
#5373 = CARTESIAN_POINT('',(6.001462364266,-1.690166519635));
#5374 = CARTESIAN_POINT('',(6.042219688185,-2.111262041706));
#5375 = CARTESIAN_POINT('',(6.093453611615,-2.531149081198));
#5376 = CARTESIAN_POINT('',(6.155403760402,-2.949468922319));
#5377 = CARTESIAN_POINT('',(6.296652961746,-3.755182825569));
#5378 = CARTESIAN_POINT('',(6.374555443745,-4.142762056716));
#5379 = CARTESIAN_POINT('',(6.462369838775,-4.528289053745));
#5380 = CARTESIAN_POINT('',(6.560426957547,-4.911389387695));
#5381 = CARTESIAN_POINT('',(6.669116222183,-5.291599629776));
#5382 = CARTESIAN_POINT('',(6.788897852994,-5.668363343325));
#5383 = CARTESIAN_POINT('',(6.92033364153,-6.041021024166));
#5384 = CARTESIAN_POINT('',(7.144621191203,-6.614632752884));
#5385 = CARTESIAN_POINT('',(7.228972449714,-6.818921347304));
#5386 = CARTESIAN_POINT('',(7.31731365722,-7.021522635811));
#5387 = CARTESIAN_POINT('',(7.409777943264,-7.22227147239));
#5388 = CARTESIAN_POINT('',(7.50650820271,-7.420974579521));
#5389 = CARTESIAN_POINT('',(7.607659123709,-7.617409479243));
#5390 = CARTESIAN_POINT('',(7.713401036067,-7.811322477564));
#5391 = CARTESIAN_POINT('',(7.938179977572,-8.19997805602));
#5392 = CARTESIAN_POINT('',(8.057526366193,-8.39449482995));
#5393 = CARTESIAN_POINT('',(8.182185423585,-8.585680860912));
#5394 = CARTESIAN_POINT('',(8.312382059047,-8.773157300469));
#5395 = CARTESIAN_POINT('',(8.448342680941,-8.956463612042));
#5396 = CARTESIAN_POINT('',(8.590296019657,-9.135056699589));
#5397 = CARTESIAN_POINT('',(8.738477506111,-9.308307167809));
#5398 = CARTESIAN_POINT('',(9.027863730831,-9.621130703032));
#5399 = CARTESIAN_POINT('',(9.167472506198,-9.762130005348));
#5400 = CARTESIAN_POINT('',(9.31213092797,-9.898022534449));
#5401 = CARTESIAN_POINT('',(9.461967087666,-10.02823495168));
#5402 = CARTESIAN_POINT('',(9.617062666548,-10.15209681542));
#5403 = CARTESIAN_POINT('',(9.777442194587,-10.26885375711));
#5404 = CARTESIAN_POINT('',(9.943058674048,-10.37768568401));
#5405 = CARTESIAN_POINT('',(10.186889368342,-10.52057650532));
#5406 = CARTESIAN_POINT('',(10.260932176189,-10.56180736218));
#5407 = CARTESIAN_POINT('',(10.335889202363,-10.60135332146));
#5408 = CARTESIAN_POINT('',(10.411740937863,-10.63914320802));
#5409 = CARTESIAN_POINT('',(10.488462691719,-10.67510493451));
#5410 = CARTESIAN_POINT('',(10.566024129174,-10.70916650667));
#5411 = CARTESIAN_POINT('',(10.644388809853,-10.74125702845));
#5412 = CARTESIAN_POINT('',(10.771165282162,-10.78940518758));
#5413 = CARTESIAN_POINT('',(10.819092549489,-10.80676297584));
#5414 = CARTESIAN_POINT('',(10.867286063202,-10.82336582243));
#5415 = CARTESIAN_POINT('',(10.915735521668,-10.83919903233));
#5416 = CARTESIAN_POINT('',(10.964429786344,-10.85424846512));
#5417 = CARTESIAN_POINT('',(11.013356881776,-10.86850053501));
#5418 = CARTESIAN_POINT('',(11.0625039956,-10.88194221081));
#5419 = CARTESIAN_POINT('',(11.214488433437,-10.92080192016));
#5420 = CARTESIAN_POINT('',(11.318018569658,-10.94348659757));
#5421 = CARTESIAN_POINT('',(11.422316603427,-10.96250208054));
#5422 = CARTESIAN_POINT('',(11.527243019481,-10.97775336194));
#5423 = CARTESIAN_POINT('',(11.632649819049,-10.98916591637));
#5424 = CARTESIAN_POINT('',(11.738380267834,-10.99668822153));
#5425 = CARTESIAN_POINT('',(11.844268643993,-11.00029427952));
#5426 = CARTESIAN_POINT('',(12.062791567995,-10.99965826263));
#5427 = CARTESIAN_POINT('',(12.175438053022,-10.99489871315));
#5428 = CARTESIAN_POINT('',(12.287867622087,-10.98570863734));
#5429 = CARTESIAN_POINT('',(12.399881451513,-10.97212517116));
#5430 = CARTESIAN_POINT('',(12.511293292417,-10.95421772545));
#5431 = CARTESIAN_POINT('',(12.621929050061,-10.93208427257));
#5432 = CARTESIAN_POINT('',(12.731626363214,-10.90584763308));
#5433 = CARTESIAN_POINT('',(12.892870173204,-10.86101755338));
#5434 = CARTESIAN_POINT('',(12.945252427236,-10.84545282684));
#5435 = CARTESIAN_POINT('',(12.997364928417,-10.82897354845));
#5436 = CARTESIAN_POINT('',(13.04919287754,-10.81159657387));
#5437 = CARTESIAN_POINT('',(13.100722644913,-10.79333950177));
#5438 = CARTESIAN_POINT('',(13.15194172189,-10.77422052684));
#5439 = CARTESIAN_POINT('',(13.20283867241,-10.75425829278));
#5440 = CARTESIAN_POINT('',(13.342521923133,-10.69683584098));
#5441 = CARTESIAN_POINT('',(13.430607367118,-10.6576394337));
#5442 = CARTESIAN_POINT('',(13.517603650843,-10.6159861252));
#5443 = CARTESIAN_POINT('',(13.603465355462,-10.571981687));
#5444 = CARTESIAN_POINT('',(13.688156570894,-10.52573238743));
#5445 = CARTESIAN_POINT('',(13.771650057772,-10.47734331857));
#5446 = CARTESIAN_POINT('',(13.853926409407,-10.42691672327));
#5447 = CARTESIAN_POINT('',(14.151374016425,-10.23472826073));
#5448 = CARTESIAN_POINT('',(14.358896572704,-10.08114968237));
#5449 = CARTESIAN_POINT('',(14.557473788833,-9.9156078229));
#5450 = CARTESIAN_POINT('',(14.747188646918,-9.739733776449));
#5451 = CARTESIAN_POINT('',(14.92824216235,-9.55496121409));
#5452 = CARTESIAN_POINT('',(15.100926614037,-9.362497675182));
#5453 = CARTESIAN_POINT('',(15.265604047468,-9.16330243147));
#5454 = CARTESIAN_POINT('',(15.422690050592,-8.958070923884));
#5455 = ( GEOMETRIC_REPRESENTATION_CONTEXT(2) 
PARAMETRIC_REPRESENTATION_CONTEXT() REPRESENTATION_CONTEXT('2D SPACE',''
  ) );
#5456 = PCURVE('',#2539,#5457);
#5457 = DEFINITIONAL_REPRESENTATION('',(#5458),#5622);
#5458 = B_SPLINE_CURVE_WITH_KNOTS('',8,(#5459,#5460,#5461,#5462,#5463,
    #5464,#5465,#5466,#5467,#5468,#5469,#5470,#5471,#5472,#5473,#5474,
    #5475,#5476,#5477,#5478,#5479,#5480,#5481,#5482,#5483,#5484,#5485,
    #5486,#5487,#5488,#5489,#5490,#5491,#5492,#5493,#5494,#5495,#5496,
    #5497,#5498,#5499,#5500,#5501,#5502,#5503,#5504,#5505,#5506,#5507,
    #5508,#5509,#5510,#5511,#5512,#5513,#5514,#5515,#5516,#5517,#5518,
    #5519,#5520,#5521,#5522,#5523,#5524,#5525,#5526,#5527,#5528,#5529,
    #5530,#5531,#5532,#5533,#5534,#5535,#5536,#5537,#5538,#5539,#5540,
    #5541,#5542,#5543,#5544,#5545,#5546,#5547,#5548,#5549,#5550,#5551,
    #5552,#5553,#5554,#5555,#5556,#5557,#5558,#5559,#5560,#5561,#5562,
    #5563,#5564,#5565,#5566,#5567,#5568,#5569,#5570,#5571,#5572,#5573,
    #5574,#5575,#5576,#5577,#5578,#5579,#5580,#5581,#5582,#5583,#5584,
    #5585,#5586,#5587,#5588,#5589,#5590,#5591,#5592,#5593,#5594,#5595,
    #5596,#5597,#5598,#5599,#5600,#5601,#5602,#5603,#5604,#5605,#5606,
    #5607,#5608,#5609,#5610,#5611,#5612,#5613,#5614,#5615,#5616,#5617,
    #5618,#5619,#5620,#5621),.UNSPECIFIED.,.F.,.F.,(9,7,7,7,7,7,7,7,7,7,
    7,7,7,7,7,7,7,7,7,7,7,7,7,9),(0.,5.79867381634E-02,
    7.970403201828E-02,9.202603052974E-02,0.11745094241,0.148974094823,
    0.165444449683,0.199146245659,0.250827115668,0.301981213682,
    0.348388893775,0.500019507488,0.594542181223,0.682931331877,
    0.732401834603,0.783541810243,0.828090656695,0.847169819921,
    0.858659902489,0.882553619315,0.907977543707,0.920299063639,
    0.942015514007,1.),.UNSPECIFIED.);
#5459 = CARTESIAN_POINT('',(6.902338681876,-2.6));
#5460 = CARTESIAN_POINT('',(6.870189906969,-2.6));
#5461 = CARTESIAN_POINT('',(6.837329240286,-2.6));
#5462 = CARTESIAN_POINT('',(6.803686268535,-2.6));
#5463 = CARTESIAN_POINT('',(6.769202507371,-2.6));
#5464 = CARTESIAN_POINT('',(6.733829439588,-2.6));
#5465 = CARTESIAN_POINT('',(6.697527538545,-2.6));
#5466 = CARTESIAN_POINT('',(6.660266276819,-2.6));
#5467 = CARTESIAN_POINT('',(6.60770297567,-2.6));
#5468 = CARTESIAN_POINT('',(6.593246169549,-2.6));
#5469 = CARTESIAN_POINT('',(6.578655145134,-2.6));
#5470 = CARTESIAN_POINT('',(6.563931200805,-2.6));
#5471 = CARTESIAN_POINT('',(6.549076592056,-2.6));
#5472 = CARTESIAN_POINT('',(6.534094633653,-2.6));
#5473 = CARTESIAN_POINT('',(6.518989801782,-2.6));
#5474 = CARTESIAN_POINT('',(6.495131169111,-2.6));
#5475 = CARTESIAN_POINT('',(6.486456817791,-2.6));
#5476 = CARTESIAN_POINT('',(6.477745871481,-2.6));
#5477 = CARTESIAN_POINT('',(6.468999542597,-2.6));
#5478 = CARTESIAN_POINT('',(6.460219175391,-2.6));
#5479 = CARTESIAN_POINT('',(6.451406254611,-2.6));
#5480 = CARTESIAN_POINT('',(6.44256241416,-2.6));
#5481 = CARTESIAN_POINT('',(6.415381178671,-2.6));
#5482 = CARTESIAN_POINT('',(6.396947335757,-2.6));
#5483 = CARTESIAN_POINT('',(6.378405459363,-2.6));
#5484 = CARTESIAN_POINT('',(6.35977405717,-2.6));
#5485 = CARTESIAN_POINT('',(6.341072883179,-2.6));
#5486 = CARTESIAN_POINT('',(6.322323218705,-2.6));
#5487 = CARTESIAN_POINT('',(6.303548153362,-2.6));
#5488 = CARTESIAN_POINT('',(6.261494270395,-2.6));
#5489 = CARTESIAN_POINT('',(6.238210178944,-2.6));
#5490 = CARTESIAN_POINT('',(6.214970347016,-2.6));
#5491 = CARTESIAN_POINT('',(6.191818519476,-2.6));
#5492 = CARTESIAN_POINT('',(6.168793649635,-2.6));
#5493 = CARTESIAN_POINT('',(6.145930869866,-2.6));
#5494 = CARTESIAN_POINT('',(6.12326221395,-2.6));
#5495 = CARTESIAN_POINT('',(6.089089864967,-2.6));
#5496 = CARTESIAN_POINT('',(6.077422512867,-2.6));
#5497 = CARTESIAN_POINT('',(6.065818530049,-2.6));
#5498 = CARTESIAN_POINT('',(6.054280923972,-2.6));
#5499 = CARTESIAN_POINT('',(6.042812247529,-2.6));
#5500 = CARTESIAN_POINT('',(6.031414632248,-2.6));
#5501 = CARTESIAN_POINT('',(6.020089821494,-2.6));
#5502 = CARTESIAN_POINT('',(5.985818083003,-2.6));
#5503 = CARTESIAN_POINT('',(5.963109122646,-2.6));
#5504 = CARTESIAN_POINT('',(5.940721913436,-2.6));
#5505 = CARTESIAN_POINT('',(5.918661115033,-2.6));
#5506 = CARTESIAN_POINT('',(5.896927324325,-2.6));
#5507 = CARTESIAN_POINT('',(5.875517656883,-2.6));
#5508 = CARTESIAN_POINT('',(5.854426041461,-2.6));
#5509 = CARTESIAN_POINT('',(5.801773296788,-2.6));
#5510 = CARTESIAN_POINT('',(5.770638227631,-2.6));
#5511 = CARTESIAN_POINT('',(5.740198571555,-2.6));
#5512 = CARTESIAN_POINT('',(5.710417458685,-2.6));
#5513 = CARTESIAN_POINT('',(5.681258546208,-2.6));
#5514 = CARTESIAN_POINT('',(5.652684404435,-2.6));
#5515 = CARTESIAN_POINT('',(5.624655340512,-2.6));
#5516 = CARTESIAN_POINT('',(5.569882552599,-2.6));
#5517 = CARTESIAN_POINT('',(5.543135208974,-2.6));
#5518 = CARTESIAN_POINT('',(5.516848805486,-2.6));
#5519 = CARTESIAN_POINT('',(5.490990581969,-2.6));
#5520 = CARTESIAN_POINT('',(5.46553103927,-2.6));
#5521 = CARTESIAN_POINT('',(5.440442594696,-2.6));
#5522 = CARTESIAN_POINT('',(5.41569869513,-2.6));
#5523 = CARTESIAN_POINT('',(5.369114423256,-2.6));
#5524 = CARTESIAN_POINT('',(5.347219200041,-2.6));
#5525 = CARTESIAN_POINT('',(5.325569288417,-2.6));
#5526 = CARTESIAN_POINT('',(5.304148002714,-2.6));
#5527 = CARTESIAN_POINT('',(5.282940059612,-2.6));
#5528 = CARTESIAN_POINT('',(5.261931236391,-2.6));
#5529 = CARTESIAN_POINT('',(5.241108029165,-2.6));
#5530 = CARTESIAN_POINT('',(5.152983973895,-2.6));
#5531 = CARTESIAN_POINT('',(5.087382039488,-2.6));
#5532 = CARTESIAN_POINT('',(5.023160578372,-2.6));
#5533 = CARTESIAN_POINT('',(4.959989613179,-2.6));
#5534 = CARTESIAN_POINT('',(4.897584536,-2.6));
#5535 = CARTESIAN_POINT('',(4.835690912826,-2.6));
#5536 = CARTESIAN_POINT('',(4.774053200606,-2.6));
#5537 = CARTESIAN_POINT('',(4.67394907154,-2.6));
#5538 = CARTESIAN_POINT('',(4.635510953456,-2.6));
#5539 = CARTESIAN_POINT('',(4.597011971565,-2.6));
#5540 = CARTESIAN_POINT('',(4.55839131063,-2.6));
#5541 = CARTESIAN_POINT('',(4.519588106842,-2.6));
#5542 = CARTESIAN_POINT('',(4.480538913391,-2.6));
#5543 = CARTESIAN_POINT('',(4.441174519474,-2.6));
#5544 = CARTESIAN_POINT('',(4.364237626049,-2.6));
#5545 = CARTESIAN_POINT('',(4.326720223107,-2.6));
#5546 = CARTESIAN_POINT('',(4.288796888043,-2.6));
#5547 = CARTESIAN_POINT('',(4.250398373338,-2.6));
#5548 = CARTESIAN_POINT('',(4.211451909535,-2.6));
#5549 = CARTESIAN_POINT('',(4.17187727178,-2.6));
#5550 = CARTESIAN_POINT('',(4.131580213204,-2.6));
#5551 = CARTESIAN_POINT('',(4.067419336486,-2.6));
#5552 = CARTESIAN_POINT('',(4.044134502961,-2.6));
#5553 = CARTESIAN_POINT('',(4.020568318085,-2.6));
#5554 = CARTESIAN_POINT('',(3.996699659312,-2.6));
#5555 = CARTESIAN_POINT('',(3.972506399764,-2.6));
#5556 = CARTESIAN_POINT('',(3.94796479076,-2.6));
#5557 = CARTESIAN_POINT('',(3.923048555143,-2.6));
#5558 = CARTESIAN_POINT('',(3.871552328696,-2.6));
#5559 = CARTESIAN_POINT('',(3.844948899275,-2.6));
#5560 = CARTESIAN_POINT('',(3.817881772969,-2.6));
#5561 = CARTESIAN_POINT('',(3.790316159208,-2.6));
#5562 = CARTESIAN_POINT('',(3.762217526959,-2.6));
#5563 = CARTESIAN_POINT('',(3.733550413982,-2.6));
#5564 = CARTESIAN_POINT('',(3.704276625443,-2.6));
#5565 = CARTESIAN_POINT('',(3.648285720484,-2.6));
#5566 = CARTESIAN_POINT('',(3.621731879934,-2.6));
#5567 = CARTESIAN_POINT('',(3.594661847043,-2.6));
#5568 = CARTESIAN_POINT('',(3.56705254834,-2.6));
#5569 = CARTESIAN_POINT('',(3.53888681029,-2.6));
#5570 = CARTESIAN_POINT('',(3.510153604655,-2.6));
#5571 = CARTESIAN_POINT('',(3.480849018998,-2.6));
#5572 = CARTESIAN_POINT('',(3.438184917215,-2.6));
#5573 = CARTESIAN_POINT('',(3.42528911617,-2.6));
#5574 = CARTESIAN_POINT('',(3.412291632057,-2.6));
#5575 = CARTESIAN_POINT('',(3.39919412023,-2.6));
#5576 = CARTESIAN_POINT('',(3.385998869721,-2.6));
#5577 = CARTESIAN_POINT('',(3.372708864434,-2.6));
#5578 = CARTESIAN_POINT('',(3.359327844337,-2.6));
#5579 = CARTESIAN_POINT('',(3.337749820676,-2.6));
#5580 = CARTESIAN_POINT('',(3.329607921542,-2.6));
#5581 = CARTESIAN_POINT('',(3.321435676857,-2.6));
#5582 = CARTESIAN_POINT('',(3.313234199073,-2.6));
#5583 = CARTESIAN_POINT('',(3.305004705488,-2.6));
#5584 = CARTESIAN_POINT('',(3.296748518247,-2.6));
#5585 = CARTESIAN_POINT('',(3.288467064342,-2.6));
#5586 = CARTESIAN_POINT('',(3.262891170496,-2.6));
#5587 = CARTESIAN_POINT('',(3.245516685289,-2.6));
#5588 = CARTESIAN_POINT('',(3.228053685924,-2.6));
#5589 = CARTESIAN_POINT('',(3.210518129331,-2.6));
#5590 = CARTESIAN_POINT('',(3.192926867731,-2.6));
#5591 = CARTESIAN_POINT('',(3.175297852935,-2.6));
#5592 = CARTESIAN_POINT('',(3.157650340637,-2.6));
#5593 = CARTESIAN_POINT('',(3.121229807407,-2.6));
#5594 = CARTESIAN_POINT('',(3.102454742064,-2.6));
#5595 = CARTESIAN_POINT('',(3.08370507759,-2.6));
#5596 = CARTESIAN_POINT('',(3.0650039036,-2.6));
#5597 = CARTESIAN_POINT('',(3.046372501406,-2.6));
#5598 = CARTESIAN_POINT('',(3.027830625012,-2.6));
#5599 = CARTESIAN_POINT('',(3.009396782098,-2.6));
#5600 = CARTESIAN_POINT('',(2.982215546609,-2.6));
#5601 = CARTESIAN_POINT('',(2.973371706158,-2.6));
#5602 = CARTESIAN_POINT('',(2.964558785378,-2.6));
#5603 = CARTESIAN_POINT('',(2.955778418172,-2.6));
#5604 = CARTESIAN_POINT('',(2.947032089288,-2.6));
#5605 = CARTESIAN_POINT('',(2.938321142979,-2.6));
#5606 = CARTESIAN_POINT('',(2.929646791658,-2.6));
#5607 = CARTESIAN_POINT('',(2.905788158987,-2.6));
#5608 = CARTESIAN_POINT('',(2.890683327116,-2.6));
#5609 = CARTESIAN_POINT('',(2.875701368713,-2.6));
#5610 = CARTESIAN_POINT('',(2.860846759964,-2.6));
#5611 = CARTESIAN_POINT('',(2.846122815635,-2.6));
#5612 = CARTESIAN_POINT('',(2.831531791221,-2.6));
#5613 = CARTESIAN_POINT('',(2.817074985099,-2.6));
#5614 = CARTESIAN_POINT('',(2.764511683951,-2.6));
#5615 = CARTESIAN_POINT('',(2.727250422224,-2.6));
#5616 = CARTESIAN_POINT('',(2.690948521181,-2.6));
#5617 = CARTESIAN_POINT('',(2.655575453398,-2.6));
#5618 = CARTESIAN_POINT('',(2.621091692234,-2.6));
#5619 = CARTESIAN_POINT('',(2.587448720483,-2.6));
#5620 = CARTESIAN_POINT('',(2.5545880538,-2.6));
#5621 = CARTESIAN_POINT('',(2.522439278894,-2.6));
#5622 = ( GEOMETRIC_REPRESENTATION_CONTEXT(2) 
PARAMETRIC_REPRESENTATION_CONTEXT() REPRESENTATION_CONTEXT('2D SPACE',''
  ) );
#5623 = ORIENTED_EDGE('',*,*,#5624,.T.);
#5624 = EDGE_CURVE('',#5120,#5122,#5625,.T.);
#5625 = SURFACE_CURVE('',#5626,(#5719,#5815),.PCURVE_S1.);
#5626 = B_SPLINE_CURVE_WITH_KNOTS('',7,(#5627,#5628,#5629,#5630,#5631,
    #5632,#5633,#5634,#5635,#5636,#5637,#5638,#5639,#5640,#5641,#5642,
    #5643,#5644,#5645,#5646,#5647,#5648,#5649,#5650,#5651,#5652,#5653,
    #5654,#5655,#5656,#5657,#5658,#5659,#5660,#5661,#5662,#5663,#5664,
    #5665,#5666,#5667,#5668,#5669,#5670,#5671,#5672,#5673,#5674,#5675,
    #5676,#5677,#5678,#5679,#5680,#5681,#5682,#5683,#5684,#5685,#5686,
    #5687,#5688,#5689,#5690,#5691,#5692,#5693,#5694,#5695,#5696,#5697,
    #5698,#5699,#5700,#5701,#5702,#5703,#5704,#5705,#5706,#5707,#5708,
    #5709,#5710,#5711,#5712,#5713,#5714,#5715,#5716,#5717,#5718),
  .UNSPECIFIED.,.F.,.F.,(8,6,6,6,6,6,6,6,6,6,6,6,6,6,6,8),(0.,
    2.091102099608E-02,6.165161133933E-02,8.291669191605E-02,
    0.126060205999,0.1923848895,0.255977014649,0.313861050807,
    0.500025995593,0.673210523012,0.729685417277,0.792633345332,
    0.858279524936,0.910871808998,0.934646767811,1.),.UNSPECIFIED.);
#5627 = CARTESIAN_POINT('',(8.958070923884,17.44967483309,
    68.269229141539));
#5628 = CARTESIAN_POINT('',(8.969980112551,17.42631399799,
    68.205045774603));
#5629 = CARTESIAN_POINT('',(8.97995955881,17.40284075651,68.140553573675
    ));
#5630 = CARTESIAN_POINT('',(8.98797520683,17.379276202918,
    68.075810494782));
#5631 = CARTESIAN_POINT('',(8.994000692691,17.3556421669,68.010876514492
    ));
#5632 = CARTESIAN_POINT('',(8.998017915461,17.331961224023,
    67.945813658666));
#5633 = CARTESIAN_POINT('',(9.000017608276,17.308256706206,
    67.880686031225));
#5634 = CARTESIAN_POINT('',(8.999965427045,17.238370619488,
    67.688675586033));
#5635 = CARTESIAN_POINT('',(8.992273313714,17.192182051418,
    67.561773538224));
#5636 = CARTESIAN_POINT('',(8.976919817397,17.14617529223,
    67.435371006211));
#5637 = CARTESIAN_POINT('',(8.954047131866,17.100518493744,
    67.309929983327));
#5638 = CARTESIAN_POINT('',(8.923910793463,17.055361225263,
    67.185861407852));
#5639 = CARTESIAN_POINT('',(8.886853824939,17.010835744025,
    67.063528653559));
#5640 = CARTESIAN_POINT('',(8.820547682817,16.94420761657,
    66.880469377876));
#5641 = CARTESIAN_POINT('',(8.796031832928,16.921558477615,
    66.818241380026));
#5642 = CARTESIAN_POINT('',(8.769796103074,16.899125280763,
    66.756606678231));
#5643 = CARTESIAN_POINT('',(8.741899536078,16.876920587452,
    66.695599784751));
#5644 = CARTESIAN_POINT('',(8.712403000679,16.854954974123,
    66.635249758125));
#5645 = CARTESIAN_POINT('',(8.681368001022,16.833237197239,
    66.575580656536));
#5646 = CARTESIAN_POINT('',(8.582892691504,16.768229623494,
    66.396973815579));
#5647 = CARTESIAN_POINT('',(8.510852743933,16.725737286931,
    66.280227080373));
#5648 = CARTESIAN_POINT('',(8.433239079855,16.684351082343,
    66.166519417789));
#5649 = CARTESIAN_POINT('',(8.350547810411,16.644100789217,66.0559326463
    ));
#5650 = CARTESIAN_POINT('',(8.263244923049,16.604997348576,
    65.948496826116));
#5651 = CARTESIAN_POINT('',(8.171750096673,16.567036575755,
    65.844200459965));
#5652 = CARTESIAN_POINT('',(7.929886782346,16.47357472638,
    65.587416139227));
#5653 = CARTESIAN_POINT('',(7.77434351115,16.419625334468,
    65.439191403155));
#5654 = CARTESIAN_POINT('',(7.611091924565,16.368275108938,
    65.298107818027));
#5655 = CARTESIAN_POINT('',(7.441239985428,16.319434569251,
    65.163919538084));
#5656 = CARTESIAN_POINT('',(7.265711638703,16.273002660746,
    65.036348917924));
#5657 = CARTESIAN_POINT('',(7.085242826584,16.228868806212,
    64.915092149158));
#5658 = CARTESIAN_POINT('',(6.723115628507,16.146694160853,
    64.689319166582));
#5659 = CARTESIAN_POINT('',(6.541858304697,16.108487569869,
    64.584347420581));
#5660 = CARTESIAN_POINT('',(6.357109355448,16.072201193739,
    64.484651421529));
#5661 = CARTESIAN_POINT('',(6.169301639642,16.037751052495,
    64.390000436364));
#5662 = CARTESIAN_POINT('',(5.97879923992,16.005060581758,
    64.300184106181));
#5663 = CARTESIAN_POINT('',(5.785901725645,15.974058287439,
    64.215006002591));
#5664 = CARTESIAN_POINT('',(5.413294607607,15.917934878617,
    64.060808204149));
#5665 = CARTESIAN_POINT('',(5.233968610843,15.892537550962,
    63.991029619903));
#5666 = CARTESIAN_POINT('',(5.053052628808,15.868437288877,
    63.924814694021));
#5667 = CARTESIAN_POINT('',(4.870711329157,15.845591052969,
    63.862045176744));
#5668 = CARTESIAN_POINT('',(4.687088489218,15.823960546049,
    63.80261584741));
#5669 = CARTESIAN_POINT('',(4.502308178425,15.803511285512,
    63.746431965839));
#5670 = CARTESIAN_POINT('',(3.718807730972,15.722140834945,
    63.522868490296));
#5671 = CARTESIAN_POINT('',(3.110546564904,15.671991633792,
    63.385084692524));
#5672 = CARTESIAN_POINT('',(2.494830710777,15.632662829866,
    63.277029691804));
#5673 = CARTESIAN_POINT('',(1.874125161341,15.603579041932,
    63.197122641182));
#5674 = CARTESIAN_POINT('',(1.250453623771,15.584327204758,
    63.144228653265));
#5675 = CARTESIAN_POINT('',(0.625372232799,15.574694614363,
    63.117763328664));
#5676 = CARTESIAN_POINT('',(-0.581767930177,15.574694614364,
    63.117763328664));
#5677 = CARTESIAN_POINT('',(-1.163345733432,15.583030898153,
    63.140667080139));
#5678 = CARTESIAN_POINT('',(-1.743769569095,15.599695108941,
    63.186451622991));
#5679 = CARTESIAN_POINT('',(-2.321778739071,15.624845551532,
    63.255551896099));
#5680 = CARTESIAN_POINT('',(-2.895801036116,15.658786706435,
    63.348804452785));
#5681 = CARTESIAN_POINT('',(-3.46395981127,15.701956294499,
    63.467411921199));
#5682 = CARTESIAN_POINT('',(-4.206557220476,15.772485839195,
    63.661190252656));
#5683 = CARTESIAN_POINT('',(-4.388278005176,15.790892737302,
    63.711762789566));
#5684 = CARTESIAN_POINT('',(-4.569021107798,15.810389094669,
    63.765328591193));
#5685 = CARTESIAN_POINT('',(-4.748683976741,15.831003723402,
    63.821966818147));
#5686 = CARTESIAN_POINT('',(-4.927149129365,15.85276867972,
    63.881765544168));
#5687 = CARTESIAN_POINT('',(-5.104283319585,15.875719976577,
    63.94482371403));
#5688 = CARTESIAN_POINT('',(-5.475723113575,15.926847884199,
    64.085296485723));
#5689 = CARTESIAN_POINT('',(-5.669657740968,15.955320305586,
    64.163523820562));
#5690 = CARTESIAN_POINT('',(-5.861542738963,15.985373004219,
    64.24609293145));
#5691 = CARTESIAN_POINT('',(-6.051129920454,16.017068646452,
    64.333175992782));
#5692 = CARTESIAN_POINT('',(-6.238120637983,16.050475138715,
    64.424959575935));
#5693 = CARTESIAN_POINT('',(-6.422162347733,16.08566771981,
    64.521650397827));
#5694 = CARTESIAN_POINT('',(-6.791266165731,16.161387338258,
    64.729688339722));
#5695 = CARTESIAN_POINT('',(-6.975994649287,16.202070394144,
    64.841464117125));
#5696 = CARTESIAN_POINT('',(-7.156591320004,16.244885208864,
    64.959096853786));
#5697 = CARTESIAN_POINT('',(-7.332467130682,16.289935081398,
    65.082870361323));
#5698 = CARTESIAN_POINT('',(-7.502885928301,16.337320955947,
    65.213061981648));
#5699 = CARTESIAN_POINT('',(-7.666961660511,16.387142170505,
    65.349944643654));
#5700 = CARTESIAN_POINT('',(-7.949174802215,16.481447604338,
    65.609046693642));
#5701 = CARTESIAN_POINT('',(-8.069929192962,16.525013004829,
    65.728741647761));
#5702 = CARTESIAN_POINT('',(-8.185372604568,16.570247428672,
    65.853022205852));
#5703 = CARTESIAN_POINT('',(-8.294844175301,16.617182275498,
    65.981974637691));
#5704 = CARTESIAN_POINT('',(-8.397574658256,16.665825566397,
    66.115620981043));
#5705 = CARTESIAN_POINT('',(-8.492714247991,16.716154692467,
    66.253899118461));
#5706 = CARTESIAN_POINT('',(-8.618548340737,16.791591426489,
    66.461159841784));
#5707 = CARTESIAN_POINT('',(-8.655987521785,16.815406509508,
    66.526591244623));
#5708 = CARTESIAN_POINT('',(-8.691607044845,16.839544170285,
    66.592908922565));
#5709 = CARTESIAN_POINT('',(-8.725321048625,16.863994788235,
    66.660086443275));
#5710 = CARTESIAN_POINT('',(-8.757043361312,16.88874607122,
    66.728090034379));
#5711 = CARTESIAN_POINT('',(-8.786689390833,16.913782768344,
    66.796877794384));
#5712 = CARTESIAN_POINT('',(-8.889739468606,17.008641623653,
    67.057500357382));
#5713 = CARTESIAN_POINT('',(-8.949112912158,17.080317642117,
    67.254428599628));
#5714 = CARTESIAN_POINT('',(-8.990355614058,17.153582997905,
    67.455723510283));
#5715 = CARTESIAN_POINT('',(-9.012114981056,17.227843483106,
    67.659752516531));
#5716 = CARTESIAN_POINT('',(-9.013712910726,17.302440650005,
    67.864706548141));
#5717 = CARTESIAN_POINT('',(-8.995298759148,17.376649428501,
    68.068593491384));
#5718 = CARTESIAN_POINT('',(-8.958070923884,17.44967483309,
    68.269229141539));
#5719 = PCURVE('',#98,#5720);
#5720 = DEFINITIONAL_REPRESENTATION('',(#5721),#5814);
#5721 = B_SPLINE_CURVE_WITH_KNOTS('',7,(#5722,#5723,#5724,#5725,#5726,
    #5727,#5728,#5729,#5730,#5731,#5732,#5733,#5734,#5735,#5736,#5737,
    #5738,#5739,#5740,#5741,#5742,#5743,#5744,#5745,#5746,#5747,#5748,
    #5749,#5750,#5751,#5752,#5753,#5754,#5755,#5756,#5757,#5758,#5759,
    #5760,#5761,#5762,#5763,#5764,#5765,#5766,#5767,#5768,#5769,#5770,
    #5771,#5772,#5773,#5774,#5775,#5776,#5777,#5778,#5779,#5780,#5781,
    #5782,#5783,#5784,#5785,#5786,#5787,#5788,#5789,#5790,#5791,#5792,
    #5793,#5794,#5795,#5796,#5797,#5798,#5799,#5800,#5801,#5802,#5803,
    #5804,#5805,#5806,#5807,#5808,#5809,#5810,#5811,#5812,#5813),
  .UNSPECIFIED.,.F.,.F.,(8,6,6,6,6,6,6,6,6,6,6,6,6,6,6,8),(0.,
    2.091102099608E-02,6.165161133933E-02,8.291669191605E-02,
    0.126060205999,0.1923848895,0.255977014649,0.313861050807,
    0.500025995593,0.673210523012,0.729685417277,0.792633345332,
    0.858279524936,0.910871808998,0.934646767811,1.),.UNSPECIFIED.);
#5722 = CARTESIAN_POINT('',(15.422690050592,8.958070923884));
#5723 = CARTESIAN_POINT('',(15.354387538136,8.969980112551));
#5724 = CARTESIAN_POINT('',(15.285756371411,8.97995955881));
#5725 = CARTESIAN_POINT('',(15.216858225932,8.98797520683));
#5726 = CARTESIAN_POINT('',(15.147756927428,8.994000692691));
#5727 = CARTESIAN_POINT('',(15.078518482445,8.998017915461));
#5728 = CARTESIAN_POINT('',(15.009211108947,9.000017608276));
#5729 = CARTESIAN_POINT('',(14.804877861091,8.999965427045));
#5730 = CARTESIAN_POINT('',(14.669831522531,8.992273313714));
#5731 = CARTESIAN_POINT('',(14.535316757579,8.976919817397));
#5732 = CARTESIAN_POINT('',(14.401825209268,8.954047131866));
#5733 = CARTESIAN_POINT('',(14.269794188985,8.923910793463));
#5734 = CARTESIAN_POINT('',(14.139610391021,8.886853824939));
#5735 = CARTESIAN_POINT('',(13.944802778794,8.820547682817));
#5736 = CARTESIAN_POINT('',(13.878581126656,8.796031832928));
#5737 = CARTESIAN_POINT('',(13.812990846992,8.769796103074));
#5738 = CARTESIAN_POINT('',(13.748068666983,8.741899536078));
#5739 = CARTESIAN_POINT('',(13.68384551008,8.712403000679));
#5740 = CARTESIAN_POINT('',(13.620346978465,8.681368001022));
#5741 = CARTESIAN_POINT('',(13.430277548306,8.582892691504));
#5742 = CARTESIAN_POINT('',(13.306038267691,8.510852743933));
#5743 = CARTESIAN_POINT('',(13.185033100609,8.433239079855));
#5744 = CARTESIAN_POINT('',(13.06734911646,8.350547810411));
#5745 = CARTESIAN_POINT('',(12.953018304652,8.263244923049));
#5746 = CARTESIAN_POINT('',(12.842028430045,8.171750096673));
#5747 = CARTESIAN_POINT('',(12.568764263595,7.929886782346));
#5748 = CARTESIAN_POINT('',(12.411026794137,7.77434351115));
#5749 = CARTESIAN_POINT('',(12.260888778781,7.611091924565));
#5750 = CARTESIAN_POINT('',(12.11808859394,7.441239985428));
#5751 = CARTESIAN_POINT('',(11.982330775544,7.265711638703));
#5752 = CARTESIAN_POINT('',(11.853292017462,7.085242826584));
#5753 = CARTESIAN_POINT('',(11.613029427779,6.723115628507));
#5754 = CARTESIAN_POINT('',(11.501320828946,6.541858304697));
#5755 = CARTESIAN_POINT('',(11.39522656275,6.357109355448));
#5756 = CARTESIAN_POINT('',(11.294501088194,6.169301639642));
#5757 = CARTESIAN_POINT('',(11.198920546009,5.97879923992));
#5758 = CARTESIAN_POINT('',(11.108275901467,5.785901725645));
#5759 = CARTESIAN_POINT('',(10.944182031799,5.413294607607));
#5760 = CARTESIAN_POINT('',(10.869925213451,5.233968610843));
#5761 = CARTESIAN_POINT('',(10.799460761121,5.053052628808));
#5762 = CARTESIAN_POINT('',(10.732662836045,4.870711329157));
#5763 = CARTESIAN_POINT('',(10.669419464735,4.687088489218));
#5764 = CARTESIAN_POINT('',(10.609629826796,4.502308178425));
#5765 = CARTESIAN_POINT('',(10.371718545385,3.718807730972));
#5766 = CARTESIAN_POINT('',(10.225092090389,3.110546564904));
#5767 = CARTESIAN_POINT('',(10.110102360418,2.494830710777));
#5768 = CARTESIAN_POINT('',(10.025067053282,1.874125161341));
#5769 = CARTESIAN_POINT('',(9.968778447043,1.250453623771));
#5770 = CARTESIAN_POINT('',(9.940614636862,0.625372232799));
#5771 = CARTESIAN_POINT('',(9.940614636862,-0.581767930177));
#5772 = CARTESIAN_POINT('',(9.964988300087,-1.163345733432));
#5773 = CARTESIAN_POINT('',(10.013711192913,-1.743769569095));
#5774 = CARTESIAN_POINT('',(10.087246167627,-2.321778739071));
#5775 = CARTESIAN_POINT('',(10.186483465679,-2.895801036116));
#5776 = CARTESIAN_POINT('',(10.312702897215,-3.46395981127));
#5777 = CARTESIAN_POINT('',(10.518917490338,-4.206557220476));
#5778 = CARTESIAN_POINT('',(10.572735660016,-4.388278005176));
#5779 = CARTESIAN_POINT('',(10.629739195473,-4.569021107798));
#5780 = CARTESIAN_POINT('',(10.690012337669,-4.748683976741));
#5781 = CARTESIAN_POINT('',(10.753648812723,-4.927149129365));
#5782 = CARTESIAN_POINT('',(10.820753915463,-5.104283319585));
#5783 = CARTESIAN_POINT('',(10.970241916737,-5.475723113575));
#5784 = CARTESIAN_POINT('',(11.053489707673,-5.669657740968));
#5785 = CARTESIAN_POINT('',(11.141357920173,-5.861542738963));
#5786 = CARTESIAN_POINT('',(11.234029778401,-6.051129920454));
#5787 = CARTESIAN_POINT('',(11.331703827471,-6.238120637983));
#5788 = CARTESIAN_POINT('',(11.434600050931,-6.422162347733));
#5789 = CARTESIAN_POINT('',(11.655989404528,-6.791266165731));
#5790 = CARTESIAN_POINT('',(11.77493870234,-6.975994649287));
#5791 = CARTESIAN_POINT('',(11.900120846011,-7.156591320004));
#5792 = CARTESIAN_POINT('',(12.031837861553,-7.332467130682));
#5793 = CARTESIAN_POINT('',(12.170384890065,-7.502885928301));
#5794 = CARTESIAN_POINT('',(12.31605237641,-7.666961660511));
#5795 = CARTESIAN_POINT('',(12.591783018809,-7.949174802215));
#5796 = CARTESIAN_POINT('',(12.719159728461,-8.069929192962));
#5797 = CARTESIAN_POINT('',(12.851416335933,-8.185372604568));
#5798 = CARTESIAN_POINT('',(12.988644647602,-8.294844175301));
#5799 = CARTESIAN_POINT('',(13.13086811557,-8.397574658256));
#5800 = CARTESIAN_POINT('',(13.27802063583,-8.492714247991));
#5801 = CARTESIAN_POINT('',(13.498582890697,-8.618548340737));
#5802 = CARTESIAN_POINT('',(13.56821353522,-8.655987521785));
#5803 = CARTESIAN_POINT('',(13.638787334008,-8.691607044845));
#5804 = CARTESIAN_POINT('',(13.710276158358,-8.725321048625));
#5805 = CARTESIAN_POINT('',(13.782644068459,-8.757043361312));
#5806 = CARTESIAN_POINT('',(13.855846473675,-8.786689390833));
#5807 = CARTESIAN_POINT('',(14.133195212223,-8.889739468606));
#5808 = CARTESIAN_POINT('',(14.342761870394,-8.949112912158));
#5809 = CARTESIAN_POINT('',(14.556975440025,-8.990355614058));
#5810 = CARTESIAN_POINT('',(14.774098573415,-9.012114981056));
#5811 = CARTESIAN_POINT('',(14.992206098234,-9.013712910726));
#5812 = CARTESIAN_POINT('',(15.209178051332,-8.995298759148));
#5813 = CARTESIAN_POINT('',(15.422690050592,-8.958070923884));
#5814 = ( GEOMETRIC_REPRESENTATION_CONTEXT(2) 
PARAMETRIC_REPRESENTATION_CONTEXT() REPRESENTATION_CONTEXT('2D SPACE',''
  ) );
#5815 = PCURVE('',#2906,#5816);
#5816 = DEFINITIONAL_REPRESENTATION('',(#5817),#5910);
#5817 = B_SPLINE_CURVE_WITH_KNOTS('',7,(#5818,#5819,#5820,#5821,#5822,
    #5823,#5824,#5825,#5826,#5827,#5828,#5829,#5830,#5831,#5832,#5833,
    #5834,#5835,#5836,#5837,#5838,#5839,#5840,#5841,#5842,#5843,#5844,
    #5845,#5846,#5847,#5848,#5849,#5850,#5851,#5852,#5853,#5854,#5855,
    #5856,#5857,#5858,#5859,#5860,#5861,#5862,#5863,#5864,#5865,#5866,
    #5867,#5868,#5869,#5870,#5871,#5872,#5873,#5874,#5875,#5876,#5877,
    #5878,#5879,#5880,#5881,#5882,#5883,#5884,#5885,#5886,#5887,#5888,
    #5889,#5890,#5891,#5892,#5893,#5894,#5895,#5896,#5897,#5898,#5899,
    #5900,#5901,#5902,#5903,#5904,#5905,#5906,#5907,#5908,#5909),
  .UNSPECIFIED.,.F.,.F.,(8,6,6,6,6,6,6,6,6,6,6,6,6,6,6,8),(0.,
    2.091102099608E-02,6.165161133933E-02,8.291669191605E-02,
    0.126060205999,0.1923848895,0.255977014649,0.313861050807,
    0.500025995593,0.673210523012,0.729685417277,0.792633345332,
    0.858279524936,0.910871808998,0.934646767811,1.),.UNSPECIFIED.);
#5818 = CARTESIAN_POINT('',(6.379750395253,-2.7));
#5819 = CARTESIAN_POINT('',(6.366025953522,-2.7));
#5820 = CARTESIAN_POINT('',(6.352256759299,-2.7));
#5821 = CARTESIAN_POINT('',(6.338451235648,-2.7));
#5822 = CARTESIAN_POINT('',(6.324618020789,-2.7));
#5823 = CARTESIAN_POINT('',(6.310766044037,-2.7));
#5824 = CARTESIAN_POINT('',(6.296904601736,-2.7));
#5825 = CARTESIAN_POINT('',(6.256037951753,-2.7));
#5826 = CARTESIAN_POINT('',(6.229028565178,-2.7));
#5827 = CARTESIAN_POINT('',(6.202093194431,-2.7));
#5828 = CARTESIAN_POINT('',(6.175297987984,-2.7));
#5829 = CARTESIAN_POINT('',(6.148700539858,-2.7));
#5830 = CARTESIAN_POINT('',(6.122352125392,-2.7));
#5831 = CARTESIAN_POINT('',(6.082700163721,-2.7));
#5832 = CARTESIAN_POINT('',(6.069180334503,-2.7));
#5833 = CARTESIAN_POINT('',(6.055744962866,-2.7));
#5834 = CARTESIAN_POINT('',(6.042398600392,-2.7));
#5835 = CARTESIAN_POINT('',(6.02914493992,-2.7));
#5836 = CARTESIAN_POINT('',(6.015986901026,-2.7));
#5837 = CARTESIAN_POINT('',(5.976429646909,-2.7));
#5838 = CARTESIAN_POINT('',(5.950337198429,-2.7));
#5839 = CARTESIAN_POINT('',(5.924664633602,-2.7));
#5840 = CARTESIAN_POINT('',(5.899417772141,-2.7));
#5841 = CARTESIAN_POINT('',(5.874595182729,-2.7));
#5842 = CARTESIAN_POINT('',(5.8501892914,-2.7));
#5843 = CARTESIAN_POINT('',(5.789286680422,-2.7));
#5844 = CARTESIAN_POINT('',(5.753350495534,-2.7));
#5845 = CARTESIAN_POINT('',(5.718318281618,-2.7));
#5846 = CARTESIAN_POINT('',(5.684134503313,-2.7));
#5847 = CARTESIAN_POINT('',(5.650742770196,-2.7));
#5848 = CARTESIAN_POINT('',(5.618082389682,-2.7));
#5849 = CARTESIAN_POINT('',(5.555408561242,-2.7));
#5850 = CARTESIAN_POINT('',(5.525349371207,-2.7));
#5851 = CARTESIAN_POINT('',(5.495854896891,-2.7));
#5852 = CARTESIAN_POINT('',(5.466879671555,-2.7));
#5853 = CARTESIAN_POINT('',(5.438382695085,-2.7));
#5854 = CARTESIAN_POINT('',(5.41032493204,-2.7));
#5855 = CARTESIAN_POINT('',(5.357494094368,-2.7));
#5856 = CARTESIAN_POINT('',(5.332654061898,-2.7));
#5857 = CARTESIAN_POINT('',(5.308120743023,-2.7));
#5858 = CARTESIAN_POINT('',(5.283869808468,-2.7));
#5859 = CARTESIAN_POINT('',(5.259879213891,-2.7));
#5860 = CARTESIAN_POINT('',(5.236128385363,-2.7));
#5861 = CARTESIAN_POINT('',(5.13691775326,-2.7));
#5862 = CARTESIAN_POINT('',(5.063548671471,-2.7));
#5863 = CARTESIAN_POINT('',(4.991780415883,-2.7));
#5864 = CARTESIAN_POINT('',(4.921173858372,-2.7));
#5865 = CARTESIAN_POINT('',(4.851328080302,-2.7));
#5866 = CARTESIAN_POINT('',(4.781874784029,-2.7));
#5867 = CARTESIAN_POINT('',(4.647748099254,-2.7));
#5868 = CARTESIAN_POINT('',(4.583128437994,-2.7));
#5869 = CARTESIAN_POINT('',(4.518195263086,-2.7));
#5870 = CARTESIAN_POINT('',(4.452651017048,-2.7));
#5871 = CARTESIAN_POINT('',(4.386177522587,-2.7));
#5872 = CARTESIAN_POINT('',(4.318423287895,-2.7));
#5873 = CARTESIAN_POINT('',(4.226178969429,-2.7));
#5874 = CARTESIAN_POINT('',(4.203305854796,-2.7));
#5875 = CARTESIAN_POINT('',(4.180225971262,-2.7));
#5876 = CARTESIAN_POINT('',(4.156921532693,-2.7));
#5877 = CARTESIAN_POINT('',(4.133373538547,-2.7));
#5878 = CARTESIAN_POINT('',(4.10956115372,-2.7));
#5879 = CARTESIAN_POINT('',(4.058598724187,-2.7));
#5880 = CARTESIAN_POINT('',(4.031380563791,-2.7));
#5881 = CARTESIAN_POINT('',(4.003773074075,-2.7));
#5882 = CARTESIAN_POINT('',(3.975741588182,-2.7));
#5883 = CARTESIAN_POINT('',(3.947249402942,-2.7));
#5884 = CARTESIAN_POINT('',(3.918255721544,-2.7));
#5885 = CARTESIAN_POINT('',(3.857902793977,-2.7));
#5886 = CARTESIAN_POINT('',(3.826501786856,-2.7));
#5887 = CARTESIAN_POINT('',(3.79445048593,-2.7));
#5888 = CARTESIAN_POINT('',(3.761692886232,-2.7));
#5889 = CARTESIAN_POINT('',(3.728174251438,-2.7));
#5890 = CARTESIAN_POINT('',(3.693837346891,-2.7));
#5891 = CARTESIAN_POINT('',(3.630399519669,-2.7));
#5892 = CARTESIAN_POINT('',(3.6016219292,-2.7));
#5893 = CARTESIAN_POINT('',(3.572250877816,-2.7));
#5894 = CARTESIAN_POINT('',(3.542263552993,-2.7));
#5895 = CARTESIAN_POINT('',(3.51164659426,-2.7));
#5896 = CARTESIAN_POINT('',(3.480397633497,-2.7));
#5897 = CARTESIAN_POINT('',(3.434122451004,-2.7));
#5898 = CARTESIAN_POINT('',(3.419590301703,-2.7));
#5899 = CARTESIAN_POINT('',(3.404934549952,-2.7));
#5900 = CARTESIAN_POINT('',(3.390158160892,-2.7));
#5901 = CARTESIAN_POINT('',(3.375265231574,-2.7));
#5902 = CARTESIAN_POINT('',(3.360261127672,-2.7));
#5903 = CARTESIAN_POINT('',(3.303621957402,-2.7));
#5904 = CARTESIAN_POINT('',(3.26124039519,-2.7));
#5905 = CARTESIAN_POINT('',(3.218238758368,-2.7));
#5906 = CARTESIAN_POINT('',(3.174849527993,-2.7));
#5907 = CARTESIAN_POINT('',(3.13131930733,-2.7));
#5908 = CARTESIAN_POINT('',(3.087929837884,-2.7));
#5909 = CARTESIAN_POINT('',(3.045027565516,-2.7));
#5910 = ( GEOMETRIC_REPRESENTATION_CONTEXT(2) 
PARAMETRIC_REPRESENTATION_CONTEXT() REPRESENTATION_CONTEXT('2D SPACE',''
  ) );
#5911 = FACE_BOUND('',#5912,.F.);
#5912 = EDGE_LOOP('',(#5913));
#5913 = ORIENTED_EDGE('',*,*,#5914,.F.);
#5914 = EDGE_CURVE('',#5915,#5915,#5917,.T.);
#5915 = VERTEX_POINT('',#5916);
#5916 = CARTESIAN_POINT('',(21.,23.954188125842,86.140232537919));
#5917 = SURFACE_CURVE('',#5918,(#6077,#6239),.PCURVE_S1.);
#5918 = B_SPLINE_CURVE_WITH_KNOTS('',7,(#5919,#5920,#5921,#5922,#5923,
    #5924,#5925,#5926,#5927,#5928,#5929,#5930,#5931,#5932,#5933,#5934,
    #5935,#5936,#5937,#5938,#5939,#5940,#5941,#5942,#5943,#5944,#5945,
    #5946,#5947,#5948,#5949,#5950,#5951,#5952,#5953,#5954,#5955,#5956,
    #5957,#5958,#5959,#5960,#5961,#5962,#5963,#5964,#5965,#5966,#5967,
    #5968,#5969,#5970,#5971,#5972,#5973,#5974,#5975,#5976,#5977,#5978,
    #5979,#5980,#5981,#5982,#5983,#5984,#5985,#5986,#5987,#5988,#5989,
    #5990,#5991,#5992,#5993,#5994,#5995,#5996,#5997,#5998,#5999,#6000,
    #6001,#6002,#6003,#6004,#6005,#6006,#6007,#6008,#6009,#6010,#6011,
    #6012,#6013,#6014,#6015,#6016,#6017,#6018,#6019,#6020,#6021,#6022,
    #6023,#6024,#6025,#6026,#6027,#6028,#6029,#6030,#6031,#6032,#6033,
    #6034,#6035,#6036,#6037,#6038,#6039,#6040,#6041,#6042,#6043,#6044,
    #6045,#6046,#6047,#6048,#6049,#6050,#6051,#6052,#6053,#6054,#6055,
    #6056,#6057,#6058,#6059,#6060,#6061,#6062,#6063,#6064,#6065,#6066,
    #6067,#6068,#6069,#6070,#6071,#6072,#6073,#6074,#6075,#6076),
  .UNSPECIFIED.,.T.,.F.,(8,6,6,6,6,6,6,6,6,6,6,6,6,6,6,6,6,6,6,6,6,6,6,6
    ,6,6,8),(0.,3.783865788274E-02,6.40037005762E-02,0.101644374154,
    0.136121615001,0.165203984298,0.24999692509,0.33478986588,
    0.363872235178,0.398349476025,0.435990149602,0.462155192295,
    0.482564365837,0.500000809499,0.525160983313,0.53784536643,
    0.564010377491,0.601651005563,0.636128204728,0.665210538866,
    0.750003377146,0.834796215426,0.863878549565,0.89835574873,
    0.935996376802,0.962161387863,1.),.UNSPECIFIED.);
#5919 = CARTESIAN_POINT('',(21.,23.954188125842,86.140232537919));
#5920 = CARTESIAN_POINT('',(21.234248906788,23.954188209428,
    86.14023276757));
#5921 = CARTESIAN_POINT('',(21.468677641945,23.947304988253,
    86.121321272816));
#5922 = CARTESIAN_POINT('',(21.700901796471,23.933521253876,
    86.083450773862));
#5923 = CARTESIAN_POINT('',(21.929029174862,23.913132306278,
    86.027432600729));
#5924 = CARTESIAN_POINT('',(22.151580910915,23.886613668042,
    85.95457324098));
#5925 = CARTESIAN_POINT('',(22.367433736333,23.85453082893,
    85.86642636497));
#5926 = CARTESIAN_POINT('',(22.71985507692,23.791878411615,
    85.694290263122));
#5927 = CARTESIAN_POINT('',(22.860384448519,23.763886817334,
    85.6173839899));
#5928 = CARTESIAN_POINT('',(22.997163511196,23.733703895192,
    85.534457092863));
#5929 = CARTESIAN_POINT('',(23.130063362923,23.701514773585,
    85.446018208093));
#5930 = CARTESIAN_POINT('',(23.259021534774,23.667495714116,
    85.352551610372));
#5931 = CARTESIAN_POINT('',(23.384029320372,23.63180777362,
    85.254499799713));
#5932 = CARTESIAN_POINT('',(23.679317133495,23.541050273209,
    85.005145616688));
#5933 = CARTESIAN_POINT('',(23.845365400229,23.484358953047,
    84.849387494663));
#5934 = CARTESIAN_POINT('',(24.00339380178,23.424929229241,
    84.686105670461));
#5935 = CARTESIAN_POINT('',(24.153588657979,23.3631234075,
    84.516295570837));
#5936 = CARTESIAN_POINT('',(24.296181447677,23.299250393601,
    84.340805907437));
#5937 = CARTESIAN_POINT('',(24.431437544208,23.233562711298,
    84.160330483574));
#5938 = CARTESIAN_POINT('',(24.677077332868,23.104601061228,
    83.80601126203));
#5939 = CARTESIAN_POINT('',(24.788573434926,23.04160024579,
    83.632917944208));
#5940 = CARTESIAN_POINT('',(24.894341140681,22.977407703857,
    83.456550384748));
#5941 = CARTESIAN_POINT('',(24.994571140576,22.912160286127,
    83.277284577859));
#5942 = CARTESIAN_POINT('',(25.089440125029,22.845975755061,
    83.095444073238));
#5943 = CARTESIAN_POINT('',(25.179113977658,22.778953475871,
    82.911301874562));
#5944 = CARTESIAN_POINT('',(25.335144203137,22.654002363507,
    82.568001514806));
#5945 = CARTESIAN_POINT('',(25.402949781294,22.596294374348,
    82.409450117669));
#5946 = CARTESIAN_POINT('',(25.467259818947,22.538101843396,
    82.249567452898));
#5947 = CARTESIAN_POINT('',(25.528157435461,22.479470606919,
    82.088479454602));
#5948 = CARTESIAN_POINT('',(25.585717924349,22.420441800039,
    81.926299140603));
#5949 = CARTESIAN_POINT('',(25.640009924053,22.361052022683,
    81.763127068369));
#5950 = CARTESIAN_POINT('',(25.840045411631,22.127217310971,
    81.120671478058));
#5951 = CARTESIAN_POINT('',(25.961695962255,21.950365161847,
    80.634774191757));
#5952 = CARTESIAN_POINT('',(26.057699129397,21.771502003105,
    80.143351701942));
#5953 = CARTESIAN_POINT('',(26.12902098688,21.591244340663,
    79.648097844698));
#5954 = CARTESIAN_POINT('',(26.176334155313,21.410125214168,
    79.150477134423));
#5955 = CARTESIAN_POINT('',(26.199999902777,21.2285941635,
    78.651724671782));
#5956 = CARTESIAN_POINT('',(26.199999902778,20.86543965165,77.6539658507
    ));
#5957 = CARTESIAN_POINT('',(26.176334155311,20.683908600977,
    77.155213388048));
#5958 = CARTESIAN_POINT('',(26.129020986885,20.502789474491,
    76.657592677796));
#5959 = CARTESIAN_POINT('',(26.057699129392,20.322531812038,
    76.162338820523));
#5960 = CARTESIAN_POINT('',(25.961695962259,20.143668653305,
    75.67091633073));
#5961 = CARTESIAN_POINT('',(25.84004541163,19.966816504177,
    75.185019044419));
#5962 = CARTESIAN_POINT('',(25.640009924053,19.732981792466,
    74.54256345411));
#5963 = CARTESIAN_POINT('',(25.585717924349,19.67359201511,
    74.379391381877));
#5964 = CARTESIAN_POINT('',(25.528157435461,19.61456320823,
    74.217211067877));
#5965 = CARTESIAN_POINT('',(25.467259818948,19.555931971753,
    74.056123069581));
#5966 = CARTESIAN_POINT('',(25.402949781294,19.497739440801,
    73.89624040481));
#5967 = CARTESIAN_POINT('',(25.335144203138,19.440031451642,
    73.737689007673));
#5968 = CARTESIAN_POINT('',(25.179113977658,19.315080339278,
    73.394388647917));
#5969 = CARTESIAN_POINT('',(25.08944012503,19.248058060088,
    73.210246449241));
#5970 = CARTESIAN_POINT('',(24.994571140577,19.181873529021,
    73.02840594462));
#5971 = CARTESIAN_POINT('',(24.894341140682,19.116626111292,
    72.84914013773));
#5972 = CARTESIAN_POINT('',(24.788573434926,19.052433569358,
    72.67277257827));
#5973 = CARTESIAN_POINT('',(24.677077332869,18.989432753921,
    72.499679260449));
#5974 = CARTESIAN_POINT('',(24.431437544209,18.860471103851,
    72.145360038905));
#5975 = CARTESIAN_POINT('',(24.296181447678,18.794783421548,
    71.964884615041));
#5976 = CARTESIAN_POINT('',(24.153588657979,18.730910407649,
    71.789394951641));
#5977 = CARTESIAN_POINT('',(24.003393801781,18.669104585908,
    71.619584852018));
#5978 = CARTESIAN_POINT('',(23.845365400229,18.609674862102,
    71.456303027816));
#5979 = CARTESIAN_POINT('',(23.679317133496,18.552983541939,
    71.30054490579));
#5980 = CARTESIAN_POINT('',(23.384029320373,18.462226041528,
    71.051190722765));
#5981 = CARTESIAN_POINT('',(23.259021534775,18.426538101032,
    70.953138912106));
#5982 = CARTESIAN_POINT('',(23.130063362924,18.392519041564,
    70.859672314385));
#5983 = CARTESIAN_POINT('',(22.997163511197,18.360329919956,
    70.771233429616));
#5984 = CARTESIAN_POINT('',(22.86038444852,18.330146997814,
    70.688306532578));
#5985 = CARTESIAN_POINT('',(22.71985507692,18.302155403533,
    70.611400259356));
#5986 = CARTESIAN_POINT('',(22.463404985287,18.256564389931,
    70.486139978953));
#5987 = CARTESIAN_POINT('',(22.348872832928,18.23803359901,
    70.435227049333));
#5988 = CARTESIAN_POINT('',(22.232294313958,18.221039879924,
    70.388537189874));
#5989 = CARTESIAN_POINT('',(22.113808121425,18.205673162255,
    70.346317480064));
#5990 = CARTESIAN_POINT('',(21.993588833182,18.192019480865,
    70.308804298753));
#5991 = CARTESIAN_POINT('',(21.871851472601,18.180156609984,
    70.276211328879));
#5992 = CARTESIAN_POINT('',(21.643775695401,18.161600307579,
    70.225228307031));
#5993 = CARTESIAN_POINT('',(21.537769700062,18.154404889424,
    70.205459058129));
#5994 = CARTESIAN_POINT('',(21.431003287323,18.148604272529,
    70.189521994191));
#5995 = CARTESIAN_POINT('',(21.323651833779,18.144230844424,
    70.177506099226));
#5996 = CARTESIAN_POINT('',(21.215901194167,18.141307348263,
    70.169473859537));
#5997 = CARTESIAN_POINT('',(21.107948006964,18.139845680623,
    70.165457960703));
#5998 = CARTESIAN_POINT('',(20.84423497662,18.139845595415,
    70.165457726596));
#5999 = CARTESIAN_POINT('',(20.68844065468,18.142889253572,
    70.173820108654));
#6000 = CARTESIAN_POINT('',(20.533267198732,18.148977628377,
    70.190547780952));
#6001 = CARTESIAN_POINT('',(20.379297481204,18.158057714412,
    70.2154951123));
#6002 = CARTESIAN_POINT('',(20.227051098249,18.170032347303,
    70.248395145775));
#6003 = CARTESIAN_POINT('',(20.076988385595,18.184770014787,
    70.288886554401));
#6004 = CARTESIAN_POINT('',(19.855166216745,18.210858834707,
    70.360564998033));
#6005 = CARTESIAN_POINT('',(19.78146974567,18.220266240472,
    70.386411632946));
#6006 = CARTESIAN_POINT('',(19.708472547074,18.230317468854,
    70.414027155965));
#6007 = CARTESIAN_POINT('',(19.636215859152,18.240992033188,
    70.443355280436));
#6008 = CARTESIAN_POINT('',(19.56473509297,18.252268756157,
    70.474337822159));
#6009 = CARTESIAN_POINT('',(19.494060293041,18.264126149599,
    70.506915742893));
#6010 = CARTESIAN_POINT('',(19.280144923081,18.302155403533,
    70.611400259355));
#6011 = CARTESIAN_POINT('',(19.139615551482,18.330146997814,
    70.688306532578));
#6012 = CARTESIAN_POINT('',(19.002836488804,18.360329919956,
    70.771233429615));
#6013 = CARTESIAN_POINT('',(18.869936637078,18.392519041564,
    70.859672314384));
#6014 = CARTESIAN_POINT('',(18.740978465227,18.426538101032,
    70.953138912105));
#6015 = CARTESIAN_POINT('',(18.615970679629,18.462226041528,
    71.051190722764));
#6016 = CARTESIAN_POINT('',(18.320682866506,18.552983541939,
    71.300544905789));
#6017 = CARTESIAN_POINT('',(18.154634599772,18.609674862101,
    71.456303027815));
#6018 = CARTESIAN_POINT('',(17.99660619822,18.669104585908,
    71.619584852017));
#6019 = CARTESIAN_POINT('',(17.846411342022,18.730910407648,
    71.78939495164));
#6020 = CARTESIAN_POINT('',(17.703818552323,18.794783421547,
    71.96488461504));
#6021 = CARTESIAN_POINT('',(17.568562455792,18.86047110385,
    72.145360038904));
#6022 = CARTESIAN_POINT('',(17.322922667132,18.98943275392,
    72.499679260447));
#6023 = CARTESIAN_POINT('',(17.211426565075,19.052433569358,
    72.672772578269));
#6024 = CARTESIAN_POINT('',(17.105658859319,19.116626111291,
    72.849140137729));
#6025 = CARTESIAN_POINT('',(17.005428859424,19.181873529021,
    73.028405944618));
#6026 = CARTESIAN_POINT('',(16.910559874971,19.248058060087,
    73.210246449239));
#6027 = CARTESIAN_POINT('',(16.820886022343,19.315080339277,
    73.394388647915));
#6028 = CARTESIAN_POINT('',(16.664855796863,19.440031451641,
    73.737689007671));
#6029 = CARTESIAN_POINT('',(16.597050218706,19.4977394408,
    73.896240404808));
#6030 = CARTESIAN_POINT('',(16.532740181053,19.555931971752,
    74.056123069579));
#6031 = CARTESIAN_POINT('',(16.471842564539,19.61456320823,
    74.217211067875));
#6032 = CARTESIAN_POINT('',(16.414282075651,19.673592015109,
    74.379391381875));
#6033 = CARTESIAN_POINT('',(16.359990075947,19.732981792466,
    74.542563454108));
#6034 = CARTESIAN_POINT('',(16.15995458837,19.966816504176,
    75.185019044417));
#6035 = CARTESIAN_POINT('',(16.038304037743,20.143668653305,
    75.670916330731));
#6036 = CARTESIAN_POINT('',(15.942300870606,20.322531812036,
    76.162338820518));
#6037 = CARTESIAN_POINT('',(15.870979013117,20.502789474492,
    76.657592677797));
#6038 = CARTESIAN_POINT('',(15.823665844688,20.683908600976,
    77.155213388045));
#6039 = CARTESIAN_POINT('',(15.800000097222,20.865439651649,
    77.653965850699));
#6040 = CARTESIAN_POINT('',(15.800000097223,21.228594163499,
    78.65172467178));
#6041 = CARTESIAN_POINT('',(15.823665844688,21.410125214168,
    79.150477134421));
#6042 = CARTESIAN_POINT('',(15.870979013119,21.591244340662,
    79.648097844696));
#6043 = CARTESIAN_POINT('',(15.942300870604,21.771502003105,
    80.143351701942));
#6044 = CARTESIAN_POINT('',(16.038304037743,21.950365161846,
    80.634774191754));
#6045 = CARTESIAN_POINT('',(16.159954588369,22.127217310971,
    81.120671478057));
#6046 = CARTESIAN_POINT('',(16.359990075947,22.361052022682,
    81.763127068368));
#6047 = CARTESIAN_POINT('',(16.414282075651,22.420441800038,
    81.926299140601));
#6048 = CARTESIAN_POINT('',(16.471842564539,22.479470606918,
    82.088479454601));
#6049 = CARTESIAN_POINT('',(16.532740181052,22.538101843395,
    82.249567452897));
#6050 = CARTESIAN_POINT('',(16.597050218706,22.596294374347,
    82.409450117668));
#6051 = CARTESIAN_POINT('',(16.664855796862,22.654002363507,
    82.568001514805));
#6052 = CARTESIAN_POINT('',(16.820886022342,22.778953475871,
    82.911301874561));
#6053 = CARTESIAN_POINT('',(16.91055987497,22.845975755061,
    83.095444073237));
#6054 = CARTESIAN_POINT('',(17.005428859424,22.912160286127,
    83.277284577858));
#6055 = CARTESIAN_POINT('',(17.105658859318,22.977407703856,
    83.456550384747));
#6056 = CARTESIAN_POINT('',(17.211426565074,23.04160024579,
    83.632917944207));
#6057 = CARTESIAN_POINT('',(17.322922667131,23.104601061228,
    83.806011262029));
#6058 = CARTESIAN_POINT('',(17.568562455791,23.233562711298,
    84.160330483573));
#6059 = CARTESIAN_POINT('',(17.703818552322,23.299250393601,
    84.340805907437));
#6060 = CARTESIAN_POINT('',(17.846411342021,23.3631234075,
    84.516295570836));
#6061 = CARTESIAN_POINT('',(17.996606198219,23.424929229241,
    84.68610567046));
#6062 = CARTESIAN_POINT('',(18.154634599771,23.484358953047,
    84.849387494662));
#6063 = CARTESIAN_POINT('',(18.320682866504,23.541050273209,
    85.005145616688));
#6064 = CARTESIAN_POINT('',(18.615970679627,23.63180777362,
    85.254499799712));
#6065 = CARTESIAN_POINT('',(18.740978465225,23.667495714116,
    85.352551610372));
#6066 = CARTESIAN_POINT('',(18.869936637077,23.701514773584,
    85.446018208093));
#6067 = CARTESIAN_POINT('',(19.002836488803,23.733703895192,
    85.534457092862));
#6068 = CARTESIAN_POINT('',(19.139615551481,23.763886817334,
    85.6173839899));
#6069 = CARTESIAN_POINT('',(19.28014492308,23.791878411615,
    85.694290263122));
#6070 = CARTESIAN_POINT('',(19.632566263667,23.85453082893,
    85.866426364968));
#6071 = CARTESIAN_POINT('',(19.848419089084,23.886613668043,
    85.954573240984));
#6072 = CARTESIAN_POINT('',(20.070970825138,23.913132306277,
    86.027432600726));
#6073 = CARTESIAN_POINT('',(20.299098203528,23.933521253876,
    86.083450773859));
#6074 = CARTESIAN_POINT('',(20.531322358055,23.947304988254,
    86.12132127282));
#6075 = CARTESIAN_POINT('',(20.765751093211,23.954188209428,
    86.140232767568));
#6076 = CARTESIAN_POINT('',(21.,23.954188125842,86.140232537919));
#6077 = PCURVE('',#98,#6078);
#6078 = DEFINITIONAL_REPRESENTATION('',(#6079),#6238);
#6079 = B_SPLINE_CURVE_WITH_KNOTS('',7,(#6080,#6081,#6082,#6083,#6084,
    #6085,#6086,#6087,#6088,#6089,#6090,#6091,#6092,#6093,#6094,#6095,
    #6096,#6097,#6098,#6099,#6100,#6101,#6102,#6103,#6104,#6105,#6106,
    #6107,#6108,#6109,#6110,#6111,#6112,#6113,#6114,#6115,#6116,#6117,
    #6118,#6119,#6120,#6121,#6122,#6123,#6124,#6125,#6126,#6127,#6128,
    #6129,#6130,#6131,#6132,#6133,#6134,#6135,#6136,#6137,#6138,#6139,
    #6140,#6141,#6142,#6143,#6144,#6145,#6146,#6147,#6148,#6149,#6150,
    #6151,#6152,#6153,#6154,#6155,#6156,#6157,#6158,#6159,#6160,#6161,
    #6162,#6163,#6164,#6165,#6166,#6167,#6168,#6169,#6170,#6171,#6172,
    #6173,#6174,#6175,#6176,#6177,#6178,#6179,#6180,#6181,#6182,#6183,
    #6184,#6185,#6186,#6187,#6188,#6189,#6190,#6191,#6192,#6193,#6194,
    #6195,#6196,#6197,#6198,#6199,#6200,#6201,#6202,#6203,#6204,#6205,
    #6206,#6207,#6208,#6209,#6210,#6211,#6212,#6213,#6214,#6215,#6216,
    #6217,#6218,#6219,#6220,#6221,#6222,#6223,#6224,#6225,#6226,#6227,
    #6228,#6229,#6230,#6231,#6232,#6233,#6234,#6235,#6236,#6237),
  .UNSPECIFIED.,.F.,.F.,(8,6,6,6,6,6,6,6,6,6,6,6,6,6,6,6,6,6,6,6,6,6,6,6
    ,6,6,8),(0.,3.783865788274E-02,6.40037005762E-02,0.101644374154,
    0.136121615001,0.165203984298,0.24999692509,0.33478986588,
    0.363872235178,0.398349476025,0.435990149602,0.462155192295,
    0.482564365837,0.500000809499,0.525160983313,0.53784536643,
    0.564010377491,0.601651005563,0.636128204728,0.665210538866,
    0.750003377146,0.834796215426,0.863878549565,0.89835574873,
    0.935996376802,0.962161387863,1.),.UNSPECIFIED.);
#6080 = CARTESIAN_POINT('',(34.440614636862,21.));
#6081 = CARTESIAN_POINT('',(34.440614881251,21.234248906788));
#6082 = CARTESIAN_POINT('',(34.42048968889,21.468677641945));
#6083 = CARTESIAN_POINT('',(34.38018874567,21.700901796471));
#6084 = CARTESIAN_POINT('',(34.320575450967,21.929029174862));
#6085 = CARTESIAN_POINT('',(34.243040139806,22.151580910915));
#6086 = CARTESIAN_POINT('',(34.149236193642,22.367433736333));
#6087 = CARTESIAN_POINT('',(33.966052780216,22.71985507692));
#6088 = CARTESIAN_POINT('',(33.884210833688,22.860384448519));
#6089 = CARTESIAN_POINT('',(33.795961873121,22.997163511196));
#6090 = CARTESIAN_POINT('',(33.701847177727,23.130063362923));
#6091 = CARTESIAN_POINT('',(33.602382101963,23.259021534774));
#6092 = CARTESIAN_POINT('',(33.498037544509,23.384029320372));
#6093 = CARTESIAN_POINT('',(33.23268036546,23.679317133495));
#6094 = CARTESIAN_POINT('',(33.066926034118,23.845365400229));
#6095 = CARTESIAN_POINT('',(32.893165146152,24.00339380178));
#6096 = CARTESIAN_POINT('',(32.712457012591,24.153588657979));
#6097 = CARTESIAN_POINT('',(32.525704813502,24.296181447677));
#6098 = CARTESIAN_POINT('',(32.333646878948,24.431437544208));
#6099 = CARTESIAN_POINT('',(31.95658823902,24.677077332868));
#6100 = CARTESIAN_POINT('',(31.77238617763,24.788573434926));
#6101 = CARTESIAN_POINT('',(31.584699741067,24.894341140681));
#6102 = CARTESIAN_POINT('',(31.39392905401,24.994571140576));
#6103 = CARTESIAN_POINT('',(31.200418430857,25.089440125029));
#6104 = CARTESIAN_POINT('',(31.004458396051,25.179113977658));
#6105 = CARTESIAN_POINT('',(30.639125783916,25.335144203137));
#6106 = CARTESIAN_POINT('',(30.470398911288,25.402949781294));
#6107 = CARTESIAN_POINT('',(30.300255333234,25.467259818947));
#6108 = CARTESIAN_POINT('',(30.128829066035,25.528157435461));
#6109 = CARTESIAN_POINT('',(29.956240380743,25.585717924349));
#6110 = CARTESIAN_POINT('',(29.782596288384,25.640009924053));
#6111 = CARTESIAN_POINT('',(29.098909329372,25.840045411631));
#6112 = CARTESIAN_POINT('',(28.581828237584,25.961695962255));
#6113 = CARTESIAN_POINT('',(28.058867347028,26.057699129397));
#6114 = CARTESIAN_POINT('',(27.531829200417,26.12902098688));
#6115 = CARTESIAN_POINT('',(27.002272301417,26.176334155313));
#6116 = CARTESIAN_POINT('',(26.471511016707,26.199999902777));
#6117 = CARTESIAN_POINT('',(25.40971825702,26.199999902778));
#6118 = CARTESIAN_POINT('',(24.878956972298,26.176334155311));
#6119 = CARTESIAN_POINT('',(24.349400073325,26.129020986885));
#6120 = CARTESIAN_POINT('',(23.822361926682,26.057699129392));
#6121 = CARTESIAN_POINT('',(23.299401036149,25.961695962259));
#6122 = CARTESIAN_POINT('',(22.782319944351,25.84004541163));
#6123 = CARTESIAN_POINT('',(22.098632985341,25.640009924053));
#6124 = CARTESIAN_POINT('',(21.924988892981,25.585717924349));
#6125 = CARTESIAN_POINT('',(21.75240020769,25.528157435461));
#6126 = CARTESIAN_POINT('',(21.580973940491,25.467259818948));
#6127 = CARTESIAN_POINT('',(21.410830362437,25.402949781294));
#6128 = CARTESIAN_POINT('',(21.242103489809,25.335144203138));
#6129 = CARTESIAN_POINT('',(20.876770877673,25.179113977658));
#6130 = CARTESIAN_POINT('',(20.680810842868,25.08944012503));
#6131 = CARTESIAN_POINT('',(20.487300219714,24.994571140577));
#6132 = CARTESIAN_POINT('',(20.296529532657,24.894341140682));
#6133 = CARTESIAN_POINT('',(20.108843096094,24.788573434926));
#6134 = CARTESIAN_POINT('',(19.924641034704,24.677077332869));
#6135 = CARTESIAN_POINT('',(19.547582394777,24.431437544209));
#6136 = CARTESIAN_POINT('',(19.355524460222,24.296181447678));
#6137 = CARTESIAN_POINT('',(19.168772261133,24.153588657979));
#6138 = CARTESIAN_POINT('',(18.988064127572,24.003393801781));
#6139 = CARTESIAN_POINT('',(18.814303239607,23.845365400229));
#6140 = CARTESIAN_POINT('',(18.648548908264,23.679317133496));
#6141 = CARTESIAN_POINT('',(18.383191729215,23.384029320373));
#6142 = CARTESIAN_POINT('',(18.278847171761,23.259021534775));
#6143 = CARTESIAN_POINT('',(18.179382095997,23.130063362924));
#6144 = CARTESIAN_POINT('',(18.085267400603,22.997163511197));
#6145 = CARTESIAN_POINT('',(17.997018440035,22.86038444852));
#6146 = CARTESIAN_POINT('',(17.915176493508,22.71985507692));
#6147 = CARTESIAN_POINT('',(17.78187728733,22.463404985287));
#6148 = CARTESIAN_POINT('',(17.727696879297,22.348872832928));
#6149 = CARTESIAN_POINT('',(17.678010568659,22.232294313958));
#6150 = CARTESIAN_POINT('',(17.63308129192,22.113808121425));
#6151 = CARTESIAN_POINT('',(17.593160598194,21.993588833182));
#6152 = CARTESIAN_POINT('',(17.558475884115,21.871851472601));
#6153 = CARTESIAN_POINT('',(17.504220885491,21.643775695401));
#6154 = CARTESIAN_POINT('',(17.483182890231,21.537769700062));
#6155 = CARTESIAN_POINT('',(17.466223021029,21.431003287323));
#6156 = CARTESIAN_POINT('',(17.453435972691,21.323651833779));
#6157 = CARTESIAN_POINT('',(17.444888241751,21.215901194167));
#6158 = CARTESIAN_POINT('',(17.440614611476,21.107948006964));
#6159 = CARTESIAN_POINT('',(17.440614362344,20.84423497662));
#6160 = CARTESIAN_POINT('',(17.449513423454,20.68844065468));
#6161 = CARTESIAN_POINT('',(17.467314640499,20.533267198732));
#6162 = CARTESIAN_POINT('',(17.493863036002,20.379297481204));
#6163 = CARTESIAN_POINT('',(17.52887452034,20.227051098249));
#6164 = CARTESIAN_POINT('',(17.571964577376,20.076988385595));
#6165 = CARTESIAN_POINT('',(17.648243183856,19.855166216745));
#6166 = CARTESIAN_POINT('',(17.675748598223,19.78146974567));
#6167 = CARTESIAN_POINT('',(17.705136423995,19.708472547074));
#6168 = CARTESIAN_POINT('',(17.736346762166,19.636215859152));
#6169 = CARTESIAN_POINT('',(17.769317694402,19.56473509297));
#6170 = CARTESIAN_POINT('',(17.80398639352,19.494060293041));
#6171 = CARTESIAN_POINT('',(17.915176493508,19.280144923081));
#6172 = CARTESIAN_POINT('',(17.997018440035,19.139615551482));
#6173 = CARTESIAN_POINT('',(18.085267400602,19.002836488804));
#6174 = CARTESIAN_POINT('',(18.179382095996,18.869936637078));
#6175 = CARTESIAN_POINT('',(18.27884717176,18.740978465227));
#6176 = CARTESIAN_POINT('',(18.383191729214,18.615970679629));
#6177 = CARTESIAN_POINT('',(18.648548908263,18.320682866506));
#6178 = CARTESIAN_POINT('',(18.814303239605,18.154634599772));
#6179 = CARTESIAN_POINT('',(18.988064127571,17.99660619822));
#6180 = CARTESIAN_POINT('',(19.168772261132,17.846411342022));
#6181 = CARTESIAN_POINT('',(19.355524460221,17.703818552323));
#6182 = CARTESIAN_POINT('',(19.547582394775,17.568562455792));
#6183 = CARTESIAN_POINT('',(19.924641034703,17.322922667132));
#6184 = CARTESIAN_POINT('',(20.108843096093,17.211426565075));
#6185 = CARTESIAN_POINT('',(20.296529532656,17.105658859319));
#6186 = CARTESIAN_POINT('',(20.487300219712,17.005428859424));
#6187 = CARTESIAN_POINT('',(20.680810842866,16.910559874971));
#6188 = CARTESIAN_POINT('',(20.876770877672,16.820886022343));
#6189 = CARTESIAN_POINT('',(21.242103489807,16.664855796863));
#6190 = CARTESIAN_POINT('',(21.410830362435,16.597050218706));
#6191 = CARTESIAN_POINT('',(21.580973940489,16.532740181053));
#6192 = CARTESIAN_POINT('',(21.752400207688,16.471842564539));
#6193 = CARTESIAN_POINT('',(21.92498889298,16.414282075651));
#6194 = CARTESIAN_POINT('',(22.098632985339,16.359990075947));
#6195 = CARTESIAN_POINT('',(22.782319944348,16.15995458837));
#6196 = CARTESIAN_POINT('',(23.29940103615,16.038304037743));
#6197 = CARTESIAN_POINT('',(23.822361926676,15.942300870606));
#6198 = CARTESIAN_POINT('',(24.349400073326,15.870979013117));
#6199 = CARTESIAN_POINT('',(24.878956972295,15.823665844688));
#6200 = CARTESIAN_POINT('',(25.409718257019,15.800000097222));
#6201 = CARTESIAN_POINT('',(26.471511016705,15.800000097223));
#6202 = CARTESIAN_POINT('',(27.002272301416,15.823665844688));
#6203 = CARTESIAN_POINT('',(27.531829200414,15.870979013119));
#6204 = CARTESIAN_POINT('',(28.058867347028,15.942300870604));
#6205 = CARTESIAN_POINT('',(28.581828237581,16.038304037743));
#6206 = CARTESIAN_POINT('',(29.098909329371,16.159954588369));
#6207 = CARTESIAN_POINT('',(29.782596288383,16.359990075947));
#6208 = CARTESIAN_POINT('',(29.956240380742,16.414282075651));
#6209 = CARTESIAN_POINT('',(30.128829066034,16.471842564539));
#6210 = CARTESIAN_POINT('',(30.300255333233,16.532740181052));
#6211 = CARTESIAN_POINT('',(30.470398911286,16.597050218706));
#6212 = CARTESIAN_POINT('',(30.639125783915,16.664855796862));
#6213 = CARTESIAN_POINT('',(31.00445839605,16.820886022342));
#6214 = CARTESIAN_POINT('',(31.200418430856,16.91055987497));
#6215 = CARTESIAN_POINT('',(31.393929054009,17.005428859424));
#6216 = CARTESIAN_POINT('',(31.584699741066,17.105658859318));
#6217 = CARTESIAN_POINT('',(31.772386177629,17.211426565074));
#6218 = CARTESIAN_POINT('',(31.956588239019,17.322922667131));
#6219 = CARTESIAN_POINT('',(32.333646878947,17.568562455791));
#6220 = CARTESIAN_POINT('',(32.525704813501,17.703818552322));
#6221 = CARTESIAN_POINT('',(32.71245701259,17.846411342021));
#6222 = CARTESIAN_POINT('',(32.893165146152,17.996606198219));
#6223 = CARTESIAN_POINT('',(33.066926034117,18.154634599771));
#6224 = CARTESIAN_POINT('',(33.232680365459,18.320682866504));
#6225 = CARTESIAN_POINT('',(33.498037544508,18.615970679627));
#6226 = CARTESIAN_POINT('',(33.602382101963,18.740978465225));
#6227 = CARTESIAN_POINT('',(33.701847177726,18.869936637077));
#6228 = CARTESIAN_POINT('',(33.79596187312,19.002836488803));
#6229 = CARTESIAN_POINT('',(33.884210833688,19.139615551481));
#6230 = CARTESIAN_POINT('',(33.966052780215,19.28014492308));
#6231 = CARTESIAN_POINT('',(34.14923619364,19.632566263667));
#6232 = CARTESIAN_POINT('',(34.243040139809,19.848419089084));
#6233 = CARTESIAN_POINT('',(34.320575450964,20.070970825138));
#6234 = CARTESIAN_POINT('',(34.380188745667,20.299098203528));
#6235 = CARTESIAN_POINT('',(34.420489688893,20.531322358055));
#6236 = CARTESIAN_POINT('',(34.440614881249,20.765751093211));
#6237 = CARTESIAN_POINT('',(34.440614636862,21.));
#6238 = ( GEOMETRIC_REPRESENTATION_CONTEXT(2) 
PARAMETRIC_REPRESENTATION_CONTEXT() REPRESENTATION_CONTEXT('2D SPACE',''
  ) );
#6239 = PCURVE('',#3338,#6240);
#6240 = DEFINITIONAL_REPRESENTATION('',(#6241),#6400);
#6241 = B_SPLINE_CURVE_WITH_KNOTS('',7,(#6242,#6243,#6244,#6245,#6246,
    #6247,#6248,#6249,#6250,#6251,#6252,#6253,#6254,#6255,#6256,#6257,
    #6258,#6259,#6260,#6261,#6262,#6263,#6264,#6265,#6266,#6267,#6268,
    #6269,#6270,#6271,#6272,#6273,#6274,#6275,#6276,#6277,#6278,#6279,
    #6280,#6281,#6282,#6283,#6284,#6285,#6286,#6287,#6288,#6289,#6290,
    #6291,#6292,#6293,#6294,#6295,#6296,#6297,#6298,#6299,#6300,#6301,
    #6302,#6303,#6304,#6305,#6306,#6307,#6308,#6309,#6310,#6311,#6312,
    #6313,#6314,#6315,#6316,#6317,#6318,#6319,#6320,#6321,#6322,#6323,
    #6324,#6325,#6326,#6327,#6328,#6329,#6330,#6331,#6332,#6333,#6334,
    #6335,#6336,#6337,#6338,#6339,#6340,#6341,#6342,#6343,#6344,#6345,
    #6346,#6347,#6348,#6349,#6350,#6351,#6352,#6353,#6354,#6355,#6356,
    #6357,#6358,#6359,#6360,#6361,#6362,#6363,#6364,#6365,#6366,#6367,
    #6368,#6369,#6370,#6371,#6372,#6373,#6374,#6375,#6376,#6377,#6378,
    #6379,#6380,#6381,#6382,#6383,#6384,#6385,#6386,#6387,#6388,#6389,
    #6390,#6391,#6392,#6393,#6394,#6395,#6396,#6397,#6398,#6399),
  .UNSPECIFIED.,.F.,.F.,(8,6,6,6,6,6,6,6,6,6,6,6,6,6,6,6,6,6,6,6,6,6,6,6
    ,6,6,8),(0.,3.783865788274E-02,6.40037005762E-02,0.101644374154,
    0.136121615001,0.165203984298,0.24999692509,0.33478986588,
    0.363872235178,0.398349476025,0.435990149602,0.462155192295,
    0.482564365837,0.500000809499,0.525160983313,0.53784536643,
    0.564010377491,0.601651005563,0.636128204728,0.665210538866,
    0.750003377146,0.834796215426,0.863878549565,0.89835574873,
    0.935996376802,0.962161387863,1.),.UNSPECIFIED.);
#6242 = CARTESIAN_POINT('',(6.28318530718,-2.6));
#6243 = CARTESIAN_POINT('',(6.238137415481,-2.6));
#6244 = CARTESIAN_POINT('',(6.193055091147,-2.6));
#6245 = CARTESIAN_POINT('',(6.148246998552,-2.6));
#6246 = CARTESIAN_POINT('',(6.10392778032,-2.6));
#6247 = CARTESIAN_POINT('',(6.060255834181,-2.6));
#6248 = CARTESIAN_POINT('',(6.017353438596,-2.6));
#6249 = CARTESIAN_POINT('',(5.946236087391,-2.6));
#6250 = CARTESIAN_POINT('',(5.917564245634,-2.6));
#6251 = CARTESIAN_POINT('',(5.889310984408,-2.6));
#6252 = CARTESIAN_POINT('',(5.861484351323,-2.6));
#6253 = CARTESIAN_POINT('',(5.834084316653,-2.6));
#6254 = CARTESIAN_POINT('',(5.807103930942,-2.6));
#6255 = CARTESIAN_POINT('',(5.742302282239,-2.6));
#6256 = CARTESIAN_POINT('',(5.704925287539,-2.6));
#6257 = CARTESIAN_POINT('',(5.668354806705,-2.6));
#6258 = CARTESIAN_POINT('',(5.632546428488,-2.6));
#6259 = CARTESIAN_POINT('',(5.597453596715,-2.6));
#6260 = CARTESIAN_POINT('',(5.563025184811,-2.6));
#6261 = CARTESIAN_POINT('',(5.498223465638,-2.6));
#6262 = CARTESIAN_POINT('',(5.467758493782,-2.6));
#6263 = CARTESIAN_POINT('',(5.437767489894,-2.6));
#6264 = CARTESIAN_POINT('',(5.408214461701,-2.6));
#6265 = CARTESIAN_POINT('',(5.37906640179,-2.6));
#6266 = CARTESIAN_POINT('',(5.350291599896,-2.6));
#6267 = CARTESIAN_POINT('',(5.297873502372,-2.6));
#6268 = CARTESIAN_POINT('',(5.27413301421,-2.6));
#6269 = CARTESIAN_POINT('',(5.250618150399,-2.6));
#6270 = CARTESIAN_POINT('',(5.227312178435,-2.6));
#6271 = CARTESIAN_POINT('',(5.20419953226,-2.6));
#6272 = CARTESIAN_POINT('',(5.181265370915,-2.6));
#6273 = CARTESIAN_POINT('',(5.092105942424,-2.6));
#6274 = CARTESIAN_POINT('',(5.027132672585,-2.6));
#6275 = CARTESIAN_POINT('',(4.963185761907,-2.6));
#6276 = CARTESIAN_POINT('',(4.899988863489,-2.6));
#6277 = CARTESIAN_POINT('',(4.837289808834,-2.6));
#6278 = CARTESIAN_POINT('',(4.774847391738,-2.6));
#6279 = CARTESIAN_POINT('',(4.649930569032,-2.6));
#6280 = CARTESIAN_POINT('',(4.587488151933,-2.6));
#6281 = CARTESIAN_POINT('',(4.524789097285,-2.6));
#6282 = CARTESIAN_POINT('',(4.461592198859,-2.6));
#6283 = CARTESIAN_POINT('',(4.397645288187,-2.6));
#6284 = CARTESIAN_POINT('',(4.332672018345,-2.6));
#6285 = CARTESIAN_POINT('',(4.243512589854,-2.6));
#6286 = CARTESIAN_POINT('',(4.22057842851,-2.6));
#6287 = CARTESIAN_POINT('',(4.197465782335,-2.6));
#6288 = CARTESIAN_POINT('',(4.174159810371,-2.6));
#6289 = CARTESIAN_POINT('',(4.15064494656,-2.6));
#6290 = CARTESIAN_POINT('',(4.126904458397,-2.6));
#6291 = CARTESIAN_POINT('',(4.074486360873,-2.6));
#6292 = CARTESIAN_POINT('',(4.04571155898,-2.6));
#6293 = CARTESIAN_POINT('',(4.016563499069,-2.6));
#6294 = CARTESIAN_POINT('',(3.987010470875,-2.6));
#6295 = CARTESIAN_POINT('',(3.957019466988,-2.6));
#6296 = CARTESIAN_POINT('',(3.926554495132,-2.6));
#6297 = CARTESIAN_POINT('',(3.861752775958,-2.6));
#6298 = CARTESIAN_POINT('',(3.827324364054,-2.6));
#6299 = CARTESIAN_POINT('',(3.792231532282,-2.6));
#6300 = CARTESIAN_POINT('',(3.756423154065,-2.6));
#6301 = CARTESIAN_POINT('',(3.71985267323,-2.6));
#6302 = CARTESIAN_POINT('',(3.68247567853,-2.6));
#6303 = CARTESIAN_POINT('',(3.617674029828,-2.6));
#6304 = CARTESIAN_POINT('',(3.590693644117,-2.6));
#6305 = CARTESIAN_POINT('',(3.563293609447,-2.6));
#6306 = CARTESIAN_POINT('',(3.535466976362,-2.6));
#6307 = CARTESIAN_POINT('',(3.507213715135,-2.6));
#6308 = CARTESIAN_POINT('',(3.478541873378,-2.6));
#6309 = CARTESIAN_POINT('',(3.426791195477,-2.6));
#6310 = CARTESIAN_POINT('',(3.40386978999,-2.6));
#6311 = CARTESIAN_POINT('',(3.380714618362,-2.6));
#6312 = CARTESIAN_POINT('',(3.35733945067,-2.6));
#6313 = CARTESIAN_POINT('',(3.33376264066,-2.6));
#6314 = CARTESIAN_POINT('',(3.310008040521,-2.6));
#6315 = CARTESIAN_POINT('',(3.26568529192,-2.6));
#6316 = CARTESIAN_POINT('',(3.245155577203,-2.6));
#6317 = CARTESIAN_POINT('',(3.224536358641,-2.6));
#6318 = CARTESIAN_POINT('',(3.203848007108,-2.6));
#6319 = CARTESIAN_POINT('',(3.183112107409,-2.6));
#6320 = CARTESIAN_POINT('',(3.16235188848,-2.6));
#6321 = CARTESIAN_POINT('',(3.111637809117,-2.6));
#6322 = CARTESIAN_POINT('',(3.081677472137,-2.6));
#6323 = CARTESIAN_POINT('',(3.051792392634,-2.6));
#6324 = CARTESIAN_POINT('',(3.022051070867,-2.6));
#6325 = CARTESIAN_POINT('',(2.992512454023,-2.6));
#6326 = CARTESIAN_POINT('',(2.96322863288,-2.6));
#6327 = CARTESIAN_POINT('',(2.919636856207,-2.6));
#6328 = CARTESIAN_POINT('',(2.905101862913,-2.6));
#6329 = CARTESIAN_POINT('',(2.890647775185,-2.6));
#6330 = CARTESIAN_POINT('',(2.876278955245,-2.6));
#6331 = CARTESIAN_POINT('',(2.861998990217,-2.6));
#6332 = CARTESIAN_POINT('',(2.847810771396,-2.6));
#6333 = CARTESIAN_POINT('',(2.804643433802,-2.6));
#6334 = CARTESIAN_POINT('',(2.775971592045,-2.6));
#6335 = CARTESIAN_POINT('',(2.747718330818,-2.6));
#6336 = CARTESIAN_POINT('',(2.719891697733,-2.6));
#6337 = CARTESIAN_POINT('',(2.692491663063,-2.6));
#6338 = CARTESIAN_POINT('',(2.665511277352,-2.6));
#6339 = CARTESIAN_POINT('',(2.60070962865,-2.6));
#6340 = CARTESIAN_POINT('',(2.563332633949,-2.6));
#6341 = CARTESIAN_POINT('',(2.526762153115,-2.6));
#6342 = CARTESIAN_POINT('',(2.490953774898,-2.6));
#6343 = CARTESIAN_POINT('',(2.455860943126,-2.6));
#6344 = CARTESIAN_POINT('',(2.421432531221,-2.6));
#6345 = CARTESIAN_POINT('',(2.356630812048,-2.6));
#6346 = CARTESIAN_POINT('',(2.326165840192,-2.6));
#6347 = CARTESIAN_POINT('',(2.296174836304,-2.6));
#6348 = CARTESIAN_POINT('',(2.266621808111,-2.6));
#6349 = CARTESIAN_POINT('',(2.2374737482,-2.6));
#6350 = CARTESIAN_POINT('',(2.208698946307,-2.6));
#6351 = CARTESIAN_POINT('',(2.156280848782,-2.6));
#6352 = CARTESIAN_POINT('',(2.13254036062,-2.6));
#6353 = CARTESIAN_POINT('',(2.109025496809,-2.6));
#6354 = CARTESIAN_POINT('',(2.085719524845,-2.6));
#6355 = CARTESIAN_POINT('',(2.06260687867,-2.6));
#6356 = CARTESIAN_POINT('',(2.039672717326,-2.6));
#6357 = CARTESIAN_POINT('',(1.950513288834,-2.6));
#6358 = CARTESIAN_POINT('',(1.885540018993,-2.6));
#6359 = CARTESIAN_POINT('',(1.82159310832,-2.6));
#6360 = CARTESIAN_POINT('',(1.758396209896,-2.6));
#6361 = CARTESIAN_POINT('',(1.695697155247,-2.6));
#6362 = CARTESIAN_POINT('',(1.633254738148,-2.6));
#6363 = CARTESIAN_POINT('',(1.508337915442,-2.6));
#6364 = CARTESIAN_POINT('',(1.445895498343,-2.6));
#6365 = CARTESIAN_POINT('',(1.383196443694,-2.6));
#6366 = CARTESIAN_POINT('',(1.31999954527,-2.6));
#6367 = CARTESIAN_POINT('',(1.256052634597,-2.6));
#6368 = CARTESIAN_POINT('',(1.191079364756,-2.6));
#6369 = CARTESIAN_POINT('',(1.101919936264,-2.6));
#6370 = CARTESIAN_POINT('',(1.07898577492,-2.6));
#6371 = CARTESIAN_POINT('',(1.055873128745,-2.6));
#6372 = CARTESIAN_POINT('',(1.032567156781,-2.6));
#6373 = CARTESIAN_POINT('',(1.00905229297,-2.6));
#6374 = CARTESIAN_POINT('',(0.985311804808,-2.6));
#6375 = CARTESIAN_POINT('',(0.932893707283,-2.6));
#6376 = CARTESIAN_POINT('',(0.90411890539,-2.6));
#6377 = CARTESIAN_POINT('',(0.874970845479,-2.6));
#6378 = CARTESIAN_POINT('',(0.845417817286,-2.6));
#6379 = CARTESIAN_POINT('',(0.815426813398,-2.6));
#6380 = CARTESIAN_POINT('',(0.784961841542,-2.6));
#6381 = CARTESIAN_POINT('',(0.720160122369,-2.6));
#6382 = CARTESIAN_POINT('',(0.685731710464,-2.6));
#6383 = CARTESIAN_POINT('',(0.650638878692,-2.6));
#6384 = CARTESIAN_POINT('',(0.614830500475,-2.6));
#6385 = CARTESIAN_POINT('',(0.578260019641,-2.6));
#6386 = CARTESIAN_POINT('',(0.54088302494,-2.6));
#6387 = CARTESIAN_POINT('',(0.476081376238,-2.6));
#6388 = CARTESIAN_POINT('',(0.449100990527,-2.6));
#6389 = CARTESIAN_POINT('',(0.421700955857,-2.6));
#6390 = CARTESIAN_POINT('',(0.393874322772,-2.6));
#6391 = CARTESIAN_POINT('',(0.365621061545,-2.6));
#6392 = CARTESIAN_POINT('',(0.336949219788,-2.6));
#6393 = CARTESIAN_POINT('',(0.265831868584,-2.6));
#6394 = CARTESIAN_POINT('',(0.222929472998,-2.6));
#6395 = CARTESIAN_POINT('',(0.179257526861,-2.6));
#6396 = CARTESIAN_POINT('',(0.134938308628,-2.6));
#6397 = CARTESIAN_POINT('',(9.013021603211E-02,-2.6));
#6398 = CARTESIAN_POINT('',(4.504789169882E-02,-2.6));
#6399 = CARTESIAN_POINT('',(0.,-2.6));
#6400 = ( GEOMETRIC_REPRESENTATION_CONTEXT(2) 
PARAMETRIC_REPRESENTATION_CONTEXT() REPRESENTATION_CONTEXT('2D SPACE',''
  ) );
#6401 = ADVANCED_FACE('',(#6402),#185,.T.);
#6402 = FACE_BOUND('',#6403,.T.);
#6403 = EDGE_LOOP('',(#6404,#6425,#6426,#6427));
#6404 = ORIENTED_EDGE('',*,*,#6405,.T.);
#6405 = EDGE_CURVE('',#1325,#4377,#6406,.T.);
#6406 = SURFACE_CURVE('',#6407,(#6411,#6418),.PCURVE_S1.);
#6407 = LINE('',#6408,#6409);
#6408 = CARTESIAN_POINT('',(-29.14444444444,-3.176835849395,
    4.581226238882));
#6409 = VECTOR('',#6410,1.);
#6410 = DIRECTION('',(0.,-0.939692620786,0.342020143326));
#6411 = PCURVE('',#185,#6412);
#6412 = DEFINITIONAL_REPRESENTATION('',(#6413),#6417);
#6413 = LINE('',#6414,#6415);
#6414 = CARTESIAN_POINT('',(0.,0.));
#6415 = VECTOR('',#6416,1.);
#6416 = DIRECTION('',(0.,-1.));
#6417 = ( GEOMETRIC_REPRESENTATION_CONTEXT(2) 
PARAMETRIC_REPRESENTATION_CONTEXT() REPRESENTATION_CONTEXT('2D SPACE',''
  ) );
#6418 = PCURVE('',#1340,#6419);
#6419 = DEFINITIONAL_REPRESENTATION('',(#6420),#6424);
#6420 = LINE('',#6421,#6422);
#6421 = CARTESIAN_POINT('',(11.678260085918,-2.775557561563E-17));
#6422 = VECTOR('',#6423,1.);
#6423 = DIRECTION('',(0.,-1.));
#6424 = ( GEOMETRIC_REPRESENTATION_CONTEXT(2) 
PARAMETRIC_REPRESENTATION_CONTEXT() REPRESENTATION_CONTEXT('2D SPACE',''
  ) );
#6425 = ORIENTED_EDGE('',*,*,#4399,.T.);
#6426 = ORIENTED_EDGE('',*,*,#167,.F.);
#6427 = ORIENTED_EDGE('',*,*,#1352,.F.);
#6428 = ADVANCED_FACE('',(#6429),#283,.T.);
#6429 = FACE_BOUND('',#6430,.T.);
#6430 = EDGE_LOOP('',(#6431,#6432,#6433,#6454));
#6431 = ORIENTED_EDGE('',*,*,#267,.T.);
#6432 = ORIENTED_EDGE('',*,*,#3548,.T.);
#6433 = ORIENTED_EDGE('',*,*,#6434,.F.);
#6434 = EDGE_CURVE('',#322,#3549,#6435,.T.);
#6435 = SURFACE_CURVE('',#6436,(#6440,#6447),.PCURVE_S1.);
#6436 = LINE('',#6437,#6438);
#6437 = CARTESIAN_POINT('',(-55.52936035156,5.837678566506,
    29.348401043918));
#6438 = VECTOR('',#6439,1.);
#6439 = DIRECTION('',(0.,-0.939692620786,0.342020143326));
#6440 = PCURVE('',#283,#6441);
#6441 = DEFINITIONAL_REPRESENTATION('',(#6442),#6446);
#6442 = LINE('',#6443,#6444);
#6443 = CARTESIAN_POINT('',(8.497285358871,1.33226762955E-15));
#6444 = VECTOR('',#6445,1.);
#6445 = DIRECTION('',(0.,-1.));
#6446 = ( GEOMETRIC_REPRESENTATION_CONTEXT(2) 
PARAMETRIC_REPRESENTATION_CONTEXT() REPRESENTATION_CONTEXT('2D SPACE',''
  ) );
#6447 = PCURVE('',#360,#6448);
#6448 = DEFINITIONAL_REPRESENTATION('',(#6449),#6453);
#6449 = LINE('',#6450,#6451);
#6450 = CARTESIAN_POINT('',(0.,0.));
#6451 = VECTOR('',#6452,1.);
#6452 = DIRECTION('',(0.,-1.));
#6453 = ( GEOMETRIC_REPRESENTATION_CONTEXT(2) 
PARAMETRIC_REPRESENTATION_CONTEXT() REPRESENTATION_CONTEXT('2D SPACE',''
  ) );
#6454 = ORIENTED_EDGE('',*,*,#321,.F.);
#6455 = ADVANCED_FACE('',(#6456),#1340,.T.);
#6456 = FACE_BOUND('',#6457,.T.);
#6457 = EDGE_LOOP('',(#6458,#6479,#6480,#6481));
#6458 = ORIENTED_EDGE('',*,*,#6459,.T.);
#6459 = EDGE_CURVE('',#1297,#4354,#6460,.T.);
#6460 = SURFACE_CURVE('',#6461,(#6465,#6472),.PCURVE_S1.);
#6461 = LINE('',#6462,#6463);
#6462 = CARTESIAN_POINT('',(-17.48666666666,-3.413294220089,
    3.931562204758));
#6463 = VECTOR('',#6464,1.);
#6464 = DIRECTION('',(0.,-0.939692620786,0.342020143326));
#6465 = PCURVE('',#1340,#6466);
#6466 = DEFINITIONAL_REPRESENTATION('',(#6467),#6471);
#6467 = LINE('',#6468,#6469);
#6468 = CARTESIAN_POINT('',(0.,0.));
#6469 = VECTOR('',#6470,1.);
#6470 = DIRECTION('',(0.,-1.));
#6471 = ( GEOMETRIC_REPRESENTATION_CONTEXT(2) 
PARAMETRIC_REPRESENTATION_CONTEXT() REPRESENTATION_CONTEXT('2D SPACE',''
  ) );
#6472 = PCURVE('',#1312,#6473);
#6473 = DEFINITIONAL_REPRESENTATION('',(#6474),#6478);
#6474 = LINE('',#6475,#6476);
#6475 = CARTESIAN_POINT('',(11.662901727084,-1.665334536938E-16));
#6476 = VECTOR('',#6477,1.);
#6477 = DIRECTION('',(-1.734723475977E-18,-1.));
#6478 = ( GEOMETRIC_REPRESENTATION_CONTEXT(2) 
PARAMETRIC_REPRESENTATION_CONTEXT() REPRESENTATION_CONTEXT('2D SPACE',''
  ) );
#6479 = ORIENTED_EDGE('',*,*,#4376,.T.);
#6480 = ORIENTED_EDGE('',*,*,#6405,.F.);
#6481 = ORIENTED_EDGE('',*,*,#1324,.F.);
#6482 = ADVANCED_FACE('',(#6483),#360,.T.);
#6483 = FACE_BOUND('',#6484,.T.);
#6484 = EDGE_LOOP('',(#6485,#6486,#6487,#6508));
#6485 = ORIENTED_EDGE('',*,*,#6434,.T.);
#6486 = ORIENTED_EDGE('',*,*,#3571,.T.);
#6487 = ORIENTED_EDGE('',*,*,#6488,.F.);
#6488 = EDGE_CURVE('',#345,#3572,#6489,.T.);
#6489 = SURFACE_CURVE('',#6490,(#6494,#6501),.PCURVE_S1.);
#6490 = LINE('',#6491,#6492);
#6491 = CARTESIAN_POINT('',(-54.7284375,8.868815386528,37.676381012204)
  );
#6492 = VECTOR('',#6493,1.);
#6493 = DIRECTION('',(0.,-0.939692620786,0.342020143326));
#6494 = PCURVE('',#360,#6495);
#6495 = DEFINITIONAL_REPRESENTATION('',(#6496),#6500);
#6496 = LINE('',#6497,#6498);
#6497 = CARTESIAN_POINT('',(8.898568322378,-4.440892098501E-16));
#6498 = VECTOR('',#6499,1.);
#6499 = DIRECTION('',(0.,-1.));
#6500 = ( GEOMETRIC_REPRESENTATION_CONTEXT(2) 
PARAMETRIC_REPRESENTATION_CONTEXT() REPRESENTATION_CONTEXT('2D SPACE',''
  ) );
#6501 = PCURVE('',#388,#6502);
#6502 = DEFINITIONAL_REPRESENTATION('',(#6503),#6507);
#6503 = LINE('',#6504,#6505);
#6504 = CARTESIAN_POINT('',(0.,0.));
#6505 = VECTOR('',#6506,1.);
#6506 = DIRECTION('',(0.,-1.));
#6507 = ( GEOMETRIC_REPRESENTATION_CONTEXT(2) 
PARAMETRIC_REPRESENTATION_CONTEXT() REPRESENTATION_CONTEXT('2D SPACE',''
  ) );
#6508 = ORIENTED_EDGE('',*,*,#344,.F.);
#6509 = ADVANCED_FACE('',(#6510),#1312,.T.);
#6510 = FACE_BOUND('',#6511,.T.);
#6511 = EDGE_LOOP('',(#6512,#6533,#6534,#6535));
#6512 = ORIENTED_EDGE('',*,*,#6513,.T.);
#6513 = EDGE_CURVE('',#1269,#4331,#6514,.T.);
#6514 = SURFACE_CURVE('',#6515,(#6519,#6526),.PCURVE_S1.);
#6515 = LINE('',#6516,#6517);
#6516 = CARTESIAN_POINT('',(-5.828888888889,-3.531523405436,
    3.606730187696));
#6517 = VECTOR('',#6518,1.);
#6518 = DIRECTION('',(0.,-0.939692620786,0.342020143326));
#6519 = PCURVE('',#1312,#6520);
#6520 = DEFINITIONAL_REPRESENTATION('',(#6521),#6525);
#6521 = LINE('',#6522,#6523);
#6522 = CARTESIAN_POINT('',(0.,0.));
#6523 = VECTOR('',#6524,1.);
#6524 = DIRECTION('',(-1.734723475977E-18,-1.));
#6525 = ( GEOMETRIC_REPRESENTATION_CONTEXT(2) 
PARAMETRIC_REPRESENTATION_CONTEXT() REPRESENTATION_CONTEXT('2D SPACE',''
  ) );
#6526 = PCURVE('',#1284,#6527);
#6527 = DEFINITIONAL_REPRESENTATION('',(#6528),#6532);
#6528 = LINE('',#6529,#6530);
#6529 = CARTESIAN_POINT('',(11.657777777778,1.518874552023E-16));
#6530 = VECTOR('',#6531,1.);
#6531 = DIRECTION('',(1.54074395551E-33,-1.));
#6532 = ( GEOMETRIC_REPRESENTATION_CONTEXT(2) 
PARAMETRIC_REPRESENTATION_CONTEXT() REPRESENTATION_CONTEXT('2D SPACE',''
  ) );
#6533 = ORIENTED_EDGE('',*,*,#4353,.T.);
#6534 = ORIENTED_EDGE('',*,*,#6459,.F.);
#6535 = ORIENTED_EDGE('',*,*,#1296,.F.);
#6536 = ADVANCED_FACE('',(#6537),#388,.T.);
#6537 = FACE_BOUND('',#6538,.T.);
#6538 = EDGE_LOOP('',(#6539,#6540,#6541,#6562));
#6539 = ORIENTED_EDGE('',*,*,#6488,.T.);
#6540 = ORIENTED_EDGE('',*,*,#3594,.T.);
#6541 = ORIENTED_EDGE('',*,*,#6542,.F.);
#6542 = EDGE_CURVE('',#373,#3595,#6543,.T.);
#6543 = SURFACE_CURVE('',#6544,(#6548,#6555),.PCURVE_S1.);
#6544 = LINE('',#6545,#6546);
#6545 = CARTESIAN_POINT('',(-53.11974121093,11.985804606588,
    46.240238511005));
#6546 = VECTOR('',#6547,1.);
#6547 = DIRECTION('',(0.,-0.939692620786,0.342020143326));
#6548 = PCURVE('',#388,#6549);
#6549 = DEFINITIONAL_REPRESENTATION('',(#6550),#6554);
#6550 = LINE('',#6551,#6552);
#6551 = CARTESIAN_POINT('',(9.254360097175,8.881784197001E-16));
#6552 = VECTOR('',#6553,1.);
#6553 = DIRECTION('',(0.,-1.));
#6554 = ( GEOMETRIC_REPRESENTATION_CONTEXT(2) 
PARAMETRIC_REPRESENTATION_CONTEXT() REPRESENTATION_CONTEXT('2D SPACE',''
  ) );
#6555 = PCURVE('',#416,#6556);
#6556 = DEFINITIONAL_REPRESENTATION('',(#6557),#6561);
#6557 = LINE('',#6558,#6559);
#6558 = CARTESIAN_POINT('',(0.,0.));
#6559 = VECTOR('',#6560,1.);
#6560 = DIRECTION('',(0.,-1.));
#6561 = ( GEOMETRIC_REPRESENTATION_CONTEXT(2) 
PARAMETRIC_REPRESENTATION_CONTEXT() REPRESENTATION_CONTEXT('2D SPACE',''
  ) );
#6562 = ORIENTED_EDGE('',*,*,#372,.F.);
#6563 = ADVANCED_FACE('',(#6564),#1284,.T.);
#6564 = FACE_BOUND('',#6565,.T.);
#6565 = EDGE_LOOP('',(#6566,#6587,#6588,#6589));
#6566 = ORIENTED_EDGE('',*,*,#6567,.T.);
#6567 = EDGE_CURVE('',#1241,#4308,#6568,.T.);
#6568 = SURFACE_CURVE('',#6569,(#6573,#6580),.PCURVE_S1.);
#6569 = LINE('',#6570,#6571);
#6570 = CARTESIAN_POINT('',(5.828888888889,-3.531523405436,
    3.606730187696));
#6571 = VECTOR('',#6572,1.);
#6572 = DIRECTION('',(0.,-0.939692620786,0.342020143326));
#6573 = PCURVE('',#1284,#6574);
#6574 = DEFINITIONAL_REPRESENTATION('',(#6575),#6579);
#6575 = LINE('',#6576,#6577);
#6576 = CARTESIAN_POINT('',(-0.,0.));
#6577 = VECTOR('',#6578,1.);
#6578 = DIRECTION('',(1.54074395551E-33,-1.));
#6579 = ( GEOMETRIC_REPRESENTATION_CONTEXT(2) 
PARAMETRIC_REPRESENTATION_CONTEXT() REPRESENTATION_CONTEXT('2D SPACE',''
  ) );
#6580 = PCURVE('',#1256,#6581);
#6581 = DEFINITIONAL_REPRESENTATION('',(#6582),#6586);
#6582 = LINE('',#6583,#6584);
#6583 = CARTESIAN_POINT('',(11.662901727084,1.387778780781E-17));
#6584 = VECTOR('',#6585,1.);
#6585 = DIRECTION('',(0.,-1.));
#6586 = ( GEOMETRIC_REPRESENTATION_CONTEXT(2) 
PARAMETRIC_REPRESENTATION_CONTEXT() REPRESENTATION_CONTEXT('2D SPACE',''
  ) );
#6587 = ORIENTED_EDGE('',*,*,#4330,.T.);
#6588 = ORIENTED_EDGE('',*,*,#6513,.F.);
#6589 = ORIENTED_EDGE('',*,*,#1268,.F.);
#6590 = ADVANCED_FACE('',(#6591),#416,.T.);
#6591 = FACE_BOUND('',#6592,.T.);
#6592 = EDGE_LOOP('',(#6593,#6594,#6595,#6616));
#6593 = ORIENTED_EDGE('',*,*,#6542,.T.);
#6594 = ORIENTED_EDGE('',*,*,#3617,.T.);
#6595 = ORIENTED_EDGE('',*,*,#6596,.F.);
#6596 = EDGE_CURVE('',#401,#3618,#6597,.T.);
#6597 = SURFACE_CURVE('',#6598,(#6602,#6609),.PCURVE_S1.);
#6598 = LINE('',#6599,#6600);
#6599 = CARTESIAN_POINT('',(-50.7658203125,15.149507632553,
    54.932441136703));
#6600 = VECTOR('',#6601,1.);
#6601 = DIRECTION('',(0.,-0.939692620786,0.342020143326));
#6602 = PCURVE('',#416,#6603);
#6603 = DEFINITIONAL_REPRESENTATION('',(#6604),#6608);
#6604 = LINE('',#6605,#6606);
#6605 = CARTESIAN_POINT('',(9.544859711845,1.33226762955E-15));
#6606 = VECTOR('',#6607,1.);
#6607 = DIRECTION('',(0.,-1.));
#6608 = ( GEOMETRIC_REPRESENTATION_CONTEXT(2) 
PARAMETRIC_REPRESENTATION_CONTEXT() REPRESENTATION_CONTEXT('2D SPACE',''
  ) );
#6609 = PCURVE('',#444,#6610);
#6610 = DEFINITIONAL_REPRESENTATION('',(#6611),#6615);
#6611 = LINE('',#6612,#6613);
#6612 = CARTESIAN_POINT('',(0.,0.));
#6613 = VECTOR('',#6614,1.);
#6614 = DIRECTION('',(-5.551115123126E-17,-1.));
#6615 = ( GEOMETRIC_REPRESENTATION_CONTEXT(2) 
PARAMETRIC_REPRESENTATION_CONTEXT() REPRESENTATION_CONTEXT('2D SPACE',''
  ) );
#6616 = ORIENTED_EDGE('',*,*,#400,.F.);
#6617 = ADVANCED_FACE('',(#6618),#1256,.T.);
#6618 = FACE_BOUND('',#6619,.T.);
#6619 = EDGE_LOOP('',(#6620,#6641,#6642,#6643));
#6620 = ORIENTED_EDGE('',*,*,#6621,.T.);
#6621 = EDGE_CURVE('',#1213,#4285,#6622,.T.);
#6622 = SURFACE_CURVE('',#6623,(#6627,#6634),.PCURVE_S1.);
#6623 = LINE('',#6624,#6625);
#6624 = CARTESIAN_POINT('',(17.486666666667,-3.413294220089,
    3.931562204758));
#6625 = VECTOR('',#6626,1.);
#6626 = DIRECTION('',(0.,-0.939692620786,0.342020143326));
#6627 = PCURVE('',#1256,#6628);
#6628 = DEFINITIONAL_REPRESENTATION('',(#6629),#6633);
#6629 = LINE('',#6630,#6631);
#6630 = CARTESIAN_POINT('',(-0.,0.));
#6631 = VECTOR('',#6632,1.);
#6632 = DIRECTION('',(0.,-1.));
#6633 = ( GEOMETRIC_REPRESENTATION_CONTEXT(2) 
PARAMETRIC_REPRESENTATION_CONTEXT() REPRESENTATION_CONTEXT('2D SPACE',''
  ) );
#6634 = PCURVE('',#1228,#6635);
#6635 = DEFINITIONAL_REPRESENTATION('',(#6636),#6640);
#6636 = LINE('',#6637,#6638);
#6637 = CARTESIAN_POINT('',(11.678260085918,-8.326672684689E-17));
#6638 = VECTOR('',#6639,1.);
#6639 = DIRECTION('',(0.,-1.));
#6640 = ( GEOMETRIC_REPRESENTATION_CONTEXT(2) 
PARAMETRIC_REPRESENTATION_CONTEXT() REPRESENTATION_CONTEXT('2D SPACE',''
  ) );
#6641 = ORIENTED_EDGE('',*,*,#4307,.T.);
#6642 = ORIENTED_EDGE('',*,*,#6567,.F.);
#6643 = ORIENTED_EDGE('',*,*,#1240,.F.);
#6644 = ADVANCED_FACE('',(#6645),#444,.T.);
#6645 = FACE_BOUND('',#6646,.T.);
#6646 = EDGE_LOOP('',(#6647,#6648,#6649,#6670));
#6647 = ORIENTED_EDGE('',*,*,#6596,.T.);
#6648 = ORIENTED_EDGE('',*,*,#3640,.T.);
#6649 = ORIENTED_EDGE('',*,*,#6650,.F.);
#6650 = EDGE_CURVE('',#429,#3641,#6651,.T.);
#6651 = SURFACE_CURVE('',#6652,(#6656,#6663),.PCURVE_S1.);
#6652 = LINE('',#6653,#6654);
#6653 = CARTESIAN_POINT('',(-47.72922363281,18.320785870286,
    63.645456485682));
#6654 = VECTOR('',#6655,1.);
#6655 = DIRECTION('',(0.,-0.939692620786,0.342020143326));
#6656 = PCURVE('',#444,#6657);
#6657 = DEFINITIONAL_REPRESENTATION('',(#6658),#6662);
#6658 = LINE('',#6659,#6660);
#6659 = CARTESIAN_POINT('',(9.756770035609,-1.7763568394E-15));
#6660 = VECTOR('',#6661,1.);
#6661 = DIRECTION('',(-5.551115123126E-17,-1.));
#6662 = ( GEOMETRIC_REPRESENTATION_CONTEXT(2) 
PARAMETRIC_REPRESENTATION_CONTEXT() REPRESENTATION_CONTEXT('2D SPACE',''
  ) );
#6663 = PCURVE('',#472,#6664);
#6664 = DEFINITIONAL_REPRESENTATION('',(#6665),#6669);
#6665 = LINE('',#6666,#6667);
#6666 = CARTESIAN_POINT('',(0.,0.));
#6667 = VECTOR('',#6668,1.);
#6668 = DIRECTION('',(0.,-1.));
#6669 = ( GEOMETRIC_REPRESENTATION_CONTEXT(2) 
PARAMETRIC_REPRESENTATION_CONTEXT() REPRESENTATION_CONTEXT('2D SPACE',''
  ) );
#6670 = ORIENTED_EDGE('',*,*,#428,.F.);
#6671 = ADVANCED_FACE('',(#6672),#1228,.T.);
#6672 = FACE_BOUND('',#6673,.T.);
#6673 = EDGE_LOOP('',(#6674,#6695,#6696,#6697));
#6674 = ORIENTED_EDGE('',*,*,#6675,.T.);
#6675 = EDGE_CURVE('',#1185,#4262,#6676,.T.);
#6676 = SURFACE_CURVE('',#6677,(#6681,#6688),.PCURVE_S1.);
#6677 = LINE('',#6678,#6679);
#6678 = CARTESIAN_POINT('',(29.144444444444,-3.176835849395,
    4.581226238882));
#6679 = VECTOR('',#6680,1.);
#6680 = DIRECTION('',(0.,-0.939692620786,0.342020143326));
#6681 = PCURVE('',#1228,#6682);
#6682 = DEFINITIONAL_REPRESENTATION('',(#6683),#6687);
#6683 = LINE('',#6684,#6685);
#6684 = CARTESIAN_POINT('',(-0.,0.));
#6685 = VECTOR('',#6686,1.);
#6686 = DIRECTION('',(0.,-1.));
#6687 = ( GEOMETRIC_REPRESENTATION_CONTEXT(2) 
PARAMETRIC_REPRESENTATION_CONTEXT() REPRESENTATION_CONTEXT('2D SPACE',''
  ) );
#6688 = PCURVE('',#1200,#6689);
#6689 = DEFINITIONAL_REPRESENTATION('',(#6690),#6694);
#6690 = LINE('',#6691,#6692);
#6691 = CARTESIAN_POINT('',(11.703812563957,3.330669073875E-16));
#6692 = VECTOR('',#6693,1.);
#6693 = DIRECTION('',(-3.469446951954E-18,-1.));
#6694 = ( GEOMETRIC_REPRESENTATION_CONTEXT(2) 
PARAMETRIC_REPRESENTATION_CONTEXT() REPRESENTATION_CONTEXT('2D SPACE',''
  ) );
#6695 = ORIENTED_EDGE('',*,*,#4284,.T.);
#6696 = ORIENTED_EDGE('',*,*,#6621,.F.);
#6697 = ORIENTED_EDGE('',*,*,#1212,.F.);
#6698 = ADVANCED_FACE('',(#6699),#472,.T.);
#6699 = FACE_BOUND('',#6700,.T.);
#6700 = EDGE_LOOP('',(#6701,#6702,#6703,#6724));
#6701 = ORIENTED_EDGE('',*,*,#6650,.T.);
#6702 = ORIENTED_EDGE('',*,*,#3663,.T.);
#6703 = ORIENTED_EDGE('',*,*,#6704,.F.);
#6704 = EDGE_CURVE('',#457,#3664,#6705,.T.);
#6705 = SURFACE_CURVE('',#6706,(#6710,#6717),.PCURVE_S1.);
#6706 = LINE('',#6707,#6708);
#6707 = CARTESIAN_POINT('',(-44.0725,21.460500725652,72.271752154325));
#6708 = VECTOR('',#6709,1.);
#6709 = DIRECTION('',(0.,-0.939692620786,0.342020143326));
#6710 = PCURVE('',#472,#6711);
#6711 = DEFINITIONAL_REPRESENTATION('',(#6712),#6716);
#6712 = LINE('',#6713,#6714);
#6713 = CARTESIAN_POINT('',(9.881417614018,4.440892098501E-16));
#6714 = VECTOR('',#6715,1.);
#6715 = DIRECTION('',(0.,-1.));
#6716 = ( GEOMETRIC_REPRESENTATION_CONTEXT(2) 
PARAMETRIC_REPRESENTATION_CONTEXT() REPRESENTATION_CONTEXT('2D SPACE',''
  ) );
#6717 = PCURVE('',#500,#6718);
#6718 = DEFINITIONAL_REPRESENTATION('',(#6719),#6723);
#6719 = LINE('',#6720,#6721);
#6720 = CARTESIAN_POINT('',(0.,0.));
#6721 = VECTOR('',#6722,1.);
#6722 = DIRECTION('',(0.,-1.));
#6723 = ( GEOMETRIC_REPRESENTATION_CONTEXT(2) 
PARAMETRIC_REPRESENTATION_CONTEXT() REPRESENTATION_CONTEXT('2D SPACE',''
  ) );
#6724 = ORIENTED_EDGE('',*,*,#456,.F.);
#6725 = ADVANCED_FACE('',(#6726),#1200,.T.);
#6726 = FACE_BOUND('',#6727,.T.);
#6727 = EDGE_LOOP('',(#6728,#6749,#6750,#6751));
#6728 = ORIENTED_EDGE('',*,*,#6729,.T.);
#6729 = EDGE_CURVE('',#1157,#4239,#6730,.T.);
#6730 = SURFACE_CURVE('',#6731,(#6735,#6742),.PCURVE_S1.);
#6731 = LINE('',#6732,#6733);
#6732 = CARTESIAN_POINT('',(40.802222222222,-2.822148293353,
    5.555722290067));
#6733 = VECTOR('',#6734,1.);
#6734 = DIRECTION('',(0.,-0.939692620786,0.342020143326));
#6735 = PCURVE('',#1200,#6736);
#6736 = DEFINITIONAL_REPRESENTATION('',(#6737),#6741);
#6737 = LINE('',#6738,#6739);
#6738 = CARTESIAN_POINT('',(-0.,0.));
#6739 = VECTOR('',#6740,1.);
#6740 = DIRECTION('',(-3.469446951954E-18,-1.));
#6741 = ( GEOMETRIC_REPRESENTATION_CONTEXT(2) 
PARAMETRIC_REPRESENTATION_CONTEXT() REPRESENTATION_CONTEXT('2D SPACE',''
  ) );
#6742 = PCURVE('',#1172,#6743);
#6743 = DEFINITIONAL_REPRESENTATION('',(#6744),#6748);
#6744 = LINE('',#6745,#6746);
#6745 = CARTESIAN_POINT('',(11.739492595052,5.551115123126E-17));
#6746 = VECTOR('',#6747,1.);
#6747 = DIRECTION('',(0.,-1.));
#6748 = ( GEOMETRIC_REPRESENTATION_CONTEXT(2) 
PARAMETRIC_REPRESENTATION_CONTEXT() REPRESENTATION_CONTEXT('2D SPACE',''
  ) );
#6749 = ORIENTED_EDGE('',*,*,#4261,.T.);
#6750 = ORIENTED_EDGE('',*,*,#6675,.F.);
#6751 = ORIENTED_EDGE('',*,*,#1184,.F.);
#6752 = ADVANCED_FACE('',(#6753),#500,.T.);
#6753 = FACE_BOUND('',#6754,.T.);
#6754 = EDGE_LOOP('',(#6755,#6756,#6757,#6778));
#6755 = ORIENTED_EDGE('',*,*,#6704,.T.);
#6756 = ORIENTED_EDGE('',*,*,#3686,.T.);
#6757 = ORIENTED_EDGE('',*,*,#6758,.F.);
#6758 = EDGE_CURVE('',#485,#3687,#6759,.T.);
#6759 = SURFACE_CURVE('',#6760,(#6764,#6771),.PCURVE_S1.);
#6760 = LINE('',#6761,#6762);
#6761 = CARTESIAN_POINT('',(-39.85819824218,24.529513604514,
    80.703795739015));
#6762 = VECTOR('',#6763,1.);
#6763 = DIRECTION('',(0.,-0.939692620786,0.342020143326));
#6764 = PCURVE('',#500,#6765);
#6765 = DEFINITIONAL_REPRESENTATION('',(#6766),#6770);
#6766 = LINE('',#6767,#6768);
#6767 = CARTESIAN_POINT('',(9.913553266646,0.));
#6768 = VECTOR('',#6769,1.);
#6769 = DIRECTION('',(0.,-1.));
#6770 = ( GEOMETRIC_REPRESENTATION_CONTEXT(2) 
PARAMETRIC_REPRESENTATION_CONTEXT() REPRESENTATION_CONTEXT('2D SPACE',''
  ) );
#6771 = PCURVE('',#528,#6772);
#6772 = DEFINITIONAL_REPRESENTATION('',(#6773),#6777);
#6773 = LINE('',#6774,#6775);
#6774 = CARTESIAN_POINT('',(0.,0.));
#6775 = VECTOR('',#6776,1.);
#6776 = DIRECTION('',(0.,-1.));
#6777 = ( GEOMETRIC_REPRESENTATION_CONTEXT(2) 
PARAMETRIC_REPRESENTATION_CONTEXT() REPRESENTATION_CONTEXT('2D SPACE',''
  ) );
#6778 = ORIENTED_EDGE('',*,*,#484,.F.);
#6779 = ADVANCED_FACE('',(#6780),#1172,.T.);
#6780 = FACE_BOUND('',#6781,.T.);
#6781 = EDGE_LOOP('',(#6782,#6803,#6804,#6805));
#6782 = ORIENTED_EDGE('',*,*,#6783,.T.);
#6783 = EDGE_CURVE('',#1129,#4216,#6784,.T.);
#6784 = SURFACE_CURVE('',#6785,(#6789,#6796),.PCURVE_S1.);
#6785 = LINE('',#6786,#6787);
#6786 = CARTESIAN_POINT('',(52.46,-2.349231551965,6.855050358314));
#6787 = VECTOR('',#6788,1.);
#6788 = DIRECTION('',(0.,-0.939692620786,0.342020143326));
#6789 = PCURVE('',#1172,#6790);
#6790 = DEFINITIONAL_REPRESENTATION('',(#6791),#6795);
#6791 = LINE('',#6792,#6793);
#6792 = CARTESIAN_POINT('',(-0.,0.));
#6793 = VECTOR('',#6794,1.);
#6794 = DIRECTION('',(0.,-1.));
#6795 = ( GEOMETRIC_REPRESENTATION_CONTEXT(2) 
PARAMETRIC_REPRESENTATION_CONTEXT() REPRESENTATION_CONTEXT('2D SPACE',''
  ) );
#6796 = PCURVE('',#1144,#6797);
#6797 = DEFINITIONAL_REPRESENTATION('',(#6798),#6802);
#6798 = LINE('',#6799,#6800);
#6799 = CARTESIAN_POINT('',(7.686921847288,-4.440892098501E-16));
#6800 = VECTOR('',#6801,1.);
#6801 = DIRECTION('',(0.,-1.));
#6802 = ( GEOMETRIC_REPRESENTATION_CONTEXT(2) 
PARAMETRIC_REPRESENTATION_CONTEXT() REPRESENTATION_CONTEXT('2D SPACE',''
  ) );
#6803 = ORIENTED_EDGE('',*,*,#4238,.T.);
#6804 = ORIENTED_EDGE('',*,*,#6729,.F.);
#6805 = ORIENTED_EDGE('',*,*,#1156,.F.);
#6806 = ADVANCED_FACE('',(#6807),#528,.T.);
#6807 = FACE_BOUND('',#6808,.T.);
#6808 = EDGE_LOOP('',(#6809,#6810,#6811,#6832));
#6809 = ORIENTED_EDGE('',*,*,#6758,.T.);
#6810 = ORIENTED_EDGE('',*,*,#3709,.T.);
#6811 = ORIENTED_EDGE('',*,*,#6812,.F.);
#6812 = EDGE_CURVE('',#513,#3710,#6813,.T.);
#6813 = SURFACE_CURVE('',#6814,(#6818,#6825),.PCURVE_S1.);
#6814 = LINE('',#6815,#6816);
#6815 = CARTESIAN_POINT('',(-35.1488671875,27.488685912738,
    88.834054836135));
#6816 = VECTOR('',#6817,1.);
#6817 = DIRECTION('',(0.,-0.939692620786,0.342020143326));
#6818 = PCURVE('',#528,#6819);
#6819 = DEFINITIONAL_REPRESENTATION('',(#6820),#6824);
#6820 = LINE('',#6821,#6822);
#6821 = CARTESIAN_POINT('',(9.85066559775,4.440892098501E-16));
#6822 = VECTOR('',#6823,1.);
#6823 = DIRECTION('',(0.,-1.));
#6824 = ( GEOMETRIC_REPRESENTATION_CONTEXT(2) 
PARAMETRIC_REPRESENTATION_CONTEXT() REPRESENTATION_CONTEXT('2D SPACE',''
  ) );
#6825 = PCURVE('',#556,#6826);
#6826 = DEFINITIONAL_REPRESENTATION('',(#6827),#6831);
#6827 = LINE('',#6828,#6829);
#6828 = CARTESIAN_POINT('',(0.,0.));
#6829 = VECTOR('',#6830,1.);
#6830 = DIRECTION('',(0.,-1.));
#6831 = ( GEOMETRIC_REPRESENTATION_CONTEXT(2) 
PARAMETRIC_REPRESENTATION_CONTEXT() REPRESENTATION_CONTEXT('2D SPACE',''
  ) );
#6832 = ORIENTED_EDGE('',*,*,#512,.F.);
#6833 = ADVANCED_FACE('',(#6834),#1144,.T.);
#6834 = FACE_BOUND('',#6835,.T.);
#6835 = EDGE_LOOP('',(#6836,#6857,#6858,#6859));
#6836 = ORIENTED_EDGE('',*,*,#6837,.T.);
#6837 = EDGE_CURVE('',#1101,#4193,#6838,.T.);
#6838 = SURFACE_CURVE('',#6839,(#6843,#6850),.PCURVE_S1.);
#6839 = LINE('',#6840,#6841);
#6840 = CARTESIAN_POINT('',(54.457690429688,0.189516503124,
    13.830203313356));
#6841 = VECTOR('',#6842,1.);
#6842 = DIRECTION('',(0.,-0.939692620786,0.342020143326));
#6843 = PCURVE('',#1144,#6844);
#6844 = DEFINITIONAL_REPRESENTATION('',(#6845),#6849);
#6845 = LINE('',#6846,#6847);
#6846 = CARTESIAN_POINT('',(-0.,0.));
#6847 = VECTOR('',#6848,1.);
#6848 = DIRECTION('',(0.,-1.));
#6849 = ( GEOMETRIC_REPRESENTATION_CONTEXT(2) 
PARAMETRIC_REPRESENTATION_CONTEXT() REPRESENTATION_CONTEXT('2D SPACE',''
  ) );
#6850 = PCURVE('',#1116,#6851);
#6851 = DEFINITIONAL_REPRESENTATION('',(#6852),#6856);
#6852 = LINE('',#6853,#6854);
#6853 = CARTESIAN_POINT('',(8.079526315683,2.22044604925E-15));
#6854 = VECTOR('',#6855,1.);
#6855 = DIRECTION('',(0.,-1.));
#6856 = ( GEOMETRIC_REPRESENTATION_CONTEXT(2) 
PARAMETRIC_REPRESENTATION_CONTEXT() REPRESENTATION_CONTEXT('2D SPACE',''
  ) );
#6857 = ORIENTED_EDGE('',*,*,#4215,.T.);
#6858 = ORIENTED_EDGE('',*,*,#6783,.F.);
#6859 = ORIENTED_EDGE('',*,*,#1128,.F.);
#6860 = ADVANCED_FACE('',(#6861),#556,.T.);
#6861 = FACE_BOUND('',#6862,.T.);
#6862 = EDGE_LOOP('',(#6863,#6864,#6865,#6886));
#6863 = ORIENTED_EDGE('',*,*,#6812,.T.);
#6864 = ORIENTED_EDGE('',*,*,#3732,.T.);
#6865 = ORIENTED_EDGE('',*,*,#6866,.F.);
#6866 = EDGE_CURVE('',#541,#3733,#6867,.T.);
#6867 = SURFACE_CURVE('',#6868,(#6872,#6879),.PCURVE_S1.);
#6868 = LINE('',#6869,#6870);
#6869 = CARTESIAN_POINT('',(-30.00705566406,30.298879056187,
    96.554997042068));
#6870 = VECTOR('',#6871,1.);
#6871 = DIRECTION('',(0.,-0.939692620786,0.342020143326));
#6872 = PCURVE('',#556,#6873);
#6873 = DEFINITIONAL_REPRESENTATION('',(#6874),#6878);
#6874 = LINE('',#6875,#6876);
#6875 = CARTESIAN_POINT('',(9.692696208661,-1.33226762955E-15));
#6876 = VECTOR('',#6877,1.);
#6877 = DIRECTION('',(0.,-1.));
#6878 = ( GEOMETRIC_REPRESENTATION_CONTEXT(2) 
PARAMETRIC_REPRESENTATION_CONTEXT() REPRESENTATION_CONTEXT('2D SPACE',''
  ) );
#6879 = PCURVE('',#584,#6880);
#6880 = DEFINITIONAL_REPRESENTATION('',(#6881),#6885);
#6881 = LINE('',#6882,#6883);
#6882 = CARTESIAN_POINT('',(0.,0.));
#6883 = VECTOR('',#6884,1.);
#6884 = DIRECTION('',(0.,-1.));
#6885 = ( GEOMETRIC_REPRESENTATION_CONTEXT(2) 
PARAMETRIC_REPRESENTATION_CONTEXT() REPRESENTATION_CONTEXT('2D SPACE',''
  ) );
#6886 = ORIENTED_EDGE('',*,*,#540,.F.);
#6887 = ADVANCED_FACE('',(#6888),#1116,.T.);
#6888 = FACE_BOUND('',#6889,.T.);
#6889 = EDGE_LOOP('',(#6890,#6911,#6912,#6913));
#6890 = ORIENTED_EDGE('',*,*,#6891,.T.);
#6891 = EDGE_CURVE('',#1073,#4170,#6892,.T.);
#6892 = SURFACE_CURVE('',#6893,(#6897,#6904),.PCURVE_S1.);
#6893 = LINE('',#6894,#6895);
#6894 = CARTESIAN_POINT('',(55.4599609375,2.93153274066,21.363831009763)
  );
#6895 = VECTOR('',#6896,1.);
#6896 = DIRECTION('',(0.,-0.939692620786,0.342020143326));
#6897 = PCURVE('',#1116,#6898);
#6898 = DEFINITIONAL_REPRESENTATION('',(#6899),#6903);
#6899 = LINE('',#6900,#6901);
#6900 = CARTESIAN_POINT('',(-0.,0.));
#6901 = VECTOR('',#6902,1.);
#6902 = DIRECTION('',(0.,-1.));
#6903 = ( GEOMETRIC_REPRESENTATION_CONTEXT(2) 
PARAMETRIC_REPRESENTATION_CONTEXT() REPRESENTATION_CONTEXT('2D SPACE',''
  ) );
#6904 = PCURVE('',#1088,#6905);
#6905 = DEFINITIONAL_REPRESENTATION('',(#6906),#6910);
#6906 = LINE('',#6907,#6908);
#6907 = CARTESIAN_POINT('',(8.497285358871,-1.33226762955E-15));
#6908 = VECTOR('',#6909,1.);
#6909 = DIRECTION('',(0.,-1.));
#6910 = ( GEOMETRIC_REPRESENTATION_CONTEXT(2) 
PARAMETRIC_REPRESENTATION_CONTEXT() REPRESENTATION_CONTEXT('2D SPACE',''
  ) );
#6911 = ORIENTED_EDGE('',*,*,#4192,.T.);
#6912 = ORIENTED_EDGE('',*,*,#6837,.F.);
#6913 = ORIENTED_EDGE('',*,*,#1100,.F.);
#6914 = ADVANCED_FACE('',(#6915),#584,.T.);
#6915 = FACE_BOUND('',#6916,.T.);
#6916 = EDGE_LOOP('',(#6917,#6918,#6919,#6940));
#6917 = ORIENTED_EDGE('',*,*,#6866,.T.);
#6918 = ORIENTED_EDGE('',*,*,#3755,.T.);
#6919 = ORIENTED_EDGE('',*,*,#6920,.F.);
#6920 = EDGE_CURVE('',#569,#3756,#6921,.T.);
#6921 = SURFACE_CURVE('',#6922,(#6926,#6933),.PCURVE_S1.);
#6922 = LINE('',#6923,#6924);
#6923 = CARTESIAN_POINT('',(-24.4953125,32.920954440726,103.75908995319)
  );
#6924 = VECTOR('',#6925,1.);
#6925 = DIRECTION('',(0.,-0.939692620786,0.342020143326));
#6926 = PCURVE('',#584,#6927);
#6927 = DEFINITIONAL_REPRESENTATION('',(#6928),#6932);
#6928 = LINE('',#6929,#6930);
#6929 = CARTESIAN_POINT('',(9.442115583966,-4.440892098501E-16));
#6930 = VECTOR('',#6931,1.);
#6931 = DIRECTION('',(0.,-1.));
#6932 = ( GEOMETRIC_REPRESENTATION_CONTEXT(2) 
PARAMETRIC_REPRESENTATION_CONTEXT() REPRESENTATION_CONTEXT('2D SPACE',''
  ) );
#6933 = PCURVE('',#612,#6934);
#6934 = DEFINITIONAL_REPRESENTATION('',(#6935),#6939);
#6935 = LINE('',#6936,#6937);
#6936 = CARTESIAN_POINT('',(0.,0.));
#6937 = VECTOR('',#6938,1.);
#6938 = DIRECTION('',(2.775557561563E-17,-1.));
#6939 = ( GEOMETRIC_REPRESENTATION_CONTEXT(2) 
PARAMETRIC_REPRESENTATION_CONTEXT() REPRESENTATION_CONTEXT('2D SPACE',''
  ) );
#6940 = ORIENTED_EDGE('',*,*,#568,.F.);
#6941 = ADVANCED_FACE('',(#6942),#1088,.T.);
#6942 = FACE_BOUND('',#6943,.T.);
#6943 = EDGE_LOOP('',(#6944,#6965,#6966,#6967));
#6944 = ORIENTED_EDGE('',*,*,#6945,.T.);
#6945 = EDGE_CURVE('',#1045,#4147,#6946,.T.);
#6946 = SURFACE_CURVE('',#6947,(#6951,#6958),.PCURVE_S1.);
#6947 = LINE('',#6948,#6949);
#6948 = CARTESIAN_POINT('',(55.529360351563,5.837678566506,
    29.348401043918));
#6949 = VECTOR('',#6950,1.);
#6950 = DIRECTION('',(0.,-0.939692620786,0.342020143326));
#6951 = PCURVE('',#1088,#6952);
#6952 = DEFINITIONAL_REPRESENTATION('',(#6953),#6957);
#6953 = LINE('',#6954,#6955);
#6954 = CARTESIAN_POINT('',(-0.,0.));
#6955 = VECTOR('',#6956,1.);
#6956 = DIRECTION('',(0.,-1.));
#6957 = ( GEOMETRIC_REPRESENTATION_CONTEXT(2) 
PARAMETRIC_REPRESENTATION_CONTEXT() REPRESENTATION_CONTEXT('2D SPACE',''
  ) );
#6958 = PCURVE('',#1060,#6959);
#6959 = DEFINITIONAL_REPRESENTATION('',(#6960),#6964);
#6960 = LINE('',#6961,#6962);
#6961 = CARTESIAN_POINT('',(8.898568322378,4.440892098501E-16));
#6962 = VECTOR('',#6963,1.);
#6963 = DIRECTION('',(0.,-1.));
#6964 = ( GEOMETRIC_REPRESENTATION_CONTEXT(2) 
PARAMETRIC_REPRESENTATION_CONTEXT() REPRESENTATION_CONTEXT('2D SPACE',''
  ) );
#6965 = ORIENTED_EDGE('',*,*,#4169,.T.);
#6966 = ORIENTED_EDGE('',*,*,#6891,.F.);
#6967 = ORIENTED_EDGE('',*,*,#1072,.F.);
#6968 = ADVANCED_FACE('',(#6969),#612,.T.);
#6969 = FACE_BOUND('',#6970,.T.);
#6970 = EDGE_LOOP('',(#6971,#6972,#6973,#6994));
#6971 = ORIENTED_EDGE('',*,*,#6920,.T.);
#6972 = ORIENTED_EDGE('',*,*,#3778,.T.);
#6973 = ORIENTED_EDGE('',*,*,#6974,.F.);
#6974 = EDGE_CURVE('',#597,#3779,#6975,.T.);
#6975 = SURFACE_CURVE('',#6976,(#6980,#6987),.PCURVE_S1.);
#6976 = LINE('',#6977,#6978);
#6977 = CARTESIAN_POINT('',(-18.67618652343,35.31577347222,
    110.3388011659));
#6978 = VECTOR('',#6979,1.);
#6979 = DIRECTION('',(0.,-0.939692620786,0.342020143326));
#6980 = PCURVE('',#612,#6981);
#6981 = DEFINITIONAL_REPRESENTATION('',(#6982),#6986);
#6982 = LINE('',#6983,#6984);
#6983 = CARTESIAN_POINT('',(9.104393717725,0.));
#6984 = VECTOR('',#6985,1.);
#6985 = DIRECTION('',(2.775557561563E-17,-1.));
#6986 = ( GEOMETRIC_REPRESENTATION_CONTEXT(2) 
PARAMETRIC_REPRESENTATION_CONTEXT() REPRESENTATION_CONTEXT('2D SPACE',''
  ) );
#6987 = PCURVE('',#640,#6988);
#6988 = DEFINITIONAL_REPRESENTATION('',(#6989),#6993);
#6989 = LINE('',#6990,#6991);
#6990 = CARTESIAN_POINT('',(0.,0.));
#6991 = VECTOR('',#6992,1.);
#6992 = DIRECTION('',(2.775557561563E-17,-1.));
#6993 = ( GEOMETRIC_REPRESENTATION_CONTEXT(2) 
PARAMETRIC_REPRESENTATION_CONTEXT() REPRESENTATION_CONTEXT('2D SPACE',''
  ) );
#6994 = ORIENTED_EDGE('',*,*,#596,.F.);
#6995 = ADVANCED_FACE('',(#6996),#1060,.T.);
#6996 = FACE_BOUND('',#6997,.T.);
#6997 = EDGE_LOOP('',(#6998,#7019,#7020,#7021));
#6998 = ORIENTED_EDGE('',*,*,#6999,.T.);
#6999 = EDGE_CURVE('',#1017,#4124,#7000,.T.);
#7000 = SURFACE_CURVE('',#7001,(#7005,#7012),.PCURVE_S1.);
#7001 = LINE('',#7002,#7003);
#7002 = CARTESIAN_POINT('',(54.7284375,8.868815386528,37.676381012204));
#7003 = VECTOR('',#7004,1.);
#7004 = DIRECTION('',(0.,-0.939692620786,0.342020143326));
#7005 = PCURVE('',#1060,#7006);
#7006 = DEFINITIONAL_REPRESENTATION('',(#7007),#7011);
#7007 = LINE('',#7008,#7009);
#7008 = CARTESIAN_POINT('',(0.,0.));
#7009 = VECTOR('',#7010,1.);
#7010 = DIRECTION('',(0.,-1.));
#7011 = ( GEOMETRIC_REPRESENTATION_CONTEXT(2) 
PARAMETRIC_REPRESENTATION_CONTEXT() REPRESENTATION_CONTEXT('2D SPACE',''
  ) );
#7012 = PCURVE('',#1032,#7013);
#7013 = DEFINITIONAL_REPRESENTATION('',(#7014),#7018);
#7014 = LINE('',#7015,#7016);
#7015 = CARTESIAN_POINT('',(9.254360097175,-8.881784197001E-16));
#7016 = VECTOR('',#7017,1.);
#7017 = DIRECTION('',(0.,-1.));
#7018 = ( GEOMETRIC_REPRESENTATION_CONTEXT(2) 
PARAMETRIC_REPRESENTATION_CONTEXT() REPRESENTATION_CONTEXT('2D SPACE',''
  ) );
#7019 = ORIENTED_EDGE('',*,*,#4146,.T.);
#7020 = ORIENTED_EDGE('',*,*,#6945,.F.);
#7021 = ORIENTED_EDGE('',*,*,#1044,.F.);
#7022 = ADVANCED_FACE('',(#7023),#640,.T.);
#7023 = FACE_BOUND('',#7024,.T.);
#7024 = EDGE_LOOP('',(#7025,#7026,#7027,#7048));
#7025 = ORIENTED_EDGE('',*,*,#6974,.T.);
#7026 = ORIENTED_EDGE('',*,*,#3801,.T.);
#7027 = ORIENTED_EDGE('',*,*,#7028,.F.);
#7028 = EDGE_CURVE('',#625,#3802,#7029,.T.);
#7029 = SURFACE_CURVE('',#7030,(#7034,#7041),.PCURVE_S1.);
#7030 = LINE('',#7031,#7032);
#7031 = CARTESIAN_POINT('',(-12.6122265625,37.444197556532,
    116.18659827657));
#7032 = VECTOR('',#7033,1.);
#7033 = DIRECTION('',(0.,-0.939692620786,0.342020143326));
#7034 = PCURVE('',#640,#7035);
#7035 = DEFINITIONAL_REPRESENTATION('',(#7036),#7040);
#7036 = LINE('',#7037,#7038);
#7037 = CARTESIAN_POINT('',(8.68898904005,2.6645352591E-15));
#7038 = VECTOR('',#7039,1.);
#7039 = DIRECTION('',(2.775557561563E-17,-1.));
#7040 = ( GEOMETRIC_REPRESENTATION_CONTEXT(2) 
PARAMETRIC_REPRESENTATION_CONTEXT() REPRESENTATION_CONTEXT('2D SPACE',''
  ) );
#7041 = PCURVE('',#668,#7042);
#7042 = DEFINITIONAL_REPRESENTATION('',(#7043),#7047);
#7043 = LINE('',#7044,#7045);
#7044 = CARTESIAN_POINT('',(0.,0.));
#7045 = VECTOR('',#7046,1.);
#7046 = DIRECTION('',(-2.775557561563E-17,-1.));
#7047 = ( GEOMETRIC_REPRESENTATION_CONTEXT(2) 
PARAMETRIC_REPRESENTATION_CONTEXT() REPRESENTATION_CONTEXT('2D SPACE',''
  ) );
#7048 = ORIENTED_EDGE('',*,*,#624,.F.);
#7049 = ADVANCED_FACE('',(#7050),#1032,.T.);
#7050 = FACE_BOUND('',#7051,.T.);
#7051 = EDGE_LOOP('',(#7052,#7073,#7074,#7075));
#7052 = ORIENTED_EDGE('',*,*,#7053,.T.);
#7053 = EDGE_CURVE('',#989,#4101,#7054,.T.);
#7054 = SURFACE_CURVE('',#7055,(#7059,#7066),.PCURVE_S1.);
#7055 = LINE('',#7056,#7057);
#7056 = CARTESIAN_POINT('',(53.119741210938,11.985804606588,
    46.240238511005));
#7057 = VECTOR('',#7058,1.);
#7058 = DIRECTION('',(0.,-0.939692620786,0.342020143326));
#7059 = PCURVE('',#1032,#7060);
#7060 = DEFINITIONAL_REPRESENTATION('',(#7061),#7065);
#7061 = LINE('',#7062,#7063);
#7062 = CARTESIAN_POINT('',(0.,0.));
#7063 = VECTOR('',#7064,1.);
#7064 = DIRECTION('',(0.,-1.));
#7065 = ( GEOMETRIC_REPRESENTATION_CONTEXT(2) 
PARAMETRIC_REPRESENTATION_CONTEXT() REPRESENTATION_CONTEXT('2D SPACE',''
  ) );
#7066 = PCURVE('',#1004,#7067);
#7067 = DEFINITIONAL_REPRESENTATION('',(#7068),#7072);
#7068 = LINE('',#7069,#7070);
#7069 = CARTESIAN_POINT('',(9.544859711845,-1.33226762955E-15));
#7070 = VECTOR('',#7071,1.);
#7071 = DIRECTION('',(0.,-1.));
#7072 = ( GEOMETRIC_REPRESENTATION_CONTEXT(2) 
PARAMETRIC_REPRESENTATION_CONTEXT() REPRESENTATION_CONTEXT('2D SPACE',''
  ) );
#7073 = ORIENTED_EDGE('',*,*,#4123,.T.);
#7074 = ORIENTED_EDGE('',*,*,#6999,.F.);
#7075 = ORIENTED_EDGE('',*,*,#1016,.F.);
#7076 = ADVANCED_FACE('',(#7077),#668,.T.);
#7077 = FACE_BOUND('',#7078,.T.);
#7078 = EDGE_LOOP('',(#7079,#7080,#7081,#7102));
#7079 = ORIENTED_EDGE('',*,*,#7028,.T.);
#7080 = ORIENTED_EDGE('',*,*,#3824,.T.);
#7081 = ORIENTED_EDGE('',*,*,#7082,.F.);
#7082 = EDGE_CURVE('',#653,#3825,#7083,.T.);
#7083 = SURFACE_CURVE('',#7084,(#7088,#7095),.PCURVE_S1.);
#7084 = LINE('',#7085,#7086);
#7085 = CARTESIAN_POINT('',(-6.365981445313,39.267088099527,
    121.19494888159));
#7086 = VECTOR('',#7087,1.);
#7087 = DIRECTION('',(0.,-0.939692620786,0.342020143326));
#7088 = PCURVE('',#668,#7089);
#7089 = DEFINITIONAL_REPRESENTATION('',(#7090),#7094);
#7090 = LINE('',#7091,#7092);
#7091 = CARTESIAN_POINT('',(8.211095163162,-1.998401444325E-15));
#7092 = VECTOR('',#7093,1.);
#7093 = DIRECTION('',(-2.775557561563E-17,-1.));
#7094 = ( GEOMETRIC_REPRESENTATION_CONTEXT(2) 
PARAMETRIC_REPRESENTATION_CONTEXT() REPRESENTATION_CONTEXT('2D SPACE',''
  ) );
#7095 = PCURVE('',#696,#7096);
#7096 = DEFINITIONAL_REPRESENTATION('',(#7097),#7101);
#7097 = LINE('',#7098,#7099);
#7098 = CARTESIAN_POINT('',(0.,0.));
#7099 = VECTOR('',#7100,1.);
#7100 = DIRECTION('',(0.,-1.));
#7101 = ( GEOMETRIC_REPRESENTATION_CONTEXT(2) 
PARAMETRIC_REPRESENTATION_CONTEXT() REPRESENTATION_CONTEXT('2D SPACE',''
  ) );
#7102 = ORIENTED_EDGE('',*,*,#652,.F.);
#7103 = ADVANCED_FACE('',(#7104),#1004,.T.);
#7104 = FACE_BOUND('',#7105,.T.);
#7105 = EDGE_LOOP('',(#7106,#7127,#7128,#7129));
#7106 = ORIENTED_EDGE('',*,*,#7107,.T.);
#7107 = EDGE_CURVE('',#961,#4078,#7108,.T.);
#7108 = SURFACE_CURVE('',#7109,(#7113,#7120),.PCURVE_S1.);
#7109 = LINE('',#7110,#7111);
#7110 = CARTESIAN_POINT('',(50.7658203125,15.149507632553,
    54.932441136703));
#7111 = VECTOR('',#7112,1.);
#7112 = DIRECTION('',(0.,-0.939692620786,0.342020143326));
#7113 = PCURVE('',#1004,#7114);
#7114 = DEFINITIONAL_REPRESENTATION('',(#7115),#7119);
#7115 = LINE('',#7116,#7117);
#7116 = CARTESIAN_POINT('',(0.,0.));
#7117 = VECTOR('',#7118,1.);
#7118 = DIRECTION('',(0.,-1.));
#7119 = ( GEOMETRIC_REPRESENTATION_CONTEXT(2) 
PARAMETRIC_REPRESENTATION_CONTEXT() REPRESENTATION_CONTEXT('2D SPACE',''
  ) );
#7120 = PCURVE('',#976,#7121);
#7121 = DEFINITIONAL_REPRESENTATION('',(#7122),#7126);
#7122 = LINE('',#7123,#7124);
#7123 = CARTESIAN_POINT('',(9.756770035609,1.7763568394E-15));
#7124 = VECTOR('',#7125,1.);
#7125 = DIRECTION('',(5.551115123126E-17,-1.));
#7126 = ( GEOMETRIC_REPRESENTATION_CONTEXT(2) 
PARAMETRIC_REPRESENTATION_CONTEXT() REPRESENTATION_CONTEXT('2D SPACE',''
  ) );
#7127 = ORIENTED_EDGE('',*,*,#4100,.T.);
#7128 = ORIENTED_EDGE('',*,*,#7053,.F.);
#7129 = ORIENTED_EDGE('',*,*,#988,.F.);
#7130 = ADVANCED_FACE('',(#7131),#696,.T.);
#7131 = FACE_BOUND('',#7132,.T.);
#7132 = EDGE_LOOP('',(#7133,#7134,#7135,#7156));
#7133 = ORIENTED_EDGE('',*,*,#7082,.T.);
#7134 = ORIENTED_EDGE('',*,*,#3847,.T.);
#7135 = ORIENTED_EDGE('',*,*,#7136,.F.);
#7136 = EDGE_CURVE('',#681,#3848,#7137,.T.);
#7137 = SURFACE_CURVE('',#7138,(#7142,#7149),.PCURVE_S1.);
#7138 = LINE('',#7139,#7140);
#7139 = CARTESIAN_POINT('',(0.,40.745306507069,125.25632057733));
#7140 = VECTOR('',#7141,1.);
#7141 = DIRECTION('',(0.,-0.939692620786,0.342020143326));
#7142 = PCURVE('',#696,#7143);
#7143 = DEFINITIONAL_REPRESENTATION('',(#7144),#7148);
#7144 = LINE('',#7145,#7146);
#7145 = CARTESIAN_POINT('',(7.694516844706,-2.22044604925E-15));
#7146 = VECTOR('',#7147,1.);
#7147 = DIRECTION('',(0.,-1.));
#7148 = ( GEOMETRIC_REPRESENTATION_CONTEXT(2) 
PARAMETRIC_REPRESENTATION_CONTEXT() REPRESENTATION_CONTEXT('2D SPACE',''
  ) );
#7149 = PCURVE('',#724,#7150);
#7150 = DEFINITIONAL_REPRESENTATION('',(#7151),#7155);
#7151 = LINE('',#7152,#7153);
#7152 = CARTESIAN_POINT('',(0.,0.));
#7153 = VECTOR('',#7154,1.);
#7154 = DIRECTION('',(0.,-1.));
#7155 = ( GEOMETRIC_REPRESENTATION_CONTEXT(2) 
PARAMETRIC_REPRESENTATION_CONTEXT() REPRESENTATION_CONTEXT('2D SPACE',''
  ) );
#7156 = ORIENTED_EDGE('',*,*,#680,.F.);
#7157 = ADVANCED_FACE('',(#7158),#976,.T.);
#7158 = FACE_BOUND('',#7159,.T.);
#7159 = EDGE_LOOP('',(#7160,#7181,#7182,#7183));
#7160 = ORIENTED_EDGE('',*,*,#7161,.T.);
#7161 = EDGE_CURVE('',#933,#4055,#7162,.T.);
#7162 = SURFACE_CURVE('',#7163,(#7167,#7174),.PCURVE_S1.);
#7163 = LINE('',#7164,#7165);
#7164 = CARTESIAN_POINT('',(47.729223632813,18.320785870286,
    63.645456485682));
#7165 = VECTOR('',#7166,1.);
#7166 = DIRECTION('',(0.,-0.939692620786,0.342020143326));
#7167 = PCURVE('',#976,#7168);
#7168 = DEFINITIONAL_REPRESENTATION('',(#7169),#7173);
#7169 = LINE('',#7170,#7171);
#7170 = CARTESIAN_POINT('',(0.,0.));
#7171 = VECTOR('',#7172,1.);
#7172 = DIRECTION('',(5.551115123126E-17,-1.));
#7173 = ( GEOMETRIC_REPRESENTATION_CONTEXT(2) 
PARAMETRIC_REPRESENTATION_CONTEXT() REPRESENTATION_CONTEXT('2D SPACE',''
  ) );
#7174 = PCURVE('',#948,#7175);
#7175 = DEFINITIONAL_REPRESENTATION('',(#7176),#7180);
#7176 = LINE('',#7177,#7178);
#7177 = CARTESIAN_POINT('',(9.881417614018,-4.440892098501E-16));
#7178 = VECTOR('',#7179,1.);
#7179 = DIRECTION('',(0.,-1.));
#7180 = ( GEOMETRIC_REPRESENTATION_CONTEXT(2) 
PARAMETRIC_REPRESENTATION_CONTEXT() REPRESENTATION_CONTEXT('2D SPACE',''
  ) );
#7181 = ORIENTED_EDGE('',*,*,#4077,.T.);
#7182 = ORIENTED_EDGE('',*,*,#7107,.F.);
#7183 = ORIENTED_EDGE('',*,*,#960,.F.);
#7184 = ADVANCED_FACE('',(#7185),#724,.T.);
#7185 = FACE_BOUND('',#7186,.T.);
#7186 = EDGE_LOOP('',(#7187,#7188,#7189,#7210));
#7187 = ORIENTED_EDGE('',*,*,#7136,.T.);
#7188 = ORIENTED_EDGE('',*,*,#3870,.T.);
#7189 = ORIENTED_EDGE('',*,*,#7190,.F.);
#7190 = EDGE_CURVE('',#709,#3871,#7191,.T.);
#7191 = SURFACE_CURVE('',#7192,(#7196,#7203),.PCURVE_S1.);
#7192 = LINE('',#7193,#7194);
#7193 = CARTESIAN_POINT('',(6.365981445313,39.267088099527,
    121.19494888159));
#7194 = VECTOR('',#7195,1.);
#7195 = DIRECTION('',(0.,-0.939692620786,0.342020143326));
#7196 = PCURVE('',#724,#7197);
#7197 = DEFINITIONAL_REPRESENTATION('',(#7198),#7202);
#7198 = LINE('',#7199,#7200);
#7199 = CARTESIAN_POINT('',(7.694516844706,2.22044604925E-15));
#7200 = VECTOR('',#7201,1.);
#7201 = DIRECTION('',(0.,-1.));
#7202 = ( GEOMETRIC_REPRESENTATION_CONTEXT(2) 
PARAMETRIC_REPRESENTATION_CONTEXT() REPRESENTATION_CONTEXT('2D SPACE',''
  ) );
#7203 = PCURVE('',#752,#7204);
#7204 = DEFINITIONAL_REPRESENTATION('',(#7205),#7209);
#7205 = LINE('',#7206,#7207);
#7206 = CARTESIAN_POINT('',(0.,0.));
#7207 = VECTOR('',#7208,1.);
#7208 = DIRECTION('',(2.775557561563E-17,-1.));
#7209 = ( GEOMETRIC_REPRESENTATION_CONTEXT(2) 
PARAMETRIC_REPRESENTATION_CONTEXT() REPRESENTATION_CONTEXT('2D SPACE',''
  ) );
#7210 = ORIENTED_EDGE('',*,*,#708,.F.);
#7211 = ADVANCED_FACE('',(#7212),#948,.T.);
#7212 = FACE_BOUND('',#7213,.T.);
#7213 = EDGE_LOOP('',(#7214,#7235,#7236,#7237));
#7214 = ORIENTED_EDGE('',*,*,#7215,.T.);
#7215 = EDGE_CURVE('',#905,#4032,#7216,.T.);
#7216 = SURFACE_CURVE('',#7217,(#7221,#7228),.PCURVE_S1.);
#7217 = LINE('',#7218,#7219);
#7218 = CARTESIAN_POINT('',(44.0725,21.460500725652,72.271752154325));
#7219 = VECTOR('',#7220,1.);
#7220 = DIRECTION('',(0.,-0.939692620786,0.342020143326));
#7221 = PCURVE('',#948,#7222);
#7222 = DEFINITIONAL_REPRESENTATION('',(#7223),#7227);
#7223 = LINE('',#7224,#7225);
#7224 = CARTESIAN_POINT('',(0.,0.));
#7225 = VECTOR('',#7226,1.);
#7226 = DIRECTION('',(0.,-1.));
#7227 = ( GEOMETRIC_REPRESENTATION_CONTEXT(2) 
PARAMETRIC_REPRESENTATION_CONTEXT() REPRESENTATION_CONTEXT('2D SPACE',''
  ) );
#7228 = PCURVE('',#920,#7229);
#7229 = DEFINITIONAL_REPRESENTATION('',(#7230),#7234);
#7230 = LINE('',#7231,#7232);
#7231 = CARTESIAN_POINT('',(9.913553266646,0.));
#7232 = VECTOR('',#7233,1.);
#7233 = DIRECTION('',(0.,-1.));
#7234 = ( GEOMETRIC_REPRESENTATION_CONTEXT(2) 
PARAMETRIC_REPRESENTATION_CONTEXT() REPRESENTATION_CONTEXT('2D SPACE',''
  ) );
#7235 = ORIENTED_EDGE('',*,*,#4054,.T.);
#7236 = ORIENTED_EDGE('',*,*,#7161,.F.);
#7237 = ORIENTED_EDGE('',*,*,#932,.F.);
#7238 = ADVANCED_FACE('',(#7239),#752,.T.);
#7239 = FACE_BOUND('',#7240,.T.);
#7240 = EDGE_LOOP('',(#7241,#7242,#7243,#7264));
#7241 = ORIENTED_EDGE('',*,*,#7190,.T.);
#7242 = ORIENTED_EDGE('',*,*,#3893,.T.);
#7243 = ORIENTED_EDGE('',*,*,#7244,.F.);
#7244 = EDGE_CURVE('',#737,#3894,#7245,.T.);
#7245 = SURFACE_CURVE('',#7246,(#7250,#7257),.PCURVE_S1.);
#7246 = LINE('',#7247,#7248);
#7247 = CARTESIAN_POINT('',(12.6122265625,37.444197556532,
    116.18659827657));
#7248 = VECTOR('',#7249,1.);
#7249 = DIRECTION('',(0.,-0.939692620786,0.342020143326));
#7250 = PCURVE('',#752,#7251);
#7251 = DEFINITIONAL_REPRESENTATION('',(#7252),#7256);
#7252 = LINE('',#7253,#7254);
#7253 = CARTESIAN_POINT('',(8.211095163162,1.998401444325E-15));
#7254 = VECTOR('',#7255,1.);
#7255 = DIRECTION('',(2.775557561563E-17,-1.));
#7256 = ( GEOMETRIC_REPRESENTATION_CONTEXT(2) 
PARAMETRIC_REPRESENTATION_CONTEXT() REPRESENTATION_CONTEXT('2D SPACE',''
  ) );
#7257 = PCURVE('',#780,#7258);
#7258 = DEFINITIONAL_REPRESENTATION('',(#7259),#7263);
#7259 = LINE('',#7260,#7261);
#7260 = CARTESIAN_POINT('',(0.,0.));
#7261 = VECTOR('',#7262,1.);
#7262 = DIRECTION('',(-2.775557561563E-17,-1.));
#7263 = ( GEOMETRIC_REPRESENTATION_CONTEXT(2) 
PARAMETRIC_REPRESENTATION_CONTEXT() REPRESENTATION_CONTEXT('2D SPACE',''
  ) );
#7264 = ORIENTED_EDGE('',*,*,#736,.F.);
#7265 = ADVANCED_FACE('',(#7266),#920,.T.);
#7266 = FACE_BOUND('',#7267,.T.);
#7267 = EDGE_LOOP('',(#7268,#7289,#7290,#7291));
#7268 = ORIENTED_EDGE('',*,*,#7269,.T.);
#7269 = EDGE_CURVE('',#877,#4009,#7270,.T.);
#7270 = SURFACE_CURVE('',#7271,(#7275,#7282),.PCURVE_S1.);
#7271 = LINE('',#7272,#7273);
#7272 = CARTESIAN_POINT('',(39.858198242188,24.529513604514,
    80.703795739015));
#7273 = VECTOR('',#7274,1.);
#7274 = DIRECTION('',(0.,-0.939692620786,0.342020143326));
#7275 = PCURVE('',#920,#7276);
#7276 = DEFINITIONAL_REPRESENTATION('',(#7277),#7281);
#7277 = LINE('',#7278,#7279);
#7278 = CARTESIAN_POINT('',(0.,0.));
#7279 = VECTOR('',#7280,1.);
#7280 = DIRECTION('',(0.,-1.));
#7281 = ( GEOMETRIC_REPRESENTATION_CONTEXT(2) 
PARAMETRIC_REPRESENTATION_CONTEXT() REPRESENTATION_CONTEXT('2D SPACE',''
  ) );
#7282 = PCURVE('',#892,#7283);
#7283 = DEFINITIONAL_REPRESENTATION('',(#7284),#7288);
#7284 = LINE('',#7285,#7286);
#7285 = CARTESIAN_POINT('',(9.85066559775,-4.440892098501E-16));
#7286 = VECTOR('',#7287,1.);
#7287 = DIRECTION('',(0.,-1.));
#7288 = ( GEOMETRIC_REPRESENTATION_CONTEXT(2) 
PARAMETRIC_REPRESENTATION_CONTEXT() REPRESENTATION_CONTEXT('2D SPACE',''
  ) );
#7289 = ORIENTED_EDGE('',*,*,#4031,.T.);
#7290 = ORIENTED_EDGE('',*,*,#7215,.F.);
#7291 = ORIENTED_EDGE('',*,*,#904,.F.);
#7292 = ADVANCED_FACE('',(#7293),#780,.T.);
#7293 = FACE_BOUND('',#7294,.T.);
#7294 = EDGE_LOOP('',(#7295,#7296,#7297,#7318));
#7295 = ORIENTED_EDGE('',*,*,#7244,.T.);
#7296 = ORIENTED_EDGE('',*,*,#3916,.T.);
#7297 = ORIENTED_EDGE('',*,*,#7298,.F.);
#7298 = EDGE_CURVE('',#765,#3917,#7299,.T.);
#7299 = SURFACE_CURVE('',#7300,(#7304,#7311),.PCURVE_S1.);
#7300 = LINE('',#7301,#7302);
#7301 = CARTESIAN_POINT('',(18.676186523438,35.31577347222,
    110.3388011659));
#7302 = VECTOR('',#7303,1.);
#7303 = DIRECTION('',(0.,-0.939692620786,0.342020143326));
#7304 = PCURVE('',#780,#7305);
#7305 = DEFINITIONAL_REPRESENTATION('',(#7306),#7310);
#7306 = LINE('',#7307,#7308);
#7307 = CARTESIAN_POINT('',(8.68898904005,-2.6645352591E-15));
#7308 = VECTOR('',#7309,1.);
#7309 = DIRECTION('',(-2.775557561563E-17,-1.));
#7310 = ( GEOMETRIC_REPRESENTATION_CONTEXT(2) 
PARAMETRIC_REPRESENTATION_CONTEXT() REPRESENTATION_CONTEXT('2D SPACE',''
  ) );
#7311 = PCURVE('',#808,#7312);
#7312 = DEFINITIONAL_REPRESENTATION('',(#7313),#7317);
#7313 = LINE('',#7314,#7315);
#7314 = CARTESIAN_POINT('',(0.,0.));
#7315 = VECTOR('',#7316,1.);
#7316 = DIRECTION('',(-2.775557561563E-17,-1.));
#7317 = ( GEOMETRIC_REPRESENTATION_CONTEXT(2) 
PARAMETRIC_REPRESENTATION_CONTEXT() REPRESENTATION_CONTEXT('2D SPACE',''
  ) );
#7318 = ORIENTED_EDGE('',*,*,#764,.F.);
#7319 = ADVANCED_FACE('',(#7320),#892,.T.);
#7320 = FACE_BOUND('',#7321,.T.);
#7321 = EDGE_LOOP('',(#7322,#7343,#7344,#7345));
#7322 = ORIENTED_EDGE('',*,*,#7323,.T.);
#7323 = EDGE_CURVE('',#849,#3986,#7324,.T.);
#7324 = SURFACE_CURVE('',#7325,(#7329,#7336),.PCURVE_S1.);
#7325 = LINE('',#7326,#7327);
#7326 = CARTESIAN_POINT('',(35.1488671875,27.488685912738,
    88.834054836135));
#7327 = VECTOR('',#7328,1.);
#7328 = DIRECTION('',(0.,-0.939692620786,0.342020143326));
#7329 = PCURVE('',#892,#7330);
#7330 = DEFINITIONAL_REPRESENTATION('',(#7331),#7335);
#7331 = LINE('',#7332,#7333);
#7332 = CARTESIAN_POINT('',(0.,0.));
#7333 = VECTOR('',#7334,1.);
#7334 = DIRECTION('',(0.,-1.));
#7335 = ( GEOMETRIC_REPRESENTATION_CONTEXT(2) 
PARAMETRIC_REPRESENTATION_CONTEXT() REPRESENTATION_CONTEXT('2D SPACE',''
  ) );
#7336 = PCURVE('',#864,#7337);
#7337 = DEFINITIONAL_REPRESENTATION('',(#7338),#7342);
#7338 = LINE('',#7339,#7340);
#7339 = CARTESIAN_POINT('',(9.692696208661,1.33226762955E-15));
#7340 = VECTOR('',#7341,1.);
#7341 = DIRECTION('',(0.,-1.));
#7342 = ( GEOMETRIC_REPRESENTATION_CONTEXT(2) 
PARAMETRIC_REPRESENTATION_CONTEXT() REPRESENTATION_CONTEXT('2D SPACE',''
  ) );
#7343 = ORIENTED_EDGE('',*,*,#4008,.T.);
#7344 = ORIENTED_EDGE('',*,*,#7269,.F.);
#7345 = ORIENTED_EDGE('',*,*,#876,.F.);
#7346 = ADVANCED_FACE('',(#7347),#808,.T.);
#7347 = FACE_BOUND('',#7348,.T.);
#7348 = EDGE_LOOP('',(#7349,#7350,#7351,#7372));
#7349 = ORIENTED_EDGE('',*,*,#7298,.T.);
#7350 = ORIENTED_EDGE('',*,*,#3939,.T.);
#7351 = ORIENTED_EDGE('',*,*,#7352,.F.);
#7352 = EDGE_CURVE('',#793,#3940,#7353,.T.);
#7353 = SURFACE_CURVE('',#7354,(#7358,#7365),.PCURVE_S1.);
#7354 = LINE('',#7355,#7356);
#7355 = CARTESIAN_POINT('',(24.4953125,32.920954440726,103.75908995319)
  );
#7356 = VECTOR('',#7357,1.);
#7357 = DIRECTION('',(0.,-0.939692620786,0.342020143326));
#7358 = PCURVE('',#808,#7359);
#7359 = DEFINITIONAL_REPRESENTATION('',(#7360),#7364);
#7360 = LINE('',#7361,#7362);
#7361 = CARTESIAN_POINT('',(9.104393717725,0.));
#7362 = VECTOR('',#7363,1.);
#7363 = DIRECTION('',(-2.775557561563E-17,-1.));
#7364 = ( GEOMETRIC_REPRESENTATION_CONTEXT(2) 
PARAMETRIC_REPRESENTATION_CONTEXT() REPRESENTATION_CONTEXT('2D SPACE',''
  ) );
#7365 = PCURVE('',#836,#7366);
#7366 = DEFINITIONAL_REPRESENTATION('',(#7367),#7371);
#7367 = LINE('',#7368,#7369);
#7368 = CARTESIAN_POINT('',(0.,0.));
#7369 = VECTOR('',#7370,1.);
#7370 = DIRECTION('',(0.,-1.));
#7371 = ( GEOMETRIC_REPRESENTATION_CONTEXT(2) 
PARAMETRIC_REPRESENTATION_CONTEXT() REPRESENTATION_CONTEXT('2D SPACE',''
  ) );
#7372 = ORIENTED_EDGE('',*,*,#792,.F.);
#7373 = ADVANCED_FACE('',(#7374),#864,.T.);
#7374 = FACE_BOUND('',#7375,.T.);
#7375 = EDGE_LOOP('',(#7376,#7397,#7398,#7399));
#7376 = ORIENTED_EDGE('',*,*,#7377,.T.);
#7377 = EDGE_CURVE('',#821,#3963,#7378,.T.);
#7378 = SURFACE_CURVE('',#7379,(#7383,#7390),.PCURVE_S1.);
#7379 = LINE('',#7380,#7381);
#7380 = CARTESIAN_POINT('',(30.007055664063,30.298879056187,
    96.554997042068));
#7381 = VECTOR('',#7382,1.);
#7382 = DIRECTION('',(0.,-0.939692620786,0.342020143326));
#7383 = PCURVE('',#864,#7384);
#7384 = DEFINITIONAL_REPRESENTATION('',(#7385),#7389);
#7385 = LINE('',#7386,#7387);
#7386 = CARTESIAN_POINT('',(0.,0.));
#7387 = VECTOR('',#7388,1.);
#7388 = DIRECTION('',(0.,-1.));
#7389 = ( GEOMETRIC_REPRESENTATION_CONTEXT(2) 
PARAMETRIC_REPRESENTATION_CONTEXT() REPRESENTATION_CONTEXT('2D SPACE',''
  ) );
#7390 = PCURVE('',#836,#7391);
#7391 = DEFINITIONAL_REPRESENTATION('',(#7392),#7396);
#7392 = LINE('',#7393,#7394);
#7393 = CARTESIAN_POINT('',(9.442115583966,4.440892098501E-16));
#7394 = VECTOR('',#7395,1.);
#7395 = DIRECTION('',(0.,-1.));
#7396 = ( GEOMETRIC_REPRESENTATION_CONTEXT(2) 
PARAMETRIC_REPRESENTATION_CONTEXT() REPRESENTATION_CONTEXT('2D SPACE',''
  ) );
#7397 = ORIENTED_EDGE('',*,*,#3985,.T.);
#7398 = ORIENTED_EDGE('',*,*,#7323,.F.);
#7399 = ORIENTED_EDGE('',*,*,#848,.F.);
#7400 = ADVANCED_FACE('',(#7401),#836,.T.);
#7401 = FACE_BOUND('',#7402,.T.);
#7402 = EDGE_LOOP('',(#7403,#7404,#7405,#7406));
#7403 = ORIENTED_EDGE('',*,*,#7352,.T.);
#7404 = ORIENTED_EDGE('',*,*,#3962,.T.);
#7405 = ORIENTED_EDGE('',*,*,#7377,.F.);
#7406 = ORIENTED_EDGE('',*,*,#820,.F.);
#7407 = ADVANCED_FACE('',(#7408),#1702,.T.);
#7408 = FACE_BOUND('',#7409,.T.);
#7409 = EDGE_LOOP('',(#7410,#7411,#7432,#7433));
#7410 = ORIENTED_EDGE('',*,*,#1376,.T.);
#7411 = ORIENTED_EDGE('',*,*,#7412,.T.);
#7412 = EDGE_CURVE('',#1377,#4424,#7413,.T.);
#7413 = SEAM_CURVE('',#7414,(#7418,#7425),.PCURVE_S1.);
#7414 = LINE('',#7415,#7416);
#7415 = CARTESIAN_POINT('',(-21.,26.397388939886,85.250980165272));
#7416 = VECTOR('',#7417,1.);
#7417 = DIRECTION('',(0.,-0.939692620786,0.342020143326));
#7418 = PCURVE('',#1702,#7419);
#7419 = DEFINITIONAL_REPRESENTATION('',(#7420),#7424);
#7420 = LINE('',#7421,#7422);
#7421 = CARTESIAN_POINT('',(6.28318530718,0.));
#7422 = VECTOR('',#7423,1.);
#7423 = DIRECTION('',(0.,-1.));
#7424 = ( GEOMETRIC_REPRESENTATION_CONTEXT(2) 
PARAMETRIC_REPRESENTATION_CONTEXT() REPRESENTATION_CONTEXT('2D SPACE',''
  ) );
#7425 = PCURVE('',#1702,#7426);
#7426 = DEFINITIONAL_REPRESENTATION('',(#7427),#7431);
#7427 = LINE('',#7428,#7429);
#7428 = CARTESIAN_POINT('',(0.,0.));
#7429 = VECTOR('',#7430,1.);
#7430 = DIRECTION('',(0.,-1.));
#7431 = ( GEOMETRIC_REPRESENTATION_CONTEXT(2) 
PARAMETRIC_REPRESENTATION_CONTEXT() REPRESENTATION_CONTEXT('2D SPACE',''
  ) );
#7432 = ORIENTED_EDGE('',*,*,#4423,.F.);
#7433 = ORIENTED_EDGE('',*,*,#7412,.F.);
#7434 = ADVANCED_FACE('',(#7435),#1895,.T.);
#7435 = FACE_BOUND('',#7436,.T.);
#7436 = EDGE_LOOP('',(#7437,#7460,#7487,#7488));
#7437 = ORIENTED_EDGE('',*,*,#7438,.T.);
#7438 = EDGE_CURVE('',#1875,#7439,#7441,.T.);
#7439 = VERTEX_POINT('',#7440);
#7440 = CARTESIAN_POINT('',(-28.,31.507311543838,88.179920414171));
#7441 = SEAM_CURVE('',#7442,(#7446,#7453),.PCURVE_S1.);
#7442 = LINE('',#7443,#7444);
#7443 = CARTESIAN_POINT('',(-28.,27.748541060694,89.548000987474));
#7444 = VECTOR('',#7445,1.);
#7445 = DIRECTION('',(0.,0.939692620786,-0.342020143326));
#7446 = PCURVE('',#1895,#7447);
#7447 = DEFINITIONAL_REPRESENTATION('',(#7448),#7452);
#7448 = LINE('',#7449,#7450);
#7449 = CARTESIAN_POINT('',(0.,0.));
#7450 = VECTOR('',#7451,1.);
#7451 = DIRECTION('',(0.,-1.));
#7452 = ( GEOMETRIC_REPRESENTATION_CONTEXT(2) 
PARAMETRIC_REPRESENTATION_CONTEXT() REPRESENTATION_CONTEXT('2D SPACE',''
  ) );
#7453 = PCURVE('',#1895,#7454);
#7454 = DEFINITIONAL_REPRESENTATION('',(#7455),#7459);
#7455 = LINE('',#7456,#7457);
#7456 = CARTESIAN_POINT('',(6.28318530718,0.));
#7457 = VECTOR('',#7458,1.);
#7458 = DIRECTION('',(0.,-1.));
#7459 = ( GEOMETRIC_REPRESENTATION_CONTEXT(2) 
PARAMETRIC_REPRESENTATION_CONTEXT() REPRESENTATION_CONTEXT('2D SPACE',''
  ) );
#7460 = ORIENTED_EDGE('',*,*,#7461,.T.);
#7461 = EDGE_CURVE('',#7439,#7439,#7462,.T.);
#7462 = SURFACE_CURVE('',#7463,(#7468,#7475),.PCURVE_S1.);
#7463 = CIRCLE('',#7464,2.);
#7464 = AXIS2_PLACEMENT_3D('',#7465,#7466,#7467);
#7465 = CARTESIAN_POINT('',(-30.,31.507311543838,88.179920414171));
#7466 = DIRECTION('',(0.,-0.939692620786,0.342020143326));
#7467 = DIRECTION('',(1.,0.,0.));
#7468 = PCURVE('',#1895,#7469);
#7469 = DEFINITIONAL_REPRESENTATION('',(#7470),#7474);
#7470 = LINE('',#7471,#7472);
#7471 = CARTESIAN_POINT('',(0.,-4.));
#7472 = VECTOR('',#7473,1.);
#7473 = DIRECTION('',(1.,0.));
#7474 = ( GEOMETRIC_REPRESENTATION_CONTEXT(2) 
PARAMETRIC_REPRESENTATION_CONTEXT() REPRESENTATION_CONTEXT('2D SPACE',''
  ) );
#7475 = PCURVE('',#7476,#7481);
#7476 = PLANE('',#7477);
#7477 = AXIS2_PLACEMENT_3D('',#7478,#7479,#7480);
#7478 = CARTESIAN_POINT('',(-30.,31.507311543838,88.179920414171));
#7479 = DIRECTION('',(-0.,-0.939692620786,0.342020143326));
#7480 = DIRECTION('',(0.,-0.342020143326,-0.939692620786));
#7481 = DEFINITIONAL_REPRESENTATION('',(#7482),#7486);
#7482 = CIRCLE('',#7483,2.);
#7483 = AXIS2_PLACEMENT_2D('',#7484,#7485);
#7484 = CARTESIAN_POINT('',(0.,-3.552713678801E-15));
#7485 = DIRECTION('',(0.,1.));
#7486 = ( GEOMETRIC_REPRESENTATION_CONTEXT(2) 
PARAMETRIC_REPRESENTATION_CONTEXT() REPRESENTATION_CONTEXT('2D SPACE',''
  ) );
#7487 = ORIENTED_EDGE('',*,*,#7438,.F.);
#7488 = ORIENTED_EDGE('',*,*,#1874,.F.);
#7489 = ADVANCED_FACE('',(#7490),#1932,.F.);
#7490 = FACE_BOUND('',#7491,.T.);
#7491 = EDGE_LOOP('',(#7492,#7513,#7514,#7535));
#7492 = ORIENTED_EDGE('',*,*,#7493,.F.);
#7493 = EDGE_CURVE('',#1912,#4916,#7494,.T.);
#7494 = SURFACE_CURVE('',#7495,(#7499,#7506),.PCURVE_S1.);
#7495 = LINE('',#7496,#7497);
#7496 = CARTESIAN_POINT('',(-32.,-1.819272884482,7.726338950435));
#7497 = VECTOR('',#7498,1.);
#7498 = DIRECTION('',(0.,-0.939692620786,0.342020143326));
#7499 = PCURVE('',#1932,#7500);
#7500 = DEFINITIONAL_REPRESENTATION('',(#7501),#7505);
#7501 = LINE('',#7502,#7503);
#7502 = CARTESIAN_POINT('',(-0.,0.));
#7503 = VECTOR('',#7504,1.);
#7504 = DIRECTION('',(-0.,1.));
#7505 = ( GEOMETRIC_REPRESENTATION_CONTEXT(2) 
PARAMETRIC_REPRESENTATION_CONTEXT() REPRESENTATION_CONTEXT('2D SPACE',''
  ) );
#7506 = PCURVE('',#1960,#7507);
#7507 = DEFINITIONAL_REPRESENTATION('',(#7508),#7512);
#7508 = LINE('',#7509,#7510);
#7509 = CARTESIAN_POINT('',(8.,0.));
#7510 = VECTOR('',#7511,1.);
#7511 = DIRECTION('',(0.,-1.));
#7512 = ( GEOMETRIC_REPRESENTATION_CONTEXT(2) 
PARAMETRIC_REPRESENTATION_CONTEXT() REPRESENTATION_CONTEXT('2D SPACE',''
  ) );
#7513 = ORIENTED_EDGE('',*,*,#1909,.F.);
#7514 = ORIENTED_EDGE('',*,*,#7515,.T.);
#7515 = EDGE_CURVE('',#1910,#4914,#7516,.T.);
#7516 = SURFACE_CURVE('',#7517,(#7521,#7528),.PCURVE_S1.);
#7517 = LINE('',#7518,#7519);
#7518 = CARTESIAN_POINT('',(-40.,0.916888262123,15.243879916722));
#7519 = VECTOR('',#7520,1.);
#7520 = DIRECTION('',(0.,-0.939692620786,0.342020143326));
#7521 = PCURVE('',#1932,#7522);
#7522 = DEFINITIONAL_REPRESENTATION('',(#7523),#7527);
#7523 = LINE('',#7524,#7525);
#7524 = CARTESIAN_POINT('',(-1.570796326795,0.));
#7525 = VECTOR('',#7526,1.);
#7526 = DIRECTION('',(-0.,1.));
#7527 = ( GEOMETRIC_REPRESENTATION_CONTEXT(2) 
PARAMETRIC_REPRESENTATION_CONTEXT() REPRESENTATION_CONTEXT('2D SPACE',''
  ) );
#7528 = PCURVE('',#2166,#7529);
#7529 = DEFINITIONAL_REPRESENTATION('',(#7530),#7534);
#7530 = LINE('',#7531,#7532);
#7531 = CARTESIAN_POINT('',(40.,-1.7763568394E-15));
#7532 = VECTOR('',#7533,1.);
#7533 = DIRECTION('',(0.,-1.));
#7534 = ( GEOMETRIC_REPRESENTATION_CONTEXT(2) 
PARAMETRIC_REPRESENTATION_CONTEXT() REPRESENTATION_CONTEXT('2D SPACE',''
  ) );
#7535 = ORIENTED_EDGE('',*,*,#4913,.T.);
#7536 = ADVANCED_FACE('',(#7537),#2166,.T.);
#7537 = FACE_BOUND('',#7538,.T.);
#7538 = EDGE_LOOP('',(#7539,#7540,#7561,#7562,#7563));
#7539 = ORIENTED_EDGE('',*,*,#2150,.F.);
#7540 = ORIENTED_EDGE('',*,*,#7541,.T.);
#7541 = EDGE_CURVE('',#2118,#5069,#7542,.T.);
#7542 = SURFACE_CURVE('',#7543,(#7547,#7554),.PCURVE_S1.);
#7543 = LINE('',#7544,#7545);
#7544 = CARTESIAN_POINT('',(-40.,11.861532848545,45.314043781871));
#7545 = VECTOR('',#7546,1.);
#7546 = DIRECTION('',(0.,-0.939692620786,0.342020143326));
#7547 = PCURVE('',#2166,#7548);
#7548 = DEFINITIONAL_REPRESENTATION('',(#7549),#7553);
#7549 = LINE('',#7550,#7551);
#7550 = CARTESIAN_POINT('',(8.,-3.996802888651E-15));
#7551 = VECTOR('',#7552,1.);
#7552 = DIRECTION('',(0.,-1.));
#7553 = ( GEOMETRIC_REPRESENTATION_CONTEXT(2) 
PARAMETRIC_REPRESENTATION_CONTEXT() REPRESENTATION_CONTEXT('2D SPACE',''
  ) );
#7554 = PCURVE('',#2138,#7555);
#7555 = DEFINITIONAL_REPRESENTATION('',(#7556),#7560);
#7556 = LINE('',#7557,#7558);
#7557 = CARTESIAN_POINT('',(1.570796326795,0.));
#7558 = VECTOR('',#7559,1.);
#7559 = DIRECTION('',(0.,1.));
#7560 = ( GEOMETRIC_REPRESENTATION_CONTEXT(2) 
PARAMETRIC_REPRESENTATION_CONTEXT() REPRESENTATION_CONTEXT('2D SPACE',''
  ) );
#7561 = ORIENTED_EDGE('',*,*,#5096,.T.);
#7562 = ORIENTED_EDGE('',*,*,#7515,.F.);
#7563 = ORIENTED_EDGE('',*,*,#2178,.F.);
#7564 = ADVANCED_FACE('',(#7565),#1960,.T.);
#7565 = FACE_BOUND('',#7566,.T.);
#7566 = EDGE_LOOP('',(#7567,#7568,#7569,#7570));
#7567 = ORIENTED_EDGE('',*,*,#1944,.F.);
#7568 = ORIENTED_EDGE('',*,*,#7493,.T.);
#7569 = ORIENTED_EDGE('',*,*,#4943,.T.);
#7570 = ORIENTED_EDGE('',*,*,#7571,.F.);
#7571 = EDGE_CURVE('',#1945,#4944,#7572,.T.);
#7572 = SURFACE_CURVE('',#7573,(#7577,#7584),.PCURVE_S1.);
#7573 = LINE('',#7574,#7575);
#7574 = CARTESIAN_POINT('',(32.,-1.819272884482,7.726338950435));
#7575 = VECTOR('',#7576,1.);
#7576 = DIRECTION('',(0.,-0.939692620786,0.342020143326));
#7577 = PCURVE('',#1960,#7578);
#7578 = DEFINITIONAL_REPRESENTATION('',(#7579),#7583);
#7579 = LINE('',#7580,#7581);
#7580 = CARTESIAN_POINT('',(72.,0.));
#7581 = VECTOR('',#7582,1.);
#7582 = DIRECTION('',(0.,-1.));
#7583 = ( GEOMETRIC_REPRESENTATION_CONTEXT(2) 
PARAMETRIC_REPRESENTATION_CONTEXT() REPRESENTATION_CONTEXT('2D SPACE',''
  ) );
#7584 = PCURVE('',#1993,#7585);
#7585 = DEFINITIONAL_REPRESENTATION('',(#7586),#7590);
#7586 = LINE('',#7587,#7588);
#7587 = CARTESIAN_POINT('',(0.,0.));
#7588 = VECTOR('',#7589,1.);
#7589 = DIRECTION('',(0.,1.));
#7590 = ( GEOMETRIC_REPRESENTATION_CONTEXT(2) 
PARAMETRIC_REPRESENTATION_CONTEXT() REPRESENTATION_CONTEXT('2D SPACE',''
  ) );
#7591 = ADVANCED_FACE('',(#7592),#1993,.F.);
#7592 = FACE_BOUND('',#7593,.F.);
#7593 = EDGE_LOOP('',(#7594,#7595,#7596,#7617));
#7594 = ORIENTED_EDGE('',*,*,#7571,.F.);
#7595 = ORIENTED_EDGE('',*,*,#1972,.T.);
#7596 = ORIENTED_EDGE('',*,*,#7597,.T.);
#7597 = EDGE_CURVE('',#1973,#4967,#7598,.T.);
#7598 = SURFACE_CURVE('',#7599,(#7603,#7610),.PCURVE_S1.);
#7599 = LINE('',#7600,#7601);
#7600 = CARTESIAN_POINT('',(40.,0.916888262123,15.243879916722));
#7601 = VECTOR('',#7602,1.);
#7602 = DIRECTION('',(0.,-0.939692620786,0.342020143326));
#7603 = PCURVE('',#1993,#7604);
#7604 = DEFINITIONAL_REPRESENTATION('',(#7605),#7609);
#7605 = LINE('',#7606,#7607);
#7606 = CARTESIAN_POINT('',(1.570796326795,0.));
#7607 = VECTOR('',#7608,1.);
#7608 = DIRECTION('',(0.,1.));
#7609 = ( GEOMETRIC_REPRESENTATION_CONTEXT(2) 
PARAMETRIC_REPRESENTATION_CONTEXT() REPRESENTATION_CONTEXT('2D SPACE',''
  ) );
#7610 = PCURVE('',#2021,#7611);
#7611 = DEFINITIONAL_REPRESENTATION('',(#7612),#7616);
#7612 = LINE('',#7613,#7614);
#7613 = CARTESIAN_POINT('',(8.,4.440892098501E-16));
#7614 = VECTOR('',#7615,1.);
#7615 = DIRECTION('',(0.,-1.));
#7616 = ( GEOMETRIC_REPRESENTATION_CONTEXT(2) 
PARAMETRIC_REPRESENTATION_CONTEXT() REPRESENTATION_CONTEXT('2D SPACE',''
  ) );
#7617 = ORIENTED_EDGE('',*,*,#4966,.F.);
#7618 = ADVANCED_FACE('',(#7619),#2138,.F.);
#7619 = FACE_BOUND('',#7620,.F.);
#7620 = EDGE_LOOP('',(#7621,#7642,#7643,#7644));
#7621 = ORIENTED_EDGE('',*,*,#7622,.F.);
#7622 = EDGE_CURVE('',#2090,#5046,#7623,.T.);
#7623 = SURFACE_CURVE('',#7624,(#7628,#7635),.PCURVE_S1.);
#7624 = LINE('',#7625,#7626);
#7625 = CARTESIAN_POINT('',(-32.,14.59769399515,52.831584748159));
#7626 = VECTOR('',#7627,1.);
#7627 = DIRECTION('',(0.,-0.939692620786,0.342020143326));
#7628 = PCURVE('',#2138,#7629);
#7629 = DEFINITIONAL_REPRESENTATION('',(#7630),#7634);
#7630 = LINE('',#7631,#7632);
#7631 = CARTESIAN_POINT('',(0.,0.));
#7632 = VECTOR('',#7633,1.);
#7633 = DIRECTION('',(0.,1.));
#7634 = ( GEOMETRIC_REPRESENTATION_CONTEXT(2) 
PARAMETRIC_REPRESENTATION_CONTEXT() REPRESENTATION_CONTEXT('2D SPACE',''
  ) );
#7635 = PCURVE('',#2105,#7636);
#7636 = DEFINITIONAL_REPRESENTATION('',(#7637),#7641);
#7637 = LINE('',#7638,#7639);
#7638 = CARTESIAN_POINT('',(72.,0.));
#7639 = VECTOR('',#7640,1.);
#7640 = DIRECTION('',(0.,-1.));
#7641 = ( GEOMETRIC_REPRESENTATION_CONTEXT(2) 
PARAMETRIC_REPRESENTATION_CONTEXT() REPRESENTATION_CONTEXT('2D SPACE',''
  ) );
#7642 = ORIENTED_EDGE('',*,*,#2117,.T.);
#7643 = ORIENTED_EDGE('',*,*,#7541,.T.);
#7644 = ORIENTED_EDGE('',*,*,#5068,.F.);
#7645 = ADVANCED_FACE('',(#7646),#2021,.T.);
#7646 = FACE_BOUND('',#7647,.T.);
#7647 = EDGE_LOOP('',(#7648,#7649,#7650,#7651,#7672));
#7648 = ORIENTED_EDGE('',*,*,#2005,.F.);
#7649 = ORIENTED_EDGE('',*,*,#7597,.T.);
#7650 = ORIENTED_EDGE('',*,*,#4994,.T.);
#7651 = ORIENTED_EDGE('',*,*,#7652,.F.);
#7652 = EDGE_CURVE('',#2034,#4995,#7653,.T.);
#7653 = SURFACE_CURVE('',#7654,(#7658,#7665),.PCURVE_S1.);
#7654 = LINE('',#7655,#7656);
#7655 = CARTESIAN_POINT('',(40.,11.861532848545,45.314043781871));
#7656 = VECTOR('',#7657,1.);
#7657 = DIRECTION('',(0.,-0.939692620786,0.342020143326));
#7658 = PCURVE('',#2021,#7659);
#7659 = DEFINITIONAL_REPRESENTATION('',(#7660),#7664);
#7660 = LINE('',#7661,#7662);
#7661 = CARTESIAN_POINT('',(40.,0.));
#7662 = VECTOR('',#7663,1.);
#7663 = DIRECTION('',(0.,-1.));
#7664 = ( GEOMETRIC_REPRESENTATION_CONTEXT(2) 
PARAMETRIC_REPRESENTATION_CONTEXT() REPRESENTATION_CONTEXT('2D SPACE',''
  ) );
#7665 = PCURVE('',#2077,#7666);
#7666 = DEFINITIONAL_REPRESENTATION('',(#7667),#7671);
#7667 = LINE('',#7668,#7669);
#7668 = CARTESIAN_POINT('',(0.,0.));
#7669 = VECTOR('',#7670,1.);
#7670 = DIRECTION('',(0.,1.));
#7671 = ( GEOMETRIC_REPRESENTATION_CONTEXT(2) 
PARAMETRIC_REPRESENTATION_CONTEXT() REPRESENTATION_CONTEXT('2D SPACE',''
  ) );
#7672 = ORIENTED_EDGE('',*,*,#2033,.F.);
#7673 = ADVANCED_FACE('',(#7674),#2105,.T.);
#7674 = FACE_BOUND('',#7675,.T.);
#7675 = EDGE_LOOP('',(#7676,#7677,#7698,#7699));
#7676 = ORIENTED_EDGE('',*,*,#2089,.F.);
#7677 = ORIENTED_EDGE('',*,*,#7678,.T.);
#7678 = EDGE_CURVE('',#2057,#5018,#7679,.T.);
#7679 = SURFACE_CURVE('',#7680,(#7684,#7691),.PCURVE_S1.);
#7680 = LINE('',#7681,#7682);
#7681 = CARTESIAN_POINT('',(32.,14.59769399515,52.831584748159));
#7682 = VECTOR('',#7683,1.);
#7683 = DIRECTION('',(0.,-0.939692620786,0.342020143326));
#7684 = PCURVE('',#2105,#7685);
#7685 = DEFINITIONAL_REPRESENTATION('',(#7686),#7690);
#7686 = LINE('',#7687,#7688);
#7687 = CARTESIAN_POINT('',(8.,0.));
#7688 = VECTOR('',#7689,1.);
#7689 = DIRECTION('',(0.,-1.));
#7690 = ( GEOMETRIC_REPRESENTATION_CONTEXT(2) 
PARAMETRIC_REPRESENTATION_CONTEXT() REPRESENTATION_CONTEXT('2D SPACE',''
  ) );
#7691 = PCURVE('',#2077,#7692);
#7692 = DEFINITIONAL_REPRESENTATION('',(#7693),#7697);
#7693 = LINE('',#7694,#7695);
#7694 = CARTESIAN_POINT('',(1.570796326795,0.));
#7695 = VECTOR('',#7696,1.);
#7696 = DIRECTION('',(0.,1.));
#7697 = ( GEOMETRIC_REPRESENTATION_CONTEXT(2) 
PARAMETRIC_REPRESENTATION_CONTEXT() REPRESENTATION_CONTEXT('2D SPACE',''
  ) );
#7698 = ORIENTED_EDGE('',*,*,#5045,.T.);
#7699 = ORIENTED_EDGE('',*,*,#7622,.F.);
#7700 = ADVANCED_FACE('',(#7701),#2077,.F.);
#7701 = FACE_BOUND('',#7702,.F.);
#7702 = EDGE_LOOP('',(#7703,#7704,#7705,#7706));
#7703 = ORIENTED_EDGE('',*,*,#7652,.F.);
#7704 = ORIENTED_EDGE('',*,*,#2056,.T.);
#7705 = ORIENTED_EDGE('',*,*,#7678,.T.);
#7706 = ORIENTED_EDGE('',*,*,#5017,.F.);
#7707 = ADVANCED_FACE('',(#7708),#2539,.T.);
#7708 = FACE_BOUND('',#7709,.T.);
#7709 = EDGE_LOOP('',(#7710,#7740,#7741,#7771));
#7710 = ORIENTED_EDGE('',*,*,#7711,.F.);
#7711 = EDGE_CURVE('',#2202,#5120,#7712,.T.);
#7712 = SURFACE_CURVE('',#7713,(#7720,#7730),.PCURVE_S1.);
#7713 = B_SPLINE_CURVE_WITH_KNOTS('',5,(#7714,#7715,#7716,#7717,#7718,
    #7719),.UNSPECIFIED.,.F.,.F.,(6,6),(0.,1.),
  .PIECEWISE_BEZIER_KNOTS.);
#7714 = CARTESIAN_POINT('',(8.958070923884,19.892876210949,
    67.37997656368));
#7715 = CARTESIAN_POINT('',(8.958070923884,19.374002749053,
    67.568831059161));
#7716 = CARTESIAN_POINT('',(8.958070923884,18.810561787441,
    67.773906797954));
#7717 = CARTESIAN_POINT('',(8.958070923884,18.253348592865,
    67.97671581492));
#7718 = CARTESIAN_POINT('',(8.958070923884,17.714524124745,
    68.17283188281));
#7719 = CARTESIAN_POINT('',(8.958070923884,17.167766483038,
    68.371835389748));
#7720 = PCURVE('',#2539,#7721);
#7721 = DEFINITIONAL_REPRESENTATION('',(#7722),#7729);
#7722 = B_SPLINE_CURVE_WITH_KNOTS('',5,(#7723,#7724,#7725,#7726,#7727,
    #7728),.UNSPECIFIED.,.F.,.F.,(6,6),(0.,1.),
  .PIECEWISE_BEZIER_KNOTS.);
#7723 = CARTESIAN_POINT('',(6.902338681876,5.999999999062E-07));
#7724 = CARTESIAN_POINT('',(6.902338681876,-0.552173004877));
#7725 = CARTESIAN_POINT('',(6.902338681876,-1.151774352327));
#7726 = CARTESIAN_POINT('',(6.902338681876,-1.744748248525));
#7727 = CARTESIAN_POINT('',(6.902338681876,-2.318153270764));
#7728 = CARTESIAN_POINT('',(6.902338681876,-2.9000006));
#7729 = ( GEOMETRIC_REPRESENTATION_CONTEXT(2) 
PARAMETRIC_REPRESENTATION_CONTEXT() REPRESENTATION_CONTEXT('2D SPACE',''
  ) );
#7730 = PCURVE('',#2906,#7731);
#7731 = DEFINITIONAL_REPRESENTATION('',(#7732),#7739);
#7732 = B_SPLINE_CURVE_WITH_KNOTS('',5,(#7733,#7734,#7735,#7736,#7737,
    #7738),.UNSPECIFIED.,.F.,.F.,(6,6),(0.,1.),
  .PIECEWISE_BEZIER_KNOTS.);
#7733 = CARTESIAN_POINT('',(6.379750395253,-9.999940000006E-02));
#7734 = CARTESIAN_POINT('',(6.379750395253,-0.652173004877));
#7735 = CARTESIAN_POINT('',(6.379750395253,-1.25177435216));
#7736 = CARTESIAN_POINT('',(6.379750395253,-1.844748248821));
#7737 = CARTESIAN_POINT('',(6.379750395253,-2.418153270648));
#7738 = CARTESIAN_POINT('',(6.379750395253,-3.000000599884));
#7739 = ( GEOMETRIC_REPRESENTATION_CONTEXT(2) 
PARAMETRIC_REPRESENTATION_CONTEXT() REPRESENTATION_CONTEXT('2D SPACE',''
  ) );
#7740 = ORIENTED_EDGE('',*,*,#2201,.T.);
#7741 = ORIENTED_EDGE('',*,*,#7742,.F.);
#7742 = EDGE_CURVE('',#5122,#2204,#7743,.T.);
#7743 = SURFACE_CURVE('',#7744,(#7751,#7761),.PCURVE_S1.);
#7744 = B_SPLINE_CURVE_WITH_KNOTS('',5,(#7745,#7746,#7747,#7748,#7749,
    #7750),.UNSPECIFIED.,.F.,.F.,(6,6),(0.,1.),
  .PIECEWISE_BEZIER_KNOTS.);
#7745 = CARTESIAN_POINT('',(-8.958070923884,17.167766483038,
    68.371835389748));
#7746 = CARTESIAN_POINT('',(-8.958070923884,17.718738014657,
    68.171298152311));
#7747 = CARTESIAN_POINT('',(-8.958070923884,18.263027939622,
    67.973192820813));
#7748 = CARTESIAN_POINT('',(-8.958070923884,18.801954126932,
    67.777039730166));
#7749 = CARTESIAN_POINT('',(-8.958070923884,19.341611361265,
    67.580620560162));
#7750 = CARTESIAN_POINT('',(-8.958070923884,19.892876210949,
    67.37997656368));
#7751 = PCURVE('',#2539,#7752);
#7752 = DEFINITIONAL_REPRESENTATION('',(#7753),#7760);
#7753 = B_SPLINE_CURVE_WITH_KNOTS('',5,(#7754,#7755,#7756,#7757,#7758,
    #7759),.UNSPECIFIED.,.F.,.F.,(6,6),(0.,1.),
  .PIECEWISE_BEZIER_KNOTS.);
#7754 = CARTESIAN_POINT('',(2.522439278894,-2.9000006));
#7755 = CARTESIAN_POINT('',(2.522439278894,-2.313668942784));
#7756 = CARTESIAN_POINT('',(2.522439278894,-1.734447702854));
#7757 = CARTESIAN_POINT('',(2.522439278894,-1.160934433314));
#7758 = CARTESIAN_POINT('',(2.522439278894,-0.586643199781));
#7759 = CARTESIAN_POINT('',(2.522439278894,5.999999999062E-07));
#7760 = ( GEOMETRIC_REPRESENTATION_CONTEXT(2) 
PARAMETRIC_REPRESENTATION_CONTEXT() REPRESENTATION_CONTEXT('2D SPACE',''
  ) );
#7761 = PCURVE('',#2906,#7762);
#7762 = DEFINITIONAL_REPRESENTATION('',(#7763),#7770);
#7763 = B_SPLINE_CURVE_WITH_KNOTS('',5,(#7764,#7765,#7766,#7767,#7768,
    #7769),.UNSPECIFIED.,.F.,.F.,(6,6),(0.,1.),
  .PIECEWISE_BEZIER_KNOTS.);
#7764 = CARTESIAN_POINT('',(3.045027565516,-3.000000599884));
#7765 = CARTESIAN_POINT('',(3.045027565516,-2.413668942668));
#7766 = CARTESIAN_POINT('',(3.045027565516,-1.83444770315));
#7767 = CARTESIAN_POINT('',(3.045027565516,-1.260934433145));
#7768 = CARTESIAN_POINT('',(3.045027565516,-0.686643199781));
#7769 = CARTESIAN_POINT('',(3.045027565516,-9.999940000006E-02));
#7770 = ( GEOMETRIC_REPRESENTATION_CONTEXT(2) 
PARAMETRIC_REPRESENTATION_CONTEXT() REPRESENTATION_CONTEXT('2D SPACE',''
  ) );
#7771 = ORIENTED_EDGE('',*,*,#5119,.F.);
#7772 = ADVANCED_FACE('',(#7773),#2906,.F.);
#7773 = FACE_BOUND('',#7774,.F.);
#7774 = EDGE_LOOP('',(#7775,#7776,#7777,#7778));
#7775 = ORIENTED_EDGE('',*,*,#2714,.T.);
#7776 = ORIENTED_EDGE('',*,*,#7742,.F.);
#7777 = ORIENTED_EDGE('',*,*,#5624,.F.);
#7778 = ORIENTED_EDGE('',*,*,#7711,.F.);
#7779 = ADVANCED_FACE('',(#7780),#3338,.T.);
#7780 = FACE_BOUND('',#7781,.T.);
#7781 = EDGE_LOOP('',(#7782,#7783,#7804,#7805));
#7782 = ORIENTED_EDGE('',*,*,#3012,.T.);
#7783 = ORIENTED_EDGE('',*,*,#7784,.T.);
#7784 = EDGE_CURVE('',#3013,#5915,#7785,.T.);
#7785 = SEAM_CURVE('',#7786,(#7790,#7797),.PCURVE_S1.);
#7786 = LINE('',#7787,#7788);
#7787 = CARTESIAN_POINT('',(21.,26.397388939886,85.250980165272));
#7788 = VECTOR('',#7789,1.);
#7789 = DIRECTION('',(0.,-0.939692620786,0.342020143326));
#7790 = PCURVE('',#3338,#7791);
#7791 = DEFINITIONAL_REPRESENTATION('',(#7792),#7796);
#7792 = LINE('',#7793,#7794);
#7793 = CARTESIAN_POINT('',(6.28318530718,0.));
#7794 = VECTOR('',#7795,1.);
#7795 = DIRECTION('',(0.,-1.));
#7796 = ( GEOMETRIC_REPRESENTATION_CONTEXT(2) 
PARAMETRIC_REPRESENTATION_CONTEXT() REPRESENTATION_CONTEXT('2D SPACE',''
  ) );
#7797 = PCURVE('',#3338,#7798);
#7798 = DEFINITIONAL_REPRESENTATION('',(#7799),#7803);
#7799 = LINE('',#7800,#7801);
#7800 = CARTESIAN_POINT('',(0.,0.));
#7801 = VECTOR('',#7802,1.);
#7802 = DIRECTION('',(0.,-1.));
#7803 = ( GEOMETRIC_REPRESENTATION_CONTEXT(2) 
PARAMETRIC_REPRESENTATION_CONTEXT() REPRESENTATION_CONTEXT('2D SPACE',''
  ) );
#7804 = ORIENTED_EDGE('',*,*,#5914,.F.);
#7805 = ORIENTED_EDGE('',*,*,#7784,.F.);
#7806 = ADVANCED_FACE('',(#7807),#3531,.T.);
#7807 = FACE_BOUND('',#7808,.T.);
#7808 = EDGE_LOOP('',(#7809,#7832,#7859,#7860));
#7809 = ORIENTED_EDGE('',*,*,#7810,.T.);
#7810 = EDGE_CURVE('',#3511,#7811,#7813,.T.);
#7811 = VERTEX_POINT('',#7812);
#7812 = CARTESIAN_POINT('',(32.,31.507311543838,88.179920414171));
#7813 = SEAM_CURVE('',#7814,(#7818,#7825),.PCURVE_S1.);
#7814 = LINE('',#7815,#7816);
#7815 = CARTESIAN_POINT('',(32.,27.748541060694,89.548000987474));
#7816 = VECTOR('',#7817,1.);
#7817 = DIRECTION('',(0.,0.939692620786,-0.342020143326));
#7818 = PCURVE('',#3531,#7819);
#7819 = DEFINITIONAL_REPRESENTATION('',(#7820),#7824);
#7820 = LINE('',#7821,#7822);
#7821 = CARTESIAN_POINT('',(0.,0.));
#7822 = VECTOR('',#7823,1.);
#7823 = DIRECTION('',(0.,-1.));
#7824 = ( GEOMETRIC_REPRESENTATION_CONTEXT(2) 
PARAMETRIC_REPRESENTATION_CONTEXT() REPRESENTATION_CONTEXT('2D SPACE',''
  ) );
#7825 = PCURVE('',#3531,#7826);
#7826 = DEFINITIONAL_REPRESENTATION('',(#7827),#7831);
#7827 = LINE('',#7828,#7829);
#7828 = CARTESIAN_POINT('',(6.28318530718,0.));
#7829 = VECTOR('',#7830,1.);
#7830 = DIRECTION('',(0.,-1.));
#7831 = ( GEOMETRIC_REPRESENTATION_CONTEXT(2) 
PARAMETRIC_REPRESENTATION_CONTEXT() REPRESENTATION_CONTEXT('2D SPACE',''
  ) );
#7832 = ORIENTED_EDGE('',*,*,#7833,.T.);
#7833 = EDGE_CURVE('',#7811,#7811,#7834,.T.);
#7834 = SURFACE_CURVE('',#7835,(#7840,#7847),.PCURVE_S1.);
#7835 = CIRCLE('',#7836,2.);
#7836 = AXIS2_PLACEMENT_3D('',#7837,#7838,#7839);
#7837 = CARTESIAN_POINT('',(30.,31.507311543838,88.179920414171));
#7838 = DIRECTION('',(0.,-0.939692620786,0.342020143326));
#7839 = DIRECTION('',(1.,0.,0.));
#7840 = PCURVE('',#3531,#7841);
#7841 = DEFINITIONAL_REPRESENTATION('',(#7842),#7846);
#7842 = LINE('',#7843,#7844);
#7843 = CARTESIAN_POINT('',(0.,-4.));
#7844 = VECTOR('',#7845,1.);
#7845 = DIRECTION('',(1.,0.));
#7846 = ( GEOMETRIC_REPRESENTATION_CONTEXT(2) 
PARAMETRIC_REPRESENTATION_CONTEXT() REPRESENTATION_CONTEXT('2D SPACE',''
  ) );
#7847 = PCURVE('',#7848,#7853);
#7848 = PLANE('',#7849);
#7849 = AXIS2_PLACEMENT_3D('',#7850,#7851,#7852);
#7850 = CARTESIAN_POINT('',(30.,31.507311543838,88.179920414171));
#7851 = DIRECTION('',(-0.,-0.939692620786,0.342020143326));
#7852 = DIRECTION('',(0.,-0.342020143326,-0.939692620786));
#7853 = DEFINITIONAL_REPRESENTATION('',(#7854),#7858);
#7854 = CIRCLE('',#7855,2.);
#7855 = AXIS2_PLACEMENT_2D('',#7856,#7857);
#7856 = CARTESIAN_POINT('',(0.,-3.552713678801E-15));
#7857 = DIRECTION('',(0.,1.));
#7858 = ( GEOMETRIC_REPRESENTATION_CONTEXT(2) 
PARAMETRIC_REPRESENTATION_CONTEXT() REPRESENTATION_CONTEXT('2D SPACE',''
  ) );
#7859 = ORIENTED_EDGE('',*,*,#7810,.F.);
#7860 = ORIENTED_EDGE('',*,*,#3510,.F.);
#7861 = ADVANCED_FACE('',(#7862,#7865),#7476,.F.);
#7862 = FACE_BOUND('',#7863,.F.);
#7863 = EDGE_LOOP('',(#7864));
#7864 = ORIENTED_EDGE('',*,*,#7461,.T.);
#7865 = FACE_BOUND('',#7866,.F.);
#7866 = EDGE_LOOP('',(#7867));
#7867 = ORIENTED_EDGE('',*,*,#7868,.F.);
#7868 = EDGE_CURVE('',#7869,#7869,#7871,.T.);
#7869 = VERTEX_POINT('',#7870);
#7870 = CARTESIAN_POINT('',(-28.35,31.507311543838,88.179920414171));
#7871 = SURFACE_CURVE('',#7872,(#7877,#7884),.PCURVE_S1.);
#7872 = CIRCLE('',#7873,1.65);
#7873 = AXIS2_PLACEMENT_3D('',#7874,#7875,#7876);
#7874 = CARTESIAN_POINT('',(-30.,31.507311543838,88.179920414171));
#7875 = DIRECTION('',(0.,-0.939692620786,0.342020143326));
#7876 = DIRECTION('',(1.,0.,0.));
#7877 = PCURVE('',#7476,#7878);
#7878 = DEFINITIONAL_REPRESENTATION('',(#7879),#7883);
#7879 = CIRCLE('',#7880,1.65);
#7880 = AXIS2_PLACEMENT_2D('',#7881,#7882);
#7881 = CARTESIAN_POINT('',(0.,-3.552713678801E-15));
#7882 = DIRECTION('',(0.,1.));
#7883 = ( GEOMETRIC_REPRESENTATION_CONTEXT(2) 
PARAMETRIC_REPRESENTATION_CONTEXT() REPRESENTATION_CONTEXT('2D SPACE',''
  ) );
#7884 = PCURVE('',#7885,#7890);
#7885 = CYLINDRICAL_SURFACE('',#7886,1.65);
#7886 = AXIS2_PLACEMENT_3D('',#7887,#7888,#7889);
#7887 = CARTESIAN_POINT('',(-30.,31.507311543838,88.179920414171));
#7888 = DIRECTION('',(0.,-0.939692620786,0.342020143326));
#7889 = DIRECTION('',(1.,0.,0.));
#7890 = DEFINITIONAL_REPRESENTATION('',(#7891),#7895);
#7891 = LINE('',#7892,#7893);
#7892 = CARTESIAN_POINT('',(0.,0.));
#7893 = VECTOR('',#7894,1.);
#7894 = DIRECTION('',(1.,0.));
#7895 = ( GEOMETRIC_REPRESENTATION_CONTEXT(2) 
PARAMETRIC_REPRESENTATION_CONTEXT() REPRESENTATION_CONTEXT('2D SPACE',''
  ) );
#7896 = ADVANCED_FACE('',(#7897,#7900),#7848,.F.);
#7897 = FACE_BOUND('',#7898,.F.);
#7898 = EDGE_LOOP('',(#7899));
#7899 = ORIENTED_EDGE('',*,*,#7833,.T.);
#7900 = FACE_BOUND('',#7901,.F.);
#7901 = EDGE_LOOP('',(#7902));
#7902 = ORIENTED_EDGE('',*,*,#7903,.F.);
#7903 = EDGE_CURVE('',#7904,#7904,#7906,.T.);
#7904 = VERTEX_POINT('',#7905);
#7905 = CARTESIAN_POINT('',(31.65,31.507311543838,88.179920414171));
#7906 = SURFACE_CURVE('',#7907,(#7912,#7919),.PCURVE_S1.);
#7907 = CIRCLE('',#7908,1.65);
#7908 = AXIS2_PLACEMENT_3D('',#7909,#7910,#7911);
#7909 = CARTESIAN_POINT('',(30.,31.507311543838,88.179920414171));
#7910 = DIRECTION('',(0.,-0.939692620786,0.342020143326));
#7911 = DIRECTION('',(1.,0.,0.));
#7912 = PCURVE('',#7848,#7913);
#7913 = DEFINITIONAL_REPRESENTATION('',(#7914),#7918);
#7914 = CIRCLE('',#7915,1.65);
#7915 = AXIS2_PLACEMENT_2D('',#7916,#7917);
#7916 = CARTESIAN_POINT('',(0.,-3.552713678801E-15));
#7917 = DIRECTION('',(0.,1.));
#7918 = ( GEOMETRIC_REPRESENTATION_CONTEXT(2) 
PARAMETRIC_REPRESENTATION_CONTEXT() REPRESENTATION_CONTEXT('2D SPACE',''
  ) );
#7919 = PCURVE('',#7920,#7925);
#7920 = CYLINDRICAL_SURFACE('',#7921,1.65);
#7921 = AXIS2_PLACEMENT_3D('',#7922,#7923,#7924);
#7922 = CARTESIAN_POINT('',(30.,31.507311543838,88.179920414171));
#7923 = DIRECTION('',(0.,-0.939692620786,0.342020143326));
#7924 = DIRECTION('',(1.,0.,0.));
#7925 = DEFINITIONAL_REPRESENTATION('',(#7926),#7930);
#7926 = LINE('',#7927,#7928);
#7927 = CARTESIAN_POINT('',(0.,0.));
#7928 = VECTOR('',#7929,1.);
#7929 = DIRECTION('',(1.,0.));
#7930 = ( GEOMETRIC_REPRESENTATION_CONTEXT(2) 
PARAMETRIC_REPRESENTATION_CONTEXT() REPRESENTATION_CONTEXT('2D SPACE',''
  ) );
#7931 = ADVANCED_FACE('',(#7932),#7885,.T.);
#7932 = FACE_BOUND('',#7933,.T.);
#7933 = EDGE_LOOP('',(#7934,#7957,#7984,#7985));
#7934 = ORIENTED_EDGE('',*,*,#7935,.T.);
#7935 = EDGE_CURVE('',#7869,#7936,#7938,.T.);
#7936 = VERTEX_POINT('',#7937);
#7937 = CARTESIAN_POINT('',(-28.35,32.071127116309,87.974708328176));
#7938 = SEAM_CURVE('',#7939,(#7943,#7950),.PCURVE_S1.);
#7939 = LINE('',#7940,#7941);
#7940 = CARTESIAN_POINT('',(-28.35,31.507311543838,88.179920414171));
#7941 = VECTOR('',#7942,1.);
#7942 = DIRECTION('',(0.,0.939692620786,-0.342020143326));
#7943 = PCURVE('',#7885,#7944);
#7944 = DEFINITIONAL_REPRESENTATION('',(#7945),#7949);
#7945 = LINE('',#7946,#7947);
#7946 = CARTESIAN_POINT('',(0.,0.));
#7947 = VECTOR('',#7948,1.);
#7948 = DIRECTION('',(0.,-1.));
#7949 = ( GEOMETRIC_REPRESENTATION_CONTEXT(2) 
PARAMETRIC_REPRESENTATION_CONTEXT() REPRESENTATION_CONTEXT('2D SPACE',''
  ) );
#7950 = PCURVE('',#7885,#7951);
#7951 = DEFINITIONAL_REPRESENTATION('',(#7952),#7956);
#7952 = LINE('',#7953,#7954);
#7953 = CARTESIAN_POINT('',(6.28318530718,0.));
#7954 = VECTOR('',#7955,1.);
#7955 = DIRECTION('',(0.,-1.));
#7956 = ( GEOMETRIC_REPRESENTATION_CONTEXT(2) 
PARAMETRIC_REPRESENTATION_CONTEXT() REPRESENTATION_CONTEXT('2D SPACE',''
  ) );
#7957 = ORIENTED_EDGE('',*,*,#7958,.T.);
#7958 = EDGE_CURVE('',#7936,#7936,#7959,.T.);
#7959 = SURFACE_CURVE('',#7960,(#7965,#7972),.PCURVE_S1.);
#7960 = CIRCLE('',#7961,1.65);
#7961 = AXIS2_PLACEMENT_3D('',#7962,#7963,#7964);
#7962 = CARTESIAN_POINT('',(-30.,32.071127116309,87.974708328176));
#7963 = DIRECTION('',(0.,-0.939692620786,0.342020143326));
#7964 = DIRECTION('',(1.,0.,0.));
#7965 = PCURVE('',#7885,#7966);
#7966 = DEFINITIONAL_REPRESENTATION('',(#7967),#7971);
#7967 = LINE('',#7968,#7969);
#7968 = CARTESIAN_POINT('',(0.,-0.6));
#7969 = VECTOR('',#7970,1.);
#7970 = DIRECTION('',(1.,0.));
#7971 = ( GEOMETRIC_REPRESENTATION_CONTEXT(2) 
PARAMETRIC_REPRESENTATION_CONTEXT() REPRESENTATION_CONTEXT('2D SPACE',''
  ) );
#7972 = PCURVE('',#7973,#7978);
#7973 = PLANE('',#7974);
#7974 = AXIS2_PLACEMENT_3D('',#7975,#7976,#7977);
#7975 = CARTESIAN_POINT('',(-30.,32.071127116309,87.974708328176));
#7976 = DIRECTION('',(-0.,-0.939692620786,0.342020143326));
#7977 = DIRECTION('',(0.,-0.342020143326,-0.939692620786));
#7978 = DEFINITIONAL_REPRESENTATION('',(#7979),#7983);
#7979 = CIRCLE('',#7980,1.65);
#7980 = AXIS2_PLACEMENT_2D('',#7981,#7982);
#7981 = CARTESIAN_POINT('',(0.,3.552713678801E-15));
#7982 = DIRECTION('',(0.,1.));
#7983 = ( GEOMETRIC_REPRESENTATION_CONTEXT(2) 
PARAMETRIC_REPRESENTATION_CONTEXT() REPRESENTATION_CONTEXT('2D SPACE',''
  ) );
#7984 = ORIENTED_EDGE('',*,*,#7935,.F.);
#7985 = ORIENTED_EDGE('',*,*,#7868,.F.);
#7986 = ADVANCED_FACE('',(#7987),#7920,.T.);
#7987 = FACE_BOUND('',#7988,.T.);
#7988 = EDGE_LOOP('',(#7989,#8012,#8039,#8040));
#7989 = ORIENTED_EDGE('',*,*,#7990,.T.);
#7990 = EDGE_CURVE('',#7904,#7991,#7993,.T.);
#7991 = VERTEX_POINT('',#7992);
#7992 = CARTESIAN_POINT('',(31.65,32.071127116309,87.974708328176));
#7993 = SEAM_CURVE('',#7994,(#7998,#8005),.PCURVE_S1.);
#7994 = LINE('',#7995,#7996);
#7995 = CARTESIAN_POINT('',(31.65,31.507311543838,88.179920414171));
#7996 = VECTOR('',#7997,1.);
#7997 = DIRECTION('',(0.,0.939692620786,-0.342020143326));
#7998 = PCURVE('',#7920,#7999);
#7999 = DEFINITIONAL_REPRESENTATION('',(#8000),#8004);
#8000 = LINE('',#8001,#8002);
#8001 = CARTESIAN_POINT('',(0.,0.));
#8002 = VECTOR('',#8003,1.);
#8003 = DIRECTION('',(0.,-1.));
#8004 = ( GEOMETRIC_REPRESENTATION_CONTEXT(2) 
PARAMETRIC_REPRESENTATION_CONTEXT() REPRESENTATION_CONTEXT('2D SPACE',''
  ) );
#8005 = PCURVE('',#7920,#8006);
#8006 = DEFINITIONAL_REPRESENTATION('',(#8007),#8011);
#8007 = LINE('',#8008,#8009);
#8008 = CARTESIAN_POINT('',(6.28318530718,0.));
#8009 = VECTOR('',#8010,1.);
#8010 = DIRECTION('',(0.,-1.));
#8011 = ( GEOMETRIC_REPRESENTATION_CONTEXT(2) 
PARAMETRIC_REPRESENTATION_CONTEXT() REPRESENTATION_CONTEXT('2D SPACE',''
  ) );
#8012 = ORIENTED_EDGE('',*,*,#8013,.T.);
#8013 = EDGE_CURVE('',#7991,#7991,#8014,.T.);
#8014 = SURFACE_CURVE('',#8015,(#8020,#8027),.PCURVE_S1.);
#8015 = CIRCLE('',#8016,1.65);
#8016 = AXIS2_PLACEMENT_3D('',#8017,#8018,#8019);
#8017 = CARTESIAN_POINT('',(30.,32.071127116309,87.974708328176));
#8018 = DIRECTION('',(0.,-0.939692620786,0.342020143326));
#8019 = DIRECTION('',(1.,0.,0.));
#8020 = PCURVE('',#7920,#8021);
#8021 = DEFINITIONAL_REPRESENTATION('',(#8022),#8026);
#8022 = LINE('',#8023,#8024);
#8023 = CARTESIAN_POINT('',(0.,-0.6));
#8024 = VECTOR('',#8025,1.);
#8025 = DIRECTION('',(1.,0.));
#8026 = ( GEOMETRIC_REPRESENTATION_CONTEXT(2) 
PARAMETRIC_REPRESENTATION_CONTEXT() REPRESENTATION_CONTEXT('2D SPACE',''
  ) );
#8027 = PCURVE('',#8028,#8033);
#8028 = PLANE('',#8029);
#8029 = AXIS2_PLACEMENT_3D('',#8030,#8031,#8032);
#8030 = CARTESIAN_POINT('',(30.,32.071127116309,87.974708328176));
#8031 = DIRECTION('',(-0.,-0.939692620786,0.342020143326));
#8032 = DIRECTION('',(0.,-0.342020143326,-0.939692620786));
#8033 = DEFINITIONAL_REPRESENTATION('',(#8034),#8038);
#8034 = CIRCLE('',#8035,1.65);
#8035 = AXIS2_PLACEMENT_2D('',#8036,#8037);
#8036 = CARTESIAN_POINT('',(0.,3.552713678801E-15));
#8037 = DIRECTION('',(0.,1.));
#8038 = ( GEOMETRIC_REPRESENTATION_CONTEXT(2) 
PARAMETRIC_REPRESENTATION_CONTEXT() REPRESENTATION_CONTEXT('2D SPACE',''
  ) );
#8039 = ORIENTED_EDGE('',*,*,#7990,.F.);
#8040 = ORIENTED_EDGE('',*,*,#7903,.F.);
#8041 = ADVANCED_FACE('',(#8042),#7973,.F.);
#8042 = FACE_BOUND('',#8043,.F.);
#8043 = EDGE_LOOP('',(#8044));
#8044 = ORIENTED_EDGE('',*,*,#7958,.T.);
#8045 = ADVANCED_FACE('',(#8046),#8028,.F.);
#8046 = FACE_BOUND('',#8047,.F.);
#8047 = EDGE_LOOP('',(#8048));
#8048 = ORIENTED_EDGE('',*,*,#8013,.T.);
#8049 = ( GEOMETRIC_REPRESENTATION_CONTEXT(3) 
GLOBAL_UNCERTAINTY_ASSIGNED_CONTEXT((#8053)) 
GLOBAL_UNIT_ASSIGNED_CONTEXT((#8050,#8051,#8052)) REPRESENTATION_CONTEXT
('Context #1','3D Context with UNIT and UNCERTAINTY') );
#8050 = ( LENGTH_UNIT() NAMED_UNIT(*) SI_UNIT(.MILLI.,.METRE.) );
#8051 = ( NAMED_UNIT(*) PLANE_ANGLE_UNIT() SI_UNIT($,.RADIAN.) );
#8052 = ( NAMED_UNIT(*) SI_UNIT($,.STERADIAN.) SOLID_ANGLE_UNIT() );
#8053 = UNCERTAINTY_MEASURE_WITH_UNIT(LENGTH_MEASURE(5.E-07),#8050,
  'distance_accuracy_value','confusion accuracy');
#8054 = CONTEXT_DEPENDENT_SHAPE_REPRESENTATION(#8055,#8057);
#8055 = ( REPRESENTATION_RELATIONSHIP('','',#40,#10) 
REPRESENTATION_RELATIONSHIP_WITH_TRANSFORMATION(#8056) 
SHAPE_REPRESENTATION_RELATIONSHIP() );
#8056 = ITEM_DEFINED_TRANSFORMATION('','',#11,#15);
#8057 = PRODUCT_DEFINITION_SHAPE('Placement','Placement of an item',
  #8058);
#8058 = NEXT_ASSEMBLY_USAGE_OCCURRENCE('1','','',#5,#35,$);
#8059 = PRODUCT_RELATED_PRODUCT_CATEGORY('part',$,(#37));
#8060 = SHAPE_DEFINITION_REPRESENTATION(#8061,#8067);
#8061 = PRODUCT_DEFINITION_SHAPE('','',#8062);
#8062 = PRODUCT_DEFINITION('design','',#8063,#8066);
#8063 = PRODUCT_DEFINITION_FORMATION('','',#8064);
#8064 = PRODUCT('Open CASCADE STEP translator 7.9 2.2',
  'Open CASCADE STEP translator 7.9 2.2','',(#8065));
#8065 = PRODUCT_CONTEXT('',#2,'mechanical');
#8066 = PRODUCT_DEFINITION_CONTEXT('part definition',#2,'design');
#8067 = ADVANCED_BREP_SHAPE_REPRESENTATION('',(#11,#8068),#8256);
#8068 = MANIFOLD_SOLID_BREP('',#8069);
#8069 = CLOSED_SHELL('',(#8070,#8158,#8162,#8197,#8252));
#8070 = ADVANCED_FACE('',(#8071),#8085,.T.);
#8071 = FACE_BOUND('',#8072,.T.);
#8072 = EDGE_LOOP('',(#8073,#8103,#8130,#8131));
#8073 = ORIENTED_EDGE('',*,*,#8074,.T.);
#8074 = EDGE_CURVE('',#8075,#8077,#8079,.T.);
#8075 = VERTEX_POINT('',#8076);
#8076 = CARTESIAN_POINT('',(40.,10.647533894411,42.563369948179));
#8077 = VERTEX_POINT('',#8078);
#8078 = CARTESIAN_POINT('',(40.,14.406304377554,41.195289374876));
#8079 = SEAM_CURVE('',#8080,(#8084,#8096),.PCURVE_S1.);
#8080 = LINE('',#8081,#8082);
#8081 = CARTESIAN_POINT('',(40.,10.647533894411,42.563369948179));
#8082 = VECTOR('',#8083,1.);
#8083 = DIRECTION('',(0.,0.939692620786,-0.342020143326));
#8084 = PCURVE('',#8085,#8090);
#8085 = CYLINDRICAL_SURFACE('',#8086,2.);
#8086 = AXIS2_PLACEMENT_3D('',#8087,#8088,#8089);
#8087 = CARTESIAN_POINT('',(38.,10.647533894411,42.563369948179));
#8088 = DIRECTION('',(0.,-0.939692620786,0.342020143326));
#8089 = DIRECTION('',(1.,0.,0.));
#8090 = DEFINITIONAL_REPRESENTATION('',(#8091),#8095);
#8091 = LINE('',#8092,#8093);
#8092 = CARTESIAN_POINT('',(0.,0.));
#8093 = VECTOR('',#8094,1.);
#8094 = DIRECTION('',(0.,-1.));
#8095 = ( GEOMETRIC_REPRESENTATION_CONTEXT(2) 
PARAMETRIC_REPRESENTATION_CONTEXT() REPRESENTATION_CONTEXT('2D SPACE',''
  ) );
#8096 = PCURVE('',#8085,#8097);
#8097 = DEFINITIONAL_REPRESENTATION('',(#8098),#8102);
#8098 = LINE('',#8099,#8100);
#8099 = CARTESIAN_POINT('',(6.28318530718,0.));
#8100 = VECTOR('',#8101,1.);
#8101 = DIRECTION('',(0.,-1.));
#8102 = ( GEOMETRIC_REPRESENTATION_CONTEXT(2) 
PARAMETRIC_REPRESENTATION_CONTEXT() REPRESENTATION_CONTEXT('2D SPACE',''
  ) );
#8103 = ORIENTED_EDGE('',*,*,#8104,.T.);
#8104 = EDGE_CURVE('',#8077,#8077,#8105,.T.);
#8105 = SURFACE_CURVE('',#8106,(#8111,#8118),.PCURVE_S1.);
#8106 = CIRCLE('',#8107,2.);
#8107 = AXIS2_PLACEMENT_3D('',#8108,#8109,#8110);
#8108 = CARTESIAN_POINT('',(38.,14.406304377554,41.195289374876));
#8109 = DIRECTION('',(0.,-0.939692620786,0.342020143326));
#8110 = DIRECTION('',(1.,0.,0.));
#8111 = PCURVE('',#8085,#8112);
#8112 = DEFINITIONAL_REPRESENTATION('',(#8113),#8117);
#8113 = LINE('',#8114,#8115);
#8114 = CARTESIAN_POINT('',(0.,-4.));
#8115 = VECTOR('',#8116,1.);
#8116 = DIRECTION('',(1.,0.));
#8117 = ( GEOMETRIC_REPRESENTATION_CONTEXT(2) 
PARAMETRIC_REPRESENTATION_CONTEXT() REPRESENTATION_CONTEXT('2D SPACE',''
  ) );
#8118 = PCURVE('',#8119,#8124);
#8119 = PLANE('',#8120);
#8120 = AXIS2_PLACEMENT_3D('',#8121,#8122,#8123);
#8121 = CARTESIAN_POINT('',(38.,14.406304377554,41.195289374876));
#8122 = DIRECTION('',(-0.,-0.939692620786,0.342020143326));
#8123 = DIRECTION('',(0.,-0.342020143326,-0.939692620786));
#8124 = DEFINITIONAL_REPRESENTATION('',(#8125),#8129);
#8125 = CIRCLE('',#8126,2.);
#8126 = AXIS2_PLACEMENT_2D('',#8127,#8128);
#8127 = CARTESIAN_POINT('',(0.,-7.105427357601E-15));
#8128 = DIRECTION('',(0.,1.));
#8129 = ( GEOMETRIC_REPRESENTATION_CONTEXT(2) 
PARAMETRIC_REPRESENTATION_CONTEXT() REPRESENTATION_CONTEXT('2D SPACE',''
  ) );
#8130 = ORIENTED_EDGE('',*,*,#8074,.F.);
#8131 = ORIENTED_EDGE('',*,*,#8132,.F.);
#8132 = EDGE_CURVE('',#8075,#8075,#8133,.T.);
#8133 = SURFACE_CURVE('',#8134,(#8139,#8146),.PCURVE_S1.);
#8134 = CIRCLE('',#8135,2.);
#8135 = AXIS2_PLACEMENT_3D('',#8136,#8137,#8138);
#8136 = CARTESIAN_POINT('',(38.,10.647533894411,42.563369948179));
#8137 = DIRECTION('',(0.,-0.939692620786,0.342020143326));
#8138 = DIRECTION('',(1.,0.,0.));
#8139 = PCURVE('',#8085,#8140);
#8140 = DEFINITIONAL_REPRESENTATION('',(#8141),#8145);
#8141 = LINE('',#8142,#8143);
#8142 = CARTESIAN_POINT('',(0.,0.));
#8143 = VECTOR('',#8144,1.);
#8144 = DIRECTION('',(1.,0.));
#8145 = ( GEOMETRIC_REPRESENTATION_CONTEXT(2) 
PARAMETRIC_REPRESENTATION_CONTEXT() REPRESENTATION_CONTEXT('2D SPACE',''
  ) );
#8146 = PCURVE('',#8147,#8152);
#8147 = PLANE('',#8148);
#8148 = AXIS2_PLACEMENT_3D('',#8149,#8150,#8151);
#8149 = CARTESIAN_POINT('',(38.,10.647533894411,42.563369948179));
#8150 = DIRECTION('',(-0.,-0.939692620786,0.342020143326));
#8151 = DIRECTION('',(0.,-0.342020143326,-0.939692620786));
#8152 = DEFINITIONAL_REPRESENTATION('',(#8153),#8157);
#8153 = CIRCLE('',#8154,2.);
#8154 = AXIS2_PLACEMENT_2D('',#8155,#8156);
#8155 = CARTESIAN_POINT('',(0.,-7.105427357601E-15));
#8156 = DIRECTION('',(0.,1.));
#8157 = ( GEOMETRIC_REPRESENTATION_CONTEXT(2) 
PARAMETRIC_REPRESENTATION_CONTEXT() REPRESENTATION_CONTEXT('2D SPACE',''
  ) );
#8158 = ADVANCED_FACE('',(#8159),#8147,.T.);
#8159 = FACE_BOUND('',#8160,.T.);
#8160 = EDGE_LOOP('',(#8161));
#8161 = ORIENTED_EDGE('',*,*,#8132,.T.);
#8162 = ADVANCED_FACE('',(#8163,#8166),#8119,.F.);
#8163 = FACE_BOUND('',#8164,.F.);
#8164 = EDGE_LOOP('',(#8165));
#8165 = ORIENTED_EDGE('',*,*,#8104,.T.);
#8166 = FACE_BOUND('',#8167,.F.);
#8167 = EDGE_LOOP('',(#8168));
#8168 = ORIENTED_EDGE('',*,*,#8169,.F.);
#8169 = EDGE_CURVE('',#8170,#8170,#8172,.T.);
#8170 = VERTEX_POINT('',#8171);
#8171 = CARTESIAN_POINT('',(39.65,14.406304377554,41.195289374876));
#8172 = SURFACE_CURVE('',#8173,(#8178,#8185),.PCURVE_S1.);
#8173 = CIRCLE('',#8174,1.65);
#8174 = AXIS2_PLACEMENT_3D('',#8175,#8176,#8177);
#8175 = CARTESIAN_POINT('',(38.,14.406304377554,41.195289374876));
#8176 = DIRECTION('',(0.,-0.939692620786,0.342020143326));
#8177 = DIRECTION('',(1.,0.,0.));
#8178 = PCURVE('',#8119,#8179);
#8179 = DEFINITIONAL_REPRESENTATION('',(#8180),#8184);
#8180 = CIRCLE('',#8181,1.65);
#8181 = AXIS2_PLACEMENT_2D('',#8182,#8183);
#8182 = CARTESIAN_POINT('',(0.,-7.105427357601E-15));
#8183 = DIRECTION('',(0.,1.));
#8184 = ( GEOMETRIC_REPRESENTATION_CONTEXT(2) 
PARAMETRIC_REPRESENTATION_CONTEXT() REPRESENTATION_CONTEXT('2D SPACE',''
  ) );
#8185 = PCURVE('',#8186,#8191);
#8186 = CYLINDRICAL_SURFACE('',#8187,1.65);
#8187 = AXIS2_PLACEMENT_3D('',#8188,#8189,#8190);
#8188 = CARTESIAN_POINT('',(38.,14.406304377554,41.195289374876));
#8189 = DIRECTION('',(0.,-0.939692620786,0.342020143326));
#8190 = DIRECTION('',(1.,0.,0.));
#8191 = DEFINITIONAL_REPRESENTATION('',(#8192),#8196);
#8192 = LINE('',#8193,#8194);
#8193 = CARTESIAN_POINT('',(0.,0.));
#8194 = VECTOR('',#8195,1.);
#8195 = DIRECTION('',(1.,0.));
#8196 = ( GEOMETRIC_REPRESENTATION_CONTEXT(2) 
PARAMETRIC_REPRESENTATION_CONTEXT() REPRESENTATION_CONTEXT('2D SPACE',''
  ) );
#8197 = ADVANCED_FACE('',(#8198),#8186,.T.);
#8198 = FACE_BOUND('',#8199,.T.);
#8199 = EDGE_LOOP('',(#8200,#8223,#8250,#8251));
#8200 = ORIENTED_EDGE('',*,*,#8201,.T.);
#8201 = EDGE_CURVE('',#8170,#8202,#8204,.T.);
#8202 = VERTEX_POINT('',#8203);
#8203 = CARTESIAN_POINT('',(39.65,14.970119950026,40.990077288881));
#8204 = SEAM_CURVE('',#8205,(#8209,#8216),.PCURVE_S1.);
#8205 = LINE('',#8206,#8207);
#8206 = CARTESIAN_POINT('',(39.65,14.406304377554,41.195289374876));
#8207 = VECTOR('',#8208,1.);
#8208 = DIRECTION('',(0.,0.939692620786,-0.342020143326));
#8209 = PCURVE('',#8186,#8210);
#8210 = DEFINITIONAL_REPRESENTATION('',(#8211),#8215);
#8211 = LINE('',#8212,#8213);
#8212 = CARTESIAN_POINT('',(0.,0.));
#8213 = VECTOR('',#8214,1.);
#8214 = DIRECTION('',(0.,-1.));
#8215 = ( GEOMETRIC_REPRESENTATION_CONTEXT(2) 
PARAMETRIC_REPRESENTATION_CONTEXT() REPRESENTATION_CONTEXT('2D SPACE',''
  ) );
#8216 = PCURVE('',#8186,#8217);
#8217 = DEFINITIONAL_REPRESENTATION('',(#8218),#8222);
#8218 = LINE('',#8219,#8220);
#8219 = CARTESIAN_POINT('',(6.28318530718,0.));
#8220 = VECTOR('',#8221,1.);
#8221 = DIRECTION('',(0.,-1.));
#8222 = ( GEOMETRIC_REPRESENTATION_CONTEXT(2) 
PARAMETRIC_REPRESENTATION_CONTEXT() REPRESENTATION_CONTEXT('2D SPACE',''
  ) );
#8223 = ORIENTED_EDGE('',*,*,#8224,.T.);
#8224 = EDGE_CURVE('',#8202,#8202,#8225,.T.);
#8225 = SURFACE_CURVE('',#8226,(#8231,#8238),.PCURVE_S1.);
#8226 = CIRCLE('',#8227,1.65);
#8227 = AXIS2_PLACEMENT_3D('',#8228,#8229,#8230);
#8228 = CARTESIAN_POINT('',(38.,14.970119950026,40.990077288881));
#8229 = DIRECTION('',(0.,-0.939692620786,0.342020143326));
#8230 = DIRECTION('',(1.,0.,0.));
#8231 = PCURVE('',#8186,#8232);
#8232 = DEFINITIONAL_REPRESENTATION('',(#8233),#8237);
#8233 = LINE('',#8234,#8235);
#8234 = CARTESIAN_POINT('',(0.,-0.6));
#8235 = VECTOR('',#8236,1.);
#8236 = DIRECTION('',(1.,0.));
#8237 = ( GEOMETRIC_REPRESENTATION_CONTEXT(2) 
PARAMETRIC_REPRESENTATION_CONTEXT() REPRESENTATION_CONTEXT('2D SPACE',''
  ) );
#8238 = PCURVE('',#8239,#8244);
#8239 = PLANE('',#8240);
#8240 = AXIS2_PLACEMENT_3D('',#8241,#8242,#8243);
#8241 = CARTESIAN_POINT('',(38.,14.970119950026,40.990077288881));
#8242 = DIRECTION('',(-0.,-0.939692620786,0.342020143326));
#8243 = DIRECTION('',(0.,-0.342020143326,-0.939692620786));
#8244 = DEFINITIONAL_REPRESENTATION('',(#8245),#8249);
#8245 = CIRCLE('',#8246,1.65);
#8246 = AXIS2_PLACEMENT_2D('',#8247,#8248);
#8247 = CARTESIAN_POINT('',(7.892017297086E-15,0.));
#8248 = DIRECTION('',(0.,1.));
#8249 = ( GEOMETRIC_REPRESENTATION_CONTEXT(2) 
PARAMETRIC_REPRESENTATION_CONTEXT() REPRESENTATION_CONTEXT('2D SPACE',''
  ) );
#8250 = ORIENTED_EDGE('',*,*,#8201,.F.);
#8251 = ORIENTED_EDGE('',*,*,#8169,.F.);
#8252 = ADVANCED_FACE('',(#8253),#8239,.F.);
#8253 = FACE_BOUND('',#8254,.F.);
#8254 = EDGE_LOOP('',(#8255));
#8255 = ORIENTED_EDGE('',*,*,#8224,.T.);
#8256 = ( GEOMETRIC_REPRESENTATION_CONTEXT(3) 
GLOBAL_UNCERTAINTY_ASSIGNED_CONTEXT((#8260)) 
GLOBAL_UNIT_ASSIGNED_CONTEXT((#8257,#8258,#8259)) REPRESENTATION_CONTEXT
('Context #1','3D Context with UNIT and UNCERTAINTY') );
#8257 = ( LENGTH_UNIT() NAMED_UNIT(*) SI_UNIT(.MILLI.,.METRE.) );
#8258 = ( NAMED_UNIT(*) PLANE_ANGLE_UNIT() SI_UNIT($,.RADIAN.) );
#8259 = ( NAMED_UNIT(*) SI_UNIT($,.STERADIAN.) SOLID_ANGLE_UNIT() );
#8260 = UNCERTAINTY_MEASURE_WITH_UNIT(LENGTH_MEASURE(1.E-07),#8257,
  'distance_accuracy_value','confusion accuracy');
#8261 = CONTEXT_DEPENDENT_SHAPE_REPRESENTATION(#8262,#8264);
#8262 = ( REPRESENTATION_RELATIONSHIP('','',#8067,#10) 
REPRESENTATION_RELATIONSHIP_WITH_TRANSFORMATION(#8263) 
SHAPE_REPRESENTATION_RELATIONSHIP() );
#8263 = ITEM_DEFINED_TRANSFORMATION('','',#11,#19);
#8264 = PRODUCT_DEFINITION_SHAPE('Placement','Placement of an item',
  #8265);
#8265 = NEXT_ASSEMBLY_USAGE_OCCURRENCE('2','','',#5,#8062,$);
#8266 = PRODUCT_RELATED_PRODUCT_CATEGORY('part',$,(#8064));
#8267 = SHAPE_DEFINITION_REPRESENTATION(#8268,#8274);
#8268 = PRODUCT_DEFINITION_SHAPE('','',#8269);
#8269 = PRODUCT_DEFINITION('design','',#8270,#8273);
#8270 = PRODUCT_DEFINITION_FORMATION('','',#8271);
#8271 = PRODUCT('Open CASCADE STEP translator 7.9 2.3',
  'Open CASCADE STEP translator 7.9 2.3','',(#8272));
#8272 = PRODUCT_CONTEXT('',#2,'mechanical');
#8273 = PRODUCT_DEFINITION_CONTEXT('part definition',#2,'design');
#8274 = ADVANCED_BREP_SHAPE_REPRESENTATION('',(#11,#8275),#8488);
#8275 = MANIFOLD_SOLID_BREP('',#8276);
#8276 = CLOSED_SHELL('',(#8277,#8389,#8394,#8429,#8484));
#8277 = ADVANCED_FACE('',(#8278),#8293,.T.);
#8278 = FACE_BOUND('',#8279,.T.);
#8279 = EDGE_LOOP('',(#8280,#8316,#8339,#8366,#8367));
#8280 = ORIENTED_EDGE('',*,*,#8281,.F.);
#8281 = EDGE_CURVE('',#8282,#8284,#8286,.T.);
#8282 = VERTEX_POINT('',#8283);
#8283 = CARTESIAN_POINT('',(-36.,10.647533894411,42.563369948179));
#8284 = VERTEX_POINT('',#8285);
#8285 = CARTESIAN_POINT('',(-40.,10.647533894411,42.563369948179));
#8286 = SURFACE_CURVE('',#8287,(#8292,#8304),.PCURVE_S1.);
#8287 = CIRCLE('',#8288,2.);
#8288 = AXIS2_PLACEMENT_3D('',#8289,#8290,#8291);
#8289 = CARTESIAN_POINT('',(-38.,10.647533894411,42.563369948179));
#8290 = DIRECTION('',(0.,-0.939692620786,0.342020143326));
#8291 = DIRECTION('',(1.,0.,0.));
#8292 = PCURVE('',#8293,#8298);
#8293 = CYLINDRICAL_SURFACE('',#8294,2.);
#8294 = AXIS2_PLACEMENT_3D('',#8295,#8296,#8297);
#8295 = CARTESIAN_POINT('',(-38.,10.647533894411,42.563369948179));
#8296 = DIRECTION('',(0.,-0.939692620786,0.342020143326));
#8297 = DIRECTION('',(1.,0.,0.));
#8298 = DEFINITIONAL_REPRESENTATION('',(#8299),#8303);
#8299 = LINE('',#8300,#8301);
#8300 = CARTESIAN_POINT('',(0.,0.));
#8301 = VECTOR('',#8302,1.);
#8302 = DIRECTION('',(1.,0.));
#8303 = ( GEOMETRIC_REPRESENTATION_CONTEXT(2) 
PARAMETRIC_REPRESENTATION_CONTEXT() REPRESENTATION_CONTEXT('2D SPACE',''
  ) );
#8304 = PCURVE('',#8305,#8310);
#8305 = PLANE('',#8306);
#8306 = AXIS2_PLACEMENT_3D('',#8307,#8308,#8309);
#8307 = CARTESIAN_POINT('',(-38.,10.647533894411,42.563369948179));
#8308 = DIRECTION('',(-0.,-0.939692620786,0.342020143326));
#8309 = DIRECTION('',(0.,-0.342020143326,-0.939692620786));
#8310 = DEFINITIONAL_REPRESENTATION('',(#8311),#8315);
#8311 = CIRCLE('',#8312,2.);
#8312 = AXIS2_PLACEMENT_2D('',#8313,#8314);
#8313 = CARTESIAN_POINT('',(0.,7.105427357601E-15));
#8314 = DIRECTION('',(0.,1.));
#8315 = ( GEOMETRIC_REPRESENTATION_CONTEXT(2) 
PARAMETRIC_REPRESENTATION_CONTEXT() REPRESENTATION_CONTEXT('2D SPACE',''
  ) );
#8316 = ORIENTED_EDGE('',*,*,#8317,.T.);
#8317 = EDGE_CURVE('',#8282,#8318,#8320,.T.);
#8318 = VERTEX_POINT('',#8319);
#8319 = CARTESIAN_POINT('',(-36.,14.406304377554,41.195289374876));
#8320 = SEAM_CURVE('',#8321,(#8325,#8332),.PCURVE_S1.);
#8321 = LINE('',#8322,#8323);
#8322 = CARTESIAN_POINT('',(-36.,10.647533894411,42.563369948179));
#8323 = VECTOR('',#8324,1.);
#8324 = DIRECTION('',(0.,0.939692620786,-0.342020143326));
#8325 = PCURVE('',#8293,#8326);
#8326 = DEFINITIONAL_REPRESENTATION('',(#8327),#8331);
#8327 = LINE('',#8328,#8329);
#8328 = CARTESIAN_POINT('',(6.28318530718,0.));
#8329 = VECTOR('',#8330,1.);
#8330 = DIRECTION('',(0.,-1.));
#8331 = ( GEOMETRIC_REPRESENTATION_CONTEXT(2) 
PARAMETRIC_REPRESENTATION_CONTEXT() REPRESENTATION_CONTEXT('2D SPACE',''
  ) );
#8332 = PCURVE('',#8293,#8333);
#8333 = DEFINITIONAL_REPRESENTATION('',(#8334),#8338);
#8334 = LINE('',#8335,#8336);
#8335 = CARTESIAN_POINT('',(0.,0.));
#8336 = VECTOR('',#8337,1.);
#8337 = DIRECTION('',(0.,-1.));
#8338 = ( GEOMETRIC_REPRESENTATION_CONTEXT(2) 
PARAMETRIC_REPRESENTATION_CONTEXT() REPRESENTATION_CONTEXT('2D SPACE',''
  ) );
#8339 = ORIENTED_EDGE('',*,*,#8340,.T.);
#8340 = EDGE_CURVE('',#8318,#8318,#8341,.T.);
#8341 = SURFACE_CURVE('',#8342,(#8347,#8354),.PCURVE_S1.);
#8342 = CIRCLE('',#8343,2.);
#8343 = AXIS2_PLACEMENT_3D('',#8344,#8345,#8346);
#8344 = CARTESIAN_POINT('',(-38.,14.406304377554,41.195289374876));
#8345 = DIRECTION('',(0.,-0.939692620786,0.342020143326));
#8346 = DIRECTION('',(1.,0.,0.));
#8347 = PCURVE('',#8293,#8348);
#8348 = DEFINITIONAL_REPRESENTATION('',(#8349),#8353);
#8349 = LINE('',#8350,#8351);
#8350 = CARTESIAN_POINT('',(0.,-4.));
#8351 = VECTOR('',#8352,1.);
#8352 = DIRECTION('',(1.,0.));
#8353 = ( GEOMETRIC_REPRESENTATION_CONTEXT(2) 
PARAMETRIC_REPRESENTATION_CONTEXT() REPRESENTATION_CONTEXT('2D SPACE',''
  ) );
#8354 = PCURVE('',#8355,#8360);
#8355 = PLANE('',#8356);
#8356 = AXIS2_PLACEMENT_3D('',#8357,#8358,#8359);
#8357 = CARTESIAN_POINT('',(-38.,14.406304377554,41.195289374876));
#8358 = DIRECTION('',(-0.,-0.939692620786,0.342020143326));
#8359 = DIRECTION('',(0.,-0.342020143326,-0.939692620786));
#8360 = DEFINITIONAL_REPRESENTATION('',(#8361),#8365);
#8361 = CIRCLE('',#8362,2.);
#8362 = AXIS2_PLACEMENT_2D('',#8363,#8364);
#8363 = CARTESIAN_POINT('',(0.,7.105427357601E-15));
#8364 = DIRECTION('',(0.,1.));
#8365 = ( GEOMETRIC_REPRESENTATION_CONTEXT(2) 
PARAMETRIC_REPRESENTATION_CONTEXT() REPRESENTATION_CONTEXT('2D SPACE',''
  ) );
#8366 = ORIENTED_EDGE('',*,*,#8317,.F.);
#8367 = ORIENTED_EDGE('',*,*,#8368,.F.);
#8368 = EDGE_CURVE('',#8284,#8282,#8369,.T.);
#8369 = SURFACE_CURVE('',#8370,(#8375,#8382),.PCURVE_S1.);
#8370 = CIRCLE('',#8371,2.);
#8371 = AXIS2_PLACEMENT_3D('',#8372,#8373,#8374);
#8372 = CARTESIAN_POINT('',(-38.,10.647533894411,42.563369948179));
#8373 = DIRECTION('',(0.,-0.939692620786,0.342020143326));
#8374 = DIRECTION('',(1.,0.,0.));
#8375 = PCURVE('',#8293,#8376);
#8376 = DEFINITIONAL_REPRESENTATION('',(#8377),#8381);
#8377 = LINE('',#8378,#8379);
#8378 = CARTESIAN_POINT('',(0.,0.));
#8379 = VECTOR('',#8380,1.);
#8380 = DIRECTION('',(1.,0.));
#8381 = ( GEOMETRIC_REPRESENTATION_CONTEXT(2) 
PARAMETRIC_REPRESENTATION_CONTEXT() REPRESENTATION_CONTEXT('2D SPACE',''
  ) );
#8382 = PCURVE('',#8305,#8383);
#8383 = DEFINITIONAL_REPRESENTATION('',(#8384),#8388);
#8384 = CIRCLE('',#8385,2.);
#8385 = AXIS2_PLACEMENT_2D('',#8386,#8387);
#8386 = CARTESIAN_POINT('',(0.,7.105427357601E-15));
#8387 = DIRECTION('',(0.,1.));
#8388 = ( GEOMETRIC_REPRESENTATION_CONTEXT(2) 
PARAMETRIC_REPRESENTATION_CONTEXT() REPRESENTATION_CONTEXT('2D SPACE',''
  ) );
#8389 = ADVANCED_FACE('',(#8390),#8305,.T.);
#8390 = FACE_BOUND('',#8391,.T.);
#8391 = EDGE_LOOP('',(#8392,#8393));
#8392 = ORIENTED_EDGE('',*,*,#8281,.T.);
#8393 = ORIENTED_EDGE('',*,*,#8368,.T.);
#8394 = ADVANCED_FACE('',(#8395,#8398),#8355,.F.);
#8395 = FACE_BOUND('',#8396,.F.);
#8396 = EDGE_LOOP('',(#8397));
#8397 = ORIENTED_EDGE('',*,*,#8340,.T.);
#8398 = FACE_BOUND('',#8399,.F.);
#8399 = EDGE_LOOP('',(#8400));
#8400 = ORIENTED_EDGE('',*,*,#8401,.F.);
#8401 = EDGE_CURVE('',#8402,#8402,#8404,.T.);
#8402 = VERTEX_POINT('',#8403);
#8403 = CARTESIAN_POINT('',(-36.35,14.406304377554,41.195289374876));
#8404 = SURFACE_CURVE('',#8405,(#8410,#8417),.PCURVE_S1.);
#8405 = CIRCLE('',#8406,1.65);
#8406 = AXIS2_PLACEMENT_3D('',#8407,#8408,#8409);
#8407 = CARTESIAN_POINT('',(-38.,14.406304377554,41.195289374876));
#8408 = DIRECTION('',(0.,-0.939692620786,0.342020143326));
#8409 = DIRECTION('',(1.,0.,0.));
#8410 = PCURVE('',#8355,#8411);
#8411 = DEFINITIONAL_REPRESENTATION('',(#8412),#8416);
#8412 = CIRCLE('',#8413,1.65);
#8413 = AXIS2_PLACEMENT_2D('',#8414,#8415);
#8414 = CARTESIAN_POINT('',(0.,7.105427357601E-15));
#8415 = DIRECTION('',(0.,1.));
#8416 = ( GEOMETRIC_REPRESENTATION_CONTEXT(2) 
PARAMETRIC_REPRESENTATION_CONTEXT() REPRESENTATION_CONTEXT('2D SPACE',''
  ) );
#8417 = PCURVE('',#8418,#8423);
#8418 = CYLINDRICAL_SURFACE('',#8419,1.65);
#8419 = AXIS2_PLACEMENT_3D('',#8420,#8421,#8422);
#8420 = CARTESIAN_POINT('',(-38.,14.406304377554,41.195289374876));
#8421 = DIRECTION('',(0.,-0.939692620786,0.342020143326));
#8422 = DIRECTION('',(1.,0.,0.));
#8423 = DEFINITIONAL_REPRESENTATION('',(#8424),#8428);
#8424 = LINE('',#8425,#8426);
#8425 = CARTESIAN_POINT('',(0.,0.));
#8426 = VECTOR('',#8427,1.);
#8427 = DIRECTION('',(1.,0.));
#8428 = ( GEOMETRIC_REPRESENTATION_CONTEXT(2) 
PARAMETRIC_REPRESENTATION_CONTEXT() REPRESENTATION_CONTEXT('2D SPACE',''
  ) );
#8429 = ADVANCED_FACE('',(#8430),#8418,.T.);
#8430 = FACE_BOUND('',#8431,.T.);
#8431 = EDGE_LOOP('',(#8432,#8455,#8482,#8483));
#8432 = ORIENTED_EDGE('',*,*,#8433,.T.);
#8433 = EDGE_CURVE('',#8402,#8434,#8436,.T.);
#8434 = VERTEX_POINT('',#8435);
#8435 = CARTESIAN_POINT('',(-36.35,14.970119950026,40.990077288881));
#8436 = SEAM_CURVE('',#8437,(#8441,#8448),.PCURVE_S1.);
#8437 = LINE('',#8438,#8439);
#8438 = CARTESIAN_POINT('',(-36.35,14.406304377554,41.195289374876));
#8439 = VECTOR('',#8440,1.);
#8440 = DIRECTION('',(0.,0.939692620786,-0.342020143326));
#8441 = PCURVE('',#8418,#8442);
#8442 = DEFINITIONAL_REPRESENTATION('',(#8443),#8447);
#8443 = LINE('',#8444,#8445);
#8444 = CARTESIAN_POINT('',(0.,0.));
#8445 = VECTOR('',#8446,1.);
#8446 = DIRECTION('',(0.,-1.));
#8447 = ( GEOMETRIC_REPRESENTATION_CONTEXT(2) 
PARAMETRIC_REPRESENTATION_CONTEXT() REPRESENTATION_CONTEXT('2D SPACE',''
  ) );
#8448 = PCURVE('',#8418,#8449);
#8449 = DEFINITIONAL_REPRESENTATION('',(#8450),#8454);
#8450 = LINE('',#8451,#8452);
#8451 = CARTESIAN_POINT('',(6.28318530718,0.));
#8452 = VECTOR('',#8453,1.);
#8453 = DIRECTION('',(0.,-1.));
#8454 = ( GEOMETRIC_REPRESENTATION_CONTEXT(2) 
PARAMETRIC_REPRESENTATION_CONTEXT() REPRESENTATION_CONTEXT('2D SPACE',''
  ) );
#8455 = ORIENTED_EDGE('',*,*,#8456,.T.);
#8456 = EDGE_CURVE('',#8434,#8434,#8457,.T.);
#8457 = SURFACE_CURVE('',#8458,(#8463,#8470),.PCURVE_S1.);
#8458 = CIRCLE('',#8459,1.65);
#8459 = AXIS2_PLACEMENT_3D('',#8460,#8461,#8462);
#8460 = CARTESIAN_POINT('',(-38.,14.970119950026,40.990077288881));
#8461 = DIRECTION('',(0.,-0.939692620786,0.342020143326));
#8462 = DIRECTION('',(1.,0.,0.));
#8463 = PCURVE('',#8418,#8464);
#8464 = DEFINITIONAL_REPRESENTATION('',(#8465),#8469);
#8465 = LINE('',#8466,#8467);
#8466 = CARTESIAN_POINT('',(0.,-0.6));
#8467 = VECTOR('',#8468,1.);
#8468 = DIRECTION('',(1.,0.));
#8469 = ( GEOMETRIC_REPRESENTATION_CONTEXT(2) 
PARAMETRIC_REPRESENTATION_CONTEXT() REPRESENTATION_CONTEXT('2D SPACE',''
  ) );
#8470 = PCURVE('',#8471,#8476);
#8471 = PLANE('',#8472);
#8472 = AXIS2_PLACEMENT_3D('',#8473,#8474,#8475);
#8473 = CARTESIAN_POINT('',(-38.,14.970119950026,40.990077288881));
#8474 = DIRECTION('',(-0.,-0.939692620786,0.342020143326));
#8475 = DIRECTION('',(0.,-0.342020143326,-0.939692620786));
#8476 = DEFINITIONAL_REPRESENTATION('',(#8477),#8481);
#8477 = CIRCLE('',#8478,1.65);
#8478 = AXIS2_PLACEMENT_2D('',#8479,#8480);
#8479 = CARTESIAN_POINT('',(7.892017297086E-15,7.105427357601E-15));
#8480 = DIRECTION('',(0.,1.));
#8481 = ( GEOMETRIC_REPRESENTATION_CONTEXT(2) 
PARAMETRIC_REPRESENTATION_CONTEXT() REPRESENTATION_CONTEXT('2D SPACE',''
  ) );
#8482 = ORIENTED_EDGE('',*,*,#8433,.F.);
#8483 = ORIENTED_EDGE('',*,*,#8401,.F.);
#8484 = ADVANCED_FACE('',(#8485),#8471,.F.);
#8485 = FACE_BOUND('',#8486,.F.);
#8486 = EDGE_LOOP('',(#8487));
#8487 = ORIENTED_EDGE('',*,*,#8456,.T.);
#8488 = ( GEOMETRIC_REPRESENTATION_CONTEXT(3) 
GLOBAL_UNCERTAINTY_ASSIGNED_CONTEXT((#8492)) 
GLOBAL_UNIT_ASSIGNED_CONTEXT((#8489,#8490,#8491)) REPRESENTATION_CONTEXT
('Context #1','3D Context with UNIT and UNCERTAINTY') );
#8489 = ( LENGTH_UNIT() NAMED_UNIT(*) SI_UNIT(.MILLI.,.METRE.) );
#8490 = ( NAMED_UNIT(*) PLANE_ANGLE_UNIT() SI_UNIT($,.RADIAN.) );
#8491 = ( NAMED_UNIT(*) SI_UNIT($,.STERADIAN.) SOLID_ANGLE_UNIT() );
#8492 = UNCERTAINTY_MEASURE_WITH_UNIT(LENGTH_MEASURE(1.E-07),#8489,
  'distance_accuracy_value','confusion accuracy');
#8493 = CONTEXT_DEPENDENT_SHAPE_REPRESENTATION(#8494,#8496);
#8494 = ( REPRESENTATION_RELATIONSHIP('','',#8274,#10) 
REPRESENTATION_RELATIONSHIP_WITH_TRANSFORMATION(#8495) 
SHAPE_REPRESENTATION_RELATIONSHIP() );
#8495 = ITEM_DEFINED_TRANSFORMATION('','',#11,#23);
#8496 = PRODUCT_DEFINITION_SHAPE('Placement','Placement of an item',
  #8497);
#8497 = NEXT_ASSEMBLY_USAGE_OCCURRENCE('3','','',#5,#8269,$);
#8498 = PRODUCT_RELATED_PRODUCT_CATEGORY('part',$,(#8271));
ENDSEC;
END-ISO-10303-21;
